t0,pair_type,NORAD_CAT_ID_1,NORAD_CAT_ID_2,passes,d_min_km,d_med_km,v_rel_kms,abs_lat_deg,STATE_1,STATE_2,OBJECT_ID_1,OBJECT_ID_2,persistent
2025-01-01 00:00:00+00:00,QQ_diff_launch,61557,62241,2,14.476756834022376,16.92473926622502,5.129167449367391,88.91333305419042,stranded,drift,2024-185F,2024-232E,False
2025-01-01 00:00:00+00:00,QQ_diff_launch,61557,62248,2,16.253773341493932,17.168188762246096,5.1287579647255335,88.9156457396976,stranded,drift,2024-185F,2024-232M,False
2025-01-01 00:00:00+00:00,QQ_diff_launch,61557,62251,1,8.588035949592683,8.588035949592683,5.120041547954628,88.9354167912136,stranded,drift,2024-185F,2024-232Q,False
2025-01-01 00:00:00+00:00,QQ_same_launch,60382,60392,1,14.767865547043588,14.767865547043588,0.03429197400389494,81.02912765573124,operational,operational,2024-140D,2024-140P,False
2025-01-01 00:00:00+00:00,QQ_same_launch,61555,61567,1,6.281671135915535,6.281671135915535,0.00366979038186273,54.18587271217856,drift,drift,2024-185D,2024-185R,False
2025-01-01 00:00:00+00:00,QQ_same_launch,61556,61569,1,16.202971031106117,16.202971031106117,0.00936950983202144,47.88052064168294,stranded,ascent,2024-185E,2024-185T,False
2025-01-01 00:00:00+00:00,QQ_same_launch,61559,61565,1,16.103386339543732,16.103386339543732,0.008182205578400875,24.902079671495986,drift,drift,2024-185H,2024-185P,False
2025-01-01 00:00:00+00:00,QQ_same_launch,62241,62251,1,2.765843592656127,2.765843592656127,0.002124026363755748,48.48803846645744,drift,drift,2024-232E,2024-232Q,False
2025-01-01 00:00:00+00:00,QQ_same_launch,62244,62247,1,2.187913261446613,2.187913261446613,0.0013250623071153402,71.11545679499977,drift,drift,2024-232H,2024-232L,False
2025-01-01 00:00:00+00:00,QQ_same_launch,62251,62253,1,1.0384827211646057,1.0384827211646057,0.0007135412338521057,9.42945423955548,drift,drift,2024-232Q,2024-232S,False
2025-01-02 00:00:00+00:00,QQ_same_launch,61566,61568,1,14.595192935357035,14.595192935357035,0.007778930709662863,32.594870258026525,drift,stranded,2024-185Q,2024-185S,False
2025-01-02 00:00:00+00:00,QQ_same_launch,62241,62249,1,10.05579084142054,10.05579084142054,0.010410294108057898,48.70634441181817,drift,drift,2024-232E,2024-232N,False
2025-01-03 00:00:00+00:00,QQ_diff_launch,60385,61564,1,15.544846061417712,15.544846061417712,14.092971411114755,86.66921101236825,drift,drift,2024-140G,2024-185N,False
2025-01-03 00:00:00+00:00,QQ_same_launch,60382,60394,1,14.474504541558687,14.474504541558687,0.03145483888835879,88.76105493699181,operational,operational,2024-140D,2024-140R,False
2025-01-03 00:00:00+00:00,QQ_same_launch,62240,62247,1,8.193257982265592,8.193257982265592,0.003715128660872446,43.44606813428947,stranded,ascent,2024-232D,2024-232L,False
2025-01-03 00:00:00+00:00,QQ_same_launch,62241,62249,1,1.728570116131749,1.728570116131749,0.0008715366409350743,14.992622394917893,drift,drift,2024-232E,2024-232N,False
2025-01-03 00:00:00+00:00,QQ_same_launch,62241,62254,1,1.998235089525511,1.998235089525511,0.0011256390682337803,16.84666451599041,drift,drift,2024-232E,2024-232T,False
2025-01-03 00:00:00+00:00,QQ_same_launch,62242,62247,1,9.664872712112851,9.664872712112851,0.005429789363915521,1.9036896015180036,drift,ascent,2024-232F,2024-232L,False
2025-01-03 00:00:00+00:00,QQ_same_launch,62246,62251,7,0.2770629079277054,12.803296917003268,0.01361943113174131,61.979853328327884,drift,drift,2024-232K,2024-232Q,False
2025-01-03 00:00:00+00:00,QQ_same_launch,62250,62255,1,4.44888339318347,4.44888339318347,0.004486835225977927,46.713107847264425,drift,drift,2024-232P,2024-232U,False
2025-01-04 00:00:00+00:00,QQ_same_launch,62239,62247,1,12.386026678175263,12.386026678175263,0.0071264341751107576,0.1466133137237837,ascent,ascent,2024-232C,2024-232L,False
2025-01-04 00:00:00+00:00,QQ_same_launch,62250,62255,1,0.7269829541357098,0.7269829541357098,0.0004300053533572962,11.5100076197975,ascent,ascent,2024-232P,2024-232U,False
2025-01-05 00:00:00+00:00,QQ_diff_launch,61554,62255,1,8.522862715157574,8.522862715157574,5.114085500542455,88.91306318987614,stranded,ascent,2024-185C,2024-232U,False
2025-01-05 00:00:00+00:00,QQ_diff_launch,61556,62253,1,13.30621659749587,13.30621659749587,5.1220849445862635,88.9143783085288,stranded,ascent,2024-185E,2024-232S,False
2025-01-05 00:00:00+00:00,QQ_diff_launch,61556,62255,1,14.42738905991155,14.42738905991155,5.122237788408942,88.91246696935559,stranded,ascent,2024-185E,2024-232U,False
2025-01-05 00:00:00+00:00,QQ_diff_launch,61565,62241,1,17.631763977312573,17.631763977312573,5.121598703267667,88.94769454864958,drift,drift,2024-185P,2024-232E,False
2025-01-05 00:00:00+00:00,QQ_diff_launch,61565,62246,1,2.2110760886462573,2.2110760886462573,5.1217082015845525,88.92149102864904,drift,ascent,2024-185P,2024-232K,False
2025-01-05 00:00:00+00:00,QQ_diff_launch,61565,62249,1,12.119582196290487,12.119582196290487,5.121037994678327,88.9063089743757,drift,drift,2024-185P,2024-232N,False
2025-01-05 00:00:00+00:00,QQ_diff_launch,61565,62250,1,19.607430472890897,19.607430472890897,5.121817289769893,88.9501115451604,drift,ascent,2024-185P,2024-232P,False
2025-01-05 00:00:00+00:00,QQ_diff_launch,61565,62252,1,6.723846699279333,6.723846699279333,5.121790479869329,88.91474827743143,drift,ascent,2024-185P,2024-232R,False
2025-01-05 00:00:00+00:00,QQ_diff_launch,61565,62255,1,16.967341101204116,16.967341101204116,5.121709714264338,88.8980680879831,drift,ascent,2024-185P,2024-232U,False
2025-01-05 00:00:00+00:00,QQ_same_launch,60382,60395,1,13.723860392862607,13.723860392862607,0.03286445344901238,82.12995487929982,operational,operational,2024-140D,2024-140S,False
2025-01-05 00:00:00+00:00,QQ_same_launch,61554,61556,1,17.552833384294726,17.552833384294726,0.010847729943961751,17.18268333208288,stranded,stranded,2024-185C,2024-185E,False
2025-01-05 00:00:00+00:00,QQ_same_launch,61556,61565,1,12.214360471816468,12.214360471816468,0.006460173729883679,20.510106298620368,stranded,drift,2024-185E,2024-185P,False
2025-01-05 00:00:00+00:00,QQ_same_launch,61561,61566,1,15.612511478463095,15.612511478463095,0.008508518075358419,43.66447472820508,stranded,drift,2024-185K,2024-185Q,False
2025-01-05 00:00:00+00:00,QQ_same_launch,61563,61564,1,15.693260862844541,15.693260862844541,0.00887575560461241,69.5585581021535,drift,drift,2024-185M,2024-185N,False
2025-01-06 00:00:00+00:00,QQ_diff_launch,61554,62252,1,15.67402781090631,15.67402781090631,5.113459865980583,88.94071174865637,stranded,ascent,2024-185C,2024-232R,False
2025-01-06 00:00:00+00:00,QQ_diff_launch,61554,62255,1,2.345283443946259,2.345283443946259,5.112201074814677,88.92238714726987,stranded,ascent,2024-185C,2024-232U,False
2025-01-06 00:00:00+00:00,QQ_diff_launch,61557,62243,1,11.093560236264931,11.093560236264931,5.119373028140276,88.91775316900944,stranded,stranded,2024-185F,2024-232G,False
2025-01-06 00:00:00+00:00,QQ_diff_launch,61565,62246,2,14.615455958375858,16.65390377323894,5.128691084058538,88.91858432357574,drift,ascent,2024-185P,2024-232K,False
2025-01-06 00:00:00+00:00,QQ_diff_launch,61565,62254,3,13.875621492039963,17.953940022894272,5.120025255744567,88.93345975783028,drift,ascent,2024-185P,2024-232T,False
2025-01-06 00:00:00+00:00,QQ_same_launch,61558,61564,1,17.75018387832945,17.75018387832945,0.009858715772463661,54.76021580803115,drift,drift,2024-185G,2024-185N,False
2025-01-06 00:00:00+00:00,QQ_same_launch,61560,61566,1,15.629954801742887,15.629954801742887,0.009360293198610727,79.45155149911909,stranded,drift,2024-185J,2024-185Q,False
2025-01-06 00:00:00+00:00,QQ_same_launch,61564,61567,1,19.419806202496538,19.419806202496538,0.010388289620932712,31.076296717496927,drift,ascent,2024-185N,2024-185R,False
2025-01-06 00:00:00+00:00,QQ_same_launch,62241,62252,1,5.685181413309394,5.685181413309394,0.0031154847305992868,13.61023597179494,drift,ascent,2024-232E,2024-232R,False
2025-01-06 00:00:00+00:00,QQ_same_launch,62246,62251,1,3.843440897945851,3.843440897945851,0.0019158379850433577,34.45121331139428,ascent,ascent,2024-232K,2024-232Q,False
2025-01-06 00:00:00+00:00,QQ_same_launch,62249,62250,1,11.83888719525671,11.83888719525671,0.007803073804331501,39.772040579691456,drift,ascent,2024-232N,2024-232P,False
2025-01-06 00:00:00+00:00,QQ_same_launch,62249,62255,1,5.754662030648792,5.754662030648792,0.0024882120762865297,8.696427557411685,drift,ascent,2024-232N,2024-232U,False
2025-01-06 00:00:00+00:00,QQ_same_launch,62251,62254,1,5.820685922923921,5.820685922923921,0.003026935833901455,44.09979331716047,ascent,ascent,2024-232Q,2024-232T,False
2025-01-07 00:00:00+00:00,QQ_diff_launch,60385,61566,1,1.6489164554250975,1.6489164554250975,14.098352851384014,86.78831849017827,drift,drift,2024-140G,2024-185Q,False
2025-01-07 00:00:00+00:00,QQ_diff_launch,61556,62243,1,11.279770760381544,11.279770760381544,5.120448239786918,88.92475484812016,stranded,stranded,2024-185E,2024-232G,False
2025-01-07 00:00:00+00:00,QQ_diff_launch,61557,62243,1,18.24336557439282,18.24336557439282,5.136634076112685,88.9133612325007,stranded,stranded,2024-185F,2024-232G,False
2025-01-07 00:00:00+00:00,QQ_diff_launch,61568,62240,1,10.308357145325727,10.308357145325727,5.1346704691917235,88.93480385190988,stranded,stranded,2024-185S,2024-232D,False
2025-01-07 00:00:00+00:00,QQ_same_launch,62240,62244,1,15.241507904311586,15.241507904311586,0.007688437626819965,64.45888859424954,stranded,ascent,2024-232D,2024-232H,False
2025-01-07 00:00:00+00:00,QQ_same_launch,62241,62245,1,13.059961019205682,13.059961019205682,0.006482168250163467,84.28628588459269,drift,ascent,2024-232E,2024-232J,False
2025-01-07 00:00:00+00:00,QQ_same_launch,62246,62250,1,8.454303170234311,8.454303170234311,0.005103767241788296,33.49761124186118,ascent,ascent,2024-232K,2024-232P,False
2025-01-07 00:00:00+00:00,QQ_same_launch,62246,62254,4,1.7390937081443472,6.177517931122839,0.006974219320941366,46.422640656143614,ascent,ascent,2024-232K,2024-232T,False
2025-01-07 00:00:00+00:00,QQ_same_launch,62250,62254,1,4.497861612897946,4.497861612897946,0.0017076214388525262,17.052520684287394,ascent,ascent,2024-232P,2024-232T,False
2025-01-08 00:00:00+00:00,QQ_diff_launch,61553,62246,1,18.72261895283204,18.72261895283204,5.120515279885495,88.90659814848856,ascent,ascent,2024-185B,2024-232K,False
2025-01-08 00:00:00+00:00,QQ_diff_launch,61553,62250,1,10.036394528032996,10.036394528032996,5.1191795688441095,88.91433486482623,ascent,ascent,2024-185B,2024-232P,False
2025-01-08 00:00:00+00:00,QQ_diff_launch,61553,62254,1,18.00905902486479,18.00905902486479,5.120356166078129,88.94852270339581,ascent,ascent,2024-185B,2024-232T,False
2025-01-08 00:00:00+00:00,QQ_diff_launch,61557,62250,1,6.543227006602858,6.543227006602858,5.133080739899113,88.91400586497117,stranded,ascent,2024-185F,2024-232P,False
2025-01-08 00:00:00+00:00,QQ_diff_launch,61561,62239,1,18.86826115182532,18.86826115182532,5.13171664424248,88.89927999915456,stranded,ascent,2024-185K,2024-232C,False
2025-01-08 00:00:00+00:00,QQ_diff_launch,61563,62238,1,8.273034712677166,8.273034712677166,5.13179809869207,88.9207849688652,drift,ascent,2024-185M,2024-232B,False
2025-01-08 00:00:00+00:00,QQ_diff_launch,61565,62252,1,9.241324648139988,9.241324648139988,5.135548115128224,88.92447940894401,drift,drift,2024-185P,2024-232R,False
2025-01-08 00:00:00+00:00,QQ_diff_launch,61565,62253,3,15.175831083129049,16.53322146644465,5.136435382099243,88.9302982772545,drift,ascent,2024-185P,2024-232S,False
2025-01-08 00:00:00+00:00,QQ_diff_launch,61566,62247,1,6.9145110767551845,6.9145110767551845,5.132140567090094,88.9339050957688,ascent,drift,2024-185Q,2024-232L,False
2025-01-08 00:00:00+00:00,QQ_same_launch,61555,61564,1,14.071007158379237,14.071007158379237,0.007127572942158332,21.50593307223833,ascent,drift,2024-185D,2024-185N,False
2025-01-08 00:00:00+00:00,QQ_same_launch,61557,61568,1,14.441145460592576,14.441145460592576,0.009800649717561635,86.43348363286404,stranded,stranded,2024-185F,2024-185S,False
2025-01-08 00:00:00+00:00,QQ_same_launch,62243,62248,1,11.78546822397575,11.78546822397575,0.005969786284440572,77.28328846574911,stranded,ascent,2024-232G,2024-232M,False
2025-01-08 00:00:00+00:00,QQ_same_launch,62243,62250,1,19.92141115170095,19.92141115170095,0.010390357945781989,64.10318620356321,stranded,ascent,2024-232G,2024-232P,False
2025-01-08 00:00:00+00:00,QQ_same_launch,62243,62251,1,12.935334871686106,12.935334871686106,0.006701698487866607,36.617016318398576,stranded,ascent,2024-232G,2024-232Q,False
2025-01-08 00:00:00+00:00,QQ_same_launch,62245,62249,1,11.745065837828006,11.745065837828006,0.005600269823253348,45.53331410917187,ascent,drift,2024-232J,2024-232N,False
2025-01-08 00:00:00+00:00,QQ_same_launch,62246,62254,3,14.06412086539003,14.131161192939235,0.01479501078057923,57.99761008381089,ascent,ascent,2024-232K,2024-232T,False
2025-01-08 00:00:00+00:00,QQ_same_launch,62248,62250,1,7.326284486137211,7.326284486137211,0.0036642338991808416,73.64935930344238,ascent,ascent,2024-232M,2024-232P,False
2025-01-08 00:00:00+00:00,QQ_same_launch,62250,62251,1,6.3797982287857105,6.3797982287857105,0.003082343466066816,45.5678524798904,ascent,ascent,2024-232P,2024-232Q,False
2025-01-08 00:00:00+00:00,QQ_same_launch,62252,62253,1,3.848580380230728,3.848580380230728,0.002271553989786211,62.64073175855286,drift,ascent,2024-232R,2024-232S,False
2025-01-09 00:00:00+00:00,QQ_diff_launch,61557,62248,1,18.099036806127373,18.099036806127373,5.134426895155057,88.94618995266826,stranded,drift,2024-185F,2024-232M,False
2025-01-09 00:00:00+00:00,QQ_diff_launch,61557,62251,1,6.350224193339828,6.350224193339828,5.1343881497398325,88.92396645257377,stranded,drift,2024-185F,2024-232Q,False
2025-01-09 00:00:00+00:00,QQ_diff_launch,61568,62246,1,11.25487922994762,11.25487922994762,5.131929642322139,88.93663836420107,stranded,drift,2024-185S,2024-232K,False
2025-01-09 00:00:00+00:00,QQ_same_launch,60380,60382,1,12.569558548452466,12.569558548452466,0.006712686001299438,69.42549130311892,operational,operational,2024-140B,2024-140D,False
2025-01-09 00:00:00+00:00,QQ_same_launch,61558,61563,4,2.254421829613088,7.513612873710574,0.008437803844311175,31.144783443561977,drift,drift,2024-185G,2024-185M,False
2025-01-09 00:00:00+00:00,QQ_same_launch,61565,61568,1,19.766327285733027,19.766327285733027,0.010410095318681182,29.096880159919397,drift,stranded,2024-185P,2024-185S,False
2025-01-09 00:00:00+00:00,QQ_same_launch,62240,62248,1,14.989662324097019,14.989662324097019,0.0077481408286958105,18.00894965903636,stranded,drift,2024-232D,2024-232M,False
2025-01-09 00:00:00+00:00,QQ_same_launch,62240,62251,1,15.591297724395345,15.591297724395345,0.00786021821143351,87.10637955485731,stranded,drift,2024-232D,2024-232Q,False
2025-01-09 00:00:00+00:00,QQ_same_launch,62243,62246,1,10.834745061771795,10.834745061771795,0.005493813057819809,88.23995578407386,stranded,drift,2024-232G,2024-232K,False
2025-01-09 00:00:00+00:00,QQ_same_launch,62243,62252,1,14.25942439531871,14.25942439531871,0.007604273885020234,55.5539048135133,stranded,drift,2024-232G,2024-232R,False
2025-01-09 00:00:00+00:00,QQ_same_launch,62243,62254,1,11.20092301073499,11.20092301073499,0.005522512044229752,19.93263490557192,stranded,drift,2024-232G,2024-232T,False
2025-01-10 00:00:00+00:00,QQ_diff_launch,61557,62240,1,15.934497392893798,15.934497392893798,5.119548092493541,88.90496258522595,stranded,stranded,2024-185F,2024-232D,False
2025-01-10 00:00:00+00:00,QQ_diff_launch,61557,62246,1,18.552614865711977,18.552614865711977,5.1344835653598,88.94586971195871,stranded,drift,2024-185F,2024-232K,False
2025-01-10 00:00:00+00:00,QQ_diff_launch,61557,62254,1,12.336838393570382,12.336838393570382,5.134405815978527,88.9372918794872,stranded,drift,2024-185F,2024-232T,False
2025-01-10 00:00:00+00:00,QQ_diff_launch,61558,62247,1,10.119424385520633,10.119424385520633,5.131659006919245,88.92177972415844,drift,drift,2024-185G,2024-232L,False
2025-01-10 00:00:00+00:00,QQ_diff_launch,61565,62243,1,18.672590977181134,18.672590977181134,5.120976249708071,88.89709362246131,drift,stranded,2024-185P,2024-232G,False
2025-01-10 00:00:00+00:00,QQ_same_launch,61552,61562,1,8.72187227575488,8.72187227575488,0.00394862894677858,40.498146505219474,stranded,drift,2024-185A,2024-185L,False
2025-01-10 00:00:00+00:00,QQ_same_launch,61553,61556,1,16.765707687883683,16.765707687883683,0.010820269088409872,57.83062886843744,stranded,stranded,2024-185B,2024-185E,False
2025-01-10 00:00:00+00:00,QQ_same_launch,61559,61564,1,15.293747648700714,15.293747648700714,0.00929255881509665,41.76872520141453,ascent,drift,2024-185H,2024-185N,False
2025-01-10 00:00:00+00:00,QQ_same_launch,62240,62246,1,13.906896920241223,13.906896920241223,0.007133195489758636,18.443478790609987,stranded,drift,2024-232D,2024-232K,False
2025-01-10 00:00:00+00:00,QQ_same_launch,62240,62252,1,17.776795764140793,17.776795764140793,0.009702585090759412,59.354437084184674,stranded,drift,2024-232D,2024-232R,False
2025-01-10 00:00:00+00:00,QQ_same_launch,62240,62253,1,13.907642646204831,13.907642646204831,0.007342447252653403,19.66329546193709,stranded,drift,2024-232D,2024-232S,False
2025-01-10 00:00:00+00:00,QQ_same_launch,62240,62254,1,14.39576109174602,14.39576109174602,0.007283236246093175,20.312036753345886,stranded,drift,2024-232D,2024-232T,False
2025-01-10 00:00:00+00:00,QQ_same_launch,62243,62253,1,10.532783462184929,10.532783462184929,0.005399532917508986,10.223750951178047,stranded,drift,2024-232G,2024-232S,False
2025-01-10 00:00:00+00:00,QQ_same_launch,62246,62252,1,2.823358550194876,2.823358550194876,0.0014509404704220342,52.00691356809279,drift,drift,2024-232K,2024-232R,False
2025-01-10 00:00:00+00:00,QQ_same_launch,62252,62254,1,13.677963012843279,13.677963012843279,0.014403064156652453,30.38567796347524,drift,drift,2024-232R,2024-232T,False
2025-01-11 00:00:00+00:00,QQ_diff_launch,61552,62251,1,12.457134901272074,12.457134901272074,5.12126544769915,88.9084523865784,stranded,drift,2024-185A,2024-232Q,False
2025-01-11 00:00:00+00:00,QQ_diff_launch,61557,62253,1,10.119285115255412,10.119285115255412,5.13468044250935,88.91810143425094,stranded,drift,2024-185F,2024-232S,False
2025-01-11 00:00:00+00:00,QQ_diff_launch,61560,62248,1,8.182746305337107,8.182746305337107,5.132502129956185,88.9147223405383,stranded,drift,2024-185J,2024-232M,False
2025-01-11 00:00:00+00:00,QQ_diff_launch,61561,62251,1,6.030937234078604,6.030937234078604,5.132031831754563,88.92186771300885,stranded,drift,2024-185K,2024-232Q,False
2025-01-11 00:00:00+00:00,QQ_diff_launch,61562,62250,1,12.128533516716585,12.128533516716585,5.120524026123145,88.91331824173272,drift,drift,2024-185L,2024-232P,False
2025-01-11 00:00:00+00:00,QQ_diff_launch,61565,62240,1,19.035963612497564,19.035963612497564,5.12118141706686,88.94831556847089,drift,stranded,2024-185P,2024-232D,False
2025-01-11 00:00:00+00:00,QQ_diff_launch,61567,62238,1,15.461203469949554,15.461203469949554,5.127759436631787,88.90057367966428,ascent,drift,2024-185R,2024-232B,False
2025-01-11 00:00:00+00:00,QQ_same_launch,60382,60391,1,14.682092478427155,14.682092478427155,0.03830063545558701,82.88251480400498,operational,operational,2024-140D,2024-140N,False
2025-01-11 00:00:00+00:00,QQ_same_launch,61553,61556,1,16.683053386232373,16.683053386232373,0.009104394876496344,46.27232925851736,stranded,stranded,2024-185B,2024-185E,False
2025-01-11 00:00:00+00:00,QQ_same_launch,62245,62255,1,5.440913415852083,5.440913415852083,0.0029233802689394217,24.470053892635473,drift,drift,2024-232J,2024-232U,False
2025-01-11 00:00:00+00:00,QQ_same_launch,62252,62254,1,2.654202522349686,2.654202522349686,0.0016099065437845698,71.7536779034887,drift,drift,2024-232R,2024-232T,False
2025-01-12 00:00:00+00:00,QQ_diff_launch,61555,62238,1,9.367106169045845,9.367106169045845,5.12964869388276,88.93589958847934,ascent,drift,2024-185D,2024-232B,False
2025-01-12 00:00:00+00:00,QQ_diff_launch,61560,62252,1,12.640375252915987,12.640375252915987,5.132003634655274,88.9085066884875,stranded,drift,2024-185J,2024-232R,False
2025-01-12 00:00:00+00:00,QQ_diff_launch,61560,62253,1,10.778765475118485,10.778765475118485,5.1328532317807785,88.9391626575789,stranded,drift,2024-185J,2024-232S,False
2025-01-12 00:00:00+00:00,QQ_diff_launch,61560,62254,1,13.662787604384345,13.662787604384345,5.132516503320233,88.94238411339701,stranded,drift,2024-185J,2024-232T,False
2025-01-12 00:00:00+00:00,QQ_diff_launch,61564,62241,1,5.6938399748035495,5.6938399748035495,5.122996230183394,88.91841004888681,drift,drift,2024-185N,2024-232E,False
2025-01-12 00:00:00+00:00,QQ_same_launch,61556,61566,1,14.93867699061097,14.93867699061097,0.009170968578550074,85.46140383628389,stranded,ascent,2024-185E,2024-185Q,False
2025-01-12 00:00:00+00:00,QQ_same_launch,61557,61561,1,13.821695991566102,13.821695991566102,0.008405693266913945,62.24092282681542,stranded,stranded,2024-185F,2024-185K,False
2025-01-12 00:00:00+00:00,QQ_same_launch,61557,61565,1,5.896873628678837,5.896873628678837,0.003975244455857298,60.218328633759654,stranded,drift,2024-185F,2024-185P,False
2025-01-12 00:00:00+00:00,QQ_same_launch,61558,61566,1,15.482610207927227,15.482610207927227,0.007734239776947413,22.387326917335823,drift,ascent,2024-185G,2024-185Q,False
2025-01-12 00:00:00+00:00,QQ_same_launch,61561,61565,1,19.40549328243403,19.40549328243403,0.01029725988835289,30.48123312289979,stranded,drift,2024-185K,2024-185P,False
2025-01-12 00:00:00+00:00,QQ_same_launch,61563,61566,1,14.503058226812518,14.503058226812518,0.007811234842893626,67.15271597486898,drift,ascent,2024-185M,2024-185Q,False
2025-01-12 00:00:00+00:00,QQ_same_launch,62248,62251,1,11.053903070461201,11.053903070461201,0.011909291631401663,20.848885458573562,drift,drift,2024-232M,2024-232Q,False
2025-01-13 00:00:00+00:00,QQ_same_launch,61554,61561,1,9.146583292722127,9.146583292722127,0.0005863429583950625,52.524254342565314,stranded,stranded,2024-185C,2024-185K,False
2025-01-13 00:00:00+00:00,QQ_same_launch,61555,61559,1,5.485341604885079,5.485341604885079,0.0031972178516275407,44.60294674102825,ascent,ascent,2024-185D,2024-185H,False
2025-01-13 00:00:00+00:00,QQ_same_launch,61556,61566,1,10.890168255150071,10.890168255150071,0.005697058347424467,34.0104478596053,stranded,ascent,2024-185E,2024-185Q,False
2025-01-13 00:00:00+00:00,QQ_same_launch,61557,61560,1,11.956875845241836,11.956875845241836,0.0051227923871592475,3.7175707639950057,stranded,stranded,2024-185F,2024-185J,False
2025-01-13 00:00:00+00:00,QQ_same_launch,61560,61565,1,17.69937833567294,17.69937833567294,0.01112412486836209,77.05716596706375,stranded,drift,2024-185J,2024-185P,False
2025-01-13 00:00:00+00:00,QQ_same_launch,62240,62243,1,3.612981602462583,3.612981602462583,0.0021681266449337555,14.083764572881563,stranded,stranded,2024-232D,2024-232G,False
2025-01-13 00:00:00+00:00,QQ_same_launch,62248,62251,1,1.2598156660491988,1.2598156660491988,0.0009260798503181777,59.65001525745702,drift,drift,2024-232M,2024-232Q,False
2025-01-14 00:00:00+00:00,QQ_diff_launch,60385,61557,1,17.67972864000475,17.67972864000475,14.103429197733282,87.0024428692905,drift,stranded,2024-140G,2024-185F,False
2025-01-14 00:00:00+00:00,QQ_diff_launch,61555,62249,1,4.9430113639260265,4.9430113639260265,5.117545028501682,88.92230709632842,ascent,drift,2024-185D,2024-232N,False
2025-01-14 00:00:00+00:00,QQ_diff_launch,61561,62240,1,16.05986621955965,16.05986621955965,5.134757272711709,88.90583892315139,stranded,stranded,2024-185K,2024-232D,False
2025-01-14 00:00:00+00:00,QQ_diff_launch,61561,62245,1,11.416212348013131,11.416212348013131,5.132638518996895,88.93980954964515,stranded,drift,2024-185K,2024-232J,False
2025-01-14 00:00:00+00:00,QQ_diff_launch,61567,62247,1,5.2629848371282035,5.2629848371282035,5.127214472145656,88.91763107580122,ascent,drift,2024-185R,2024-232L,False
2025-01-14 00:00:00+00:00,QQ_same_launch,60382,60386,1,9.973367434643702,9.973367434643702,0.0129309105932723,79.2277702044582,operational,operational,2024-140D,2024-140H,False
2025-01-14 00:00:00+00:00,QQ_same_launch,62240,62245,1,12.242939151301027,12.242939151301027,0.006677344740050216,11.424414592053626,stranded,drift,2024-232D,2024-232J,False
2025-01-14 00:00:00+00:00,QQ_same_launch,62243,62245,1,8.100457415217916,8.100457415217916,0.00393532708168785,50.46580873563859,stranded,drift,2024-232G,2024-232J,False
2025-01-14 00:00:00+00:00,QQ_same_launch,62244,62250,1,6.816538624476381,6.816538624476381,0.0033990472659867982,26.405597692721678,drift,drift,2024-232H,2024-232P,False
2025-01-15 00:00:00+00:00,QQ_diff_launch,60385,61554,1,13.248108204750936,13.248108204750936,14.094301888606962,86.8908547261427,drift,stranded,2024-140G,2024-185C,False
2025-01-15 00:00:00+00:00,QQ_diff_launch,60385,62245,1,19.84582930088509,19.84582930088509,11.67165836215278,88.43909410274875,drift,drift,2024-140G,2024-232J,False
2025-01-15 00:00:00+00:00,QQ_diff_launch,61552,62239,1,12.340435013233927,12.340435013233927,5.121363207155527,88.9404580979849,stranded,drift,2024-185A,2024-232C,False
2025-01-15 00:00:00+00:00,QQ_diff_launch,61560,62245,1,0.9518502279776729,0.9518502279776729,5.133030002692428,88.92302147306953,stranded,drift,2024-185J,2024-232J,False
2025-01-15 00:00:00+00:00,QQ_diff_launch,61561,62255,1,12.574802224818134,12.574802224818134,5.1332387600379645,88.94061874173025,stranded,drift,2024-185K,2024-232U,False
2025-01-15 00:00:00+00:00,QQ_diff_launch,61563,62242,1,15.290934523744035,15.290934523744035,5.133106771858636,88.94458255558754,drift,drift,2024-185M,2024-232F,False
2025-01-15 00:00:00+00:00,QQ_diff_launch,61564,62238,1,9.648156802635562,9.648156802635562,5.133274787382137,88.92375328961406,drift,drift,2024-185N,2024-232B,False
2025-01-15 00:00:00+00:00,QQ_diff_launch,61567,62249,1,5.4007933375642585,5.4007933375642585,5.11601117789711,88.91598977702864,ascent,drift,2024-185R,2024-232N,False
2025-01-15 00:00:00+00:00,QQ_same_launch,61556,61562,1,16.44445421991082,16.44445421991082,0.0110749597809454,84.07120690399368,stranded,drift,2024-185E,2024-185L,False
2025-01-16 00:00:00+00:00,QQ_diff_launch,61560,62243,1,7.749600986946088,7.749600986946088,5.13440594032226,88.92577983591283,stranded,stranded,2024-185J,2024-232G,False
2025-01-16 00:00:00+00:00,QQ_diff_launch,61564,62240,1,7.916630481743869,7.916630481743869,5.1228820732941305,88.93478515945182,drift,stranded,2024-185N,2024-232D,False
2025-01-16 00:00:00+00:00,QQ_diff_launch,61564,62255,1,9.662394649905542,9.662394649905542,5.12217476329934,88.91075230998926,drift,drift,2024-185N,2024-232U,False
2025-01-16 00:00:00+00:00,QQ_same_launch,60391,60396,1,19.08144563178597,19.08144563178597,0.061296615604558326,87.61289491166706,operational,ascent,2024-140N,2024-140T,False
2025-01-16 00:00:00+00:00,QQ_same_launch,61554,61557,2,7.417332861475553,9.275257604743965,0.012246302922683965,71.33280520859869,stranded,stranded,2024-185C,2024-185F,False
2025-01-16 00:00:00+00:00,QQ_same_launch,62240,62255,1,7.1470596090598555,7.1470596090598555,0.004081319475537662,71.6696473918771,stranded,drift,2024-232D,2024-232U,False
2025-01-17 00:00:00+00:00,QQ_diff_launch,60385,62240,2,5.877818896083696,8.648728521180235,11.645863289093125,88.39265712981413,drift,stranded,2024-140G,2024-232D,False
2025-01-17 00:00:00+00:00,QQ_diff_launch,61562,62247,1,7.268547918014192,7.268547918014192,5.119785686509187,88.92797406027567,ascent,drift,2024-185L,2024-232L,False
2025-01-17 00:00:00+00:00,QQ_diff_launch,61563,62244,1,19.284571436242633,19.284571436242633,5.1329857617990795,88.94879408590836,drift,drift,2024-185M,2024-232H,False
2025-01-17 00:00:00+00:00,QQ_same_launch,61552,61566,1,14.720725681808183,14.720725681808183,0.013209318253188742,85.73442939899401,stranded,ascent,2024-185A,2024-185Q,False
2025-01-17 00:00:00+00:00,QQ_same_launch,61556,61567,1,15.715711440086732,15.715711440086732,0.012406586383988116,65.73968365679357,stranded,drift,2024-185E,2024-185R,False
2025-01-17 00:00:00+00:00,QQ_same_launch,62248,62252,1,2.125934103625403,2.125934103625403,0.0012648887078246347,52.62252652161613,drift,drift,2024-232M,2024-232R,False
2025-01-18 00:00:00+00:00,QQ_diff_launch,60385,61559,1,15.049986077822096,15.049986077822096,14.097571881036984,86.83067443147577,drift,ascent,2024-140G,2024-185H,False
2025-01-18 00:00:00+00:00,QQ_diff_launch,61554,62238,1,5.820184242041346,5.820184242041346,5.126793196594457,88.91207754190663,stranded,drift,2024-185C,2024-232B,False
2025-01-18 00:00:00+00:00,QQ_diff_launch,61556,62240,1,14.675178834654668,14.675178834654668,5.12297399585621,88.92450565789406,stranded,stranded,2024-185E,2024-232D,False
2025-01-18 00:00:00+00:00,QQ_same_launch,61552,61566,1,14.123569259139625,14.123569259139625,0.004858182654652432,6.955459233284874,stranded,ascent,2024-185A,2024-185Q,False
2025-01-18 00:00:00+00:00,QQ_same_launch,61555,61564,1,10.992213067895475,10.992213067895475,0.005239320781405272,12.031016940329076,ascent,drift,2024-185D,2024-185N,False
2025-01-18 00:00:00+00:00,QQ_same_launch,62238,62245,1,15.403274521016108,15.403274521016108,0.008351062700085116,30.223522704073854,drift,drift,2024-232B,2024-232J,False
2025-01-18 00:00:00+00:00,QQ_same_launch,62242,62250,1,4.9779129400169095,4.9779129400169095,0.0022507671909255448,31.932888111133753,drift,drift,2024-232F,2024-232P,False
2025-01-19 00:00:00+00:00,QQ_diff_launch,60385,61567,1,12.986570131794577,12.986570131794577,14.099372582195123,86.80274884553204,drift,drift,2024-140G,2024-185R,False
2025-01-19 00:00:00+00:00,QQ_diff_launch,61555,62245,1,8.718939495548781,8.718939495548781,5.114590481355392,88.93559265270281,drift,drift,2024-185D,2024-232J,False
2025-01-19 00:00:00+00:00,QQ_diff_launch,61558,62251,1,4.543695808125584,4.543695808125584,5.132839253697688,88.91835046968185,drift,drift,2024-185G,2024-232Q,False
2025-01-19 00:00:00+00:00,QQ_diff_launch,61559,62243,1,10.612140514268763,10.612140514268763,5.115423289977655,88.90749961954151,ascent,stranded,2024-185H,2024-232G,False
2025-01-19 00:00:00+00:00,QQ_diff_launch,61559,62255,1,11.427394345940133,11.427394345940133,5.114887997986199,88.93908369976052,ascent,drift,2024-185H,2024-232U,False
2025-01-19 00:00:00+00:00,QQ_same_launch,61554,61555,1,11.33313160036014,11.33313160036014,0.003335220891647486,21.71586542542875,stranded,drift,2024-185C,2024-185D,False
2025-01-19 00:00:00+00:00,QQ_same_launch,61556,61559,1,13.328348421399529,13.328348421399529,0.011775728157818903,71.02897439064901,stranded,ascent,2024-185E,2024-185H,False
2025-01-19 00:00:00+00:00,QQ_same_launch,62243,62255,1,3.7328106965830576,3.7328106965830576,0.002096535507007902,44.565689522853454,stranded,drift,2024-232G,2024-232U,False
2025-01-20 00:00:00+00:00,QQ_diff_launch,61557,62247,1,19.24333719308213,19.24333719308213,5.129176030772695,88.94759006034604,stranded,drift,2024-185F,2024-232L,False
2025-01-20 00:00:00+00:00,QQ_diff_launch,61563,62251,1,5.947001370484298,5.947001370484298,5.132630634582015,88.91742053498292,drift,drift,2024-185M,2024-232Q,False
2025-01-20 00:00:00+00:00,QQ_diff_launch,61564,62247,1,16.894730002822406,16.894730002822406,5.132757574551433,88.94320403230218,drift,drift,2024-185N,2024-232L,False
2025-01-20 00:00:00+00:00,QQ_same_launch,61557,61564,1,11.184736897085916,11.184736897085916,0.007804064100090506,84.67628386642343,stranded,drift,2024-185F,2024-185N,False
2025-01-20 00:00:00+00:00,QQ_same_launch,61566,61567,1,9.508520965722441,9.508520965722441,0.0037729775062775085,2.470239697684993,drift,ascent,2024-185Q,2024-185R,False
2025-01-20 00:00:00+00:00,QQ_same_launch,62241,62242,1,19.176126521601034,19.176126521601034,0.009968718063874652,83.84401325718022,drift,drift,2024-232E,2024-232F,False
2025-01-20 00:00:00+00:00,QQ_same_launch,62251,62252,4,0.7371130232842166,9.98518871509728,0.01058941976082959,62.5228261905734,drift,drift,2024-232Q,2024-232R,False
2025-01-21 00:00:00+00:00,QQ_diff_launch,61563,62248,1,12.893111461922626,12.893111461922626,5.132816313268639,88.94002430723891,drift,drift,2024-185M,2024-232M,False
2025-01-21 00:00:00+00:00,QQ_diff_launch,61564,62245,1,11.798545961580077,11.798545961580077,5.121452392938272,88.91353705448026,drift,drift,2024-185N,2024-232J,False
2025-01-21 00:00:00+00:00,QQ_diff_launch,61566,62255,1,5.66384656528569,5.66384656528569,5.118289715796737,88.92131571328193,drift,drift,2024-185Q,2024-232U,False
2025-01-21 00:00:00+00:00,QQ_same_launch,61556,61564,1,13.907055960484247,13.907055960484247,0.00764734732714489,46.21672561020533,stranded,drift,2024-185E,2024-185N,False
2025-01-21 00:00:00+00:00,QQ_same_launch,62241,62244,1,17.439516429901698,17.439516429901698,0.008705784458009428,29.35025420356429,drift,drift,2024-232E,2024-232H,False
2025-01-21 00:00:00+00:00,QQ_same_launch,62242,62249,1,18.869570446358708,18.869570446358708,0.010104101622834398,8.034529455473752,drift,drift,2024-232F,2024-232N,False
2025-01-21 00:00:00+00:00,QQ_same_launch,62245,62247,1,14.80422431088039,14.80422431088039,0.00788030765792667,43.526085266865245,drift,drift,2024-232J,2024-232L,False
2025-01-22 00:00:00+00:00,QQ_diff_launch,61558,62253,1,12.857819161787553,12.857819161787553,5.132283533345715,88.90888497558561,ascent,drift,2024-185G,2024-232S,False
2025-01-22 00:00:00+00:00,QQ_diff_launch,61560,62239,1,18.760506806787518,18.760506806787518,5.128846959505233,88.89707378060153,stranded,drift,2024-185J,2024-232C,False
2025-01-22 00:00:00+00:00,QQ_same_launch,60384,60394,1,17.220636506737367,17.220636506737367,0.047916679442507215,86.12170495989383,drift,operational,2024-140F,2024-140R,False
2025-01-22 00:00:00+00:00,QQ_same_launch,61552,61564,1,19.08914969704071,19.08914969704071,0.012412625367291492,85.14676469626097,stranded,drift,2024-185A,2024-185N,False
2025-01-22 00:00:00+00:00,QQ_same_launch,61554,61564,1,17.801906261254178,17.801906261254178,0.013226383269709579,25.198833825103392,stranded,drift,2024-185C,2024-185N,False
2025-01-22 00:00:00+00:00,QQ_same_launch,61555,61565,1,5.035847688147057,5.035847688147057,0.0014966072974993846,72.3643970075696,drift,ascent,2024-185D,2024-185P,False
2025-01-22 00:00:00+00:00,QQ_same_launch,61557,61559,1,14.90787097522358,14.90787097522358,0.0075464760075707425,15.17998062142097,stranded,drift,2024-185F,2024-185H,False
2025-01-22 00:00:00+00:00,QQ_same_launch,62238,62253,1,12.779822664652004,12.779822664652004,0.00698493062183084,55.66064448033827,drift,drift,2024-232B,2024-232S,False
2025-01-23 00:00:00+00:00,QQ_diff_launch,61565,62253,1,14.763110897477551,14.763110897477551,5.117891732320939,88.9034072869026,ascent,drift,2024-185P,2024-232S,False
2025-01-23 00:00:00+00:00,QQ_same_launch,61552,61556,1,9.104946633850382,9.104946633850382,0.004980561917323538,23.37243644605759,stranded,stranded,2024-185A,2024-185E,False
2025-01-23 00:00:00+00:00,QQ_same_launch,61558,61565,1,16.125976476399334,16.125976476399334,0.00935576190317385,61.13668663088381,ascent,ascent,2024-185G,2024-185P,False
2025-01-23 00:00:00+00:00,QQ_same_launch,62238,62246,1,12.281706318270157,12.281706318270157,0.006843068840622141,78.44159953726985,drift,drift,2024-232B,2024-232K,False
2025-01-23 00:00:00+00:00,QQ_same_launch,62239,62240,1,17.749912396698793,17.749912396698793,0.008898187076010054,54.03583808084804,drift,stranded,2024-232C,2024-232D,False
2025-01-23 00:00:00+00:00,QQ_same_launch,62241,62251,1,17.971084669020353,17.971084669020353,0.009397286625398177,80.53367542475263,drift,drift,2024-232E,2024-232Q,False
2025-01-23 00:00:00+00:00,QQ_same_launch,62241,62252,1,19.28296700540625,19.28296700540625,0.009921923039280196,36.72443427193262,drift,drift,2024-232E,2024-232R,False
2025-01-23 00:00:00+00:00,QQ_same_launch,62244,62249,1,17.461198508676567,17.461198508676567,0.009707009143292497,47.76385076304324,drift,drift,2024-232H,2024-232N,False
2025-01-24 00:00:00+00:00,QQ_diff_launch,61555,62246,1,2.3925008781006682,2.3925008781006682,5.114495941017765,88.92017964427716,drift,drift,2024-185D,2024-232K,False
2025-01-24 00:00:00+00:00,QQ_diff_launch,61555,62254,1,12.197379656223639,12.197379656223639,5.114444406120821,88.90469187447337,drift,drift,2024-185D,2024-232T,False
2025-01-24 00:00:00+00:00,QQ_same_launch,61554,61559,1,13.81571194809198,13.81571194809198,0.009008930920400636,77.95355740089863,stranded,ascent,2024-185C,2024-185H,False
2025-01-24 00:00:00+00:00,QQ_same_launch,61556,61558,1,19.601550913757414,19.601550913757414,0.012794775209992077,61.82924651822541,stranded,ascent,2024-185E,2024-185G,False
2025-01-24 00:00:00+00:00,QQ_same_launch,61563,61565,1,18.704577880290287,18.704577880290287,0.010699307729274769,68.44268760452103,ascent,ascent,2024-185M,2024-185P,False
2025-01-24 00:00:00+00:00,QQ_same_launch,62238,62254,1,11.156884905064437,11.156884905064437,0.005921263819573748,58.66277186441759,drift,drift,2024-232B,2024-232T,False
2025-01-24 00:00:00+00:00,QQ_same_launch,62241,62248,1,18.04783130352943,18.04783130352943,0.00993473914037762,79.41842371124739,drift,drift,2024-232E,2024-232M,False
2025-01-25 00:00:00+00:00,QQ_diff_launch,61554,62245,6,12.485778527563706,16.067368723418205,5.121089971815471,88.91990871484177,stranded,drift,2024-185C,2024-232J,False
2025-01-25 00:00:00+00:00,QQ_diff_launch,61555,62238,1,11.619281211146927,11.619281211146927,5.110167403528925,88.92988899081394,drift,drift,2024-185D,2024-232B,False
2025-01-25 00:00:00+00:00,QQ_diff_launch,61556,62246,1,19.09612132624512,19.09612132624512,5.121770947361273,88.89279402056361,stranded,drift,2024-185E,2024-232K,False
2025-01-25 00:00:00+00:00,QQ_diff_launch,61558,62247,1,7.089258910373179,7.089258910373179,5.125997088816048,88.93191888670961,ascent,drift,2024-185G,2024-232L,False
2025-01-25 00:00:00+00:00,QQ_diff_launch,61563,62247,1,4.479245324522387,4.479245324522387,5.1274927528834,88.91830117563022,ascent,drift,2024-185M,2024-232L,False
2025-01-25 00:00:00+00:00,QQ_diff_launch,61563,62253,2,11.816438896902476,15.854892943796171,5.1239971154037605,88.92099561831172,ascent,drift,2024-185M,2024-232S,False
2025-01-25 00:00:00+00:00,QQ_diff_launch,61565,62254,1,7.166827930973275,7.166827930973275,5.117632100125566,88.9144197698412,ascent,drift,2024-185P,2024-232T,False
2025-01-25 00:00:00+00:00,QQ_diff_launch,61567,62245,1,8.765447822365605,8.765447822365605,5.112462219205351,88.91405163729273,ascent,drift,2024-185R,2024-232J,False
2025-01-25 00:00:00+00:00,QQ_same_launch,60384,60389,1,19.753408514699185,19.753408514699185,0.05828407022113675,87.77548978263812,drift,operational,2024-140F,2024-140L,False
2025-01-25 00:00:00+00:00,QQ_same_launch,61552,61553,1,15.991150300480857,15.991150300480857,0.006885455176231918,4.1193959113802014,stranded,stranded,2024-185A,2024-185B,False
2025-01-25 00:00:00+00:00,QQ_same_launch,61552,61565,1,14.8853307170447,14.8853307170447,0.009959882247275165,41.580379133409714,stranded,ascent,2024-185A,2024-185P,False
2025-01-25 00:00:00+00:00,QQ_same_launch,61558,61563,1,7.133738846728407,7.133738846728407,0.003996668367429159,38.408899651259134,ascent,ascent,2024-185G,2024-185M,False
2025-01-25 00:00:00+00:00,QQ_same_launch,61564,61566,1,15.982753837140258,15.982753837140258,0.008355384113861403,15.79388192030702,ascent,ascent,2024-185N,2024-185Q,False
2025-01-25 00:00:00+00:00,QQ_same_launch,62238,62248,1,10.505343528088861,10.505343528088861,0.004989765594470421,17.67901347122805,drift,drift,2024-232B,2024-232M,False
2025-01-25 00:00:00+00:00,QQ_same_launch,62239,62243,1,14.524288049848183,14.524288049848183,0.007231044981342185,56.36346264770705,drift,stranded,2024-232C,2024-232G,False
2025-01-25 00:00:00+00:00,QQ_same_launch,62239,62250,1,3.6659625357325116,3.6659625357325116,0.0016439022766507646,26.64256195055038,drift,drift,2024-232C,2024-232P,False
2025-01-25 00:00:00+00:00,QQ_same_launch,62241,62254,1,17.789869916145996,17.789869916145996,0.009714921174931527,46.79029397159472,drift,drift,2024-232E,2024-232T,False
2025-01-25 00:00:00+00:00,QQ_same_launch,62243,62250,1,19.22181988246303,19.22181988246303,0.009656447657498398,9.250722853103884,stranded,drift,2024-232G,2024-232P,False
2025-01-25 00:00:00+00:00,QQ_same_launch,62247,62253,1,13.001850212443163,13.001850212443163,0.007132892441586095,54.92506683340762,drift,drift,2024-232L,2024-232S,False
2025-01-25 00:00:00+00:00,QQ_same_launch,62249,62251,1,17.265898059929732,17.265898059929732,0.009557706036512063,74.01275708711009,drift,drift,2024-232N,2024-232Q,False
2025-01-25 00:00:00+00:00,QQ_same_launch,62249,62252,1,16.965781448768965,16.965781448768965,0.008126794535505891,1.276030051001562,drift,drift,2024-232N,2024-232R,False
2025-01-26 00:00:00+00:00,QQ_diff_launch,61552,62238,1,10.931152147029014,10.931152147029014,5.121112433927383,88.90673995334195,stranded,drift,2024-185A,2024-232B,False
2025-01-26 00:00:00+00:00,QQ_diff_launch,61556,62254,1,18.410449625759917,18.410449625759917,5.121720933306679,88.89407387637951,stranded,drift,2024-185E,2024-232T,False
2025-01-26 00:00:00+00:00,QQ_diff_launch,61558,62253,1,11.572050365492661,11.572050365492661,5.114650828879729,88.92319668703577,ascent,drift,2024-185G,2024-232S,False
2025-01-26 00:00:00+00:00,QQ_diff_launch,61560,62252,1,13.143693667886286,13.143693667886286,5.128653529169559,88.93621826947951,stranded,drift,2024-185J,2024-232R,False
2025-01-26 00:00:00+00:00,QQ_diff_launch,61561,62252,1,9.771367012475704,9.771367012475704,5.128170277610731,88.92827211619179,stranded,drift,2024-185K,2024-232R,False
2025-01-26 00:00:00+00:00,QQ_same_launch,61559,61567,1,7.450260167626636,7.450260167626636,0.004114965138955384,48.099696956208874,ascent,ascent,2024-185H,2024-185R,False
2025-01-26 00:00:00+00:00,QQ_same_launch,61563,61568,1,17.773136130889352,17.773136130889352,0.008986830506696712,32.14420989967894,ascent,stranded,2024-185M,2024-185S,False
2025-01-26 00:00:00+00:00,QQ_same_launch,62238,62251,1,10.149258732504263,10.149258732504263,0.005019801140724631,13.686993108980921,drift,drift,2024-232B,2024-232Q,False
2025-01-26 00:00:00+00:00,QQ_same_launch,62240,62242,1,17.350809107533554,17.350809107533554,0.009335265764846027,51.09976345772967,stranded,drift,2024-232D,2024-232F,False
2025-01-26 00:00:00+00:00,QQ_same_launch,62241,62246,1,17.345493669694918,17.345493669694918,0.00927256580795702,4.695092074151389,drift,drift,2024-232E,2024-232K,False
2025-01-26 00:00:00+00:00,QQ_same_launch,62241,62253,1,15.968556761710698,15.968556761710698,0.008581221078685617,73.5147504896064,drift,drift,2024-232E,2024-232S,False
2025-01-26 00:00:00+00:00,QQ_same_launch,62246,62247,1,11.82331744214633,11.82331744214633,0.006424409578796927,76.39120076962573,drift,drift,2024-232K,2024-232L,False
2025-01-26 00:00:00+00:00,QQ_same_launch,62248,62249,1,15.411665868112488,15.411665868112488,0.0075342552265132675,19.922127955248936,drift,ascent,2024-232M,2024-232N,False
2025-01-27 00:00:00+00:00,QQ_diff_launch,60385,62248,1,16.70114607679233,16.70114607679233,11.664181096266228,88.40450814866202,drift,drift,2024-140G,2024-232M,False
2025-01-27 00:00:00+00:00,QQ_diff_launch,61552,62252,1,17.381608507920834,17.381608507920834,5.125265321264686,88.94375168904484,stranded,drift,2024-185A,2024-232R,False
2025-01-27 00:00:00+00:00,QQ_diff_launch,61555,62252,1,16.688049555119278,16.688049555119278,5.1146232915091785,88.89653610165789,ascent,drift,2024-185D,2024-232R,False
2025-01-27 00:00:00+00:00,QQ_diff_launch,61560,62248,1,9.360766444790698,9.360766444790698,5.129073509200818,88.91394062003164,stranded,drift,2024-185J,2024-232M,False
2025-01-27 00:00:00+00:00,QQ_diff_launch,61561,62249,1,10.959359745502752,10.959359745502752,5.133256169862452,88.93617433821967,stranded,ascent,2024-185K,2024-232N,False
2025-01-27 00:00:00+00:00,QQ_diff_launch,61563,62241,1,14.8520333055707,14.8520333055707,5.120691246267529,88.94257201031735,ascent,drift,2024-185M,2024-232E,False
2025-01-27 00:00:00+00:00,QQ_diff_launch,61565,62252,1,3.9966850243740732,3.9966850243740732,5.116265790937341,88.9181821299904,ascent,drift,2024-185P,2024-232R,False
2025-01-27 00:00:00+00:00,QQ_same_launch,61552,61555,1,8.243822672389472,8.243822672389472,0.013394243604342661,83.53967835900373,stranded,ascent,2024-185A,2024-185D,False
2025-01-27 00:00:00+00:00,QQ_same_launch,61563,61564,1,18.14225671536724,18.14225671536724,0.011249734760314748,51.83191710055534,ascent,ascent,2024-185M,2024-185N,False
2025-01-27 00:00:00+00:00,QQ_same_launch,61564,61567,1,16.643937357438237,16.643937357438237,0.010445117131941963,52.28036562241441,ascent,ascent,2024-185N,2024-185R,False
2025-01-27 00:00:00+00:00,QQ_same_launch,62238,62252,1,9.711523105289205,9.711523105289205,0.005707309405350421,76.09139605170651,drift,drift,2024-232B,2024-232R,False
2025-01-27 00:00:00+00:00,QQ_same_launch,62239,62255,1,13.050136488480085,13.050136488480085,0.007176421460293495,21.907270893679616,drift,drift,2024-232C,2024-232U,False
2025-01-27 00:00:00+00:00,QQ_same_launch,62247,62254,1,12.307244128707815,12.307244128707815,0.006829675184116501,44.61253614495772,drift,drift,2024-232L,2024-232T,False
2025-01-27 00:00:00+00:00,QQ_same_launch,62249,62254,1,12.847215467295925,12.847215467295925,0.007008321166746031,9.37184448984598,ascent,drift,2024-232N,2024-232T,False
2025-01-27 00:00:00+00:00,QQ_same_launch,62250,62255,1,16.635457455400516,16.635457455400516,0.008692007880819615,2.825342405013557,drift,drift,2024-232P,2024-232U,False
2025-01-28 00:00:00+00:00,QQ_diff_launch,60385,61560,7,9.6447613781849,14.150528927444952,14.1414171367847,86.93964081887847,drift,stranded,2024-140G,2024-185J,False
2025-01-28 00:00:00+00:00,QQ_diff_launch,60385,62249,1,17.578944939867153,17.578944939867153,11.622297259670672,88.39404575164427,drift,ascent,2024-140G,2024-232N,False
2025-01-28 00:00:00+00:00,QQ_diff_launch,61555,62244,1,7.697984906659303,7.697984906659303,5.11418882604374,88.92471563358094,ascent,drift,2024-185D,2024-232H,False
2025-01-28 00:00:00+00:00,QQ_diff_launch,61556,62251,1,16.910808993424403,16.910808993424403,5.121575609693575,88.89638790135044,stranded,drift,2024-185E,2024-232Q,False
2025-01-28 00:00:00+00:00,QQ_diff_launch,61560,62249,1,9.713657771166838,9.713657771166838,5.133568769677523,88.93491529247335,stranded,ascent,2024-185J,2024-232N,False
2025-01-28 00:00:00+00:00,QQ_diff_launch,61560,62254,1,14.438084162131947,14.438084162131947,5.128849447863802,88.90393297950443,stranded,drift,2024-185J,2024-232T,False
2025-01-28 00:00:00+00:00,QQ_diff_launch,61563,62253,1,9.132539590750039,9.132539590750039,5.114417967338877,88.91461104791448,ascent,drift,2024-185M,2024-232S,False
2025-01-28 00:00:00+00:00,QQ_diff_launch,61564,62249,1,14.246078821864597,14.246078821864597,5.123757882339292,88.92078200329398,ascent,ascent,2024-185N,2024-232N,False
2025-01-28 00:00:00+00:00,QQ_diff_launch,61565,62238,1,3.6609607005617573,3.6609607005617573,5.111546021649094,88.9210980468781,ascent,drift,2024-185P,2024-232B,False
2025-01-28 00:00:00+00:00,QQ_diff_launch,61567,62246,1,19.277249365110425,19.277249365110425,5.110128037386492,88.90887329519654,ascent,drift,2024-185R,2024-232K,False
2025-01-28 00:00:00+00:00,QQ_same_launch,61556,61566,1,19.276566840133412,19.276566840133412,0.010422863113594751,29.3205959864936,stranded,ascent,2024-185E,2024-185Q,False
2025-01-28 00:00:00+00:00,QQ_same_launch,61558,61564,1,6.798674237387934,6.798674237387934,0.008400943003217096,75.84690229276912,ascent,ascent,2024-185G,2024-185N,False
2025-01-28 00:00:00+00:00,QQ_same_launch,61558,61567,1,18.9959461810192,18.9959461810192,0.009427255731651617,7.21686099331044,ascent,ascent,2024-185G,2024-185R,False
2025-01-28 00:00:00+00:00,QQ_same_launch,62240,62244,1,14.9901063575133,14.9901063575133,0.007482966528418142,39.97346610051598,stranded,drift,2024-232D,2024-232H,False
2025-01-28 00:00:00+00:00,QQ_same_launch,62242,62243,1,14.159465555504386,14.159465555504386,0.007641660553788906,57.3055594309963,drift,stranded,2024-232F,2024-232G,False
2025-01-28 00:00:00+00:00,QQ_same_launch,62246,62249,1,12.52340270861327,12.52340270861327,0.006977180892531733,1.5212138453472872,drift,ascent,2024-232K,2024-232N,False
2025-01-29 00:00:00+00:00,QQ_diff_launch,60385,61560,24,5.49082746809779,9.603655631409538,14.128991933210726,86.80583417732271,drift,stranded,2024-140G,2024-185J,True
2025-01-29 00:00:00+00:00,QQ_diff_launch,60385,62253,1,19.749192490688806,19.749192490688806,11.663254149924274,88.44844210520314,drift,drift,2024-140G,2024-232S,False
2025-01-29 00:00:00+00:00,QQ_diff_launch,61558,62254,1,6.269931014031756,6.269931014031756,5.11358141252592,88.93080782175876,ascent,drift,2024-185G,2024-232T,False
2025-01-29 00:00:00+00:00,QQ_diff_launch,61559,62246,1,17.158319627406232,17.158319627406232,5.11117777292185,88.91002448974709,ascent,drift,2024-185H,2024-232K,False
2025-01-29 00:00:00+00:00,QQ_same_launch,60384,60396,1,16.78867694847099,16.78867694847099,0.01073392140156696,52.55176350129376,operational,operational,2024-140F,2024-140T,False
2025-01-29 00:00:00+00:00,QQ_same_launch,61558,61559,1,16.213123462591405,16.213123462591405,0.008303300933621987,75.75616528758911,ascent,ascent,2024-185G,2024-185H,False
2025-01-29 00:00:00+00:00,QQ_same_launch,61565,61566,1,12.746525642345818,12.746525642345818,0.006437544087066146,44.453512138013885,drift,ascent,2024-185P,2024-185Q,False
2025-01-29 00:00:00+00:00,QQ_same_launch,62246,62249,1,10.19803436734584,10.19803436734584,0.005691401770020545,68.436937930465,drift,drift,2024-232K,2024-232N,False
2025-01-29 00:00:00+00:00,QQ_same_launch,62247,62248,1,11.507572856302156,11.507572856302156,0.005996194508758712,20.946239409953368,drift,drift,2024-232L,2024-232M,False
2025-01-30 00:00:00+00:00,QQ_diff_launch,60385,61560,8,7.0049745737953035,12.264034345245225,14.117321731854897,86.66342368768045,drift,stranded,2024-140G,2024-185J,False
2025-01-30 00:00:00+00:00,QQ_diff_launch,61559,62247,1,8.684495613459964,8.684495613459964,5.106106434461775,88.91260084433249,ascent,drift,2024-185H,2024-232L,False
2025-01-30 00:00:00+00:00,QQ_diff_launch,61563,62246,1,16.309202448642743,16.309202448642743,5.114548493885778,88.89746672713022,drift,drift,2024-185M,2024-232K,False
2025-01-30 00:00:00+00:00,QQ_diff_launch,61564,62247,1,4.67383795163115,4.67383795163115,5.114220127076044,88.9284639636055,drift,drift,2024-185N,2024-232L,False
2025-01-30 00:00:00+00:00,QQ_diff_launch,61567,62238,1,11.166441129048346,11.166441129048346,5.105105476683037,88.92531591035572,drift,drift,2024-185R,2024-232B,False
2025-01-30 00:00:00+00:00,QQ_same_launch,61555,61566,1,10.69695949306442,10.69695949306442,0.006217342440704257,75.61365513807435,drift,drift,2024-185D,2024-185Q,False
2025-01-30 00:00:00+00:00,QQ_same_launch,61556,61567,1,18.389008719263494,18.389008719263494,0.014055953767594232,88.14785808450547,stranded,drift,2024-185E,2024-185R,False
2025-01-30 00:00:00+00:00,QQ_same_launch,62238,62244,1,11.634840704328719,11.634840704328719,0.006297187784301058,17.470681501415424,drift,drift,2024-232B,2024-232H,False
2025-01-30 00:00:00+00:00,QQ_same_launch,62240,62252,1,16.626032313557495,16.626032313557495,0.008633200538277763,52.90713266919575,stranded,drift,2024-232D,2024-232R,False
2025-01-30 00:00:00+00:00,QQ_same_launch,62247,62251,1,10.43701104510579,10.43701104510579,0.00565750436157394,60.01248719846124,drift,drift,2024-232L,2024-232Q,False
2025-01-30 00:00:00+00:00,QQ_same_launch,62249,62253,1,10.166733084819795,10.166733084819795,0.005728359725846179,55.75236923361736,drift,drift,2024-232N,2024-232S,False
2025-01-31 00:00:00+00:00,QQ_diff_launch,61556,62238,1,9.604895190689401,9.604895190689401,5.118119977817132,88.91256637066839,stranded,ascent,2024-185E,2024-232B,False
2025-01-31 00:00:00+00:00,QQ_diff_launch,61557,62239,1,4.537001876788255,4.537001876788255,5.128781229457602,88.91446914219817,stranded,drift,2024-185F,2024-232C,False
2025-01-31 00:00:00+00:00,QQ_diff_launch,61565,62242,1,13.23670566862794,13.23670566862794,5.115858021790372,88.90545351852333,drift,drift,2024-185P,2024-232F,False
2025-01-31 00:00:00+00:00,QQ_same_launch,60384,60386,1,8.993173743804647,8.993173743804647,0.029713991505905396,87.11566990285826,operational,operational,2024-140F,2024-140H,False
2025-01-31 00:00:00+00:00,QQ_same_launch,61552,61566,1,15.10038382212942,15.10038382212942,0.007497503837237535,24.276350870313895,stranded,drift,2024-185A,2024-185Q,False
2025-01-31 00:00:00+00:00,QQ_same_launch,61559,61564,1,5.82651183614857,5.82651183614857,0.007674689981541559,69.40786791751523,ascent,drift,2024-185H,2024-185N,False
2025-01-31 00:00:00+00:00,QQ_same_launch,62240,62251,1,15.96697210341302,15.96697210341302,0.008573676694425589,52.42924514265201,stranded,drift,2024-232D,2024-232Q,False
2025-01-31 00:00:00+00:00,QQ_same_launch,62241,62245,1,14.147092363886316,14.147092363886316,0.007743618200839446,77.00078977867582,drift,drift,2024-232E,2024-232J,False
2025-01-31 00:00:00+00:00,QQ_same_launch,62247,62252,1,10.12283128023059,10.12283128023059,0.006056793495155274,84.73935482324126,drift,drift,2024-232L,2024-232R,False
2025-02-01 00:00:00+00:00,QQ_same_launch,61565,61567,1,16.02582359313092,16.02582359313092,0.008980718330865802,40.57654269078736,ascent,ascent,2024-185P,2024-185R,False
2025-02-01 00:00:00+00:00,QQ_same_launch,62240,62248,1,14.714308486546098,14.714308486546098,0.0074224598637014725,41.575796994952775,stranded,drift,2024-232D,2024-232M,False
2025-02-01 00:00:00+00:00,QQ_same_launch,62242,62255,1,11.101812458989604,11.101812458989604,0.0063999256501233144,78.69310211991095,drift,drift,2024-232F,2024-232U,False
2025-02-01 00:00:00+00:00,QQ_same_launch,62243,62244,1,12.679209569840838,12.679209569840838,0.006837082119566425,46.5766905974302,stranded,drift,2024-232G,2024-232H,False
2025-02-02 00:00:00+00:00,QQ_same_launch,61556,61559,1,17.424857403297754,17.424857403297754,0.0073060409259457755,10.060707054587162,stranded,ascent,2024-185E,2024-185H,False
2025-02-02 00:00:00+00:00,QQ_same_launch,61557,61568,1,16.260764865529115,16.260764865529115,0.008509895754756558,17.749001696488847,stranded,stranded,2024-185F,2024-185S,False
2025-02-02 00:00:00+00:00,QQ_same_launch,62240,62254,1,14.731600934964185,14.731600934964185,0.00792711414981313,73.4655745373993,stranded,drift,2024-232D,2024-232T,False
2025-02-02 00:00:00+00:00,QQ_same_launch,62244,62247,1,11.787724106566182,11.787724106566182,0.006794487458088443,51.92083568476398,drift,drift,2024-232H,2024-232L,False
2025-02-03 00:00:00+00:00,QQ_diff_launch,61558,62252,1,15.253293494109496,15.253293494109496,5.1141628060496815,88.89807400521545,drift,drift,2024-185G,2024-232R,False
2025-02-03 00:00:00+00:00,QQ_same_launch,60382,60384,1,12.478618269907056,12.478618269907056,0.018073546781297297,71.9242546015929,operational,operational,2024-140D,2024-140F,False
2025-02-03 00:00:00+00:00,QQ_same_launch,61555,61567,1,17.196421552479045,17.196421552479045,0.008969959558792944,88.97111924843159,ascent,ascent,2024-185D,2024-185R,False
2025-02-03 00:00:00+00:00,QQ_same_launch,61556,61564,1,13.683787015080172,13.683787015080172,0.007699422985292795,34.2517741057625,stranded,ascent,2024-185E,2024-185N,False
2025-02-03 00:00:00+00:00,QQ_same_launch,62238,62242,1,16.006453322158226,16.006453322158226,0.00809459621182846,42.44624515886313,ascent,drift,2024-232B,2024-232F,False
2025-02-03 00:00:00+00:00,QQ_same_launch,62240,62246,1,15.093144601940843,15.093144601940843,0.008295413931720912,30.787641111746325,stranded,drift,2024-232D,2024-232K,False
2025-02-03 00:00:00+00:00,QQ_same_launch,62243,62252,1,13.329702316565431,13.329702316565431,0.006979484964369085,81.06492471154002,stranded,drift,2024-232G,2024-232R,False
2025-02-03 00:00:00+00:00,QQ_same_launch,62249,62253,1,4.061127568533015,4.061127568533015,0.0014313404506851289,11.571802387244722,ascent,drift,2024-232N,2024-232S,False
2025-02-04 00:00:00+00:00,QQ_diff_launch,61552,62245,1,18.520811291944675,18.520811291944675,5.1295004826469635,88.91446888442945,stranded,drift,2024-185A,2024-232J,False
2025-02-04 00:00:00+00:00,QQ_diff_launch,61552,62250,1,14.778300036102847,14.778300036102847,5.1255810919833795,88.93919226798762,stranded,drift,2024-185A,2024-232P,False
2025-02-04 00:00:00+00:00,QQ_diff_launch,61557,62242,1,1.2431113476082971,1.2431113476082971,5.128595964615405,88.9222823577604,stranded,drift,2024-185F,2024-232F,False
2025-02-04 00:00:00+00:00,QQ_diff_launch,61561,62241,1,12.72019605249019,12.72019605249019,5.1206868470339915,88.92029816393806,stranded,drift,2024-185K,2024-232E,False
2025-02-04 00:00:00+00:00,QQ_diff_launch,61563,62251,1,13.685484208686571,13.685484208686571,5.112623886294908,88.90616127407371,ascent,drift,2024-185M,2024-232Q,False
2025-02-04 00:00:00+00:00,QQ_same_launch,62240,62249,1,17.979993586193277,17.979993586193277,0.00949602461495756,61.697184578678225,stranded,drift,2024-232D,2024-232N,False
2025-02-04 00:00:00+00:00,QQ_same_launch,62240,62253,1,14.14374012022904,14.14374012022904,0.007863364275523702,69.24549902479205,stranded,drift,2024-232D,2024-232S,False
2025-02-04 00:00:00+00:00,QQ_same_launch,62243,62251,1,12.647492209123739,12.647492209123739,0.0067343308905620115,48.90112823552634,stranded,drift,2024-232G,2024-232Q,False
2025-02-04 00:00:00+00:00,QQ_same_launch,62245,62250,1,11.449627199324711,11.449627199324711,0.006006067958254244,10.626181593491802,drift,drift,2024-232J,2024-232P,False
2025-02-04 00:00:00+00:00,QQ_same_launch,62247,62255,1,18.683385269264534,18.683385269264534,0.010516780658692522,86.50095944159136,ascent,drift,2024-232L,2024-232U,False
2025-02-05 00:00:00+00:00,QQ_diff_launch,61553,62247,1,12.673245660347279,12.673245660347279,5.119787495569489,88.91384473360188,stranded,ascent,2024-185B,2024-232L,False
2025-02-05 00:00:00+00:00,QQ_diff_launch,61561,62241,1,4.555624605833539,4.555624605833539,5.132967942763029,88.91796807366573,stranded,drift,2024-185K,2024-232E,False
2025-02-05 00:00:00+00:00,QQ_diff_launch,61563,62252,1,14.089225824332061,14.089225824332061,5.112605474385432,88.93463731647273,ascent,ascent,2024-185M,2024-232R,False
2025-02-05 00:00:00+00:00,QQ_diff_launch,62246,62785,1,16.550376361731434,16.550376361731434,7.727031242022984,88.81515342458233,drift,drift,2024-232K,2025-016A,False
2025-02-05 00:00:00+00:00,QQ_diff_launch,62246,62802,1,17.83143582236636,17.83143582236636,7.7268776669418795,88.80133578246529,drift,drift,2024-232K,2025-016T,False
2025-02-05 00:00:00+00:00,QQ_diff_launch,62249,62789,1,19.9842476642965,19.9842476642965,7.728301943245113,88.81772295955058,drift,drift,2024-232N,2025-016E,False
2025-02-05 00:00:00+00:00,QQ_same_launch,61552,61565,1,10.67944906545962,10.67944906545962,0.011294947460475616,53.39190502183002,stranded,drift,2024-185A,2024-185P,False
2025-02-05 00:00:00+00:00,QQ_same_launch,62243,62248,1,12.163259990352785,12.163259990352785,0.006678257863403262,62.674542960411095,stranded,ascent,2024-232G,2024-232M,False
2025-02-05 00:00:00+00:00,QQ_same_launch,62790,62791,15,18.25753156311813,18.844439593136414,0.01952138865410664,75.13646516420265,ascent,drift,2025-016F,2025-016G,True
2025-02-05 00:00:00+00:00,QQ_same_launch,62792,62793,13,18.327593786046172,19.123091922273655,0.019977993699491135,27.687145085704902,drift,ascent,2025-016H,2025-016J,False
2025-02-05 00:00:00+00:00,QQ_same_launch,62793,62794,15,4.206059247168334,4.308439832842672,0.004506150561290104,2.4786775380168935,ascent,drift,2025-016J,2025-016K,True
2025-02-05 00:00:00+00:00,QQ_same_launch,62793,62795,15,8.103241648336974,8.326430931452784,0.008643885399384555,36.76485182242035,ascent,ascent,2025-016J,2025-016L,True
2025-02-05 00:00:00+00:00,QQ_same_launch,62794,62795,15,3.8073116803621545,3.9264589892509836,0.00411982792218546,18.01584223015115,drift,ascent,2025-016K,2025-016L,True
2025-02-05 00:00:00+00:00,QQ_same_launch,62801,62802,15,9.340668288708056,9.674261294421381,0.01007442647166436,30.195556973051968,drift,drift,2025-016S,2025-016T,True
2025-02-06 00:00:00+00:00,QQ_diff_launch,62253,62790,1,17.677738945091875,17.677738945091875,7.72707158150574,88.83268533528255,ascent,ascent,2024-232S,2025-016F,False
2025-02-06 00:00:00+00:00,QQ_same_launch,61558,61563,1,12.462201806705572,12.462201806705572,0.006665935372974769,68.99003139078765,drift,ascent,2024-185G,2024-185M,False
2025-02-06 00:00:00+00:00,QQ_same_launch,62241,62242,1,19.369431177653745,19.369431177653745,0.009595810207470797,20.450477063602968,drift,drift,2024-232E,2024-232F,False
2025-02-06 00:00:00+00:00,QQ_same_launch,62790,62791,8,19.440491792746638,19.707568520225422,0.020411963025979474,75.72635024347878,ascent,drift,2025-016F,2025-016G,False
2025-02-06 00:00:00+00:00,QQ_same_launch,62793,62794,16,4.418648175024752,4.500206896985871,0.004705695115392207,5.585155790642787,ascent,drift,2025-016J,2025-016K,True
2025-02-06 00:00:00+00:00,QQ_same_launch,62793,62795,15,8.53942632680354,8.742229509737234,0.009072905190919906,39.80441186213079,ascent,ascent,2025-016J,2025-016L,True
2025-02-06 00:00:00+00:00,QQ_same_launch,62794,62795,15,4.043664484335581,4.158928356830348,0.0043600139707697045,21.469388799910373,drift,ascent,2025-016K,2025-016L,True
2025-02-06 00:00:00+00:00,QQ_same_launch,62801,62802,16,10.052273706783476,10.356859261586806,0.010782845914433513,29.113238379360332,drift,drift,2025-016S,2025-016T,True
2025-02-07 00:00:00+00:00,QQ_diff_launch,60385,62241,3,12.264102398379357,14.209900139214293,11.659329841435673,88.36651239904472,drift,drift,2024-140G,2024-232E,False
2025-02-07 00:00:00+00:00,QQ_diff_launch,61554,62239,2,1.0971848763653544,9.239465541255255,5.116442339994018,88.91521431280884,stranded,ascent,2024-185C,2024-232C,False
2025-02-07 00:00:00+00:00,QQ_same_launch,61557,61558,1,18.024146261491776,18.024146261491776,0.008432352608438408,21.66707827069364,stranded,drift,2024-185F,2024-185G,False
2025-02-07 00:00:00+00:00,QQ_same_launch,61557,61561,1,14.322427110120984,14.322427110120984,0.01033048880367221,78.28875996654932,stranded,stranded,2024-185F,2024-185K,False
2025-02-07 00:00:00+00:00,QQ_same_launch,62243,62254,1,13.269414682805605,13.269414682805605,0.006915135417029587,4.770252359239396,stranded,ascent,2024-232G,2024-232T,False
2025-02-07 00:00:00+00:00,QQ_same_launch,62244,62255,1,11.137311766036454,11.137311766036454,0.0042076353670317855,22.18089417375233,ascent,ascent,2024-232H,2024-232U,False
2025-02-07 00:00:00+00:00,QQ_same_launch,62246,62249,1,8.550044060569393,8.550044060569393,0.00434355220893768,21.706749115104824,ascent,ascent,2024-232K,2024-232N,False
2025-02-08 00:00:00+00:00,QQ_diff_launch,60385,61557,2,16.403835993555923,16.947067838463692,14.124509501227536,86.66583082124646,drift,stranded,2024-140G,2024-185F,False
2025-02-08 00:00:00+00:00,QQ_diff_launch,60385,62255,1,18.42091111443443,18.42091111443443,11.653048011427197,88.43830947223921,drift,ascent,2024-140G,2024-232U,False
2025-02-08 00:00:00+00:00,QQ_diff_launch,61557,62241,1,14.527201302722464,14.527201302722464,5.1359301951146525,88.92187949418954,stranded,drift,2024-185F,2024-232E,False
2025-02-08 00:00:00+00:00,QQ_diff_launch,61558,62244,2,10.178711000699158,13.478145422062745,5.117186247519743,88.9210563532289,ascent,ascent,2024-185G,2024-232H,False
2025-02-08 00:00:00+00:00,QQ_same_launch,62249,62254,1,16.070184231080116,16.070184231080116,0.008637285732346437,40.76199495093045,ascent,ascent,2024-232N,2024-232T,False
2025-02-08 00:00:00+00:00,QQ_same_launch,62252,62255,1,17.409418613356937,17.409418613356937,0.00909580293019396,83.57855894197515,ascent,ascent,2024-232R,2024-232U,False
2025-02-08 00:00:00+00:00,QQ_same_launch,62785,62795,1,1.5409812350439742,1.5409812350439742,0.0024536383373950253,65.43084841229434,ascent,drift,2025-016A,2025-016L,False
2025-02-08 00:00:00+00:00,QQ_same_launch,62786,62790,1,5.530096935904142,5.530096935904142,0.003934370151650644,39.83727396819406,ascent,drift,2025-016B,2025-016F,False
2025-02-08 00:00:00+00:00,QQ_same_launch,62788,62793,6,1.4076908080602186,5.76437786128135,0.006779050273746147,3.574823626357822,ascent,drift,2025-016D,2025-016J,False
2025-02-08 00:00:00+00:00,QQ_same_launch,62788,62802,3,1.9362515524245658,5.004653957396108,0.005101766347752083,26.63073745600287,ascent,drift,2025-016D,2025-016T,False
2025-02-08 00:00:00+00:00,QQ_same_launch,62789,62802,3,0.2805551335443579,4.097231620858488,0.003168463093232125,27.663165381055137,ascent,drift,2025-016E,2025-016T,False
2025-02-08 00:00:00+00:00,QQ_same_launch,62791,62802,1,6.453820363259375,6.453820363259375,0.010032959069621991,42.08602962906986,drift,drift,2025-016G,2025-016T,False
2025-02-08 00:00:00+00:00,QQ_same_launch,62793,62794,1,19.37933513302891,19.37933513302891,0.021538460887665475,66.16668977072295,drift,drift,2025-016J,2025-016K,False
2025-02-08 00:00:00+00:00,QQ_same_launch,62793,62802,4,1.4735940475526412,6.928060798548529,0.008891241395192675,43.938592046732325,drift,drift,2025-016J,2025-016T,False
2025-02-08 00:00:00+00:00,QQ_same_launch,62794,62802,4,1.342230299682424,7.454546158178475,0.009188944826083597,26.24762507357412,drift,drift,2025-016K,2025-016T,False
2025-02-09 00:00:00+00:00,QQ_diff_launch,61552,62246,2,12.602963718842435,16.226105441679657,5.133145398816469,88.93171000650884,stranded,ascent,2024-185A,2024-232K,False
2025-02-09 00:00:00+00:00,QQ_diff_launch,61557,62255,1,13.019653472967573,13.019653472967573,5.120344597118926,88.92341964112,stranded,ascent,2024-185F,2024-232U,False
2025-02-09 00:00:00+00:00,QQ_diff_launch,62240,62800,2,9.3247120561993,10.25751993710135,7.721149432358221,88.8181250213524,stranded,drift,2024-232D,2025-016R,False
2025-02-09 00:00:00+00:00,QQ_diff_launch,62240,62801,2,8.8713874609451,12.86934809384885,7.720804343654912,88.81043732366116,stranded,drift,2024-232D,2025-016S,False
2025-02-09 00:00:00+00:00,QQ_diff_launch,62240,62802,2,6.430789671519127,6.558420049999974,7.72087872268704,88.81071039080699,stranded,drift,2024-232D,2025-016T,False
2025-02-09 00:00:00+00:00,QQ_same_launch,61557,61560,1,14.129477196122112,14.129477196122112,0.009892670848840282,84.35647841021252,stranded,stranded,2024-185F,2024-185J,False
2025-02-09 00:00:00+00:00,QQ_same_launch,61559,61565,1,8.941327981053782,8.941327981053782,0.005640920931156158,34.18060537514134,ascent,ascent,2024-185H,2024-185P,False
2025-02-09 00:00:00+00:00,QQ_same_launch,62239,62245,1,9.034262124453123,9.034262124453123,0.004765437242600503,47.22212418612394,ascent,ascent,2024-232C,2024-232J,False
2025-02-09 00:00:00+00:00,QQ_same_launch,62241,62255,1,14.418737517001285,14.418737517001285,0.006650427534059799,9.482276108572398,drift,ascent,2024-232E,2024-232U,False
2025-02-09 00:00:00+00:00,QQ_same_launch,62791,62795,1,1.1637893775482386,1.1637893775482386,0.0006824585241814411,8.34999073486072,drift,drift,2025-016G,2025-016L,False
2025-02-09 00:00:00+00:00,QQ_same_launch,62792,62793,3,2.2848575561184976,7.686210175183051,0.008616001305470234,60.92612323136945,drift,drift,2025-016H,2025-016J,False
2025-02-09 00:00:00+00:00,QQ_same_launch,62792,62794,10,0.7153885082135852,5.965969277408329,0.007029930135030992,11.525609474328489,drift,drift,2025-016H,2025-016K,False
2025-02-09 00:00:00+00:00,QQ_same_launch,62800,62802,1,0.9444934488702001,0.9444934488702001,0.0006821729764666516,82.05593528921467,drift,drift,2025-016R,2025-016T,False
2025-02-10 00:00:00+00:00,QQ_diff_launch,62240,62796,2,7.532888456657958,12.841150853462757,7.709260652606971,88.83086627665224,stranded,drift,2024-232D,2025-016M,False
2025-02-10 00:00:00+00:00,QQ_diff_launch,62240,62797,4,6.303205427356296,15.22148898871099,7.720812310097783,88.82303990250095,stranded,drift,2024-232D,2025-016N,False
2025-02-10 00:00:00+00:00,QQ_diff_launch,62240,62798,3,3.3396623773766176,13.195962973951506,7.732281264039765,88.81140546857301,stranded,drift,2024-232D,2025-016P,False
2025-02-10 00:00:00+00:00,QQ_diff_launch,62240,62799,2,0.9220192473709417,3.9331526640451795,7.720897316982489,88.81949584703976,stranded,drift,2024-232D,2025-016Q,False
2025-02-10 00:00:00+00:00,QQ_diff_launch,62240,62800,1,11.933025242909109,11.933025242909109,7.7322624556414485,88.84235217611055,stranded,drift,2024-232D,2025-016R,False
2025-02-10 00:00:00+00:00,QQ_same_launch,61559,61565,1,7.046106919779335,7.046106919779335,0.0029898151076419395,11.414984217357414,ascent,ascent,2024-185H,2024-185P,False
2025-02-10 00:00:00+00:00,QQ_same_launch,62242,62244,1,15.49187424167135,15.49187424167135,0.008113346672258296,76.51900536173937,ascent,ascent,2024-232F,2024-232H,False
2025-02-10 00:00:00+00:00,QQ_same_launch,62248,62255,1,18.04521818329752,18.04521818329752,0.009553225811656291,74.2276652796526,ascent,ascent,2024-232M,2024-232U,False
2025-02-10 00:00:00+00:00,QQ_same_launch,62791,62795,11,0.0523868072049966,8.21569885369998,0.00860743963363734,32.5493688108376,drift,drift,2025-016G,2025-016L,False
2025-02-10 00:00:00+00:00,QQ_same_launch,62792,62793,1,3.678093623516993,3.678093623516993,0.0037222200616923123,62.15013013031813,drift,drift,2025-016H,2025-016J,False
2025-02-11 00:00:00+00:00,QQ_diff_launch,61552,62246,3,4.558269705455979,14.463709636981331,5.125873916251764,88.92639301047403,stranded,ascent,2024-185A,2024-232K,False
2025-02-11 00:00:00+00:00,QQ_diff_launch,61554,62242,1,13.935771801728027,13.935771801728027,5.117417096170369,88.90817977150388,stranded,ascent,2024-185C,2024-232F,False
2025-02-11 00:00:00+00:00,QQ_diff_launch,61565,62238,2,14.51555316244535,17.103384523690217,5.104407134218347,88.93005978178229,ascent,ascent,2024-185P,2024-232B,False
2025-02-11 00:00:00+00:00,QQ_diff_launch,62240,62791,4,8.90629054805239,13.412782870983584,7.720857339427017,88.81906872395288,stranded,drift,2024-232D,2025-016G,False
2025-02-11 00:00:00+00:00,QQ_diff_launch,62240,62794,1,18.691669757088288,18.691669757088288,7.709450083315152,88.77300944377835,stranded,drift,2024-232D,2025-016K,False
2025-02-11 00:00:00+00:00,QQ_diff_launch,62240,62795,4,10.384298368587713,12.888330172390607,7.7208049169151245,88.81744654068235,stranded,drift,2024-232D,2025-016L,False
2025-02-11 00:00:00+00:00,QQ_diff_launch,62240,62796,1,10.447084898253529,10.447084898253529,7.732422305253166,88.83559365353528,stranded,drift,2024-232D,2025-016M,False
2025-02-11 00:00:00+00:00,QQ_same_launch,62247,62250,1,19.66394083910987,19.66394083910987,0.01011701139201918,10.952827850216606,ascent,ascent,2024-232L,2024-232P,False
2025-02-11 00:00:00+00:00,QQ_same_launch,62251,62252,1,6.052213923700412,6.052213923700412,0.0032409833830605752,58.27834062105017,ascent,ascent,2024-232Q,2024-232R,False
2025-02-11 00:00:00+00:00,QQ_same_launch,62791,62795,9,3.962593093074295,10.123314802906334,0.010580734970667104,85.51236959408382,drift,drift,2025-016G,2025-016L,False
2025-02-12 00:00:00+00:00,QQ_diff_launch,61559,62238,1,15.838935276489108,15.838935276489108,5.0931845315960285,88.90830712973171,ascent,ascent,2024-185H,2024-232B,False
2025-02-12 00:00:00+00:00,QQ_diff_launch,61559,62244,1,19.413018569361473,19.413018569361473,5.1034821135395925,88.91939935510591,ascent,ascent,2024-185H,2024-232H,False
2025-02-12 00:00:00+00:00,QQ_diff_launch,62240,62792,5,4.127326351987831,15.06611662864915,7.709508915723029,88.81935355260197,stranded,drift,2024-232D,2025-016H,False
2025-02-12 00:00:00+00:00,QQ_diff_launch,62240,62793,2,8.172608362696757,9.562099563407038,7.709441389908949,88.82237195207306,stranded,drift,2024-232D,2025-016J,False
2025-02-12 00:00:00+00:00,QQ_diff_launch,62240,62794,2,3.778584235691354,6.2020696971242035,7.72078518350532,88.82038240689289,stranded,drift,2024-232D,2025-016K,False
2025-02-12 00:00:00+00:00,QQ_same_launch,61555,61559,1,6.032942394903127,6.032942394903127,0.002837704106239211,18.688660716300934,ascent,ascent,2024-185D,2024-185H,False
2025-02-12 00:00:00+00:00,QQ_same_launch,62242,62251,1,17.180218628491126,17.180218628491126,0.008380894625077812,53.672759991318024,ascent,ascent,2024-232F,2024-232Q,False
2025-02-12 00:00:00+00:00,QQ_same_launch,62242,62252,1,13.022631485885965,13.022631485885965,0.00706873136207963,87.0254179546747,ascent,ascent,2024-232F,2024-232R,False
2025-02-13 00:00:00+00:00,QQ_diff_launch,61554,62791,1,9.540324218712533,9.540324218712533,2.8624402099956723,88.95904699830933,stranded,drift,2024-185C,2025-016G,False
2025-02-13 00:00:00+00:00,QQ_diff_launch,61554,62801,1,10.500262302677205,10.500262302677205,2.8626665026634597,88.95844710256934,stranded,drift,2024-185C,2025-016S,False
2025-02-13 00:00:00+00:00,QQ_diff_launch,61563,62239,1,14.47959409367257,14.47959409367257,5.105451899130766,88.90245567951625,ascent,ascent,2024-185M,2024-232C,False
2025-02-13 00:00:00+00:00,QQ_diff_launch,62240,62793,2,10.24552824011584,12.716078720789184,7.732090961847062,88.82726749168098,stranded,drift,2024-232D,2025-016J,False
2025-02-13 00:00:00+00:00,QQ_same_launch,62244,62245,1,18.42662559092207,18.42662559092207,0.009445194787880614,62.803085170900026,ascent,ascent,2024-232H,2024-232J,False
2025-02-13 00:00:00+00:00,QQ_same_launch,62246,62254,1,4.958215294169847,4.958215294169847,0.002678776714603651,66.54958105541965,ascent,ascent,2024-232K,2024-232T,False
2025-02-13 00:00:00+00:00,QQ_same_launch,62248,62249,1,7.849524909327563,7.849524909327563,0.003495126530389064,22.430819162253684,ascent,ascent,2024-232M,2024-232N,False
2025-02-13 00:00:00+00:00,QQ_same_launch,62250,62253,1,9.512425076906192,9.512425076906192,0.004645848734265325,49.95807613671226,ascent,ascent,2024-232P,2024-232S,False
2025-02-13 00:00:00+00:00,QQ_same_launch,62791,62795,1,0.9949371188476254,0.9949371188476254,0.0005595599075298584,50.06705457654404,drift,drift,2025-016G,2025-016L,False
2025-02-14 00:00:00+00:00,QQ_diff_launch,61552,62255,2,11.399385258143912,12.582756452518275,5.135931196947633,88.9274772948834,stranded,ascent,2024-185A,2024-232U,False
2025-02-14 00:00:00+00:00,QQ_diff_launch,61558,62248,1,17.63297438778962,17.63297438778962,5.117148865136165,88.91705827864456,ascent,ascent,2024-185G,2024-232M,False
2025-02-14 00:00:00+00:00,QQ_diff_launch,62240,62790,5,8.390349219204328,12.143934312511403,7.7096814240263924,88.80669399498831,stranded,drift,2024-232D,2025-016F,False
2025-02-14 00:00:00+00:00,QQ_same_launch,61559,61563,1,19.110835802143402,19.110835802143402,0.01012130731601352,6.3980656486319125,ascent,ascent,2024-185H,2024-185M,False
2025-02-14 00:00:00+00:00,QQ_same_launch,62246,62247,1,19.78866044547728,19.78866044547728,0.011381883417720598,43.350205202240055,ascent,ascent,2024-232K,2024-232L,False
2025-02-14 00:00:00+00:00,QQ_same_launch,62791,62794,1,0.7298440452544456,0.7298440452544456,0.00035238194681723873,28.20447122325358,drift,drift,2025-016G,2025-016K,False
2025-02-15 00:00:00+00:00,QQ_diff_launch,61552,62253,2,15.132694764366716,15.573088354522039,5.129207000502844,88.93069845974023,stranded,ascent,2024-185A,2024-232S,False
2025-02-15 00:00:00+00:00,QQ_diff_launch,61564,62251,1,7.492246630661843,7.492246630661843,5.116173029193546,88.9167659400414,ascent,ascent,2024-185N,2024-232Q,False
2025-02-15 00:00:00+00:00,QQ_diff_launch,62240,62788,3,8.62093949035339,13.650941717057858,7.709628759055697,88.8174290931542,stranded,drift,2024-232D,2025-016D,False
2025-02-15 00:00:00+00:00,QQ_same_launch,61555,61563,1,15.86823781038555,15.86823781038555,0.009698757291537288,67.22014235780522,ascent,ascent,2024-185D,2024-185M,False
2025-02-15 00:00:00+00:00,QQ_same_launch,62242,62249,1,19.699180321887518,19.699180321887518,0.011400335676221122,67.44934103690737,ascent,ascent,2024-232F,2024-232N,False
2025-02-15 00:00:00+00:00,QQ_same_launch,62245,62252,1,16.329511423961204,16.329511423961204,0.008064373332020057,24.233124627907113,ascent,ascent,2024-232J,2024-232R,False
2025-02-15 00:00:00+00:00,QQ_same_launch,62253,62255,1,19.72317102504706,19.72317102504706,0.008313446341239325,19.96582524295894,ascent,ascent,2024-232S,2024-232U,False
2025-02-16 00:00:00+00:00,QQ_diff_launch,61564,62251,2,4.800215150327073,5.378031346168358,5.1099966410550675,88.9175649150452,ascent,ascent,2024-185N,2024-232Q,False
2025-02-16 00:00:00+00:00,QQ_diff_launch,62240,62788,3,12.62015662205641,13.812663443296769,7.732041339717101,88.82890623054026,stranded,drift,2024-232D,2025-016D,False
2025-02-16 00:00:00+00:00,QQ_diff_launch,62255,62786,1,19.688256599095613,19.688256599095613,7.699122328817128,88.83180835472565,ascent,drift,2024-232U,2025-016B,False
2025-02-16 00:00:00+00:00,QQ_same_launch,61555,61563,1,14.022998873762852,14.022998873762852,0.009139685080720132,82.52207457683014,ascent,drift,2024-185D,2024-185M,False
2025-02-16 00:00:00+00:00,QQ_same_launch,61563,61565,1,13.63843285639247,13.63843285639247,0.01038200714966826,80.7342045666676,drift,drift,2024-185M,2024-185P,False
2025-02-16 00:00:00+00:00,QQ_same_launch,62242,62249,1,17.540274020600542,17.540274020600542,0.009510006127138098,2.673534106151108,ascent,ascent,2024-232F,2024-232N,False
2025-02-16 00:00:00+00:00,QQ_same_launch,62799,62800,4,0.8206693046578091,2.4535819314598553,0.002519268466060556,44.4783468566242,drift,drift,2025-016Q,2025-016R,False
2025-02-17 00:00:00+00:00,QQ_diff_launch,61561,62243,1,13.85471082274014,13.85471082274014,5.1186475567423715,88.90130816008342,stranded,stranded,2024-185K,2024-232G,False
2025-02-17 00:00:00+00:00,QQ_diff_launch,61563,62244,2,9.773697217659347,14.084500219480672,5.103057111478151,88.9218921095499,drift,ascent,2024-185M,2024-232H,False
2025-02-17 00:00:00+00:00,QQ_diff_launch,61564,62251,3,5.486701062585959,9.980868530450925,5.102913606287557,88.91163235662374,ascent,ascent,2024-185N,2024-232Q,False
2025-02-17 00:00:00+00:00,QQ_diff_launch,62240,62789,3,11.309748614573635,14.118419777893003,7.709901697996064,88.821670777793,stranded,drift,2024-232D,2025-016E,False
2025-02-17 00:00:00+00:00,QQ_same_launch,61554,61568,1,13.49680357569583,13.49680357569583,0.004403665024451383,24.09917090402986,stranded,stranded,2024-185C,2024-185S,False
2025-02-17 00:00:00+00:00,QQ_same_launch,62239,62244,1,12.538256760566112,12.538256760566112,0.006870427184996713,53.92838971665801,ascent,ascent,2024-232C,2024-232H,False
2025-02-17 00:00:00+00:00,QQ_same_launch,62242,62248,1,11.826493029792145,11.826493029792145,0.005850479029733744,44.63467048238848,ascent,ascent,2024-232F,2024-232M,False
2025-02-17 00:00:00+00:00,QQ_same_launch,62247,62248,1,16.425470609982597,16.425470609982597,0.008336115847324367,18.694125292634354,ascent,ascent,2024-232L,2024-232M,False
2025-02-17 00:00:00+00:00,QQ_same_launch,62799,62800,5,3.5181109931374324,8.393957223451787,0.008762936517642187,71.16470945896896,drift,drift,2025-016Q,2025-016R,False
2025-02-18 00:00:00+00:00,QQ_diff_launch,60385,62243,1,19.54996765378551,19.54996765378551,11.641600951698072,88.3208003124757,drift,stranded,2024-140G,2024-232G,False
2025-02-18 00:00:00+00:00,QQ_diff_launch,61564,62239,2,16.686042910076775,17.787729550704007,5.108654279387037,88.8988355559142,ascent,ascent,2024-185N,2024-232C,False
2025-02-18 00:00:00+00:00,QQ_diff_launch,62240,62789,3,14.503973388451369,15.700468544840808,7.732037731577033,88.82627729841066,stranded,drift,2024-232D,2025-016E,False
2025-02-18 00:00:00+00:00,QQ_same_launch,61553,61558,1,18.739389789657988,18.739389789657988,0.02270716770115276,82.04870233795054,stranded,drift,2024-185B,2024-185G,False
2025-02-18 00:00:00+00:00,QQ_same_launch,62245,62249,1,18.123038844274763,18.123038844274763,0.009547743281164636,44.79561502041629,ascent,ascent,2024-232J,2024-232N,False
2025-02-18 00:00:00+00:00,QQ_same_launch,62250,62254,1,8.812950542716987,8.812950542716987,0.004635998201063559,18.649527196579253,ascent,ascent,2024-232P,2024-232T,False
2025-02-19 00:00:00+00:00,QQ_diff_launch,61560,62243,1,14.087041483316515,14.087041483316515,5.119287372708036,88.93820497877124,stranded,stranded,2024-185J,2024-232G,False
2025-02-19 00:00:00+00:00,QQ_diff_launch,61568,62785,1,2.867128308955183,2.867128308955183,2.877018422986815,88.96669110395558,stranded,drift,2024-185S,2025-016A,False
2025-02-19 00:00:00+00:00,QQ_same_launch,61564,61565,1,15.052791628307546,15.052791628307546,0.008284227268500198,3.9238134405650182,ascent,drift,2024-185N,2024-185P,False
2025-02-19 00:00:00+00:00,QQ_same_launch,62247,62249,1,11.140849636014869,11.140849636014869,0.004947915316147967,14.816956957945374,ascent,ascent,2024-232L,2024-232N,False
2025-02-19 00:00:00+00:00,QQ_same_launch,62791,62792,1,0.6452317698626284,0.6452317698626284,0.00044417664898720177,8.445439501340571,drift,drift,2025-016G,2025-016H,False
2025-02-20 00:00:00+00:00,QQ_diff_launch,61560,62243,1,16.077559747661684,16.077559747661684,5.129129440069214,88.91287611309806,stranded,stranded,2024-185J,2024-232G,False
2025-02-20 00:00:00+00:00,QQ_diff_launch,61567,62246,1,8.167385528483301,8.167385528483301,5.097426438992472,88.92362394836954,stranded,ascent,2024-185R,2024-232K,False
2025-02-20 00:00:00+00:00,QQ_same_launch,61555,61564,1,13.200507762489107,13.200507762489107,0.007999909894213007,86.76153951629946,drift,drift,2024-185D,2024-185N,False
2025-02-20 00:00:00+00:00,QQ_same_launch,61564,61566,1,8.104946100154116,8.104946100154116,0.004353369808930316,66.19109100772634,drift,drift,2024-185N,2024-185Q,False
2025-02-21 00:00:00+00:00,QQ_diff_launch,61564,62239,1,3.5260710216367217,3.5260710216367217,5.098684093050948,88.91722134018823,drift,ascent,2024-185N,2024-232C,False
2025-02-21 00:00:00+00:00,QQ_same_launch,62245,62248,1,12.493641483971672,12.493641483971672,0.006549449143893931,7.6550843272158176,ascent,ascent,2024-232J,2024-232M,False
2025-02-22 00:00:00+00:00,QQ_diff_launch,61558,62785,1,15.120893026198011,15.120893026198011,2.846438941871464,88.96188608983061,drift,ascent,2024-185G,2025-016A,False
2025-02-22 00:00:00+00:00,QQ_diff_launch,61568,62240,1,5.414965000463426,5.414965000463426,5.118450286451319,88.92670301249743,stranded,stranded,2024-185S,2024-232D,False
2025-02-22 00:00:00+00:00,QQ_diff_launch,62240,62790,1,9.747052848874294,9.747052848874294,7.729527478729378,88.82045475582223,stranded,ascent,2024-232D,2025-016F,False
2025-02-22 00:00:00+00:00,QQ_same_launch,61553,61555,1,18.3872626804083,18.3872626804083,0.015078107003704593,80.26140240881648,stranded,drift,2024-185B,2024-185D,False
2025-02-22 00:00:00+00:00,QQ_same_launch,62247,62252,1,11.957093517658699,11.957093517658699,0.006680745960956701,34.425764842415596,ascent,ascent,2024-232L,2024-232R,False
2025-02-22 00:00:00+00:00,QQ_same_launch,62789,62790,1,7.904483219609616,7.904483219609616,0.004169818510122332,73.75162922135652,ascent,ascent,2025-016E,2025-016F,False
2025-02-22 00:00:00+00:00,QQ_same_launch,62791,62793,1,1.5802965573034193,1.5802965573034193,0.0007284296468757754,86.76431267599824,ascent,ascent,2025-016G,2025-016J,False
2025-02-22 00:00:00+00:00,QQ_same_launch,62792,62794,1,4.1815787104716655,4.1815787104716655,0.0020346593718153245,51.058812738607244,ascent,ascent,2025-016H,2025-016K,False
2025-02-22 00:00:00+00:00,QQ_same_launch,62796,62798,3,3.570656200884278,4.239335687418032,0.005907143638354512,66.48103131195198,ascent,ascent,2025-016M,2025-016P,False
2025-02-22 00:00:00+00:00,QQ_same_launch,62796,62802,1,10.534539068778185,10.534539068778185,0.005899275295258379,66.36300048824857,ascent,ascent,2025-016M,2025-016T,False
2025-02-22 00:00:00+00:00,QQ_same_launch,62797,62802,1,14.412657011106,14.412657011106,0.0070149191840684615,77.40788842848352,drift,ascent,2025-016N,2025-016T,False
2025-02-22 00:00:00+00:00,QQ_same_launch,62798,62802,1,7.1656764880003125,7.1656764880003125,0.003433286051738128,83.82132816503712,ascent,ascent,2025-016P,2025-016T,False
2025-02-22 00:00:00+00:00,QQ_same_launch,62799,62800,1,2.4385128558823963,2.4385128558823963,0.0013777363331678176,80.522911566342,ascent,ascent,2025-016Q,2025-016R,False
2025-02-23 00:00:00+00:00,QQ_diff_launch,60385,62785,1,14.690877019179739,14.690877019179739,14.767745806025976,81.9715137099817,drift,ascent,2024-140G,2025-016A,False
2025-02-23 00:00:00+00:00,QQ_diff_launch,61558,62785,1,7.669229279068354,7.669229279068354,2.845491780764291,88.9724423662775,drift,ascent,2024-185G,2025-016A,False
2025-02-23 00:00:00+00:00,QQ_diff_launch,61568,62792,1,16.796242294013826,16.796242294013826,2.8782078434756033,88.95538785837464,stranded,ascent,2024-185S,2025-016H,False
2025-02-23 00:00:00+00:00,QQ_same_launch,61554,61560,1,15.75759587811619,15.75759587811619,0.0068956852664666555,28.50660517362789,stranded,stranded,2024-185C,2024-185J,False
2025-02-23 00:00:00+00:00,QQ_same_launch,62242,62246,1,14.768623904682409,14.768623904682409,0.007607014842680307,11.80879056498917,ascent,ascent,2024-232F,2024-232K,False
2025-02-23 00:00:00+00:00,QQ_same_launch,62786,62787,1,5.864186019574523,5.864186019574523,0.003504438476507985,55.37929085973787,ascent,ascent,2025-016B,2025-016C,False
2025-02-23 00:00:00+00:00,QQ_same_launch,62789,62793,1,6.80253367280222,6.80253367280222,0.003723044098988896,21.09917249185397,ascent,ascent,2025-016E,2025-016J,False
2025-02-23 00:00:00+00:00,QQ_same_launch,62792,62798,1,6.0566124796836665,6.0566124796836665,0.002082899977071776,19.01897667188084,ascent,ascent,2025-016H,2025-016P,False
2025-02-23 00:00:00+00:00,QQ_same_launch,62792,62802,1,13.425443757425958,13.425443757425958,0.007723882811846218,49.810583117377476,ascent,ascent,2025-016H,2025-016T,False
2025-02-23 00:00:00+00:00,QQ_same_launch,62794,62795,1,2.344669809176535,2.344669809176535,0.0010915614548600804,72.18973808781506,ascent,ascent,2025-016K,2025-016L,False
2025-02-23 00:00:00+00:00,QQ_same_launch,62794,62802,1,12.310427641233147,12.310427641233147,0.007115453145297443,18.086740333146928,ascent,ascent,2025-016K,2025-016T,False
2025-02-23 00:00:00+00:00,QQ_same_launch,62796,62802,1,9.926831759652098,9.926831759652098,0.005337929557046147,66.80458516812105,ascent,ascent,2025-016M,2025-016T,False
2025-02-23 00:00:00+00:00,QQ_same_launch,62797,62800,1,5.004982386146525,5.004982386146525,0.002562328144496846,30.89518253083824,drift,ascent,2025-016N,2025-016R,False
2025-02-23 00:00:00+00:00,QQ_same_launch,62797,62801,1,11.23742457326683,11.23742457326683,0.005582535475495471,39.39350714982716,drift,ascent,2025-016N,2025-016S,False
2025-02-23 00:00:00+00:00,QQ_same_launch,62798,62802,1,4.04918736443604,4.04918736443604,0.002161101797609052,33.18013491390625,ascent,ascent,2025-016P,2025-016T,False
2025-02-23 00:00:00+00:00,QQ_same_launch,62800,62801,1,6.942977981943247,6.942977981943247,0.0037854759005128227,31.876721607327564,ascent,ascent,2025-016R,2025-016S,False
2025-02-24 00:00:00+00:00,QQ_diff_launch,60385,62786,1,12.845063307629946,12.845063307629946,14.769085073137441,81.9618818681211,drift,ascent,2024-140G,2025-016B,False
2025-02-24 00:00:00+00:00,QQ_diff_launch,60385,62787,1,17.010930050764774,17.010930050764774,14.767541898357582,82.27511404531396,drift,ascent,2024-140G,2025-016C,False
2025-02-24 00:00:00+00:00,QQ_diff_launch,61552,62791,1,18.955147726062044,18.955147726062044,2.8287595184048264,88.96035943716502,stranded,ascent,2024-185A,2025-016G,False
2025-02-24 00:00:00+00:00,QQ_diff_launch,61552,62794,1,18.16737226788896,18.16737226788896,2.8289271420460302,88.96668781699486,stranded,ascent,2024-185A,2025-016K,False
2025-02-24 00:00:00+00:00,QQ_diff_launch,61555,62253,2,3.762610300917365,11.637908324947876,5.105876908277269,88.91825316049787,drift,ascent,2024-185D,2024-232S,False
2025-02-24 00:00:00+00:00,QQ_same_launch,61559,61567,1,15.491762431107945,15.491762431107945,0.007611319798134378,86.69740447227494,drift,stranded,2024-185H,2024-185R,False
2025-02-24 00:00:00+00:00,QQ_same_launch,62244,62254,1,16.22440587456732,16.22440587456732,0.008195487725693932,53.12947050573183,ascent,ascent,2024-232H,2024-232T,False
2025-02-24 00:00:00+00:00,QQ_same_launch,62789,62802,1,11.918339516273253,11.918339516273253,0.006056059291489781,69.24524272869684,ascent,ascent,2025-016E,2025-016T,False
2025-02-24 00:00:00+00:00,QQ_same_launch,62790,62793,1,3.5113602269683106,3.5113602269683106,0.0016803217479865286,36.503212116920494,ascent,ascent,2025-016F,2025-016J,False
2025-02-24 00:00:00+00:00,QQ_same_launch,62791,62802,1,10.787064500936335,10.787064500936335,0.005284714008837569,33.07232722019636,ascent,ascent,2025-016G,2025-016T,False
2025-02-24 00:00:00+00:00,QQ_same_launch,62792,62796,1,4.102353754597851,4.102353754597851,0.0018517123085594188,53.008353892642816,ascent,ascent,2025-016H,2025-016M,False
2025-02-24 00:00:00+00:00,QQ_same_launch,62794,62795,1,2.1976566504336352,2.1976566504336352,0.0012046922117691296,82.9441083663215,ascent,ascent,2025-016K,2025-016L,False
2025-02-24 00:00:00+00:00,QQ_same_launch,62797,62799,1,4.589777536450064,4.589777536450064,0.0023421803691884304,64.09932295155478,ascent,ascent,2025-016N,2025-016Q,False
2025-02-25 00:00:00+00:00,QQ_diff_launch,60385,62788,1,18.24682939870763,18.24682939870763,14.769889743360203,82.50900945410442,drift,ascent,2024-140G,2025-016D,False
2025-02-25 00:00:00+00:00,QQ_diff_launch,60385,62793,1,13.613602124882851,13.613602124882851,14.769067927621398,82.19301730200928,drift,ascent,2024-140G,2025-016J,False
2025-02-25 00:00:00+00:00,QQ_diff_launch,61552,62255,2,5.906626262267037,12.191588716966683,5.1318157589167726,88.92269346750683,stranded,ascent,2024-185A,2024-232U,False
2025-02-25 00:00:00+00:00,QQ_diff_launch,61568,62799,1,13.82544660086008,13.82544660086008,2.8775758891256675,88.97335437587758,stranded,ascent,2024-185S,2025-016Q,False
2025-02-25 00:00:00+00:00,QQ_same_launch,62242,62250,1,10.081108373767362,10.081108373767362,0.004610151090934128,0.3144483995301551,ascent,ascent,2024-232F,2024-232P,False
2025-02-25 00:00:00+00:00,QQ_same_launch,62788,62802,1,14.179178412218981,14.179178412218981,0.007566508769904,57.61819522010549,ascent,ascent,2025-016D,2025-016T,False
2025-02-25 00:00:00+00:00,QQ_same_launch,62790,62802,1,16.642740265682946,16.642740265682946,0.008869120289012754,63.631724421710366,ascent,ascent,2025-016F,2025-016T,False
2025-02-25 00:00:00+00:00,QQ_same_launch,62793,62802,1,11.576841262747168,11.576841262747168,0.005717761994051206,42.2363853000009,ascent,ascent,2025-016J,2025-016T,False
2025-02-25 00:00:00+00:00,QQ_same_launch,62794,62798,1,3.7415027311383358,3.7415027311383358,0.002116755478094277,31.513298448338507,ascent,ascent,2025-016K,2025-016P,False
2025-02-26 00:00:00+00:00,QQ_diff_launch,60385,62794,1,11.826240420644835,11.826240420644835,14.771409368116805,82.29319224168114,drift,ascent,2024-140G,2025-016K,False
2025-02-26 00:00:00+00:00,QQ_diff_launch,61558,62785,1,8.303420345438482,8.303420345438482,2.8529074676593322,88.97396053905766,drift,ascent,2024-185G,2025-016A,False
2025-02-26 00:00:00+00:00,QQ_same_launch,61556,61558,1,12.400050363934715,12.400050363934715,0.00515404594846354,15.933108515263822,stranded,drift,2024-185E,2024-185G,False
2025-02-26 00:00:00+00:00,QQ_same_launch,62791,62798,1,7.158441137952306,7.158441137952306,0.004146201073367483,47.43485588874603,ascent,ascent,2025-016G,2025-016P,False
2025-02-26 00:00:00+00:00,QQ_same_launch,62792,62796,7,1.8840351423397073,3.406113603107113,0.0048683131083816075,68.84120270256683,ascent,ascent,2025-016H,2025-016M,False
2025-02-27 00:00:00+00:00,QQ_diff_launch,61552,62790,2,11.838070480071577,13.046908714955194,2.832995840389741,88.97318225661776,stranded,ascent,2024-185A,2025-016F,False
2025-02-27 00:00:00+00:00,QQ_diff_launch,61555,62245,1,8.049173345175834,8.049173345175834,5.100228431840678,88.9211218220553,ascent,drift,2024-185D,2024-232J,False
2025-02-27 00:00:00+00:00,QQ_diff_launch,62243,62793,1,18.745650471329995,18.745650471329995,7.7219414145585015,88.78581169407796,stranded,ascent,2024-232G,2025-016J,False
2025-02-27 00:00:00+00:00,QQ_same_launch,61557,61568,1,14.135562239019912,14.135562239019912,0.009266442017835911,42.828727931612086,stranded,stranded,2024-185F,2024-185S,False
2025-02-27 00:00:00+00:00,QQ_same_launch,62239,62247,1,5.610897316588704,5.610897316588704,0.0029582575314057516,72.52562385471502,ascent,ascent,2024-232C,2024-232L,False
2025-02-27 00:00:00+00:00,QQ_same_launch,62244,62250,1,18.302960354812086,18.302960354812086,0.009213834079733555,12.445586959287011,ascent,ascent,2024-232H,2024-232P,False
2025-02-27 00:00:00+00:00,QQ_same_launch,62249,62251,1,16.432417843345146,16.432417843345146,0.00891390699427952,68.9772929618416,ascent,ascent,2024-232N,2024-232Q,False
2025-02-27 00:00:00+00:00,QQ_same_launch,62251,62252,1,13.973078986778658,13.973078986778658,0.007458085342578473,40.35875659967401,ascent,ascent,2024-232Q,2024-232R,False
2025-02-27 00:00:00+00:00,QQ_same_launch,62791,62798,1,4.683149503384958,4.683149503384958,0.002593733663032683,88.39403426679975,ascent,ascent,2025-016G,2025-016P,False
2025-02-27 00:00:00+00:00,QQ_same_launch,62792,62794,1,6.595538937639969,6.595538937639969,0.003441251619800515,37.726621582777646,ascent,ascent,2025-016H,2025-016K,False
2025-02-28 00:00:00+00:00,QQ_diff_launch,61553,62801,1,19.64660973218162,19.64660973218162,2.820893623990201,88.94855969003734,stranded,ascent,2024-185B,2025-016S,False
2025-02-28 00:00:00+00:00,QQ_diff_launch,61554,62790,1,17.45678423035188,17.45678423035188,2.868833945290383,88.96219871568213,stranded,ascent,2024-185C,2025-016F,False
2025-02-28 00:00:00+00:00,QQ_diff_launch,62240,62797,1,13.144463968689516,13.144463968689516,7.72477007530178,88.84652749790408,stranded,ascent,2024-232D,2025-016N,False
2025-02-28 00:00:00+00:00,QQ_same_launch,62789,62798,1,3.8690441586019104,3.8690441586019104,0.0026645849343841744,60.17820998048502,ascent,ascent,2025-016E,2025-016P,False
2025-02-28 00:00:00+00:00,QQ_same_launch,62792,62794,6,5.907507189910675,6.621697987718288,0.006399494311314154,59.982938230311284,ascent,ascent,2025-016H,2025-016K,False
2025-02-28 00:00:00+00:00,QQ_same_launch,62792,62796,2,7.832079926137245,10.140252844530321,0.012331525473566111,33.58951167117873,ascent,ascent,2025-016H,2025-016M,False
2025-02-28 00:00:00+00:00,QQ_same_launch,62794,62796,1,5.2607088342974935,5.2607088342974935,0.002691980012875941,47.83930660267503,ascent,ascent,2025-016K,2025-016M,False
2025-03-01 00:00:00+00:00,QQ_diff_launch,60385,62799,1,12.906050545327686,12.906050545327686,14.77215812514496,82.33507687470193,drift,ascent,2024-140G,2025-016Q,False
2025-03-01 00:00:00+00:00,QQ_diff_launch,61553,62794,1,17.066659158635954,17.066659158635954,2.8206917688032473,88.95515265789797,stranded,ascent,2024-185B,2025-016K,False
2025-03-01 00:00:00+00:00,QQ_diff_launch,61553,62801,1,3.6132181416817475,3.6132181416817475,2.8202184432716506,88.9712298018561,stranded,ascent,2024-185B,2025-016S,False
2025-03-01 00:00:00+00:00,QQ_same_launch,62239,62254,1,16.257624229788963,16.257624229788963,0.008085523823062683,35.50661632715002,ascent,ascent,2024-232C,2024-232T,False
2025-03-01 00:00:00+00:00,QQ_same_launch,62240,62241,1,18.605821569200938,18.605821569200938,0.009646816556881781,9.242500218640973,stranded,ascent,2024-232D,2024-232E,False
2025-03-01 00:00:00+00:00,QQ_same_launch,62242,62253,1,19.575285216494734,19.575285216494734,0.009837228577841087,24.426150371986296,ascent,ascent,2024-232F,2024-232S,False
2025-03-01 00:00:00+00:00,QQ_same_launch,62244,62246,1,17.53918240624831,17.53918240624831,0.008745183970349502,43.36716337244168,ascent,ascent,2024-232H,2024-232K,False
2025-03-01 00:00:00+00:00,QQ_same_launch,62789,62791,2,3.0488745753105193,3.392163548947085,0.0053371151897487305,59.41856973985532,ascent,ascent,2025-016E,2025-016G,False
2025-03-01 00:00:00+00:00,QQ_same_launch,62792,62796,1,1.7812466829668647,1.7812466829668647,0.0012529091567568685,25.358373934420705,ascent,ascent,2025-016H,2025-016M,False
2025-03-01 00:00:00+00:00,QQ_same_launch,62792,62801,1,5.39125501942631,5.39125501942631,0.002753739406154582,51.014348554904316,ascent,ascent,2025-016H,2025-016S,False
2025-03-01 00:00:00+00:00,QQ_same_launch,62796,62801,1,3.815734134977177,3.815734134977177,0.0017922017462883072,81.37578980595548,ascent,ascent,2025-016M,2025-016S,False
2025-03-02 00:00:00+00:00,QQ_diff_launch,61564,62253,1,7.518196950393951,7.518196950393951,5.09785425553938,88.91453925324747,ascent,ascent,2024-185N,2024-232S,False
2025-03-02 00:00:00+00:00,QQ_diff_launch,61565,62802,1,12.209497729186818,12.209497729186818,2.82463552702397,88.95813534720428,ascent,ascent,2024-185P,2025-016T,False
2025-03-02 00:00:00+00:00,QQ_diff_launch,61567,62801,1,19.176075033603823,19.176075033603823,2.8306342920072085,88.96839728159962,stranded,ascent,2024-185R,2025-016S,False
2025-03-02 00:00:00+00:00,QQ_diff_launch,62245,62787,1,16.358056829941475,16.358056829941475,7.658489234264249,88.8549916466258,drift,ascent,2024-232J,2025-016C,False
2025-03-02 00:00:00+00:00,QQ_same_launch,61563,61567,1,5.616399810766237,5.616399810766237,0.0032884323230428867,49.28069762318417,ascent,stranded,2024-185M,2024-185R,False
2025-03-02 00:00:00+00:00,QQ_same_launch,62786,62802,1,13.961496907590272,13.961496907590272,0.007657189700188404,67.76816848211183,ascent,ascent,2025-016B,2025-016T,False
2025-03-02 00:00:00+00:00,QQ_same_launch,62789,62791,1,2.061915504182234,2.061915504182234,0.0010576987079435186,64.5067467987928,ascent,ascent,2025-016E,2025-016G,False
2025-03-02 00:00:00+00:00,QQ_same_launch,62792,62801,1,0.370938940848817,0.370938940848817,0.0026693378893137658,34.714028097242824,ascent,ascent,2025-016H,2025-016S,False
2025-03-02 00:00:00+00:00,QQ_same_launch,62797,62799,1,8.013588894392507,8.013588894392507,0.004263136378196708,83.57442663114774,ascent,ascent,2025-016N,2025-016Q,False
2025-03-03 00:00:00+00:00,QQ_diff_launch,61552,62801,1,8.448567022604797,8.448567022604797,2.838216402499658,88.96785726467415,stranded,ascent,2024-185A,2025-016S,False
2025-03-03 00:00:00+00:00,QQ_diff_launch,61556,62240,1,19.59977976543967,19.59977976543967,5.144111381131514,88.93022712507916,stranded,stranded,2024-185E,2024-232D,False
2025-03-03 00:00:00+00:00,QQ_diff_launch,61563,62795,1,10.125782527219025,10.125782527219025,2.8343927642767897,88.96742411738664,ascent,ascent,2024-185M,2025-016L,False
2025-03-03 00:00:00+00:00,QQ_same_launch,61552,61553,1,18.532163618367687,18.532163618367687,0.009083969433959328,25.056736976552298,stranded,stranded,2024-185A,2024-185B,False
2025-03-03 00:00:00+00:00,QQ_same_launch,61563,61567,1,5.13863146639008,5.13863146639008,0.0029773583485354057,32.01613978334561,ascent,stranded,2024-185M,2024-185R,False
2025-03-03 00:00:00+00:00,QQ_same_launch,62249,62254,1,14.978587548673,14.978587548673,0.004908629200713414,51.228562246587565,ascent,ascent,2024-232N,2024-232T,False
2025-03-03 00:00:00+00:00,QQ_same_launch,62792,62796,1,2.149201987591404,2.149201987591404,0.0015938956604316461,69.91758325399408,ascent,ascent,2025-016H,2025-016M,False
2025-03-04 00:00:00+00:00,QQ_diff_launch,60385,62240,2,6.763365516526755,8.80306365074935,11.646315206769629,88.35796377815245,drift,stranded,2024-140G,2024-232D,False
2025-03-04 00:00:00+00:00,QQ_diff_launch,61562,62238,1,18.583865660913474,18.583865660913474,5.08066713758067,88.91695049080802,ascent,ascent,2024-185L,2024-232B,False
2025-03-04 00:00:00+00:00,QQ_diff_launch,61563,62798,1,8.780419834724762,8.780419834724762,2.830942043355157,88.97669698000182,ascent,ascent,2024-185M,2025-016P,False
2025-03-04 00:00:00+00:00,QQ_diff_launch,61567,62791,1,5.136631084232463,5.136631084232463,2.829227292594794,88.96847962894597,stranded,ascent,2024-185R,2025-016G,False
2025-03-04 00:00:00+00:00,QQ_same_launch,61559,61565,1,18.973276651951593,18.973276651951593,0.008346157327264885,27.535173318944825,ascent,ascent,2024-185H,2024-185P,False
2025-03-04 00:00:00+00:00,QQ_same_launch,62252,62254,1,18.7058309304842,18.7058309304842,0.010359402526667411,75.27940955628665,ascent,ascent,2024-232R,2024-232T,False
2025-03-04 00:00:00+00:00,QQ_same_launch,62789,62792,1,17.415120294647824,17.415120294647824,0.011165492628584489,59.01121394388187,ascent,ascent,2025-016E,2025-016H,False
2025-03-04 00:00:00+00:00,QQ_same_launch,62794,62800,1,12.696922330609398,12.696922330609398,0.006662602234956077,29.82949615994858,ascent,ascent,2025-016K,2025-016R,False
2025-03-05 00:00:00+00:00,QQ_diff_launch,60385,61557,1,15.74417143464721,15.74417143464721,14.136871184919682,86.59008439657006,drift,stranded,2024-140G,2024-185F,False
2025-03-05 00:00:00+00:00,QQ_diff_launch,61555,62802,1,4.366734175747045,4.366734175747045,2.8381760099348816,88.96820539186669,drift,ascent,2024-185D,2025-016T,False
2025-03-05 00:00:00+00:00,QQ_diff_launch,61566,62253,1,17.540338008836567,17.540338008836567,5.0942935711270145,88.93512426305797,drift,ascent,2024-185Q,2024-232S,False
2025-03-05 00:00:00+00:00,QQ_same_launch,61557,61561,1,14.13829569672376,14.13829569672376,0.011015628315092868,71.68112486731826,stranded,stranded,2024-185F,2024-185K,False
2025-03-05 00:00:00+00:00,QQ_same_launch,62242,62254,1,11.606568550068348,11.606568550068348,0.00584278500320285,30.16257624744017,ascent,ascent,2024-232F,2024-232T,False
2025-03-05 00:00:00+00:00,QQ_same_launch,62252,62254,1,9.653732467457312,9.653732467457312,0.004266317625405743,36.945598956022884,ascent,ascent,2024-232R,2024-232T,False
2025-03-05 00:00:00+00:00,QQ_same_launch,62789,62801,1,14.523533954551885,14.523533954551885,0.0073580872554006495,67.9309647513226,ascent,ascent,2025-016E,2025-016S,False
2025-03-05 00:00:00+00:00,QQ_same_launch,62790,62793,1,3.1260353535049057,3.1260353535049057,0.001715022023761184,48.65910516267526,ascent,ascent,2025-016F,2025-016J,False
2025-03-05 00:00:00+00:00,QQ_same_launch,62796,62800,1,14.008503898553768,14.008503898553768,0.009038700033736012,16.231123935080955,ascent,ascent,2025-016M,2025-016R,False
2025-03-06 00:00:00+00:00,QQ_diff_launch,62255,62799,1,14.997145306385693,14.997145306385693,7.670933391144268,88.78014124081271,ascent,ascent,2024-232U,2025-016Q,False
2025-03-06 00:00:00+00:00,QQ_same_launch,61555,61565,1,7.705756888196699,7.705756888196699,0.004146897981565389,78.57567924435347,drift,ascent,2024-185D,2024-185P,False
2025-03-06 00:00:00+00:00,QQ_same_launch,62239,62250,1,11.323782098893302,11.323782098893302,0.006101033422747094,18.826284693818888,ascent,ascent,2024-232C,2024-232P,False
2025-03-06 00:00:00+00:00,QQ_same_launch,62242,62254,1,6.29421570400504,6.29421570400504,0.0027939071123314167,5.782972633879142,ascent,ascent,2024-232F,2024-232T,False
2025-03-06 00:00:00+00:00,QQ_same_launch,62791,62795,1,5.292855899840922,5.292855899840922,0.0035376760605098437,61.50142375598945,ascent,ascent,2025-016G,2025-016L,False
2025-03-07 00:00:00+00:00,QQ_diff_launch,60385,61561,4,18.945945193215337,19.486329341563824,14.128263047495645,86.94234737194282,drift,stranded,2024-140G,2024-185K,False
2025-03-07 00:00:00+00:00,QQ_diff_launch,61563,62793,1,16.849144562106627,16.849144562106627,2.830503093091266,88.95336766864374,ascent,ascent,2024-185M,2025-016J,False
2025-03-07 00:00:00+00:00,QQ_same_launch,61557,61560,1,13.573110611748687,13.573110611748687,0.009742044518953935,63.46730156698,stranded,stranded,2024-185F,2024-185J,False
2025-03-07 00:00:00+00:00,QQ_same_launch,62244,62248,1,14.320503584662788,14.320503584662788,0.007733492606117725,77.48850291154692,ascent,ascent,2024-232H,2024-232M,False
2025-03-07 00:00:00+00:00,QQ_same_launch,62789,62800,1,15.352573550213602,15.352573550213602,0.008443533467230781,10.281756537532656,ascent,ascent,2025-016E,2025-016R,False
2025-03-08 00:00:00+00:00,QQ_diff_launch,60385,61561,29,13.905510984566819,15.500800745903296,14.142346157306077,86.80069640576933,drift,stranded,2024-140G,2024-185K,True
2025-03-08 00:00:00+00:00,QQ_diff_launch,61567,62791,1,3.2468971049535824,3.2468971049535824,2.8407173995979544,88.96526120603649,stranded,ascent,2024-185R,2025-016G,False
2025-03-08 00:00:00+00:00,QQ_diff_launch,61569,62254,1,19.363565051427667,19.363565051427667,5.102509410696531,88.88870464704898,ascent,ascent,2024-185T,2024-232T,False
2025-03-08 00:00:00+00:00,QQ_same_launch,62246,62247,1,10.724291667644755,10.724291667644755,0.005309203242652456,19.87636838122239,ascent,ascent,2024-232K,2024-232L,False
2025-03-08 00:00:00+00:00,QQ_same_launch,62248,62251,1,9.293202028722428,9.293202028722428,0.004553508058300073,58.55783184687354,ascent,ascent,2024-232M,2024-232Q,False
2025-03-08 00:00:00+00:00,QQ_same_launch,62787,62792,1,14.697012620372895,14.697012620372895,0.00832753601201123,60.41928741109783,ascent,ascent,2025-016C,2025-016H,False
2025-03-09 00:00:00+00:00,QQ_diff_launch,60385,61561,5,17.217702148099942,18.398964240481355,14.142917138338255,86.6446531460836,drift,stranded,2024-140G,2024-185K,False
2025-03-09 00:00:00+00:00,QQ_diff_launch,61559,62787,1,18.576410372020877,18.576410372020877,2.8322477870286393,88.9724395542442,ascent,ascent,2024-185H,2025-016C,False
2025-03-09 00:00:00+00:00,QQ_diff_launch,61567,62792,1,14.522050977115024,14.522050977115024,2.8403346979571906,88.95638565614479,stranded,ascent,2024-185R,2025-016H,False
2025-03-09 00:00:00+00:00,QQ_diff_launch,61567,62801,1,12.23208104679474,12.23208104679474,2.841156989649735,88.96880453844261,stranded,ascent,2024-185R,2025-016S,False
2025-03-09 00:00:00+00:00,QQ_diff_launch,62255,62793,1,8.726443624910685,8.726443624910685,7.686057306361952,88.79605662151832,ascent,ascent,2024-232U,2025-016J,False
2025-03-09 00:00:00+00:00,QQ_same_launch,62249,62250,1,14.088668204444698,14.088668204444698,0.006787913697795825,65.99827835202318,ascent,ascent,2024-232N,2024-232P,False
2025-03-10 00:00:00+00:00,QQ_diff_launch,61556,62241,1,18.59635628403714,18.59635628403714,5.139449561908393,88.93617557237786,stranded,drift,2024-185E,2024-232E,False
2025-03-10 00:00:00+00:00,QQ_diff_launch,61563,62797,1,15.816888076636749,15.816888076636749,2.8252981650647344,88.95287746904712,ascent,ascent,2024-185M,2025-016N,False
2025-03-10 00:00:00+00:00,QQ_diff_launch,61564,62785,1,13.276122242926588,13.276122242926588,2.8281862669153477,88.97270777042439,ascent,ascent,2024-185N,2025-016A,False
2025-03-10 00:00:00+00:00,QQ_diff_launch,62253,62787,1,16.46894572181585,16.46894572181585,7.628604145053853,88.84739937686554,ascent,ascent,2024-232S,2025-016C,False
2025-03-10 00:00:00+00:00,QQ_diff_launch,62255,62791,1,17.245030841879785,17.245030841879785,7.681972024556112,88.8517429559054,ascent,ascent,2024-232U,2025-016G,False
2025-03-10 00:00:00+00:00,QQ_same_launch,62787,62798,1,19.543389538213106,19.543389538213106,0.01034299862961511,64.50013537972869,ascent,ascent,2025-016C,2025-016P,False
2025-03-10 00:00:00+00:00,QQ_same_launch,62793,62798,1,6.724948891713524,6.724948891713524,0.003521097620609755,60.864519534951484,ascent,ascent,2025-016J,2025-016P,False
2025-03-10 00:00:00+00:00,QQ_same_launch,62801,62802,1,19.695993488636805,19.695993488636805,0.009107867552198723,77.28352184080175,ascent,ascent,2025-016S,2025-016T,False
2025-03-11 00:00:00+00:00,QQ_diff_launch,61554,62241,1,10.875481236700338,10.875481236700338,5.112287259797122,88.90325407028816,stranded,ascent,2024-185C,2024-232E,False
2025-03-11 00:00:00+00:00,QQ_diff_launch,61562,62239,1,19.716531535959735,19.716531535959735,5.0835642213586505,88.94206438743318,ascent,ascent,2024-185L,2024-232C,False
2025-03-11 00:00:00+00:00,QQ_diff_launch,61565,62789,1,7.677616134979636,7.677616134979636,2.8189497270352013,88.96670723494618,ascent,ascent,2024-185P,2025-016E,False
2025-03-11 00:00:00+00:00,QQ_diff_launch,62255,62801,1,18.84978133904745,18.84978133904745,7.679018756847684,88.8297641395718,ascent,ascent,2024-232U,2025-016S,False
2025-03-11 00:00:00+00:00,QQ_same_launch,61555,61566,1,18.250077163139945,18.250077163139945,0.010404313791493982,47.7084840161166,drift,drift,2024-185D,2024-185Q,False
2025-03-11 00:00:00+00:00,QQ_same_launch,61564,61565,1,18.779337501552785,18.779337501552785,0.007710595652161581,22.790986888663447,ascent,ascent,2024-185N,2024-185P,False
2025-03-11 00:00:00+00:00,QQ_same_launch,62791,62792,1,3.8963468492404685,3.8963468492404685,0.001946295241972757,25.982456302038653,ascent,ascent,2025-016G,2025-016H,False
2025-03-11 00:00:00+00:00,QQ_same_launch,62793,62797,1,9.664871902178362,9.664871902178362,0.005051857657585833,65.66897118152659,ascent,ascent,2025-016J,2025-016N,False
2025-03-12 00:00:00+00:00,QQ_same_launch,62787,62790,1,19.144223306441337,19.144223306441337,0.009899700446454053,57.03452195651648,ascent,ascent,2025-016C,2025-016F,False
2025-03-12 00:00:00+00:00,QQ_same_launch,62788,62790,1,4.534361431538431,4.534361431538431,0.0023282946725053087,35.889816854874866,ascent,ascent,2025-016D,2025-016F,False
2025-03-12 00:00:00+00:00,QQ_same_launch,62795,62797,1,14.414751333824121,14.414751333824121,0.007705824447028927,44.46023189356954,ascent,ascent,2025-016L,2025-016N,False
2025-03-13 00:00:00+00:00,QQ_diff_launch,60385,61554,1,19.840824809545648,19.840824809545648,14.131728520543348,86.9750187683456,drift,stranded,2024-140G,2024-185C,False
2025-03-13 00:00:00+00:00,QQ_same_launch,61554,61561,1,9.23197215285681,9.23197215285681,0.0007026106849729338,40.45191169009675,stranded,stranded,2024-185C,2024-185K,False
2025-03-13 00:00:00+00:00,QQ_same_launch,62244,62254,1,13.887146325908628,13.887146325908628,0.00811125239086087,66.3407574006699,ascent,ascent,2024-232H,2024-232T,False
2025-03-13 00:00:00+00:00,QQ_same_launch,62787,62790,1,14.699659857941178,14.699659857941178,0.007613181472826981,27.33964882815024,ascent,ascent,2025-016C,2025-016F,False
2025-03-13 00:00:00+00:00,QQ_same_launch,62788,62794,1,19.989226460255797,19.989226460255797,0.00946105061865491,53.628697843076075,ascent,ascent,2025-016D,2025-016K,False
2025-03-13 00:00:00+00:00,QQ_same_launch,62791,62797,1,13.042034270534304,13.042034270534304,0.007312203542222277,60.97873359509434,ascent,ascent,2025-016G,2025-016N,False
2025-03-13 00:00:00+00:00,QQ_same_launch,62791,62801,1,9.912303029356103,9.912303029356103,0.004744840340507967,40.14888249270781,ascent,ascent,2025-016G,2025-016S,False
2025-03-13 00:00:00+00:00,QQ_same_launch,62792,62793,1,15.312914172526687,15.312914172526687,0.0075159875620781835,46.201944985255686,ascent,ascent,2025-016H,2025-016J,False
2025-03-13 00:00:00+00:00,QQ_same_launch,62793,62795,1,10.132828823513949,10.132828823513949,0.005427707343296385,84.82945544100771,ascent,ascent,2025-016J,2025-016L,False
2025-03-14 00:00:00+00:00,QQ_diff_launch,61559,62790,3,3.4548735692627255,7.639410243455684,2.8147271988200755,88.96599001356472,ascent,ascent,2024-185H,2025-016F,False
2025-03-14 00:00:00+00:00,QQ_diff_launch,62255,62799,1,2.1181157619741415,2.1181157619741415,7.68066221814189,88.81339842851801,ascent,ascent,2024-232U,2025-016Q,False
2025-03-14 00:00:00+00:00,QQ_same_launch,61553,61558,1,16.687764701175755,16.687764701175755,0.024445249024636483,71.27313195787396,stranded,drift,2024-185B,2024-185G,False
2025-03-14 00:00:00+00:00,QQ_same_launch,62244,62254,1,6.999367528621305,6.999367528621305,0.005235238215348494,65.10756656602821,ascent,ascent,2024-232H,2024-232T,False
2025-03-14 00:00:00+00:00,QQ_same_launch,62246,62251,1,13.717181177464818,13.717181177464818,0.0076829560632004894,36.229786362387685,ascent,ascent,2024-232K,2024-232Q,False
2025-03-14 00:00:00+00:00,QQ_same_launch,62793,62801,1,16.86514964677768,16.86514964677768,0.00818515672769,13.092774717738202,ascent,ascent,2025-016J,2025-016S,False
2025-03-15 00:00:00+00:00,QQ_diff_launch,61553,62255,1,17.650883200244717,17.650883200244717,5.118324490336545,88.90612217000466,stranded,ascent,2024-185B,2024-232U,False
2025-03-15 00:00:00+00:00,QQ_diff_launch,61556,62241,1,13.462792598173218,13.462792598173218,5.1284347901444605,88.91969459937303,stranded,ascent,2024-185E,2024-232E,False
2025-03-15 00:00:00+00:00,QQ_diff_launch,61559,62790,3,3.6776777764587028,16.347667762921606,2.8146423493161925,88.96540036428902,ascent,ascent,2024-185H,2025-016F,False
2025-03-15 00:00:00+00:00,QQ_same_launch,62239,62251,1,12.533861573788638,12.533861573788638,0.0061309165184928035,25.235786891132513,ascent,ascent,2024-232C,2024-232Q,False
2025-03-15 00:00:00+00:00,QQ_same_launch,62791,62793,1,12.851047731896369,12.851047731896369,0.007046733121496706,54.12847431322185,ascent,ascent,2025-016G,2025-016J,False
2025-03-15 00:00:00+00:00,QQ_same_launch,62795,62801,1,7.228787197473679,7.228787197473679,0.003779853634767617,42.594049825658175,ascent,ascent,2025-016L,2025-016S,False
2025-03-16 00:00:00+00:00,QQ_diff_launch,61563,62791,1,16.87101356343862,16.87101356343862,2.8366087289152357,88.95906396060559,ascent,ascent,2024-185M,2025-016G,False
2025-03-16 00:00:00+00:00,QQ_diff_launch,61566,62794,2,15.68839131827017,16.22201956309927,2.821383021968005,88.96198934314242,drift,ascent,2024-185Q,2025-016K,False
2025-03-16 00:00:00+00:00,QQ_same_launch,61552,61556,1,6.729320251527743,6.729320251527743,0.009183192083023428,78.12276024849598,stranded,stranded,2024-185A,2024-185E,False
2025-03-16 00:00:00+00:00,QQ_same_launch,62239,62249,1,6.703328861649946,6.703328861649946,0.0026816226283244006,35.88484469279343,ascent,ascent,2024-232C,2024-232N,False
2025-03-16 00:00:00+00:00,QQ_same_launch,62239,62251,1,10.486069740288524,10.486069740288524,0.006158921123964959,55.69845583402818,ascent,ascent,2024-232C,2024-232Q,False
2025-03-16 00:00:00+00:00,QQ_same_launch,62242,62248,1,9.893632967183382,9.893632967183382,0.004860795812100721,78.71623703369481,ascent,ascent,2024-232F,2024-232M,False
2025-03-16 00:00:00+00:00,QQ_same_launch,62249,62251,1,19.093649496124748,19.093649496124748,0.010557603329882287,27.900249143191687,ascent,ascent,2024-232N,2024-232Q,False
2025-03-16 00:00:00+00:00,QQ_same_launch,62792,62801,1,5.527395125774987,5.527395125774987,0.0031593592001072663,67.23970781647556,ascent,ascent,2025-016H,2025-016S,False
2025-03-17 00:00:00+00:00,QQ_diff_launch,61563,62793,2,6.665830517481138,12.430567851979214,2.831733846620464,88.97063899687194,ascent,ascent,2024-185M,2025-016J,False
2025-03-17 00:00:00+00:00,QQ_diff_launch,62253,62791,1,13.40780519866855,13.40780519866855,7.620489647369411,88.80179165006261,ascent,ascent,2024-232S,2025-016G,False
2025-03-17 00:00:00+00:00,QQ_same_launch,62239,62246,1,9.132367533355131,9.132367533355131,0.005519958239877149,77.97881833366095,ascent,ascent,2024-232C,2024-232K,False
2025-03-17 00:00:00+00:00,QQ_same_launch,62792,62801,1,4.712157863303831,4.712157863303831,0.0027580970284940064,20.880135217970537,ascent,ascent,2025-016H,2025-016S,False
2025-03-17 00:00:00+00:00,QQ_same_launch,62794,62795,1,18.5160495262855,18.5160495262855,0.009749036732026779,60.29085223229846,ascent,ascent,2025-016K,2025-016L,False
2025-03-18 00:00:00+00:00,QQ_diff_launch,60393,62239,1,16.55563303334123,16.55563303334123,11.32613612985227,88.36809673566508,operational,ascent,2024-140Q,2024-232C,False
2025-03-18 00:00:00+00:00,QQ_diff_launch,61564,62786,1,17.059995548740016,17.059995548740016,2.8096119634683703,88.97320017121714,ascent,ascent,2024-185N,2025-016B,False
2025-03-18 00:00:00+00:00,QQ_same_launch,62239,62246,1,8.173912342425455,8.173912342425455,0.004609685483757787,42.458688292878875,ascent,ascent,2024-232C,2024-232K,False
2025-03-18 00:00:00+00:00,QQ_same_launch,62242,62246,1,15.478151469174765,15.478151469174765,0.007498609613378202,26.916535081732818,ascent,ascent,2024-232F,2024-232K,False
2025-03-18 00:00:00+00:00,QQ_same_launch,62246,62249,1,4.977319690235053,4.977319690235053,0.002207163747175556,82.8512636909042,ascent,ascent,2024-232K,2024-232N,False
2025-03-18 00:00:00+00:00,QQ_same_launch,62791,62794,1,19.895362761629094,19.895362761629094,0.010113802169658237,55.01743624401288,ascent,ascent,2025-016G,2025-016K,False
2025-03-19 00:00:00+00:00,QQ_diff_launch,60388,62247,1,18.101823594347092,18.101823594347092,11.37947410493161,88.32721804655561,operational,operational,2024-140K,2024-232L,False
2025-03-19 00:00:00+00:00,QQ_diff_launch,61552,62243,1,19.98208648929646,19.98208648929646,5.153215481805359,88.91871472195513,stranded,stranded,2024-185A,2024-232G,False
2025-03-19 00:00:00+00:00,QQ_diff_launch,61559,62790,2,7.405180781623609,9.31232021297963,2.8183094114079377,88.9616108389172,ascent,ascent,2024-185H,2025-016F,False
2025-03-19 00:00:00+00:00,QQ_diff_launch,61564,62786,1,18.05074423773179,18.05074423773179,2.821222043115933,88.97219665866227,ascent,ascent,2024-185N,2025-016B,False
2025-03-19 00:00:00+00:00,QQ_diff_launch,62245,62802,1,14.002247817739773,14.002247817739773,7.636089345630658,88.78782561789234,ascent,ascent,2024-232J,2025-016T,False
2025-03-20 00:00:00+00:00,QQ_diff_launch,60391,62250,1,15.652484162833822,15.652484162833822,11.314660664624677,88.4212582597832,operational,operational,2024-140N,2024-232P,False
2025-03-20 00:00:00+00:00,QQ_diff_launch,60392,62249,1,16.15393295698955,16.15393295698955,11.311138208903358,88.37952153931336,operational,operational,2024-140P,2024-232N,False
2025-03-20 00:00:00+00:00,QQ_diff_launch,60395,62251,1,18.112770945197752,18.112770945197752,11.312763250090844,88.42204526917448,operational,ascent,2024-140S,2024-232Q,False
2025-03-20 00:00:00+00:00,QQ_diff_launch,61563,62245,1,16.1506110307702,16.1506110307702,5.069541330526158,88.90972279596652,ascent,ascent,2024-185M,2024-232J,False
2025-03-20 00:00:00+00:00,QQ_diff_launch,62245,62785,1,16.923938350575252,16.923938350575252,7.63196856326014,88.8400123008471,ascent,ascent,2024-232J,2025-016A,False
2025-03-20 00:00:00+00:00,QQ_same_launch,62238,62244,1,16.313507403343795,16.313507403343795,0.010619038707892419,45.53559265609145,operational,operational,2024-232B,2024-232H,False
2025-03-20 00:00:00+00:00,QQ_same_launch,62242,62251,1,10.845414168041382,10.845414168041382,0.005148048009266101,9.437910568821597,ascent,ascent,2024-232F,2024-232Q,False
2025-03-20 00:00:00+00:00,QQ_same_launch,62248,62254,1,18.57473861424467,18.57473861424467,0.00820460357664348,33.26167074023047,ascent,ascent,2024-232M,2024-232T,False
2025-03-21 00:00:00+00:00,QQ_diff_launch,60386,62252,1,15.114464622411962,15.114464622411962,11.330840002815261,88.43319852334034,operational,operational,2024-140H,2024-232R,False
2025-03-21 00:00:00+00:00,QQ_diff_launch,60387,62247,1,18.83234193482536,18.83234193482536,11.322624761977051,88.44785144514275,operational,operational,2024-140J,2024-232L,False
2025-03-21 00:00:00+00:00,QQ_diff_launch,60392,62239,1,17.90711618882514,17.90711618882514,11.314247728153248,88.38267787812117,operational,operational,2024-140P,2024-232C,False
2025-03-21 00:00:00+00:00,QQ_diff_launch,60392,62248,1,19.07864214097196,19.07864214097196,11.312789626886955,88.43951122460884,operational,operational,2024-140P,2024-232M,False
2025-03-21 00:00:00+00:00,QQ_diff_launch,60395,62251,1,14.905647080890796,14.905647080890796,11.317186362667263,88.38597057404414,operational,operational,2024-140S,2024-232Q,False
2025-03-21 00:00:00+00:00,QQ_diff_launch,60396,62250,1,16.788241721966497,16.788241721966497,11.350475459841403,88.35388125503657,operational,operational,2024-140T,2024-232P,False
2025-03-21 00:00:00+00:00,QQ_same_launch,61552,61553,1,18.65004188368616,18.65004188368616,0.011745099139524906,75.60922080380385,stranded,stranded,2024-185A,2024-185B,False
2025-03-21 00:00:00+00:00,QQ_same_launch,62239,62254,1,17.463207253773827,17.463207253773827,0.009442296352048568,69.86595813663901,operational,ascent,2024-232C,2024-232T,False
2025-03-21 00:00:00+00:00,QQ_same_launch,62249,62254,1,19.17096327691239,19.17096327691239,0.01048951587285054,82.99555114190944,operational,ascent,2024-232N,2024-232T,False
2025-03-21 00:00:00+00:00,QQ_same_launch,62786,62791,1,3.2889725362176607,3.2889725362176607,0.0016390367096278755,48.66733764327648,ascent,ascent,2025-016B,2025-016G,False
2025-03-21 00:00:00+00:00,QQ_same_launch,62789,62797,1,14.39493432446162,14.39493432446162,0.0070821969752623525,63.59428193748714,ascent,ascent,2025-016E,2025-016N,False
2025-03-21 00:00:00+00:00,QQ_same_launch,62792,62798,1,7.931955277327876,7.931955277327876,0.003975555246917769,6.077420022768826,ascent,ascent,2025-016H,2025-016P,False
2025-03-22 00:00:00+00:00,QQ_diff_launch,60385,62243,1,5.546530850375038,5.546530850375038,11.640494577705086,88.3584949498108,drift,stranded,2024-140G,2024-232G,False
2025-03-22 00:00:00+00:00,QQ_diff_launch,60386,62250,1,17.394160395418908,17.394160395418908,11.329882337282944,88.45424268758734,operational,operational,2024-140H,2024-232P,False
2025-03-22 00:00:00+00:00,QQ_same_launch,62786,62795,1,9.041525881421801,9.041525881421801,0.00467401913870563,8.273301638913319,ascent,ascent,2025-016B,2025-016L,False
2025-03-22 00:00:00+00:00,QQ_same_launch,62788,62792,1,13.490123228565592,13.490123228565592,0.006667309864191712,76.58618556353885,ascent,ascent,2025-016D,2025-016H,False
2025-03-22 00:00:00+00:00,QQ_same_launch,62789,62790,1,11.804685758803618,11.804685758803618,0.006068542954632731,39.60134654106842,ascent,ascent,2025-016E,2025-016F,False
2025-03-22 00:00:00+00:00,QQ_same_launch,62798,62801,1,4.104238220226583,4.104238220226583,0.0018304429110905136,71.62620840743867,ascent,ascent,2025-016P,2025-016S,False
2025-03-23 00:00:00+00:00,QQ_diff_launch,60382,62252,1,13.34496833949227,13.34496833949227,11.336311375553219,88.4102392047489,operational,operational,2024-140D,2024-232R,False
2025-03-23 00:00:00+00:00,QQ_diff_launch,60395,62239,1,17.39283486725694,17.39283486725694,11.317030421822988,88.45463890671724,operational,operational,2024-140S,2024-232C,False
2025-03-23 00:00:00+00:00,QQ_diff_launch,60395,62249,1,18.45828370661605,18.45828370661605,11.31719104678296,88.45001539649292,operational,operational,2024-140S,2024-232N,False
2025-03-23 00:00:00+00:00,QQ_diff_launch,61561,62243,1,19.624781120434626,19.624781120434626,5.113230141679849,88.88837162064203,stranded,stranded,2024-185K,2024-232G,False
2025-03-23 00:00:00+00:00,QQ_diff_launch,62245,62794,1,15.428060856450406,15.428060856450406,7.61650377061306,88.85206248380739,ascent,ascent,2024-232J,2025-016K,False
2025-03-23 00:00:00+00:00,QQ_same_launch,62785,62802,1,11.664455921720263,11.664455921720263,0.0075142882182170625,84.4454602538925,ascent,ascent,2025-016A,2025-016T,False
2025-03-23 00:00:00+00:00,QQ_same_launch,62788,62801,1,14.455550651545328,14.455550651545328,0.006260797098436957,6.764279142275214,ascent,ascent,2025-016D,2025-016S,False
2025-03-24 00:00:00+00:00,QQ_diff_launch,60381,62249,1,17.379758851508942,17.379758851508942,11.323215717553726,88.37976329919111,operational,operational,2024-140C,2024-232N,False
2025-03-24 00:00:00+00:00,QQ_diff_launch,60382,62250,1,13.595339840374683,13.595339840374683,11.337094684266349,88.39501553800635,operational,operational,2024-140D,2024-232P,False
2025-03-24 00:00:00+00:00,QQ_diff_launch,60384,62252,1,16.658900774032983,16.658900774032983,11.346641295944856,88.41424937968462,operational,operational,2024-140F,2024-232R,False
2025-03-24 00:00:00+00:00,QQ_diff_launch,60387,62244,1,15.117247351503432,15.117247351503432,11.320580342637182,88.41278856447363,operational,operational,2024-140J,2024-232H,False
2025-03-24 00:00:00+00:00,QQ_diff_launch,60388,61562,1,10.538031221032904,10.538031221032904,13.840172426990671,86.74357713546028,operational,ascent,2024-140K,2024-185L,False
2025-03-24 00:00:00+00:00,QQ_diff_launch,60389,62246,1,15.105676252149841,15.105676252149841,11.311895207353533,88.379009566718,operational,operational,2024-140L,2024-232K,False
2025-03-24 00:00:00+00:00,QQ_diff_launch,61566,63171,2,17.077915092116953,18.268633849772417,12.84333652276058,88.02687095518857,drift,drift,2024-185Q,2025-046N,False
2025-03-24 00:00:00+00:00,QQ_same_launch,61557,61568,1,14.95613069707045,14.95613069707045,0.011795458646954079,53.15550525137032,stranded,stranded,2024-185F,2024-185S,False
2025-03-24 00:00:00+00:00,QQ_same_launch,62788,62801,1,14.075599254114374,14.075599254114374,0.008076182006802107,25.36903030152315,ascent,ascent,2025-016D,2025-016S,False
2025-03-24 00:00:00+00:00,QQ_same_launch,63159,63173,1,8.659679831221306,8.659679831221306,0.00411818545113836,76.00092989002343,drift,drift,2025-046A,2025-046Q,False
2025-03-24 00:00:00+00:00,QQ_same_launch,63160,63161,1,8.471782678008172,8.471782678008172,0.005624605333344852,24.758922850829606,drift,drift,2025-046B,2025-046C,False
2025-03-24 00:00:00+00:00,QQ_same_launch,63161,63169,1,8.0069223644885,8.0069223644885,0.004406606044408751,10.99962141767217,drift,drift,2025-046C,2025-046L,False
2025-03-24 00:00:00+00:00,QQ_same_launch,63163,63166,1,1.275835185530904,1.275835185530904,0.0007185393785413101,51.84637768245839,stranded,drift,2025-046E,2025-046H,False
2025-03-24 00:00:00+00:00,QQ_same_launch,63163,63167,1,6.873007879006367,6.873007879006367,0.003379944704118751,61.11491088291347,stranded,drift,2025-046E,2025-046J,False
2025-03-24 00:00:00+00:00,QQ_same_launch,63164,63172,1,4.183774029821829,4.183774029821829,0.0020986819115059417,61.674526051062394,drift,drift,2025-046F,2025-046P,False
2025-03-24 00:00:00+00:00,QQ_same_launch,63164,63174,1,3.6090243914854017,3.6090243914854017,0.0017466476523832473,14.911112865983382,drift,drift,2025-046F,2025-046R,False
2025-03-24 00:00:00+00:00,QQ_same_launch,63164,63176,1,5.270395816190864,5.270395816190864,0.0026378258563092374,30.652401069538247,drift,drift,2025-046F,2025-046T,False
2025-03-24 00:00:00+00:00,QQ_same_launch,63165,63168,1,10.938975164762732,10.938975164762732,0.0057000485949349755,51.63259408129557,drift,drift,2025-046G,2025-046K,False
2025-03-24 00:00:00+00:00,QQ_same_launch,63165,63171,1,5.675617257037905,5.675617257037905,0.0030147099835159262,88.52564094226578,drift,drift,2025-046G,2025-046N,False
2025-03-24 00:00:00+00:00,QQ_same_launch,63166,63167,1,8.389004889304475,8.389004889304475,0.0042968138458861155,51.57001788359679,drift,drift,2025-046H,2025-046J,False
2025-03-24 00:00:00+00:00,QQ_same_launch,63167,63172,1,9.075092224466886,9.075092224466886,0.004663442123745204,20.939659035619442,drift,drift,2025-046J,2025-046P,False
2025-03-24 00:00:00+00:00,QQ_same_launch,63167,63174,1,8.611040665700212,8.611040665700212,0.004423003114625185,8.586686821959429,drift,drift,2025-046J,2025-046R,False
2025-03-24 00:00:00+00:00,QQ_same_launch,63167,63176,1,9.979080252045879,9.979080252045879,0.005033050682747461,36.41934612896205,drift,drift,2025-046J,2025-046T,False
2025-03-24 00:00:00+00:00,QQ_same_launch,63168,63171,1,5.36971936163142,5.36971936163142,0.0027899195253402336,56.8338988082484,drift,drift,2025-046K,2025-046N,False
2025-03-25 00:00:00+00:00,QQ_diff_launch,60380,62246,1,18.080214045468924,18.080214045468924,11.336052789450429,88.45462986312113,operational,operational,2024-140B,2024-232K,False
2025-03-25 00:00:00+00:00,QQ_diff_launch,60380,62251,1,13.650590495619266,13.650590495619266,11.335500350171541,88.37603719874213,operational,operational,2024-140B,2024-232Q,False
2025-03-25 00:00:00+00:00,QQ_diff_launch,60381,62239,1,15.381132858861802,15.381132858861802,11.323034055231235,88.38012208643681,operational,operational,2024-140C,2024-232C,False
2025-03-25 00:00:00+00:00,QQ_diff_launch,60384,62250,1,15.631540105454928,15.631540105454928,11.345486155314351,88.399022442843,operational,operational,2024-140F,2024-232P,False
2025-03-25 00:00:00+00:00,QQ_diff_launch,61566,63161,2,10.215987393031075,12.947545772470551,12.843613562749667,87.97405169757938,drift,drift,2024-185Q,2025-046C,False
2025-03-25 00:00:00+00:00,QQ_diff_launch,61566,63168,2,4.8245797779713495,8.399969048147586,12.845571377416682,87.93501510225704,drift,drift,2024-185Q,2025-046K,False
2025-03-25 00:00:00+00:00,QQ_diff_launch,61566,63169,1,16.753757962605327,16.753757962605327,12.818257064724733,87.97532920999933,drift,drift,2024-185Q,2025-046L,False
2025-03-25 00:00:00+00:00,QQ_diff_launch,62796,63160,1,19.615434283514738,19.615434283514738,13.997840595308952,86.88989078357096,ascent,drift,2025-016M,2025-046B,False
2025-03-25 00:00:00+00:00,QQ_same_launch,62789,62794,1,15.099003657240704,15.099003657240704,0.008027473011043439,78.36966450672976,ascent,ascent,2025-016E,2025-016K,False
2025-03-25 00:00:00+00:00,QQ_same_launch,62791,62795,1,4.34878146217705,4.34878146217705,0.002153394197061798,18.25376355380101,ascent,ascent,2025-016G,2025-016L,False
2025-03-25 00:00:00+00:00,QQ_same_launch,62794,62796,1,19.226365695345997,19.226365695345997,0.009658266872726945,83.42818035269492,ascent,ascent,2025-016K,2025-016M,False
2025-03-25 00:00:00+00:00,QQ_same_launch,63159,63172,1,8.237479709768623,8.237479709768623,0.004569585593862723,59.53150051052935,drift,drift,2025-046A,2025-046P,False
2025-03-25 00:00:00+00:00,QQ_same_launch,63159,63174,1,7.854373862858135,7.854373862858135,0.00443021398756333,22.18642208972772,drift,drift,2025-046A,2025-046R,False
2025-03-25 00:00:00+00:00,QQ_same_launch,63159,63176,1,8.99452039960399,8.99452039960399,0.0048157983279947005,8.315998710964422,drift,drift,2025-046A,2025-046T,False
2025-03-25 00:00:00+00:00,QQ_same_launch,63160,63168,1,14.311285340884915,14.311285340884915,0.008457808584821189,64.26539747851302,drift,drift,2025-046B,2025-046K,False
2025-03-25 00:00:00+00:00,QQ_same_launch,63163,63166,1,10.849898017403628,10.849898017403628,0.010971762482496513,50.65065281064047,stranded,drift,2025-046E,2025-046H,False
2025-03-25 00:00:00+00:00,QQ_same_launch,63164,63166,1,19.529177887714845,19.529177887714845,0.019542187026514054,34.868204344526774,drift,drift,2025-046F,2025-046H,False
2025-03-25 00:00:00+00:00,QQ_same_launch,63168,63169,1,12.421318761862132,12.421318761862132,0.006647833020882151,41.468066017391386,drift,drift,2025-046K,2025-046L,False
2025-03-25 00:00:00+00:00,QQ_same_launch,63169,63171,1,8.309201062148118,8.309201062148118,0.005051783332330306,84.63329583846603,drift,drift,2025-046L,2025-046N,False
2025-03-25 00:00:00+00:00,QQ_same_launch,63172,63174,1,0.5371929792886564,0.5371929792886564,0.00031171129686942384,7.704697626419851,drift,drift,2025-046P,2025-046R,False
2025-03-25 00:00:00+00:00,QQ_same_launch,63172,63176,1,0.8791346528868464,0.8791346528868464,0.00033525074376452446,17.755673795344414,drift,drift,2025-046P,2025-046T,False
2025-03-25 00:00:00+00:00,QQ_same_launch,63174,63176,1,1.7200629024718255,1.7200629024718255,0.0009609348411384008,62.983734237291266,drift,drift,2025-046R,2025-046T,False
2025-03-26 00:00:00+00:00,QQ_diff_launch,60380,62254,1,12.715280339390752,12.715280339390752,11.334609264763756,88.40916834382008,operational,operational,2024-140B,2024-232T,False
2025-03-26 00:00:00+00:00,QQ_diff_launch,60381,62785,1,19.389247361291734,19.389247361291734,14.473177334263902,82.78375256866926,operational,ascent,2024-140C,2025-016A,False
2025-03-26 00:00:00+00:00,QQ_diff_launch,60383,61562,1,13.286010556949016,13.286010556949016,13.815360773751596,87.02390284692733,operational,ascent,2024-140E,2024-185L,False
2025-03-26 00:00:00+00:00,QQ_diff_launch,60389,62239,1,17.780325922573144,17.780325922573144,11.312644490638206,88.35240352254984,operational,operational,2024-140L,2024-232C,False
2025-03-26 00:00:00+00:00,QQ_diff_launch,60389,62249,1,19.31766532662646,19.31766532662646,11.312836190080699,88.35442613904885,operational,operational,2024-140L,2024-232N,False
2025-03-26 00:00:00+00:00,QQ_diff_launch,60391,62246,1,14.615947288980108,14.615947288980108,11.31111871807272,88.38770180947027,operational,operational,2024-140N,2024-232K,False
2025-03-26 00:00:00+00:00,QQ_diff_launch,60391,62251,1,17.80438307928836,17.80438307928836,11.310609339571378,88.46414975149389,operational,operational,2024-140N,2024-232Q,False
2025-03-26 00:00:00+00:00,QQ_diff_launch,60392,62247,1,18.43699868179021,18.43699868179021,11.32255834246314,88.33713228244268,operational,operational,2024-140P,2024-232L,False
2025-03-26 00:00:00+00:00,QQ_diff_launch,60395,62785,1,17.488929863349142,17.488929863349142,14.472646962719319,82.8680151290211,operational,ascent,2024-140S,2025-016A,False
2025-03-26 00:00:00+00:00,QQ_diff_launch,61559,62793,2,9.466228831298896,10.73377832425324,2.8147227524172447,88.96816385957737,stranded,ascent,2024-185H,2025-016J,False
2025-03-26 00:00:00+00:00,QQ_diff_launch,61560,62243,1,3.2390190920748942,3.2390190920748942,5.113395935384321,88.91617366034353,stranded,stranded,2024-185J,2024-232G,False
2025-03-26 00:00:00+00:00,QQ_diff_launch,62245,62790,1,18.395567947109637,18.395567947109637,7.620726797736201,88.85677373718086,ascent,ascent,2024-232J,2025-016F,False
2025-03-26 00:00:00+00:00,QQ_same_launch,62250,62252,1,13.964651460880926,13.964651460880926,0.007274692766486634,81.62839924220529,operational,operational,2024-232P,2024-232R,False
2025-03-26 00:00:00+00:00,QQ_same_launch,62785,62787,1,17.684815504929745,17.684815504929745,0.009723038717984123,6.169385581640957,ascent,ascent,2025-016A,2025-016C,False
2025-03-26 00:00:00+00:00,QQ_same_launch,62787,62792,1,13.603307842916813,13.603307842916813,0.007854456327539554,53.45262583111429,ascent,ascent,2025-016C,2025-016H,False
2025-03-26 00:00:00+00:00,QQ_same_launch,62788,62798,1,5.643764176573895,5.643764176573895,0.0027072236575989804,64.41939250697841,ascent,ascent,2025-016D,2025-016P,False
2025-03-26 00:00:00+00:00,QQ_same_launch,62788,62800,1,13.369477464603527,13.369477464603527,0.00640072869916802,46.457498532647804,ascent,ascent,2025-016D,2025-016R,False
2025-03-26 00:00:00+00:00,QQ_same_launch,62793,62797,1,11.254727124041652,11.254727124041652,0.005818354241950326,73.30388309935643,ascent,ascent,2025-016J,2025-016N,False
2025-03-26 00:00:00+00:00,QQ_same_launch,62798,62800,1,8.72547965447085,8.72547965447085,0.004686275916844516,46.28976840289419,ascent,ascent,2025-016P,2025-016R,False
2025-03-26 00:00:00+00:00,QQ_same_launch,62801,62802,1,17.979380512574558,17.979380512574558,0.008933185693988191,77.33097864794922,ascent,ascent,2025-016S,2025-016T,False
2025-03-27 00:00:00+00:00,QQ_diff_launch,60380,62249,1,11.718498210997542,11.718498210997542,11.335271719749466,88.41581402580853,operational,operational,2024-140B,2024-232N,False
2025-03-27 00:00:00+00:00,QQ_diff_launch,60391,62254,1,13.84312096424329,13.84312096424329,11.309574560416593,88.39598269940241,operational,operational,2024-140N,2024-232T,False
2025-03-27 00:00:00+00:00,QQ_same_launch,61554,61568,1,14.059328313610315,14.059328313610315,0.006871222059332395,68.31557137654225,stranded,stranded,2024-185C,2024-185S,False
2025-03-27 00:00:00+00:00,QQ_same_launch,62246,62251,1,8.817768389353512,8.817768389353512,0.004278557224325836,27.735203027019466,operational,operational,2024-232K,2024-232Q,False
2025-03-27 00:00:00+00:00,QQ_same_launch,62798,62800,1,5.76796622331412,5.76796622331412,0.0032099770608286504,44.07357710754949,ascent,ascent,2025-016P,2025-016R,False
2025-03-28 00:00:00+00:00,QQ_diff_launch,60379,62250,1,6.641081684615393,6.641081684615393,11.323949680167788,88.41691353802103,operational,operational,2024-140A,2024-232P,False
2025-03-28 00:00:00+00:00,QQ_diff_launch,60380,62239,2,10.531061998323581,13.179456725672898,11.332580802490243,88.38937902650407,operational,operational,2024-140B,2024-232C,False
2025-03-28 00:00:00+00:00,QQ_diff_launch,60380,62785,1,15.319742877969277,15.319742877969277,14.470038214210549,82.6102180637231,operational,ascent,2024-140B,2025-016A,False
2025-03-28 00:00:00+00:00,QQ_diff_launch,60386,62242,1,19.503747952065183,19.503747952065183,11.326355089785748,88.44891988284289,operational,operational,2024-140H,2024-232F,False
2025-03-28 00:00:00+00:00,QQ_diff_launch,60393,61562,1,18.037892890315256,18.037892890315256,13.813387810527205,86.67235667971103,operational,operational,2024-140Q,2024-185L,False
2025-03-28 00:00:00+00:00,QQ_diff_launch,60396,62254,1,18.037309988457356,18.037309988457356,11.351791463832964,88.33828630950796,operational,operational,2024-140T,2024-232T,False
2025-03-28 00:00:00+00:00,QQ_diff_launch,62239,62787,1,14.949982973886325,14.949982973886325,7.567406289006292,88.7990782666504,operational,ascent,2024-232C,2025-016C,False
2025-03-29 00:00:00+00:00,QQ_diff_launch,60379,62250,1,12.814498512935605,12.814498512935605,11.320909337718563,88.42543253201407,operational,operational,2024-140A,2024-232P,False
2025-03-29 00:00:00+00:00,QQ_diff_launch,60381,61569,1,16.42551525978904,16.42551525978904,13.820235598386239,86.81903809429382,operational,ascent,2024-140C,2024-185T,False
2025-03-29 00:00:00+00:00,QQ_diff_launch,60382,62242,1,16.191435203757223,16.191435203757223,11.329418774281493,88.39827744985564,operational,operational,2024-140D,2024-232F,False
2025-03-29 00:00:00+00:00,QQ_diff_launch,60386,62246,1,17.503365857244077,17.503365857244077,11.324857401684325,88.45528309983254,operational,operational,2024-140H,2024-232K,False
2025-03-29 00:00:00+00:00,QQ_diff_launch,60390,61562,1,19.379254764261773,19.379254764261773,13.811026989542938,86.66143288934637,operational,operational,2024-140M,2024-185L,False
2025-03-29 00:00:00+00:00,QQ_diff_launch,60391,62785,1,9.548184940376503,9.548184940376503,14.465478267858582,82.72527724993762,operational,ascent,2024-140N,2025-016A,False
2025-03-29 00:00:00+00:00,QQ_diff_launch,60394,62247,2,15.096262891193186,17.01165138396562,11.31774097718635,88.41552953925128,operational,operational,2024-140R,2024-232L,False
2025-03-29 00:00:00+00:00,QQ_diff_launch,60394,62248,4,11.271835822825231,15.659038508659886,11.309617576489494,88.47471656798746,operational,operational,2024-140R,2024-232M,False
2025-03-29 00:00:00+00:00,QQ_same_launch,62247,62248,1,10.971822012066655,10.971822012066655,0.007093207142008795,43.17735965510375,operational,operational,2024-232L,2024-232M,False
2025-03-29 00:00:00+00:00,QQ_same_launch,62249,62251,1,16.08195581398401,16.08195581398401,0.007482616154884889,37.41965736365418,operational,operational,2024-232N,2024-232Q,False
2025-03-29 00:00:00+00:00,QQ_same_launch,62794,62799,1,14.227203655672037,14.227203655672037,0.006955832147650256,63.521929136258564,ascent,ascent,2025-016K,2025-016Q,False
2025-03-30 00:00:00+00:00,QQ_diff_launch,60385,61557,2,10.542041952537435,14.934661979188508,14.124655922870303,86.84180557638867,drift,stranded,2024-140G,2024-185F,False
2025-03-30 00:00:00+00:00,QQ_diff_launch,60389,61569,1,9.20335837136867,9.20335837136867,13.81131667568805,86.9013534263127,operational,stranded,2024-140L,2024-185T,False
2025-03-30 00:00:00+00:00,QQ_diff_launch,60394,62248,8,2.5061466011723907,7.42444034293238,11.309621860101696,88.37937325040235,operational,operational,2024-140R,2024-232M,False
2025-03-30 00:00:00+00:00,QQ_diff_launch,60396,62249,1,18.740594150601975,18.740594150601975,11.347411725770923,88.41936292810799,operational,operational,2024-140T,2024-232N,False
2025-03-30 00:00:00+00:00,QQ_diff_launch,60396,62785,2,8.500880809229233,12.4497989419163,14.469533896850812,82.55220791929261,operational,ascent,2024-140T,2025-016A,False
2025-03-30 00:00:00+00:00,QQ_diff_launch,61559,62793,1,12.528671855206765,12.528671855206765,2.810129401887571,88.97060944888138,stranded,ascent,2024-185H,2025-016J,False
2025-03-30 00:00:00+00:00,QQ_diff_launch,61565,62255,1,12.235512152171978,12.235512152171978,5.095757410990677,88.90146020134513,ascent,ascent,2024-185P,2024-232U,False
2025-03-30 00:00:00+00:00,QQ_same_launch,62790,62791,1,18.880704816808237,18.880704816808237,0.00915854210883069,77.09186027660009,ascent,ascent,2025-016F,2025-016G,False
2025-03-30 00:00:00+00:00,QQ_same_launch,62797,62798,1,15.271052521314228,15.271052521314228,0.008426693261468238,38.823847416663,ascent,ascent,2025-016N,2025-016P,False
2025-03-30 00:00:00+00:00,QQ_same_launch,63172,63176,1,10.983364345439936,10.983364345439936,0.005430829177180851,80.7508741742679,ascent,drift,2025-046P,2025-046T,False
2025-03-31 00:00:00+00:00,QQ_diff_launch,60382,62246,1,13.930224359452819,13.930224359452819,11.340080290527933,88.40618269101134,operational,operational,2024-140D,2024-232K,False
2025-03-31 00:00:00+00:00,QQ_diff_launch,60383,62802,1,19.123766618873404,19.123766618873404,14.471468282281911,82.59950477134502,operational,ascent,2024-140E,2025-016T,False
2025-03-31 00:00:00+00:00,QQ_diff_launch,60384,62242,1,14.726034544699791,14.726034544699791,11.348363065352329,88.40317715902964,operational,operational,2024-140F,2024-232F,False
2025-03-31 00:00:00+00:00,QQ_diff_launch,60386,62249,1,15.726349760158394,15.726349760158394,11.32515189128566,88.4129470189032,operational,operational,2024-140H,2024-232N,False
2025-03-31 00:00:00+00:00,QQ_diff_launch,60386,62785,1,8.238485073825327,8.238485073825327,14.467007191605957,82.6508958169928,operational,ascent,2024-140H,2025-016A,False
2025-03-31 00:00:00+00:00,QQ_diff_launch,60387,62802,1,19.640702558074786,19.640702558074786,14.469898170405193,82.62251391787512,operational,ascent,2024-140J,2025-016T,False
2025-03-31 00:00:00+00:00,QQ_diff_launch,60392,61562,1,14.246914185535406,14.246914185535406,13.809992123573538,86.72876932666321,operational,operational,2024-140P,2024-185L,False
2025-03-31 00:00:00+00:00,QQ_diff_launch,61559,62793,1,10.339469081917656,10.339469081917656,2.8198727528753964,88.95882476923002,stranded,ascent,2024-185H,2025-016J,False
2025-03-31 00:00:00+00:00,QQ_same_launch,61557,61561,1,15.888118164663396,15.888118164663396,0.008538101488738294,29.859043357486108,stranded,stranded,2024-185F,2024-185K,False
2025-03-31 00:00:00+00:00,QQ_same_launch,62242,62252,1,16.062962451068202,16.062962451068202,0.006787736839562758,7.880836370803055,operational,operational,2024-232F,2024-232R,False
2025-03-31 00:00:00+00:00,QQ_same_launch,62789,62792,1,14.84146693014968,14.84146693014968,0.007640056976796508,55.032610596355724,ascent,ascent,2025-016E,2025-016H,False
2025-03-31 00:00:00+00:00,QQ_same_launch,62791,62795,1,2.612201509922088,2.612201509922088,0.0022239070302883172,48.8645481528054,ascent,ascent,2025-016G,2025-016L,False
2025-03-31 00:00:00+00:00,QQ_same_launch,62792,62802,1,8.44226121877418,8.44226121877418,0.009079359637407018,42.91167662222198,ascent,ascent,2025-016H,2025-016T,False
2025-04-01 00:00:00+00:00,QQ_diff_launch,60383,62802,1,14.061241128843209,14.061241128843209,14.46915639825695,83.06121769835869,operational,ascent,2024-140E,2025-016T,False
2025-04-01 00:00:00+00:00,QQ_diff_launch,60384,62246,1,16.80496273614313,16.80496273614313,11.34031056025688,88.43144093028306,operational,operational,2024-140F,2024-232K,False
2025-04-01 00:00:00+00:00,QQ_diff_launch,60384,62787,2,7.43877937164631,12.851279454039062,14.46902246141822,82.91069105020003,operational,operational,2024-140F,2025-016C,False
2025-04-01 00:00:00+00:00,QQ_diff_launch,60386,62785,2,5.4452135735394345,12.59736445572071,14.467109391459246,83.05642820953628,operational,operational,2024-140H,2025-016A,False
2025-04-01 00:00:00+00:00,QQ_diff_launch,60391,61569,1,10.006037936756723,10.006037936756723,13.809511928657416,86.79163191592953,operational,stranded,2024-140N,2024-185T,False
2025-04-01 00:00:00+00:00,QQ_diff_launch,60393,62802,1,17.1043600346726,17.1043600346726,14.46681973506123,82.67434619174541,operational,ascent,2024-140Q,2025-016T,False
2025-04-01 00:00:00+00:00,QQ_diff_launch,61569,62253,1,11.536283707931451,11.536283707931451,5.087964616486887,88.90212248139512,stranded,ascent,2024-185T,2024-232S,False
2025-04-01 00:00:00+00:00,QQ_same_launch,62246,62252,1,17.461760669617053,17.461760669617053,0.008810097740912244,36.69436865501082,operational,operational,2024-232K,2024-232R,False
2025-04-01 00:00:00+00:00,QQ_same_launch,62249,62254,1,7.8595774414248005,7.8595774414248005,0.0034777447803662695,68.79442820993117,operational,operational,2024-232N,2024-232T,False
2025-04-02 00:00:00+00:00,QQ_diff_launch,60382,62249,1,11.637748207918614,11.637748207918614,11.327615748350665,88.39811787777253,operational,operational,2024-140D,2024-232N,False
2025-04-02 00:00:00+00:00,QQ_diff_launch,60382,62785,5,5.983733173708746,17.5417716652201,14.464572371880394,82.83810172952572,operational,operational,2024-140D,2025-016A,False
2025-04-02 00:00:00+00:00,QQ_diff_launch,60390,62792,1,19.065268825607742,19.065268825607742,14.469324348122843,82.74046199666822,operational,ascent,2024-140M,2025-016H,False
2025-04-02 00:00:00+00:00,QQ_diff_launch,60393,62802,1,13.392642068110872,13.392642068110872,14.463678355952394,83.0622126970464,operational,ascent,2024-140Q,2025-016T,False
2025-04-02 00:00:00+00:00,QQ_diff_launch,60396,61569,1,8.976900017173666,8.976900017173666,13.826135119289063,86.8674335061354,operational,stranded,2024-140T,2024-185T,False
2025-04-02 00:00:00+00:00,QQ_diff_launch,61566,63176,2,13.301597573668168,14.05878123449899,12.841617773039722,87.94533965875537,drift,ascent,2024-185Q,2025-046T,False
2025-04-02 00:00:00+00:00,QQ_diff_launch,62245,62789,1,13.82331772881424,13.82331772881424,7.590894648005905,88.83698181562508,ascent,ascent,2024-232J,2025-016E,False
2025-04-02 00:00:00+00:00,QQ_diff_launch,62254,62785,1,16.48446856023124,16.48446856023124,7.580197202380732,88.80348852641842,operational,operational,2024-232T,2025-016A,False
2025-04-02 00:00:00+00:00,QQ_same_launch,61554,61561,1,13.67106403660859,13.67106403660859,0.00448045093114313,33.88372763913164,stranded,stranded,2024-185C,2024-185K,False
2025-04-02 00:00:00+00:00,QQ_same_launch,61557,61560,1,13.564617088478128,13.564617088478128,0.008845867801619977,43.003306631147076,stranded,stranded,2024-185F,2024-185J,False
2025-04-03 00:00:00+00:00,QQ_diff_launch,60379,62242,1,14.440626651496236,14.440626651496236,11.317692382561038,88.46308903804172,operational,operational,2024-140A,2024-232F,False
2025-04-03 00:00:00+00:00,QQ_diff_launch,60379,62787,2,7.684471960050349,11.173483616580423,14.469155741339723,82.72921493732146,operational,operational,2024-140A,2025-016C,False
2025-04-03 00:00:00+00:00,QQ_diff_launch,60390,62802,2,5.785789523189703,11.765866051576651,14.462024199402151,82.66572950198528,operational,operational,2024-140M,2025-016T,False
2025-04-03 00:00:00+00:00,QQ_diff_launch,60392,62792,1,15.412261804512461,15.412261804512461,14.469865375624247,82.86358029987485,operational,ascent,2024-140P,2025-016H,False
2025-04-03 00:00:00+00:00,QQ_diff_launch,60394,61562,4,8.670460098027156,18.564102206722463,13.8053273474217,86.89679785031305,operational,operational,2024-140R,2024-185L,False
2025-04-03 00:00:00+00:00,QQ_same_launch,61558,61567,1,12.334716305359027,12.334716305359027,0.01341658944737684,78.59290552299011,stranded,stranded,2024-185G,2024-185R,False
2025-04-03 00:00:00+00:00,QQ_same_launch,62238,62246,1,19.74988486986529,19.74988486986529,0.01515491255087943,45.087222701137875,operational,operational,2024-232B,2024-232K,False
2025-04-03 00:00:00+00:00,QQ_same_launch,62242,62250,1,11.70081656255349,11.70081656255349,0.006773833581806598,47.31030510803909,operational,operational,2024-232F,2024-232P,False
2025-04-03 00:00:00+00:00,QQ_same_launch,62786,62790,1,14.182389262871983,14.182389262871983,0.0075682950080048165,29.826123340042386,ascent,ascent,2025-016B,2025-016F,False
2025-04-03 00:00:00+00:00,QQ_same_launch,62797,62799,1,12.053383776230147,12.053383776230147,0.005825776366802834,39.377568044368005,ascent,ascent,2025-016N,2025-016Q,False
2025-04-04 00:00:00+00:00,QQ_diff_launch,60382,62253,1,18.327159730753138,18.327159730753138,11.336974693532417,88.44271412465399,operational,ascent,2024-140D,2024-232S,False
2025-04-04 00:00:00+00:00,QQ_diff_launch,60384,62785,5,6.845955568716701,15.316377082726978,14.468164274762438,82.64931311442726,operational,operational,2024-140F,2025-016A,False
2025-04-04 00:00:00+00:00,QQ_diff_launch,60386,61569,1,7.395884438590782,7.395884438590782,13.815945529196446,86.85041176036142,operational,stranded,2024-140H,2024-185T,False
2025-04-04 00:00:00+00:00,QQ_diff_launch,60392,62802,2,10.662810246386275,11.075449495380475,14.463719306196204,82.84922976735744,operational,operational,2024-140P,2025-016T,False
2025-04-04 00:00:00+00:00,QQ_diff_launch,60393,62790,1,18.27330278457515,18.27330278457515,14.467493402941889,82.75812689375776,operational,ascent,2024-140Q,2025-016F,False
2025-04-04 00:00:00+00:00,QQ_diff_launch,60394,62792,2,17.150089998221194,17.72918450246202,14.467354736340447,82.87404675705827,operational,ascent,2024-140R,2025-016H,False
2025-04-04 00:00:00+00:00,QQ_diff_launch,62249,62785,1,14.49027645164984,14.49027645164984,7.566631287836603,88.85059739520872,operational,operational,2024-232N,2025-016A,False
2025-04-04 00:00:00+00:00,QQ_same_launch,61554,61560,1,11.626125137128517,11.626125137128517,0.0025627066618108324,13.399023874145467,stranded,stranded,2024-185C,2024-185J,False
2025-04-04 00:00:00+00:00,QQ_same_launch,62246,62250,1,14.877515680658702,14.877515680658702,0.007351085103851383,49.50328163319113,operational,operational,2024-232K,2024-232P,False
2025-04-04 00:00:00+00:00,QQ_same_launch,62253,62254,1,18.117728157875295,18.117728157875295,0.012542358742053495,77.66602584339763,ascent,operational,2024-232S,2024-232T,False
2025-04-04 00:00:00+00:00,QQ_same_launch,62788,62799,1,16.206218690661654,16.206218690661654,0.01035557861500177,69.68988024920915,ascent,ascent,2025-016D,2025-016Q,False
2025-04-04 00:00:00+00:00,QQ_same_launch,62794,62797,1,15.944439147554007,15.944439147554007,0.008546501612020588,13.704942540496551,ascent,ascent,2025-016K,2025-016N,False
2025-04-05 00:00:00+00:00,QQ_diff_launch,60388,62242,2,10.444565591339533,14.603626003537844,11.369995556440383,88.427528942268,operational,operational,2024-140K,2024-232F,False
2025-04-05 00:00:00+00:00,QQ_diff_launch,60388,62787,2,15.476482920180938,15.999815573396976,14.491391566507414,82.70435706300321,operational,operational,2024-140K,2025-016C,False
2025-04-05 00:00:00+00:00,QQ_diff_launch,60392,62790,1,16.548431740817794,16.548431740817794,14.469271340114027,82.92887047433271,operational,drift,2024-140P,2025-016F,False
2025-04-05 00:00:00+00:00,QQ_diff_launch,60395,62792,1,10.885579020337282,10.885579020337282,14.464499998104705,82.80193064545719,operational,ascent,2024-140S,2025-016H,False
2025-04-05 00:00:00+00:00,QQ_diff_launch,61569,62801,1,10.969436635827392,10.969436635827392,2.7670643145811717,88.96520617193683,stranded,ascent,2024-185T,2025-016S,False
2025-04-05 00:00:00+00:00,QQ_diff_launch,62245,62789,2,13.391681164981524,15.243239308369237,7.600606445767692,88.81148340112469,ascent,drift,2024-232J,2025-016E,False
2025-04-05 00:00:00+00:00,QQ_same_launch,61563,61565,1,12.818792866999239,12.818792866999239,0.00974222915158873,72.44304185628963,ascent,ascent,2024-185M,2024-185P,False
2025-04-05 00:00:00+00:00,QQ_same_launch,62242,62246,1,8.182680704452517,8.182680704452517,0.004518940594813375,72.58203279368296,operational,operational,2024-232F,2024-232K,False
2025-04-05 00:00:00+00:00,QQ_same_launch,62249,62253,1,15.485619103800087,15.485619103800087,0.011149321997453124,44.04993712109143,operational,ascent,2024-232N,2024-232S,False
2025-04-05 00:00:00+00:00,QQ_same_launch,62791,62795,1,2.640473355960851,2.640473355960851,0.0026092614946986946,72.36391107494583,ascent,ascent,2025-016G,2025-016L,False
2025-04-05 00:00:00+00:00,QQ_same_launch,62793,62796,1,7.963609449529969,7.963609449529969,0.00454685167180156,15.422716651740236,ascent,ascent,2025-016J,2025-016M,False
2025-04-06 00:00:00+00:00,QQ_diff_launch,60381,62792,2,12.737950721586511,15.125026082393283,14.47894712686181,82.86941640810096,operational,operational,2024-140C,2025-016H,False
2025-04-06 00:00:00+00:00,QQ_diff_launch,60384,61569,1,11.952049352532208,11.952049352532208,13.823329348406494,86.7793692270657,operational,stranded,2024-140F,2024-185T,False
2025-04-06 00:00:00+00:00,QQ_diff_launch,60387,62787,2,11.961023979283507,15.205104130886014,14.479457316186716,82.79362915372599,operational,operational,2024-140J,2025-016C,False
2025-04-06 00:00:00+00:00,QQ_diff_launch,60388,62242,1,9.157959324224967,9.157959324224967,11.357975026966372,88.41130923552323,operational,operational,2024-140K,2024-232F,False
2025-04-06 00:00:00+00:00,QQ_diff_launch,60394,62802,2,7.27855178873638,12.843087933470636,14.463795066711178,83.06465599290784,operational,operational,2024-140R,2025-016T,False
2025-04-06 00:00:00+00:00,QQ_diff_launch,61569,62785,1,18.687803434403627,18.687803434403627,2.7669963004130804,88.97032580672169,stranded,operational,2024-185T,2025-016A,False
2025-04-06 00:00:00+00:00,QQ_diff_launch,62242,62787,1,9.144894334392486,9.144894334392486,7.566288755480275,88.82966390689454,operational,operational,2024-232F,2025-016C,False
2025-04-06 00:00:00+00:00,QQ_same_launch,62252,62253,1,18.64741100531971,18.64741100531971,0.011962066538359087,38.555712908122956,operational,drift,2024-232R,2024-232S,False
2025-04-06 00:00:00+00:00,QQ_same_launch,62786,62788,1,12.376215525967963,12.376215525967963,0.00609813067918699,54.24965413133213,ascent,ascent,2025-016B,2025-016D,False
2025-04-06 00:00:00+00:00,QQ_same_launch,62786,62792,1,15.73501436550226,15.73501436550226,0.007797454515069077,36.24855166792313,ascent,operational,2025-016B,2025-016H,False
2025-04-06 00:00:00+00:00,QQ_same_launch,62788,62794,1,13.704733982917434,13.704733982917434,0.0063132450535806975,11.08570826411174,ascent,ascent,2025-016D,2025-016K,False
2025-04-06 00:00:00+00:00,QQ_same_launch,62793,62796,13,1.2868207569529884,4.252123535767368,0.004522139276623733,57.23127437674441,ascent,ascent,2025-016J,2025-016M,False
2025-04-07 00:00:00+00:00,QQ_diff_launch,60379,62801,1,19.424290699175735,19.424290699175735,14.473193715373538,82.97436065134502,operational,ascent,2024-140A,2025-016S,False
2025-04-07 00:00:00+00:00,QQ_diff_launch,60383,62787,1,19.859943868498416,19.859943868498416,14.49186693236863,82.716271258834,operational,operational,2024-140E,2025-016C,False
2025-04-07 00:00:00+00:00,QQ_diff_launch,60384,62249,2,4.825542285440017,5.496845480955093,11.341552655434118,88.40373369753041,operational,operational,2024-140F,2024-232N,False
2025-04-07 00:00:00+00:00,QQ_diff_launch,60395,62802,2,12.231706708897693,13.808797975325442,14.462751469527067,82.94123931783011,operational,operational,2024-140S,2025-016T,False
2025-04-07 00:00:00+00:00,QQ_diff_launch,61563,63162,1,16.952868321734275,16.952868321734275,12.766861624079056,87.94642291781676,ascent,ascent,2024-185M,2025-046D,False
2025-04-07 00:00:00+00:00,QQ_diff_launch,61563,63169,1,14.492495639923026,14.492495639923026,12.76189233407159,87.85432365240604,ascent,drift,2024-185M,2025-046L,False
2025-04-07 00:00:00+00:00,QQ_diff_launch,61568,62240,1,10.01678469914879,10.01678469914879,5.1077337586361224,88.92821227004532,stranded,stranded,2024-185S,2024-232D,False
2025-04-07 00:00:00+00:00,QQ_diff_launch,62242,62800,1,19.2411177526398,19.2411177526398,7.575950474582219,88.81246205395067,operational,ascent,2024-232F,2025-016R,False
2025-04-07 00:00:00+00:00,QQ_diff_launch,62249,62785,1,11.847524960883856,11.847524960883856,7.575511665301378,88.78951564124674,operational,operational,2024-232N,2025-016A,False
2025-04-07 00:00:00+00:00,QQ_same_launch,62244,62246,1,14.869020864887304,14.869020864887304,0.006528926169356828,0.9230061035605092,operational,operational,2024-232H,2024-232K,False
2025-04-07 00:00:00+00:00,QQ_same_launch,63162,63169,1,9.919795713924891,9.919795713924891,0.004720989049822808,43.521719849492115,ascent,drift,2025-046D,2025-046L,False
2025-04-08 00:00:00+00:00,QQ_diff_launch,60379,61569,1,18.11042567142749,18.11042567142749,13.815707413058666,87.05721163111723,operational,stranded,2024-140A,2024-185T,False
2025-04-08 00:00:00+00:00,QQ_diff_launch,60381,62802,2,12.49857460356722,14.953723909389979,14.479355469966354,82.88724647380218,operational,operational,2024-140C,2025-016T,False
2025-04-08 00:00:00+00:00,QQ_diff_launch,60383,62246,1,17.323719603691643,17.323719603691643,11.311993920233153,88.45964338908847,operational,operational,2024-140E,2024-232K,False
2025-04-08 00:00:00+00:00,QQ_diff_launch,60383,62787,2,12.116961190527142,15.14296005923867,14.466847266919693,82.96455088428324,operational,operational,2024-140E,2025-016C,False
2025-04-08 00:00:00+00:00,QQ_diff_launch,60389,62792,2,14.605785488341441,15.150756826121182,14.476845066764172,82.91382822212401,operational,operational,2024-140L,2025-016H,False
2025-04-08 00:00:00+00:00,QQ_diff_launch,61569,62789,1,15.075231808027251,15.075231808027251,2.766040426438351,88.95641111061092,stranded,ascent,2024-185T,2025-016E,False
2025-04-08 00:00:00+00:00,QQ_same_launch,62787,62800,1,9.851596816789403,9.851596816789403,0.007464011590869551,58.63547332738914,operational,ascent,2025-016C,2025-016R,False
2025-04-08 00:00:00+00:00,QQ_same_launch,62790,62802,2,6.772248767919226,8.532056303039663,0.008811908847461317,63.844800648885496,ascent,operational,2025-016F,2025-016T,False
2025-04-08 00:00:00+00:00,QQ_same_launch,63172,63173,1,7.26881549624248,7.26881549624248,0.003898054677447499,20.292126762501095,drift,drift,2025-046P,2025-046Q,False
2025-04-09 00:00:00+00:00,QQ_diff_launch,60380,62792,2,12.378406343289345,15.129618564486757,14.481650041411742,82.80512283900688,operational,operational,2024-140B,2025-016H,False
2025-04-09 00:00:00+00:00,QQ_diff_launch,60393,62787,3,11.115513740047373,14.486825340220648,14.493951745668976,82.80428490511288,operational,operational,2024-140Q,2025-016C,False
2025-04-09 00:00:00+00:00,QQ_diff_launch,60394,61562,3,11.95175382081421,13.864344570695165,13.800269980542625,86.96233833909422,operational,operational,2024-140R,2024-185L,False
2025-04-09 00:00:00+00:00,QQ_diff_launch,62246,62800,1,7.222596723827289,7.222596723827289,7.576284815208355,88.81260719422788,operational,drift,2024-232K,2025-016R,False
2025-04-09 00:00:00+00:00,QQ_diff_launch,62253,62789,1,13.538792086362239,13.538792086362239,7.582424785404065,88.85323220907625,drift,ascent,2024-232S,2025-016E,False
2025-04-09 00:00:00+00:00,QQ_same_launch,61552,61553,1,19.37134227653915,19.37134227653915,0.0105420757107204,34.885299583259005,stranded,stranded,2024-185A,2024-185B,False
2025-04-09 00:00:00+00:00,QQ_same_launch,61554,61557,2,6.216892755539027,9.349211699443611,0.009208037004953006,33.72774000923192,stranded,stranded,2024-185C,2024-185F,False
2025-04-09 00:00:00+00:00,QQ_same_launch,62245,62253,1,14.726292246079973,14.726292246079973,0.008194787132393836,50.447711928590934,ascent,drift,2024-232J,2024-232S,False
2025-04-09 00:00:00+00:00,QQ_same_launch,62250,62253,1,18.26603482293915,18.26603482293915,0.013384736812854122,49.063759926820666,operational,drift,2024-232P,2024-232S,False
2025-04-09 00:00:00+00:00,QQ_same_launch,62790,62802,3,7.187235903244176,7.311095595806592,0.010452251791937709,46.17997537149821,ascent,operational,2025-016F,2025-016T,False
2025-04-09 00:00:00+00:00,QQ_same_launch,62794,62795,1,17.509784983539376,17.509784983539376,0.009961052509251651,86.27566963368963,ascent,drift,2025-016K,2025-016L,False
2025-04-09 00:00:00+00:00,QQ_same_launch,63165,63169,1,15.190948354517646,15.190948354517646,0.007783917709789072,20.672410389723726,drift,ascent,2025-046G,2025-046L,False
2025-04-10 00:00:00+00:00,QQ_diff_launch,60384,62249,23,1.5259218542645474,7.427540843130475,11.350356154668376,88.41544615548113,operational,operational,2024-140F,2024-232N,True
2025-04-10 00:00:00+00:00,QQ_diff_launch,60388,61569,1,17.256814669332517,17.256814669332517,13.833342776867266,86.75864348167906,operational,stranded,2024-140K,2024-185T,False
2025-04-10 00:00:00+00:00,QQ_diff_launch,60389,62790,3,13.734398857008859,16.89526245794775,14.490176984466046,83.01753697745356,operational,operational,2024-140L,2025-016F,False
2025-04-10 00:00:00+00:00,QQ_diff_launch,60389,62802,3,15.609745202219917,16.31904317690603,14.461387359734317,82.74503677370505,operational,operational,2024-140L,2025-016T,False
2025-04-10 00:00:00+00:00,QQ_diff_launch,60390,62246,1,19.26871303547862,19.26871303547862,11.306894204790458,88.4666303945695,operational,operational,2024-140M,2024-232K,False
2025-04-10 00:00:00+00:00,QQ_diff_launch,60391,62792,2,14.871840701517163,15.542765857780797,14.476758142572537,83.00183000284517,operational,operational,2024-140N,2025-016H,False
2025-04-10 00:00:00+00:00,QQ_diff_launch,60393,62787,3,8.448388031985248,14.187440906631466,14.46053106187008,83.14884341715977,operational,operational,2024-140Q,2025-016C,False
2025-04-10 00:00:00+00:00,QQ_diff_launch,60394,61562,12,8.297846843630953,13.086390827895936,13.836133807100953,86.81852353037486,operational,operational,2024-140R,2024-185L,False
2025-04-10 00:00:00+00:00,QQ_same_launch,62242,62253,1,18.82465113803055,18.82465113803055,0.009471139869840278,22.836477828427824,operational,drift,2024-232F,2024-232S,False
2025-04-10 00:00:00+00:00,QQ_same_launch,62245,62253,1,13.997394784751679,13.997394784751679,0.006709844223731314,12.738667448422147,ascent,drift,2024-232J,2024-232S,False
2025-04-10 00:00:00+00:00,QQ_same_launch,62787,62801,1,19.169142585435196,19.169142585435196,0.01243055665444897,85.10819098377048,operational,drift,2025-016C,2025-016S,False
2025-04-10 00:00:00+00:00,QQ_same_launch,62791,62794,1,18.14625245186069,18.14625245186069,0.009858068706771871,35.04779965180492,drift,ascent,2025-016G,2025-016K,False
2025-04-10 00:00:00+00:00,QQ_same_launch,63166,63171,1,19.98812955306528,19.98812955306528,0.010037218358912518,25.318605887939473,drift,drift,2025-046H,2025-046N,False
2025-04-10 00:00:00+00:00,QQ_same_launch,63168,63173,1,8.005873554672709,8.005873554672709,0.0038145899618602518,17.63428775653761,ascent,ascent,2025-046K,2025-046Q,False
2025-04-10 00:00:00+00:00,QQ_same_launch,63171,63174,1,19.743541969820882,19.743541969820882,0.010014750426645593,11.558430191993937,drift,drift,2025-046N,2025-046R,False
2025-04-11 00:00:00+00:00,QQ_diff_launch,60380,62802,3,13.061571230224558,17.766223720319367,14.49943424559756,82.87266177151422,operational,operational,2024-140B,2025-016T,False
2025-04-11 00:00:00+00:00,QQ_diff_launch,60384,62249,5,9.384165870915844,14.840205707056858,11.328997770276617,88.3265254592882,operational,operational,2024-140F,2024-232N,False
2025-04-11 00:00:00+00:00,QQ_diff_launch,60387,61569,1,14.511418422198181,14.511418422198181,13.809101540883391,86.80024452273655,operational,stranded,2024-140J,2024-185T,False
2025-04-11 00:00:00+00:00,QQ_diff_launch,60388,62791,1,18.808555619322053,18.808555619322053,14.51334153485578,82.38982287651108,operational,drift,2024-140K,2025-016G,False
2025-04-11 00:00:00+00:00,QQ_diff_launch,61559,63176,1,9.450962509180576,9.450962509180576,12.773396446012221,87.97398422387054,stranded,ascent,2024-185H,2025-046T,False
2025-04-11 00:00:00+00:00,QQ_diff_launch,61569,62244,1,16.83958552755491,16.83958552755491,5.05327243165276,88.92989470984757,stranded,operational,2024-185T,2024-232H,False
2025-04-11 00:00:00+00:00,QQ_diff_launch,62241,63167,1,18.469670435739236,18.469670435739236,9.489004314531362,88.62108326491159,ascent,drift,2024-232E,2025-046J,False
2025-04-11 00:00:00+00:00,QQ_diff_launch,62245,62789,2,10.117478878142913,14.145897608920016,7.585356847343988,88.78717012606003,ascent,ascent,2024-232J,2025-016E,False
2025-04-11 00:00:00+00:00,QQ_diff_launch,62249,62785,12,2.9742787603357193,11.078480843785702,7.573976826838326,88.81794953061612,operational,operational,2024-232N,2025-016A,False
2025-04-11 00:00:00+00:00,QQ_same_launch,62244,62253,1,17.571945795657076,17.571945795657076,0.016341954706785934,61.55058987218485,operational,drift,2024-232H,2024-232S,False
2025-04-11 00:00:00+00:00,QQ_same_launch,62789,62799,1,19.162178128016453,19.162178128016453,0.013805150473603752,24.63075175192576,ascent,ascent,2025-016E,2025-016Q,False
2025-04-11 00:00:00+00:00,QQ_same_launch,62791,62794,1,7.8325756080608375,7.8325756080608375,0.0073427960636469865,58.14124176414288,drift,ascent,2025-016G,2025-016K,False
2025-04-11 00:00:00+00:00,QQ_same_launch,63159,63162,1,19.35981165325666,19.35981165325666,0.009601508750124037,81.29362086067106,drift,ascent,2025-046A,2025-046D,False
2025-04-11 00:00:00+00:00,QQ_same_launch,63160,63166,1,18.266728592364803,18.266728592364803,0.009131579307268508,66.22683706429208,drift,drift,2025-046B,2025-046H,False
2025-04-11 00:00:00+00:00,QQ_same_launch,63160,63174,1,19.100597448729008,19.100597448729008,0.01006177458226352,39.00684822175566,drift,drift,2025-046B,2025-046R,False
2025-04-11 00:00:00+00:00,QQ_same_launch,63163,63171,1,19.215881927235056,19.215881927235056,0.010008527354878288,59.34234420319133,stranded,drift,2025-046E,2025-046N,False
2025-04-11 00:00:00+00:00,QQ_same_launch,63166,63174,1,0.4010071768847414,0.4010071768847414,0.00016007550623894733,39.85931403225677,drift,drift,2025-046H,2025-046R,False
2025-04-11 00:00:00+00:00,QQ_same_launch,63168,63173,1,5.457945961024495,5.457945961024495,0.0027505743489826735,31.47242468417453,ascent,drift,2025-046K,2025-046Q,False
2025-04-12 00:00:00+00:00,QQ_diff_launch,60380,62798,1,18.14655195274404,18.14655195274404,14.501549078027834,82.81389914227616,operational,drift,2024-140B,2025-016P,False
2025-04-12 00:00:00+00:00,QQ_diff_launch,60383,61569,1,18.215073579205278,18.215073579205278,13.810736351882987,86.71110567982383,operational,stranded,2024-140E,2024-185T,False
2025-04-12 00:00:00+00:00,QQ_diff_launch,60383,62253,1,19.618870902807423,19.618870902807423,11.324976966594734,88.4062342971676,operational,drift,2024-140E,2024-232S,False
2025-04-12 00:00:00+00:00,QQ_diff_launch,60391,62802,2,13.357834522616118,14.833099539719946,14.477162618660806,82.85547473544895,operational,operational,2024-140N,2025-016T,False
2025-04-12 00:00:00+00:00,QQ_diff_launch,60393,62789,1,16.041293976078894,16.041293976078894,14.496029504348888,82.72274185083523,operational,drift,2024-140Q,2025-016E,False
2025-04-12 00:00:00+00:00,QQ_diff_launch,60396,62792,2,10.377457267820736,14.210740305780195,14.500991274702942,82.8513603241058,operational,operational,2024-140T,2025-016H,False
2025-04-12 00:00:00+00:00,QQ_diff_launch,61555,63159,4,8.91899995564114,10.186638271622794,12.810963651059321,87.9229815995422,stranded,drift,2024-185D,2025-046A,False
2025-04-12 00:00:00+00:00,QQ_diff_launch,61566,63160,1,13.572740005752113,13.572740005752113,12.862780833265116,87.8855968835203,drift,drift,2024-185Q,2025-046B,False
2025-04-12 00:00:00+00:00,QQ_diff_launch,62249,62785,1,5.9652213095364655,5.9652213095364655,7.561760339114293,88.8179971873057,operational,operational,2024-232N,2025-016A,False
2025-04-12 00:00:00+00:00,QQ_same_launch,61554,61556,1,15.959108436069132,15.959108436069132,0.03481686609512175,87.02439575974046,stranded,stranded,2024-185C,2024-185E,False
2025-04-12 00:00:00+00:00,QQ_same_launch,62246,62248,1,17.082293013935814,17.082293013935814,0.008977802698612347,62.183963136793835,operational,operational,2024-232K,2024-232M,False
2025-04-12 00:00:00+00:00,QQ_same_launch,62787,62789,1,19.303354534952195,19.303354534952195,0.012662206376866261,61.37601340712579,operational,drift,2025-016C,2025-016E,False
2025-04-12 00:00:00+00:00,QQ_same_launch,62790,62798,1,19.457966725520095,19.457966725520095,0.009579559327617795,33.881865854238455,operational,drift,2025-016F,2025-016P,False
2025-04-12 00:00:00+00:00,QQ_same_launch,63160,63163,1,18.902727893442115,18.902727893442115,0.010089323428666919,9.254753465481189,drift,stranded,2025-046B,2025-046E,False
2025-04-12 00:00:00+00:00,QQ_same_launch,63166,63174,1,0.5151677937454778,0.5151677937454778,0.00032631086572291,77.2507821743594,drift,drift,2025-046H,2025-046R,False
2025-04-13 00:00:00+00:00,QQ_diff_launch,60383,62794,1,17.882017914809996,17.882017914809996,14.490782689039333,82.71581831191747,operational,ascent,2024-140E,2025-016K,False
2025-04-13 00:00:00+00:00,QQ_diff_launch,60386,62792,2,10.03639710141766,14.783274819596626,14.494204820074412,83.01553013074127,operational,operational,2024-140H,2025-016H,False
2025-04-13 00:00:00+00:00,QQ_diff_launch,60388,62788,1,18.12624282103163,18.12624282103163,14.513168822645076,82.83545008455712,operational,drift,2024-140K,2025-016D,False
2025-04-13 00:00:00+00:00,QQ_diff_launch,60390,62789,1,16.299634745476627,16.299634745476627,14.492707393042856,82.81365562752369,operational,drift,2024-140M,2025-016E,False
2025-04-13 00:00:00+00:00,QQ_diff_launch,60393,61569,1,16.422164138358866,16.422164138358866,13.809843084450591,86.80135797145073,operational,stranded,2024-140Q,2024-185T,False
2025-04-13 00:00:00+00:00,QQ_diff_launch,60393,62253,1,17.48673610463902,17.48673610463902,11.333173055891212,88.4286888414963,operational,drift,2024-140Q,2024-232S,False
2025-04-13 00:00:00+00:00,QQ_diff_launch,60393,62791,1,19.764335180780165,19.764335180780165,14.498506467060487,82.69050298920688,operational,ascent,2024-140Q,2025-016G,False
2025-04-13 00:00:00+00:00,QQ_diff_launch,60394,62246,1,18.990423690476284,18.990423690476284,11.327493455901985,88.4283149246177,operational,operational,2024-140R,2024-232K,False
2025-04-13 00:00:00+00:00,QQ_diff_launch,61569,62253,8,1.8849448175930157,9.026092382053676,5.0847995469101885,88.9135000495441,stranded,drift,2024-185T,2024-232S,False
2025-04-13 00:00:00+00:00,QQ_diff_launch,62246,62801,1,17.068018590419992,17.068018590419992,7.5620889788168,88.80041126658745,operational,drift,2024-232K,2025-016S,False
2025-04-13 00:00:00+00:00,QQ_same_launch,62789,62799,1,8.273750579366162,8.273750579366162,0.008503664110187735,50.62139757498584,drift,drift,2025-016E,2025-016Q,False
2025-04-14 00:00:00+00:00,QQ_diff_launch,60380,62800,1,16.320468501683855,16.320468501683855,14.500849376337584,82.65930619020271,operational,ascent,2024-140B,2025-016R,False
2025-04-14 00:00:00+00:00,QQ_diff_launch,60381,62801,1,19.930118999727057,19.930118999727057,14.497882013980844,82.95909525422715,operational,drift,2024-140C,2025-016S,False
2025-04-14 00:00:00+00:00,QQ_diff_launch,60382,62792,2,9.513087299543308,12.486343825992426,14.497138887547774,82.68070413562567,operational,operational,2024-140D,2025-016H,False
2025-04-14 00:00:00+00:00,QQ_diff_launch,60388,62786,1,17.694471091435844,17.694471091435844,14.513874673800615,82.81490397970765,operational,drift,2024-140K,2025-016B,False
2025-04-14 00:00:00+00:00,QQ_diff_launch,60389,62800,1,18.61575034315263,18.61575034315263,14.494654972405732,82.74409636747328,operational,ascent,2024-140L,2025-016R,False
2025-04-14 00:00:00+00:00,QQ_diff_launch,60392,62245,1,19.51149454762837,19.51149454762837,11.294453412535352,88.41825575869922,operational,ascent,2024-140P,2024-232J,False
2025-04-14 00:00:00+00:00,QQ_diff_launch,60392,62789,1,15.839507772098944,15.839507772098944,14.491840065812491,82.80777745808527,operational,ascent,2024-140P,2025-016E,False
2025-04-14 00:00:00+00:00,QQ_diff_launch,60393,62794,2,9.8143054362784,14.86160491499265,14.492410696844907,82.67278149596655,operational,ascent,2024-140Q,2025-016K,False
2025-04-14 00:00:00+00:00,QQ_diff_launch,60396,62798,1,16.53997229427215,16.53997229427215,14.505228438543869,82.61828975094055,operational,drift,2024-140T,2025-016P,False
2025-04-14 00:00:00+00:00,QQ_diff_launch,60396,62802,2,8.68320704764161,13.309599944939876,14.502651027224111,82.50462298440202,operational,operational,2024-140T,2025-016T,False
2025-04-14 00:00:00+00:00,QQ_diff_launch,61569,62253,2,10.619294782579273,15.01398283097162,5.0698807193825015,88.93542381921694,stranded,drift,2024-185T,2024-232S,False
2025-04-14 00:00:00+00:00,QQ_diff_launch,62253,62791,1,6.057528766430181,6.057528766430181,7.586793173835458,88.83473199226418,drift,ascent,2024-232S,2025-016G,False
2025-04-14 00:00:00+00:00,QQ_same_launch,62246,62247,1,14.661047812154301,14.661047812154301,0.010986739037217252,70.39693856684454,operational,operational,2024-232K,2024-232L,False
2025-04-14 00:00:00+00:00,QQ_same_launch,62787,62794,1,18.609568938933375,18.609568938933375,0.01813357483580761,86.31161783472324,operational,ascent,2025-016C,2025-016K,False
2025-04-14 00:00:00+00:00,QQ_same_launch,62791,62793,1,16.169430434221113,16.169430434221113,0.009174551957034396,27.648437761995204,ascent,ascent,2025-016G,2025-016J,False
2025-04-14 00:00:00+00:00,QQ_same_launch,62793,62794,1,17.81382714410422,17.81382714410422,0.007049289066163164,23.706225393027037,ascent,ascent,2025-016J,2025-016K,False
2025-04-14 00:00:00+00:00,QQ_same_launch,62798,62802,1,13.363203294298156,13.363203294298156,0.00883440571085089,51.0403619418465,drift,operational,2025-016P,2025-016T,False
2025-04-15 00:00:00+00:00,QQ_diff_launch,60386,62798,1,18.52821894147566,18.52821894147566,14.49871580227242,82.62189894522821,operational,ascent,2024-140H,2025-016P,False
2025-04-15 00:00:00+00:00,QQ_diff_launch,60386,62802,2,8.751189968204459,13.079728934682347,14.495727211098115,82.96279426487405,operational,operational,2024-140H,2025-016T,False
2025-04-15 00:00:00+00:00,QQ_diff_launch,60388,62797,1,13.904804208837495,13.904804208837495,14.508727631914184,82.19459439723357,operational,operational,2024-140K,2025-016N,False
2025-04-15 00:00:00+00:00,QQ_diff_launch,60391,62800,1,16.95910390618905,16.95910390618905,14.490840692803005,83.11939460211194,operational,ascent,2024-140N,2025-016R,False
2025-04-15 00:00:00+00:00,QQ_diff_launch,60394,62789,1,15.582241952076476,15.582241952076476,14.49001616331125,82.67536621120267,operational,ascent,2024-140R,2025-016E,False
2025-04-15 00:00:00+00:00,QQ_diff_launch,62245,62799,1,19.29650716851058,19.29650716851058,7.5697004541928665,88.79931376695878,ascent,drift,2024-232J,2025-016Q,False
2025-04-15 00:00:00+00:00,QQ_diff_launch,62250,62797,1,16.451579641904086,16.451579641904086,7.562245900684345,88.7787514495812,operational,operational,2024-232P,2025-016N,False
2025-04-15 00:00:00+00:00,QQ_same_launch,62787,62794,1,13.359416327203412,13.359416327203412,0.016484885582646984,87.87500168224337,operational,operational,2025-016C,2025-016K,False
2025-04-15 00:00:00+00:00,QQ_same_launch,62796,62799,1,19.21188753784021,19.21188753784021,0.009908345210861366,83.33700388378546,ascent,drift,2025-016M,2025-016Q,False
2025-04-15 00:00:00+00:00,QQ_same_launch,63165,63175,1,16.60568317633905,16.60568317633905,0.009726136435213887,78.55338489246931,ascent,ascent,2025-046G,2025-046S,False
2025-04-16 00:00:00+00:00,QQ_diff_launch,60381,62799,1,18.12630625867935,18.12630625867935,14.49540782102439,83.06875341467268,operational,drift,2024-140C,2025-016Q,False
2025-04-16 00:00:00+00:00,QQ_diff_launch,60382,62798,1,10.279281371174163,10.279281371174163,14.498805873779027,82.85339906264753,operational,ascent,2024-140D,2025-016P,False
2025-04-16 00:00:00+00:00,QQ_diff_launch,60384,62792,2,6.859154695597942,13.19051757095847,14.498547594171946,82.49237654656685,operational,operational,2024-140F,2025-016H,False
2025-04-16 00:00:00+00:00,QQ_diff_launch,60388,62797,2,7.376927885053088,7.795038650301738,14.506626015168553,82.57433250946025,operational,operational,2024-140K,2025-016N,False
2025-04-16 00:00:00+00:00,QQ_diff_launch,60390,62794,3,6.056557066431796,12.913987050339147,14.487413488701598,82.96053852647903,operational,operational,2024-140M,2025-016K,False
2025-04-16 00:00:00+00:00,QQ_diff_launch,60391,62800,3,6.950944390711115,11.55326349209786,14.486111750200408,82.99553809510299,operational,operational,2024-140N,2025-016R,False
2025-04-16 00:00:00+00:00,QQ_diff_launch,60392,62253,1,12.460777865629133,12.460777865629133,11.294278394916244,88.40299014963503,operational,drift,2024-140P,2024-232S,False
2025-04-16 00:00:00+00:00,QQ_diff_launch,60392,62791,1,12.226913240838938,12.226913240838938,14.491429781051822,82.91260475195301,operational,ascent,2024-140P,2025-016G,False
2025-04-16 00:00:00+00:00,QQ_diff_launch,61554,62243,1,14.755793579836457,14.755793579836457,5.1018102681433675,88.93069247265224,stranded,stranded,2024-185C,2024-232G,False
2025-04-16 00:00:00+00:00,QQ_diff_launch,61565,62796,2,14.040173316298691,15.947693910008793,2.807813141950265,88.96248290538966,ascent,ascent,2024-185P,2025-016M,False
2025-04-16 00:00:00+00:00,QQ_diff_launch,61566,63163,10,9.271932196222364,12.939338754943428,12.871678819346647,87.91090758907814,drift,stranded,2024-185Q,2025-046E,False
2025-04-16 00:00:00+00:00,QQ_diff_launch,61569,62248,1,17.225856641017042,17.225856641017042,5.0544719689981665,88.92105358220007,stranded,operational,2024-185T,2024-232M,False
2025-04-16 00:00:00+00:00,QQ_same_launch,62248,62253,1,19.59583057449196,19.59583057449196,0.013167664267990998,43.26606832458688,operational,drift,2024-232M,2024-232S,False
2025-04-16 00:00:00+00:00,QQ_same_launch,62785,62792,1,19.021965376142585,19.021965376142585,0.00940112601286062,19.234257299771254,operational,operational,2025-016A,2025-016H,False
2025-04-16 00:00:00+00:00,QQ_same_launch,63168,63173,1,9.232497775113572,9.232497775113572,0.0038786849650747335,67.44236152850677,ascent,ascent,2025-046K,2025-046Q,False
2025-04-17 00:00:00+00:00,QQ_diff_launch,60382,62802,3,4.410323349214871,10.412086562930874,14.496240910861541,82.64323322736868,operational,operational,2024-140D,2025-016T,False
2025-04-17 00:00:00+00:00,QQ_diff_launch,60384,62798,1,10.876449861475624,10.876449861475624,14.500085133213425,82.59879429498305,operational,ascent,2024-140F,2025-016P,False
2025-04-17 00:00:00+00:00,QQ_diff_launch,60389,62799,1,19.647141695505763,19.647141695505763,14.49380873916011,83.2355725703814,operational,drift,2024-140L,2025-016Q,False
2025-04-17 00:00:00+00:00,QQ_diff_launch,60391,62801,1,15.88155463851797,15.88155463851797,14.49230292314638,83.14866832198996,operational,ascent,2024-140N,2025-016S,False
2025-04-17 00:00:00+00:00,QQ_diff_launch,60394,61569,2,14.8842549461746,17.325543072914748,13.824706361066077,86.84566606113124,operational,stranded,2024-140R,2024-185T,False
2025-04-17 00:00:00+00:00,QQ_diff_launch,60394,62791,2,12.600087457526332,14.028977493118592,14.48924780665267,82.85352665908756,operational,ascent,2024-140R,2025-016G,False
2025-04-17 00:00:00+00:00,QQ_diff_launch,60394,62795,1,10.796398389900407,10.796398389900407,14.489958800105644,82.91402154643059,operational,ascent,2024-140R,2025-016L,False
2025-04-17 00:00:00+00:00,QQ_diff_launch,60395,62789,2,7.458006986760194,9.546541803591097,14.487824789618747,82.9691682555854,operational,operational,2024-140S,2025-016E,False
2025-04-17 00:00:00+00:00,QQ_diff_launch,60396,62800,1,8.126499261509823,8.126499261509823,14.49821605415885,82.48149142004014,operational,operational,2024-140T,2025-016R,False
2025-04-17 00:00:00+00:00,QQ_diff_launch,61566,63163,2,13.789656739559419,15.681306084941351,12.822478045845696,88.01024195575258,drift,stranded,2024-185Q,2025-046E,False
2025-04-17 00:00:00+00:00,QQ_diff_launch,62239,62801,1,14.033816386906606,14.033816386906606,7.567068092626219,88.84071768690218,operational,ascent,2024-232C,2025-016S,False
2025-04-17 00:00:00+00:00,QQ_diff_launch,62242,62797,1,17.324748862235925,17.324748862235925,7.564975245413599,88.85701548253905,operational,operational,2024-232F,2025-016N,False
2025-04-17 00:00:00+00:00,QQ_diff_launch,62251,62800,1,18.159870528452824,18.159870528452824,7.566120567976656,88.85951158287283,operational,operational,2024-232Q,2025-016R,False
2025-04-17 00:00:00+00:00,QQ_diff_launch,62252,62792,1,7.661510584278343,7.661510584278343,7.567391470430916,88.80734484449542,operational,operational,2024-232R,2025-016H,False
2025-04-17 00:00:00+00:00,QQ_diff_launch,62255,63162,1,19.56652270032675,19.56652270032675,9.450351805273671,88.62839522916393,drift,ascent,2024-232U,2025-046D,False
2025-04-17 00:00:00+00:00,QQ_diff_launch,62799,63161,1,10.49100199723529,10.49100199723529,13.872473035172758,86.80630329130585,drift,ascent,2025-016Q,2025-046C,False
2025-04-17 00:00:00+00:00,QQ_same_launch,61557,61568,1,16.617427083347035,16.617427083347035,0.012562818985727952,41.50923482589448,stranded,stranded,2024-185F,2024-185S,False
2025-04-17 00:00:00+00:00,QQ_same_launch,62788,62794,1,18.24989578951859,18.24989578951859,0.009701832947757035,86.14494785515345,drift,operational,2025-016D,2025-016K,False
2025-04-17 00:00:00+00:00,QQ_same_launch,62796,62801,1,17.89871208910806,17.89871208910806,0.010575047379778543,66.79378742980805,ascent,ascent,2025-016M,2025-016S,False
2025-04-17 00:00:00+00:00,QQ_same_launch,63166,63167,1,15.29587424522021,15.29587424522021,0.008316636857237963,72.33818149978846,ascent,drift,2025-046H,2025-046J,False
2025-04-17 00:00:00+00:00,QQ_same_launch,63166,63174,1,2.6709404722686525,2.6709404722686525,0.0013247075637552398,27.10570914114511,ascent,ascent,2025-046H,2025-046R,False
2025-04-17 00:00:00+00:00,QQ_same_launch,63167,63174,1,17.602978634800966,17.602978634800966,0.009118459911050567,56.007073618966025,drift,ascent,2025-046J,2025-046R,False
2025-04-17 00:00:00+00:00,QQ_same_launch,63169,63175,1,16.070421210872976,16.070421210872976,0.0077501731663534405,25.877914686166612,ascent,ascent,2025-046L,2025-046S,False
2025-04-18 00:00:00+00:00,QQ_diff_launch,60379,62792,1,9.564479174276164,9.564479174276164,14.490845651579527,82.66215745957942,operational,operational,2024-140A,2025-016H,False
2025-04-18 00:00:00+00:00,QQ_diff_launch,60380,62793,1,18.00537948139424,18.00537948139424,14.501298990427149,82.49313827282005,operational,ascent,2024-140B,2025-016J,False
2025-04-18 00:00:00+00:00,QQ_diff_launch,60391,62799,1,16.001286978703934,16.001286978703934,14.491668471242079,82.9987221825654,operational,drift,2024-140N,2025-016Q,False
2025-04-18 00:00:00+00:00,QQ_diff_launch,60395,61569,1,17.403623754713202,17.403623754713202,13.843223352140505,86.9433568408834,operational,stranded,2024-140S,2024-185T,False
2025-04-18 00:00:00+00:00,QQ_diff_launch,60395,62791,2,7.189990483337109,10.973317059733118,14.489594619912793,82.79652080288815,operational,operational,2024-140S,2025-016G,False
2025-04-18 00:00:00+00:00,QQ_diff_launch,60395,62795,1,9.737654867583798,9.737654867583798,14.49101998742776,82.77171608742658,operational,ascent,2024-140S,2025-016L,False
2025-04-18 00:00:00+00:00,QQ_diff_launch,60396,62800,1,7.277276308817468,7.277276308817468,14.498107414955527,82.89814057508478,operational,operational,2024-140T,2025-016R,False
2025-04-18 00:00:00+00:00,QQ_diff_launch,60396,62801,2,7.306426498808046,13.321494906523224,14.501752778136623,82.89733462567825,operational,ascent,2024-140T,2025-016S,False
2025-04-18 00:00:00+00:00,QQ_diff_launch,61566,63167,1,7.85622348048758,7.85622348048758,12.862257511361737,87.95544926749349,drift,drift,2024-185Q,2025-046J,False
2025-04-18 00:00:00+00:00,QQ_diff_launch,61569,62789,1,7.251294317946661,7.251294317946661,2.758626493536424,88.96567698682956,stranded,operational,2024-185T,2025-016E,False
2025-04-18 00:00:00+00:00,QQ_diff_launch,62238,62792,1,14.624291822501652,14.624291822501652,7.556045969154596,88.78476624879646,operational,operational,2024-232B,2025-016H,False
2025-04-18 00:00:00+00:00,QQ_diff_launch,62248,62788,1,17.14492864477865,17.14492864477865,7.567766074735569,88.83733786916704,operational,ascent,2024-232M,2025-016D,False
2025-04-18 00:00:00+00:00,QQ_diff_launch,62249,62802,1,7.940755964711368,7.940755964711368,7.571182414071827,88.79946082875092,operational,operational,2024-232N,2025-016T,False
2025-04-18 00:00:00+00:00,QQ_diff_launch,62252,62798,1,15.323792877739384,15.323792877739384,7.565882958814368,88.7848059785994,operational,ascent,2024-232R,2025-016P,False
2025-04-18 00:00:00+00:00,QQ_diff_launch,62796,63161,1,9.341884643352063,9.341884643352063,13.876980847196135,86.88598493497202,ascent,ascent,2025-016M,2025-046C,False
2025-04-18 00:00:00+00:00,QQ_same_launch,63161,63169,1,16.131979158174637,16.131979158174637,0.008335749011563828,68.21842139140637,ascent,ascent,2025-046C,2025-046L,False
2025-04-18 00:00:00+00:00,QQ_same_launch,63163,63167,1,17.480871683800558,17.480871683800558,0.00933535212684607,82.77124837628334,stranded,drift,2025-046E,2025-046J,False
2025-04-19 00:00:00+00:00,QQ_diff_launch,60379,62792,1,15.363053288471965,15.363053288471965,14.490660107731417,83.20322130517975,operational,operational,2024-140A,2025-016H,False
2025-04-19 00:00:00+00:00,QQ_diff_launch,60379,62798,2,9.619530735850702,10.595123756243794,14.490054743532035,82.81495644628043,operational,operational,2024-140A,2025-016P,False
2025-04-19 00:00:00+00:00,QQ_diff_launch,60380,62246,1,15.80791826515058,15.80791826515058,11.314875635157243,88.40170950607322,operational,operational,2024-140B,2024-232K,False
2025-04-19 00:00:00+00:00,QQ_diff_launch,60384,62802,3,4.767142578796295,9.688308464513117,14.497351942657234,82.56886393270676,operational,operational,2024-140F,2025-016T,False
2025-04-19 00:00:00+00:00,QQ_diff_launch,60386,62800,3,2.6872956479055166,13.421585418510126,14.492186678964565,82.8884425357434,operational,operational,2024-140H,2025-016R,False
2025-04-19 00:00:00+00:00,QQ_diff_launch,60389,62245,1,9.691581709449295,9.691581709449295,11.280972305270232,88.41501013488639,operational,operational,2024-140L,2024-232J,False
2025-04-19 00:00:00+00:00,QQ_diff_launch,60391,62793,1,19.278526960048058,19.278526960048058,14.49302525388291,83.20529089800432,operational,ascent,2024-140N,2025-016J,False
2025-04-19 00:00:00+00:00,QQ_diff_launch,60395,62253,1,19.27531350385615,19.27531350385615,11.289241222724693,88.3384983154422,operational,ascent,2024-140S,2024-232S,False
2025-04-19 00:00:00+00:00,QQ_diff_launch,60395,62788,1,16.821654507644286,16.821654507644286,14.493800370433295,83.16881322144053,operational,ascent,2024-140S,2025-016D,False
2025-04-19 00:00:00+00:00,QQ_diff_launch,60395,62791,6,5.3770767035085925,14.231359837531446,14.485824919563232,82.95157200349908,operational,operational,2024-140S,2025-016G,False
2025-04-19 00:00:00+00:00,QQ_diff_launch,60395,62795,1,12.314880184667237,12.314880184667237,14.488183319384293,83.22177014505394,operational,operational,2024-140S,2025-016L,False
2025-04-19 00:00:00+00:00,QQ_diff_launch,60396,62799,1,11.398673284843479,11.398673284843479,14.503742496349947,82.71922174613798,operational,ascent,2024-140T,2025-016Q,False
2025-04-19 00:00:00+00:00,QQ_diff_launch,61555,62241,1,17.650969007426774,17.650969007426774,5.093472425732932,88.92881103141202,stranded,ascent,2024-185D,2024-232E,False
2025-04-19 00:00:00+00:00,QQ_diff_launch,61562,62788,1,17.163998434647024,17.163998434647024,2.7562922882156307,88.96850470996797,operational,ascent,2024-185L,2025-016D,False
2025-04-19 00:00:00+00:00,QQ_diff_launch,61565,63169,2,13.741349834029256,16.519063875674085,12.750635325244044,87.96241249103429,drift,ascent,2024-185P,2025-046L,False
2025-04-19 00:00:00+00:00,QQ_diff_launch,62238,62798,1,4.093485534683137,4.093485534683137,7.553771056235099,88.81114564906756,operational,operational,2024-232B,2025-016P,False
2025-04-19 00:00:00+00:00,QQ_diff_launch,62239,62793,1,19.491322766010548,19.491322766010548,7.562972326654967,88.8509211831741,operational,ascent,2024-232C,2025-016J,False
2025-04-19 00:00:00+00:00,QQ_diff_launch,62245,62790,1,10.270815281363845,10.270815281363845,7.571638843058982,88.84123688846466,operational,operational,2024-232J,2025-016F,False
2025-04-19 00:00:00+00:00,QQ_diff_launch,62246,62793,1,1.3946049818245752,1.3946049818245752,7.570639636859066,88.81952700507374,operational,ascent,2024-232K,2025-016J,False
2025-04-19 00:00:00+00:00,QQ_diff_launch,62247,62791,1,18.849938598628707,18.849938598628707,7.546794698464903,88.83674116690558,operational,operational,2024-232L,2025-016G,False
2025-04-19 00:00:00+00:00,QQ_diff_launch,62248,62786,1,17.587054569432564,17.587054569432564,7.569685950383552,88.84150140083376,operational,drift,2024-232M,2025-016B,False
2025-04-19 00:00:00+00:00,QQ_diff_launch,62796,63165,1,17.81911488637654,17.81911488637654,13.88318645855543,86.63135878575046,ascent,ascent,2025-016M,2025-046G,False
2025-04-19 00:00:00+00:00,QQ_same_launch,62239,62246,1,15.204453549412102,15.204453549412102,0.006993622735146922,4.602381352586896,operational,operational,2024-232C,2024-232K,False
2025-04-19 00:00:00+00:00,QQ_same_launch,62788,62791,1,16.77180665119514,16.77180665119514,0.008309825634902138,23.638629005191678,ascent,operational,2025-016D,2025-016G,False
2025-04-19 00:00:00+00:00,QQ_same_launch,62789,62795,1,8.498277257770887,8.498277257770887,0.004096779416262799,2.948496030262502,operational,operational,2025-016E,2025-016L,False
2025-04-19 00:00:00+00:00,QQ_same_launch,63163,63166,1,13.475575713698316,13.475575713698316,0.006774034298708712,40.50744780776507,stranded,ascent,2025-046E,2025-046H,False
2025-04-19 00:00:00+00:00,QQ_same_launch,63164,63168,1,12.7584420692906,12.7584420692906,0.007565793166136899,66.23604980553456,drift,ascent,2025-046F,2025-046K,False
2025-04-20 00:00:00+00:00,QQ_diff_launch,60381,62253,1,17.113753417257378,17.113753417257378,11.335412909756979,88.41474366274286,operational,operational,2024-140C,2024-232S,False
2025-04-20 00:00:00+00:00,QQ_diff_launch,60381,62788,1,9.661976336915693,9.661976336915693,14.495037296033914,82.96906797862042,operational,ascent,2024-140C,2025-016D,False
2025-04-20 00:00:00+00:00,QQ_diff_launch,60381,62795,3,3.7396273826185844,12.062376950909558,14.49107591187889,82.94617048041312,operational,operational,2024-140C,2025-016L,False
2025-04-20 00:00:00+00:00,QQ_diff_launch,60386,62799,1,9.641163768132452,9.641163768132452,14.496785786574424,82.89594070435587,operational,ascent,2024-140H,2025-016Q,False
2025-04-20 00:00:00+00:00,QQ_diff_launch,60386,62801,3,2.313373672054245,13.44613932656272,14.493670105537399,82.77330943830358,operational,operational,2024-140H,2025-016S,False
2025-04-20 00:00:00+00:00,QQ_diff_launch,60388,62792,2,3.203814067466653,9.770215992804152,14.508302800968735,82.7399623225173,operational,operational,2024-140K,2025-016H,False
2025-04-20 00:00:00+00:00,QQ_diff_launch,60389,62245,2,8.42299731594554,11.814462769501532,11.298337258912317,88.38055741294389,operational,operational,2024-140L,2024-232J,False
2025-04-20 00:00:00+00:00,QQ_diff_launch,60395,62786,1,17.90259904961329,17.90259904961329,14.49502858569479,83.1713892578813,operational,ascent,2024-140S,2025-016B,False
2025-04-20 00:00:00+00:00,QQ_diff_launch,60396,62793,1,13.556828329731061,13.556828329731061,14.505038289152777,82.91222261671138,operational,ascent,2024-140T,2025-016J,False
2025-04-20 00:00:00+00:00,QQ_diff_launch,61559,63159,1,6.990430724292827,6.990430724292827,12.7729985881835,87.98352555278544,stranded,drift,2024-185H,2025-046A,False
2025-04-20 00:00:00+00:00,QQ_diff_launch,61565,63169,1,18.197030523320404,18.197030523320404,12.776791031668806,87.8905992270852,drift,ascent,2024-185P,2025-046L,False
2025-04-20 00:00:00+00:00,QQ_diff_launch,61566,63174,1,2.6958615729030657,2.6958615729030657,12.865050408008619,87.93212093812444,drift,ascent,2024-185Q,2025-046R,False
2025-04-20 00:00:00+00:00,QQ_diff_launch,62252,62802,1,18.670067956351044,18.670067956351044,7.569143332965029,88.85898003194208,operational,operational,2024-232R,2025-016T,False
2025-04-20 00:00:00+00:00,QQ_same_launch,62246,62251,1,16.22563626964628,16.22563626964628,0.008644066813411259,41.50290571710532,operational,operational,2024-232K,2024-232Q,False
2025-04-20 00:00:00+00:00,QQ_same_launch,62785,62802,1,10.840572705201415,10.840572705201415,0.007387964754998487,64.81285931227902,operational,operational,2025-016A,2025-016T,False
2025-04-20 00:00:00+00:00,QQ_same_launch,62786,62791,1,16.829695519519245,16.829695519519245,0.007780234087740326,42.807514171042264,ascent,operational,2025-016B,2025-016G,False
2025-04-20 00:00:00+00:00,QQ_same_launch,62788,62789,1,19.922795728402015,19.922795728402015,0.009822965755191326,68.57444461108558,ascent,operational,2025-016D,2025-016E,False
2025-04-20 00:00:00+00:00,QQ_same_launch,62788,62795,1,8.63432867953718,8.63432867953718,0.004290141997477472,12.873916969574285,ascent,operational,2025-016D,2025-016L,False
2025-04-20 00:00:00+00:00,QQ_same_launch,62799,62801,1,14.991986102439748,14.991986102439748,0.008868814031582822,34.87409490257217,ascent,operational,2025-016Q,2025-016S,False
2025-04-20 00:00:00+00:00,QQ_same_launch,63164,63168,1,6.963338873814547,6.963338873814547,0.005565663872286626,63.113311590157096,drift,ascent,2025-046F,2025-046K,False
2025-04-20 00:00:00+00:00,QQ_same_launch,63175,63176,1,14.6132338045752,14.6132338045752,0.006462713955252187,66.45919100228315,ascent,ascent,2025-046S,2025-046T,False
2025-04-21 00:00:00+00:00,QQ_diff_launch,60379,62796,1,18.919897941176416,18.919897941176416,14.495603186796854,83.13683379420894,operational,ascent,2024-140A,2025-016M,False
2025-04-21 00:00:00+00:00,QQ_diff_launch,60381,62786,1,12.391905101768936,12.391905101768936,14.497272421524203,82.74173103144211,operational,ascent,2024-140C,2025-016B,False
2025-04-21 00:00:00+00:00,QQ_diff_launch,60386,62793,1,16.446152921808224,16.446152921808224,14.499064566391379,83.16234591050892,operational,drift,2024-140H,2025-016J,False
2025-04-21 00:00:00+00:00,QQ_diff_launch,60387,62792,2,6.580391733883222,10.156672520113892,14.493684277125812,82.75967324874357,operational,operational,2024-140J,2025-016H,False
2025-04-21 00:00:00+00:00,QQ_diff_launch,60389,62786,1,18.464039692601936,18.464039692601936,14.49586285995188,82.47002747685254,operational,ascent,2024-140L,2025-016B,False
2025-04-21 00:00:00+00:00,QQ_diff_launch,60389,62788,1,7.969366064533375,7.969366064533375,14.493186583334328,83.00842368397169,operational,ascent,2024-140L,2025-016D,False
2025-04-21 00:00:00+00:00,QQ_diff_launch,60396,62246,1,16.495417481375117,16.495417481375117,11.37225505849877,88.35379365247597,operational,operational,2024-140T,2024-232K,False
2025-04-21 00:00:00+00:00,QQ_diff_launch,61559,63176,1,6.102837208345937,6.102837208345937,12.813213066360076,87.97983911428773,stranded,ascent,2024-185H,2025-046T,False
2025-04-21 00:00:00+00:00,QQ_diff_launch,61561,62240,1,7.5681816319446344,7.5681816319446344,5.123644520930824,88.92855665958389,stranded,stranded,2024-185K,2024-232D,False
2025-04-21 00:00:00+00:00,QQ_diff_launch,61564,62799,1,16.277303869472703,16.277303869472703,2.7943705550620095,88.96592849757238,ascent,ascent,2024-185N,2025-016Q,False
2025-04-21 00:00:00+00:00,QQ_diff_launch,61565,62255,1,16.460255216682654,16.460255216682654,5.0689340424479035,88.93556503336212,drift,ascent,2024-185P,2024-232U,False
2025-04-21 00:00:00+00:00,QQ_diff_launch,61567,63163,1,16.6534588222843,16.6534588222843,12.872488606973123,87.85024067994149,stranded,stranded,2024-185R,2025-046E,False
2025-04-21 00:00:00+00:00,QQ_diff_launch,61569,62245,1,18.83292822999335,18.83292822999335,5.088573757761662,88.93753065449135,stranded,operational,2024-185T,2024-232J,False
2025-04-21 00:00:00+00:00,QQ_diff_launch,61569,62790,1,10.743763458272094,10.743763458272094,2.7619877097992718,88.96527062556349,stranded,operational,2024-185T,2025-016F,False
2025-04-21 00:00:00+00:00,QQ_diff_launch,62242,62792,1,7.578116394471735,7.578116394471735,7.571961637148346,88.83552866426383,operational,operational,2024-232F,2025-016H,False
2025-04-21 00:00:00+00:00,QQ_diff_launch,62250,62798,1,10.073378078332365,10.073378078332365,7.565004556812503,88.79625865375729,operational,operational,2024-232P,2025-016P,False
2025-04-21 00:00:00+00:00,QQ_diff_launch,62796,63170,1,18.298898153006782,18.298898153006782,13.881357933352188,86.77934174285151,ascent,ascent,2025-016M,2025-046M,False
2025-04-21 00:00:00+00:00,QQ_diff_launch,62798,63161,1,19.664600115295375,19.664600115295375,13.858584540815661,87.02706569100775,operational,ascent,2025-016P,2025-046C,False
2025-04-21 00:00:00+00:00,QQ_same_launch,62786,62795,1,11.012933596332129,11.012933596332129,0.004829820713327842,31.185421496782705,ascent,operational,2025-016B,2025-016L,False
2025-04-21 00:00:00+00:00,QQ_same_launch,62789,62791,1,6.584829382110385,6.584829382110385,0.003065888401024301,18.096762449617156,operational,operational,2025-016E,2025-016G,False
2025-04-21 00:00:00+00:00,QQ_same_launch,62792,62797,1,15.93676285526281,15.93676285526281,0.009869097026483569,57.67923945928345,operational,operational,2025-016H,2025-016N,False
2025-04-21 00:00:00+00:00,QQ_same_launch,62793,62799,1,9.361873336048362,9.361873336048362,0.004530704562099848,10.455953642841425,drift,ascent,2025-016J,2025-016Q,False
2025-04-21 00:00:00+00:00,QQ_same_launch,62793,62801,1,16.160885930781106,16.160885930781106,0.007787184186191836,19.65540361140882,drift,operational,2025-016J,2025-016S,False
2025-04-21 00:00:00+00:00,QQ_same_launch,62799,62800,1,18.272830594851847,18.272830594851847,0.009286359758273641,32.68425873621676,ascent,operational,2025-016Q,2025-016R,False
2025-04-21 00:00:00+00:00,QQ_same_launch,62799,62801,1,8.836534659206643,8.836534659206643,0.010643845760428955,63.822258345976614,ascent,operational,2025-016Q,2025-016S,False
2025-04-21 00:00:00+00:00,QQ_same_launch,62800,62801,1,8.374989603349594,8.374989603349594,0.003334716491054027,57.694306659509365,operational,operational,2025-016R,2025-016S,False
2025-04-22 00:00:00+00:00,QQ_diff_launch,60379,62802,2,5.308313939416737,12.538134742323798,14.490054727425068,82.48260720927475,operational,operational,2024-140A,2025-016T,False
2025-04-22 00:00:00+00:00,QQ_diff_launch,60380,61569,1,13.71045822043551,13.71045822043551,13.856649691122302,86.94103082786674,operational,stranded,2024-140B,2024-185T,False
2025-04-22 00:00:00+00:00,QQ_diff_launch,60381,62791,4,8.300657055550742,11.864414348618858,14.488857923713422,82.8620986205096,operational,operational,2024-140C,2025-016G,False
2025-04-22 00:00:00+00:00,QQ_diff_launch,60382,62793,1,12.020753283289517,12.020753283289517,14.50088663211419,82.9316301107737,operational,drift,2024-140D,2025-016J,False
2025-04-22 00:00:00+00:00,QQ_diff_launch,60382,62799,2,5.668217748870279,8.730801334454213,14.493232932365936,82.89824715074465,operational,operational,2024-140D,2025-016Q,False
2025-04-22 00:00:00+00:00,QQ_diff_launch,60382,62801,3,6.885190231379331,8.77143117844294,14.494836186724434,82.93107356805237,operational,operational,2024-140D,2025-016S,False
2025-04-22 00:00:00+00:00,QQ_diff_launch,60384,62793,1,12.075872199616311,12.075872199616311,14.502458797155466,82.87211149394568,operational,drift,2024-140F,2025-016J,False
2025-04-22 00:00:00+00:00,QQ_diff_launch,60388,62796,1,16.113303629700102,16.113303629700102,14.511756861485908,82.20557800691697,operational,drift,2024-140K,2025-016M,False
2025-04-22 00:00:00+00:00,QQ_diff_launch,60389,62786,2,6.686118100062962,13.05549179278371,14.492934140245072,82.68625021334631,operational,ascent,2024-140L,2025-016B,False
2025-04-22 00:00:00+00:00,QQ_diff_launch,60389,62788,3,1.7778372685620314,16.015160122509037,14.490169314210796,82.92419042491066,operational,operational,2024-140L,2025-016D,False
2025-04-22 00:00:00+00:00,QQ_diff_launch,60389,62795,3,3.2935244952805984,13.30596533979289,14.489759367472407,82.95074519235601,operational,operational,2024-140L,2025-016L,False
2025-04-22 00:00:00+00:00,QQ_diff_launch,61565,63169,4,10.83723908968771,15.006005360046398,12.74496031633878,87.95384179390783,drift,stranded,2024-185P,2025-046L,False
2025-04-22 00:00:00+00:00,QQ_diff_launch,62244,62792,1,19.44838223609219,19.44838223609219,7.565709232955266,88.77066106634314,operational,operational,2024-232H,2025-016H,False
2025-04-22 00:00:00+00:00,QQ_diff_launch,62246,62800,1,7.94501246232148,7.94501246232148,7.555445410951816,88.79949115972576,operational,operational,2024-232K,2025-016R,False
2025-04-22 00:00:00+00:00,QQ_diff_launch,62253,62795,1,16.163374444277814,16.163374444277814,7.578470360214618,88.84808202636596,operational,operational,2024-232S,2025-016L,False
2025-04-22 00:00:00+00:00,QQ_diff_launch,62254,62799,1,16.929659704881143,16.929659704881143,7.5592987329272665,88.8555543793099,operational,operational,2024-232T,2025-016Q,False
2025-04-22 00:00:00+00:00,QQ_diff_launch,62254,62801,1,10.606262022236143,10.606262022236143,7.567988222380803,88.79434740022836,operational,operational,2024-232T,2025-016S,False
2025-04-22 00:00:00+00:00,QQ_diff_launch,62255,63165,1,4.6800240294196405,4.6800240294196405,9.438040050837595,88.66865264849174,ascent,ascent,2024-232U,2025-046G,False
2025-04-22 00:00:00+00:00,QQ_diff_launch,62797,63161,1,8.044999674717882,8.044999674717882,13.851948746053182,86.77396679997179,operational,ascent,2025-016N,2025-046C,False
2025-04-22 00:00:00+00:00,QQ_same_launch,61554,61561,1,17.996980624223678,17.996980624223678,0.009276233743931018,3.0468260779840737,stranded,stranded,2024-185C,2024-185K,False
2025-04-22 00:00:00+00:00,QQ_same_launch,62786,62788,1,4.291920185692902,4.291920185692902,0.0028566621624374054,65.51346643307522,ascent,operational,2025-016B,2025-016D,False
2025-04-22 00:00:00+00:00,QQ_same_launch,62786,62790,1,19.346523848354916,19.346523848354916,0.010212982647137138,19.55771849376059,ascent,operational,2025-016B,2025-016F,False
2025-04-22 00:00:00+00:00,QQ_same_launch,62788,62790,1,13.706088763484034,13.706088763484034,0.006159758121100514,4.366326158629926,operational,operational,2025-016D,2025-016F,False
2025-04-22 00:00:00+00:00,QQ_same_launch,63164,63168,1,3.1407323356906027,3.1407323356906027,0.0057274949592036216,83.30419231477298,drift,ascent,2025-046F,2025-046K,False
2025-04-23 00:00:00+00:00,QQ_diff_launch,60379,62802,1,9.863071336716391,9.863071336716391,14.489827437511053,83.07368069280813,operational,operational,2024-140A,2025-016T,False
2025-04-23 00:00:00+00:00,QQ_diff_launch,60380,62786,2,1.0201640014262794,10.066736820874524,14.49692171668271,83.0162644241149,operational,operational,2024-140B,2025-016B,False
2025-04-23 00:00:00+00:00,QQ_diff_launch,60380,62788,3,5.283068281031542,12.722012353069374,14.494479795562103,82.84790906798672,operational,operational,2024-140B,2025-016D,False
2025-04-23 00:00:00+00:00,QQ_diff_launch,60381,62791,3,17.58787699115343,17.84635894727459,14.458718366207243,83.10215029641738,operational,operational,2024-140C,2025-016G,False
2025-04-23 00:00:00+00:00,QQ_diff_launch,60383,62792,2,10.397242532505166,10.412358595727884,14.491043836431349,82.84590444170024,operational,operational,2024-140E,2025-016H,False
2025-04-23 00:00:00+00:00,QQ_diff_launch,60386,62246,1,17.31755264880122,17.31755264880122,11.34828756423638,88.46620159734013,operational,operational,2024-140H,2024-232K,False
2025-04-23 00:00:00+00:00,QQ_diff_launch,60387,62796,1,10.93344432905113,10.93344432905113,14.49731506387969,82.75086205389299,operational,drift,2024-140J,2025-016M,False
2025-04-23 00:00:00+00:00,QQ_diff_launch,61569,62251,1,13.618018521410029,13.618018521410029,5.067477670407252,88.92981871583224,stranded,operational,2024-185T,2024-232Q,False
2025-04-23 00:00:00+00:00,QQ_diff_launch,62245,62788,1,2.6862105232915314,2.6862105232915314,7.581037899672485,88.82012786040697,operational,operational,2024-232J,2025-016D,False
2025-04-23 00:00:00+00:00,QQ_diff_launch,62245,62795,1,8.209457693877143,8.209457693877143,7.580776127536459,88.8292103183114,operational,operational,2024-232J,2025-016L,False
2025-04-23 00:00:00+00:00,QQ_diff_launch,62252,62793,1,9.83347708341997,9.83347708341997,7.561784524029072,88.8206605147804,operational,drift,2024-232R,2025-016J,False
2025-04-23 00:00:00+00:00,QQ_diff_launch,62792,63161,1,15.230472506170187,15.230472506170187,13.860760814208941,86.92965891419696,operational,drift,2025-016H,2025-046C,False
2025-04-23 00:00:00+00:00,QQ_same_launch,62246,62254,1,11.032072995210152,11.032072995210152,0.005582932187173025,24.90245793222291,operational,operational,2024-232K,2024-232T,False
2025-04-23 00:00:00+00:00,QQ_same_launch,62790,62795,1,8.347846158058964,8.347846158058964,0.004406333896446296,29.566500132042414,operational,operational,2025-016F,2025-016L,False
2025-04-23 00:00:00+00:00,QQ_same_launch,63166,63167,1,6.656264478128523,6.656264478128523,0.0033256304664507517,41.287038953490324,ascent,drift,2025-046H,2025-046J,False
2025-04-24 00:00:00+00:00,QQ_diff_launch,60379,62793,1,11.455051480473024,11.455051480473024,14.495429630482864,82.7213755174631,operational,ascent,2024-140A,2025-016J,False
2025-04-24 00:00:00+00:00,QQ_diff_launch,60380,62788,2,8.491431618244606,11.853712921167658,14.492961143307951,82.99359990149183,operational,operational,2024-140B,2025-016D,False
2025-04-24 00:00:00+00:00,QQ_diff_launch,60381,62791,20,13.699582524203857,16.737450940327406,14.48512811383124,82.74496939226667,operational,operational,2024-140C,2025-016G,True
2025-04-24 00:00:00+00:00,QQ_diff_launch,60383,62796,1,12.247392108207622,12.247392108207622,14.494646401538226,82.98693318242337,operational,drift,2024-140E,2025-016M,False
2025-04-24 00:00:00+00:00,QQ_diff_launch,60384,62799,3,3.8653220823240826,15.204184612028094,14.494915111958816,82.7174871596359,operational,operational,2024-140F,2025-016Q,False
2025-04-24 00:00:00+00:00,QQ_diff_launch,60385,61557,1,1.8112675154098103,1.8112675154098103,14.098232819459847,86.78087881732837,drift,stranded,2024-140G,2024-185F,False
2025-04-24 00:00:00+00:00,QQ_diff_launch,60388,62802,3,9.157971100439713,13.999553733375254,14.505930043079104,82.61780866008536,operational,operational,2024-140K,2025-016T,False
2025-04-24 00:00:00+00:00,QQ_diff_launch,60389,62245,4,3.962562624277189,10.163218790519103,11.295555383224034,88.38879122093974,operational,operational,2024-140L,2024-232J,False
2025-04-24 00:00:00+00:00,QQ_diff_launch,60392,62255,1,18.606412210619617,18.606412210619617,11.311994926754391,88.44250127136357,operational,ascent,2024-140P,2024-232U,False
2025-04-24 00:00:00+00:00,QQ_diff_launch,60393,62792,2,4.51713460660427,10.106708389130944,14.493578837385455,82.97820843180688,operational,operational,2024-140Q,2025-016H,False
2025-04-24 00:00:00+00:00,QQ_diff_launch,60393,62796,1,11.548845665567466,11.548845665567466,14.497162078989401,82.69910480235605,operational,drift,2024-140Q,2025-016M,False
2025-04-24 00:00:00+00:00,QQ_diff_launch,62245,62790,1,13.331201523559054,13.331201523559054,7.581908263289612,88.80922643792812,operational,operational,2024-232J,2025-016F,False
2025-04-24 00:00:00+00:00,QQ_diff_launch,62250,62802,1,8.728650089577052,8.728650089577052,7.569413622684635,88.8023741781206,operational,operational,2024-232P,2025-016T,False
2025-04-24 00:00:00+00:00,QQ_diff_launch,62786,63162,1,19.16169930179496,19.16169930179496,13.86874915587799,86.72767401731772,operational,ascent,2025-016B,2025-046D,False
2025-04-24 00:00:00+00:00,QQ_diff_launch,62787,63161,1,6.680082878704914,6.680082878704914,13.856147936253947,86.85883481585458,operational,drift,2025-016C,2025-046C,False
2025-04-24 00:00:00+00:00,QQ_same_launch,61554,61560,1,17.845345662892623,17.845345662892623,0.009711334371538725,1.6215907796833566,stranded,stranded,2024-185C,2024-185J,False
2025-04-24 00:00:00+00:00,QQ_same_launch,62246,62254,1,3.4998776297277936,3.4998776297277936,0.001672176283189972,61.37546248815679,operational,operational,2024-232K,2024-232T,False
2025-04-24 00:00:00+00:00,QQ_same_launch,62798,62802,1,16.728185649844676,16.728185649844676,0.009802252488892568,14.38492200777538,operational,operational,2025-016P,2025-016T,False
2025-04-24 00:00:00+00:00,QQ_same_launch,63165,63170,1,17.193743084190537,17.193743084190537,0.008500076100123446,17.00457129641832,drift,drift,2025-046G,2025-046M,False
2025-04-24 00:00:00+00:00,QQ_same_launch,63169,63170,1,18.991228096287582,18.991228096287582,0.009436101218267054,1.2169669070954667,stranded,drift,2025-046L,2025-046M,False
2025-04-24 00:00:00+00:00,QQ_same_launch,63171,63173,1,16.210662504687043,16.210662504687043,0.008064693374544128,43.37046283060513,ascent,ascent,2025-046N,2025-046Q,False
2025-04-25 00:00:00+00:00,QQ_diff_launch,60386,62800,5,18.033526899416703,18.74968378202666,14.45668115555437,83.01138986565495,operational,operational,2024-140H,2025-016R,False
2025-04-25 00:00:00+00:00,QQ_diff_launch,60388,62793,2,10.334872661475165,13.302292170111468,14.509688136127078,82.50244982413254,operational,ascent,2024-140K,2025-016J,False
2025-04-25 00:00:00+00:00,QQ_diff_launch,60390,62792,2,6.6910574488095795,10.147622788450649,14.491093610723624,82.94933387929244,operational,operational,2024-140M,2025-016H,False
2025-04-25 00:00:00+00:00,QQ_diff_launch,60390,62796,1,11.021177894999722,11.021177894999722,14.494663642200601,82.78974924514986,operational,drift,2024-140M,2025-016M,False
2025-04-25 00:00:00+00:00,QQ_diff_launch,60390,63161,1,19.981908254925376,19.981908254925376,2.6282954375973713,88.95943406774208,operational,drift,2024-140M,2025-046C,False
2025-04-25 00:00:00+00:00,QQ_diff_launch,60391,62786,3,5.6474663603607524,10.713412422901571,14.486499994268462,82.96679390406173,operational,operational,2024-140N,2025-016B,False
2025-04-25 00:00:00+00:00,QQ_diff_launch,61555,63173,1,14.537985773951327,14.537985773951327,12.827479979145682,88.00746352450066,stranded,drift,2024-185D,2025-046Q,False
2025-04-25 00:00:00+00:00,QQ_diff_launch,61561,62243,1,12.939129887880316,12.939129887880316,5.119987149972432,88.90187258172028,stranded,stranded,2024-185K,2024-232G,False
2025-04-25 00:00:00+00:00,QQ_diff_launch,61562,62255,2,12.668129819128495,14.870731704268682,5.103989533258739,88.92044819548232,operational,operational,2024-185L,2024-232U,False
2025-04-25 00:00:00+00:00,QQ_diff_launch,61565,63170,1,4.3243648182695855,4.3243648182695855,12.729139185843572,87.91927931499124,ascent,drift,2024-185P,2025-046M,False
2025-04-25 00:00:00+00:00,QQ_diff_launch,61569,63162,1,13.887272521252621,13.887272521252621,12.733914585997908,87.97656599594428,stranded,ascent,2024-185T,2025-046D,False
2025-04-25 00:00:00+00:00,QQ_diff_launch,62245,62795,1,15.425130260411597,15.425130260411597,7.578401708897886,88.83240661427448,operational,operational,2024-232J,2025-016L,False
2025-04-25 00:00:00+00:00,QQ_diff_launch,62250,62793,1,4.041053117389773,4.041053117389773,7.5616853628538205,88.81811680115165,operational,ascent,2024-232P,2025-016J,False
2025-04-25 00:00:00+00:00,QQ_diff_launch,62794,63161,1,7.164201279476305,7.164201279476305,13.851458413795367,86.87190906818842,operational,drift,2025-016K,2025-046C,False
2025-04-25 00:00:00+00:00,QQ_same_launch,62785,62799,1,17.33671614149941,17.33671614149941,0.024035620346260427,70.19192509448705,operational,operational,2025-016A,2025-016Q,False
2025-04-25 00:00:00+00:00,QQ_same_launch,62787,62792,1,17.170615562342153,17.170615562342153,0.0076074612735136824,9.038866051162255,operational,operational,2025-016C,2025-016H,False
2025-04-25 00:00:00+00:00,QQ_same_launch,62792,62796,1,13.06311014216814,13.06311014216814,0.011186278476942105,55.26890576768905,operational,drift,2025-016H,2025-016M,False
2025-04-25 00:00:00+00:00,QQ_same_launch,62797,62802,1,8.99353200202401,8.99353200202401,0.011357025934849115,74.25261114784654,operational,operational,2025-016N,2025-016T,False
2025-04-25 00:00:00+00:00,QQ_same_launch,63167,63174,1,7.9394917553323,7.9394917553323,0.0043493892997457815,70.98724983227777,ascent,drift,2025-046J,2025-046R,False
2025-04-25 00:00:00+00:00,QQ_same_launch,63171,63173,1,13.183940367188455,13.183940367188455,0.006867715334686985,74.31324497771273,drift,drift,2025-046N,2025-046Q,False
2025-04-26 00:00:00+00:00,QQ_diff_launch,60386,62800,12,17.677653245924294,18.324725790009776,14.456549718036706,82.802339526072,operational,operational,2024-140H,2025-016R,False
2025-04-26 00:00:00+00:00,QQ_diff_launch,60387,62793,1,3.012977243062226,3.012977243062226,14.493519339093393,82.84263629264036,operational,ascent,2024-140J,2025-016J,False
2025-04-26 00:00:00+00:00,QQ_diff_launch,60387,62802,2,9.907467564214503,11.36113362273663,14.491941247294365,82.7720482408678,operational,operational,2024-140J,2025-016T,False
2025-04-26 00:00:00+00:00,QQ_diff_launch,60391,62788,4,8.67607575289879,12.826645612931987,14.485802104595653,82.90549483727418,operational,operational,2024-140N,2025-016D,False
2025-04-26 00:00:00+00:00,QQ_diff_launch,60392,62796,1,9.24969448045222,9.24969448045222,14.495501653657564,82.81268008828704,operational,drift,2024-140P,2025-016M,False
2025-04-26 00:00:00+00:00,QQ_diff_launch,60394,63161,1,18.795923880373024,18.795923880373024,2.624059945057129,88.96969928051594,operational,ascent,2024-140R,2025-046C,False
2025-04-26 00:00:00+00:00,QQ_diff_launch,61567,63172,1,18.47740275650792,18.47740275650792,12.865907659006957,87.93708934807741,stranded,drift,2024-185R,2025-046P,False
2025-04-26 00:00:00+00:00,QQ_diff_launch,61569,62246,1,6.2910925792983825,6.2910925792983825,5.0701566656421795,88.91654569593074,stranded,operational,2024-185T,2024-232K,False
2025-04-26 00:00:00+00:00,QQ_diff_launch,62242,62802,1,16.658450647976867,16.658450647976867,7.5732281201684035,88.78173719606788,operational,operational,2024-232F,2025-016T,False
2025-04-26 00:00:00+00:00,QQ_diff_launch,62786,63165,1,12.301987634583135,12.301987634583135,13.866668003124232,86.79241330904057,operational,drift,2025-016B,2025-046G,False
2025-04-26 00:00:00+00:00,QQ_diff_launch,62786,63169,1,17.466184366871293,17.466184366871293,13.86651393995037,86.95718720059499,operational,stranded,2025-016B,2025-046L,False
2025-04-26 00:00:00+00:00,QQ_same_launch,61557,61561,1,12.237734586446036,12.237734586446036,0.01361438042644611,84.64125408930944,stranded,stranded,2024-185F,2024-185K,False
2025-04-26 00:00:00+00:00,QQ_same_launch,62792,62794,1,15.683551292177127,15.683551292177127,0.010621255615358776,74.98001279497434,operational,operational,2025-016H,2025-016K,False
2025-04-26 00:00:00+00:00,QQ_same_launch,62793,62797,1,16.099009285912633,16.099009285912633,0.007903773727607836,57.02114945245055,ascent,operational,2025-016J,2025-016N,False
2025-04-26 00:00:00+00:00,QQ_same_launch,62793,62802,1,9.380191038708162,9.380191038708162,0.013157228187295783,79.17040613083465,ascent,operational,2025-016J,2025-016T,False
2025-04-26 00:00:00+00:00,QQ_same_launch,63167,63174,1,1.7553860181074745,1.7553860181074745,0.002727081575658047,75.56795851906439,ascent,drift,2025-046J,2025-046R,False
2025-04-27 00:00:00+00:00,QQ_diff_launch,60382,61569,1,12.076412587826084,12.076412587826084,13.857301167947083,86.76547779407653,operational,stranded,2024-140D,2024-185T,False
2025-04-27 00:00:00+00:00,QQ_diff_launch,60392,62792,2,7.281038650249995,9.91609770992055,14.491132127776043,82.77994085617246,operational,operational,2024-140P,2025-016H,False
2025-04-27 00:00:00+00:00,QQ_diff_launch,60394,62796,1,9.86161099067469,9.86161099067469,14.493966604480185,82.85077419633241,operational,drift,2024-140R,2025-016M,False
2025-04-27 00:00:00+00:00,QQ_diff_launch,60395,63161,1,16.580245575734544,16.580245575734544,2.6208966657011716,88.96887866613366,operational,ascent,2024-140S,2025-046C,False
2025-04-27 00:00:00+00:00,QQ_diff_launch,61557,62243,2,12.098612954773921,14.91932402397708,5.120169655416471,88.9282576996569,stranded,stranded,2024-185F,2024-232G,False
2025-04-27 00:00:00+00:00,QQ_diff_launch,62238,62799,1,12.61971701184201,12.61971701184201,7.542611405852135,88.81661492698237,operational,operational,2024-232B,2025-016Q,False
2025-04-27 00:00:00+00:00,QQ_diff_launch,62255,62789,1,13.011773276770128,13.011773276770128,7.588881235719063,88.84667095597084,operational,operational,2024-232U,2025-016E,False
2025-04-27 00:00:00+00:00,QQ_same_launch,62245,62253,2,4.153280416975531,6.879312723027324,0.00952682526624621,77.12516160167331,operational,operational,2024-232J,2024-232S,False
2025-04-27 00:00:00+00:00,QQ_same_launch,63166,63167,1,12.47806479438364,12.47806479438364,0.010414460712815229,27.528816394492015,drift,ascent,2025-046H,2025-046J,False
2025-04-28 00:00:00+00:00,QQ_diff_launch,60381,62796,2,16.809406847137225,18.317756044370366,14.497217171430766,82.91524600804328,operational,drift,2024-140C,2025-016M,False
2025-04-28 00:00:00+00:00,QQ_diff_launch,60383,62793,2,5.867657812083895,9.879180387924185,14.490279298985108,82.98522922456999,operational,operational,2024-140E,2025-016J,False
2025-04-28 00:00:00+00:00,QQ_diff_launch,60383,62802,3,7.525863620547959,15.885248051802785,14.489413571815081,82.80354166472709,operational,operational,2024-140E,2025-016T,False
2025-04-28 00:00:00+00:00,QQ_diff_launch,60395,62796,1,12.888841670794207,12.888841670794207,14.49495670345338,82.65710679019332,operational,drift,2024-140S,2025-016M,False
2025-04-28 00:00:00+00:00,QQ_diff_launch,61563,62792,1,19.675327693210086,19.675327693210086,2.8251145165582354,88.94890932967675,drift,operational,2024-185M,2025-016H,False
2025-04-28 00:00:00+00:00,QQ_diff_launch,61564,62794,1,17.702011118444307,17.702011118444307,2.7974917542706046,88.96220375953934,stranded,operational,2024-185N,2025-016K,False
2025-04-28 00:00:00+00:00,QQ_diff_launch,61569,63169,1,18.70267184357252,18.70267184357252,12.735197035418691,88.01846330150089,stranded,stranded,2024-185T,2025-046L,False
2025-04-28 00:00:00+00:00,QQ_diff_launch,62255,62791,1,17.710540427284062,17.710540427284062,7.590559779319939,88.85947157415583,operational,operational,2024-232U,2025-016G,False
2025-04-28 00:00:00+00:00,QQ_diff_launch,62255,62796,1,9.41446007412716,9.41446007412716,7.594485351771412,88.83327235851046,operational,drift,2024-232U,2025-016M,False
2025-04-28 00:00:00+00:00,QQ_diff_launch,62789,63161,1,4.493345692175645,4.493345692175645,13.851124870559195,86.8448558959871,operational,ascent,2025-016E,2025-046C,False
2025-04-28 00:00:00+00:00,QQ_diff_launch,62791,63161,1,2.549404081090545,2.549404081090545,13.851727537709758,86.83284536821817,operational,ascent,2025-016G,2025-046C,False
2025-04-28 00:00:00+00:00,QQ_diff_launch,62798,63162,1,14.324437779274243,14.324437779274243,13.860175659655612,86.70717491334561,operational,ascent,2025-016P,2025-046D,False
2025-04-28 00:00:00+00:00,QQ_same_launch,62245,62253,7,2.988538884950713,5.987982803004917,0.009028091829469698,78.8790893111846,operational,operational,2024-232J,2024-232S,False
2025-04-28 00:00:00+00:00,QQ_same_launch,62246,62254,1,1.6158582999071973,1.6158582999071973,0.0007655784673601286,37.85308082842416,operational,operational,2024-232K,2024-232T,False
2025-04-28 00:00:00+00:00,QQ_same_launch,63165,63169,1,1.8504195733630382,1.8504195733630382,0.0009232836875249202,11.489380588617578,drift,stranded,2025-046G,2025-046L,False
2025-04-29 00:00:00+00:00,QQ_diff_launch,60389,62796,1,11.9389603176364,11.9389603176364,14.495921627166311,82.63423614353252,operational,drift,2024-140L,2025-016M,False
2025-04-29 00:00:00+00:00,QQ_diff_launch,60391,62788,27,15.513574771265501,17.585049566489577,14.454678332422656,82.86081956401657,operational,operational,2024-140N,2025-016D,True
2025-04-29 00:00:00+00:00,QQ_diff_launch,60394,61564,1,18.07105566537729,18.07105566537729,13.834844762010835,86.96568342895313,operational,stranded,2024-140R,2024-185N,False
2025-04-29 00:00:00+00:00,QQ_diff_launch,61559,63160,1,17.99701352088308,17.99701352088308,12.77860979175402,87.81911812994008,stranded,ascent,2024-185H,2025-046B,False
2025-04-29 00:00:00+00:00,QQ_diff_launch,61565,63165,1,7.179120540077305,7.179120540077305,12.717075893583912,87.892945743814,ascent,drift,2024-185P,2025-046G,False
2025-04-29 00:00:00+00:00,QQ_diff_launch,61565,63169,2,13.365648308339075,15.646982893881479,12.739266340392021,87.97693855043684,ascent,stranded,2024-185P,2025-046L,False
2025-04-29 00:00:00+00:00,QQ_diff_launch,62245,62796,1,9.70330008673353,9.70330008673353,7.577968062001063,88.82048076298933,operational,drift,2024-232J,2025-016M,False
2025-04-29 00:00:00+00:00,QQ_diff_launch,62248,62792,1,15.169522011050143,15.169522011050143,7.56505417495247,88.81506544501413,operational,operational,2024-232M,2025-016H,False
2025-04-29 00:00:00+00:00,QQ_diff_launch,62796,63161,1,14.550591311153244,14.550591311153244,13.893801665183744,86.74818840256589,drift,ascent,2025-016M,2025-046C,False
2025-04-29 00:00:00+00:00,QQ_same_launch,61557,61560,1,12.707016109532004,12.707016109532004,0.012825721390958245,77.73227444140414,stranded,stranded,2024-185F,2024-185J,False
2025-04-29 00:00:00+00:00,QQ_same_launch,62793,62802,2,6.8627856252187085,7.806999445705145,0.014731859260895406,79.38765807145957,operational,operational,2025-016J,2025-016T,False
2025-04-29 00:00:00+00:00,QQ_same_launch,63165,63169,1,19.134639543783436,19.134639543783436,0.01864539807027073,86.36064907700758,drift,stranded,2025-046G,2025-046L,False
2025-04-30 00:00:00+00:00,QQ_diff_launch,60381,62245,4,3.1123703506982285,10.43394444498896,11.305303628191698,88.41387678765591,operational,operational,2024-140C,2024-232J,False
2025-04-30 00:00:00+00:00,QQ_diff_launch,60393,62802,2,10.248442123899588,12.13897901448732,14.490856484042588,82.72142522621523,operational,operational,2024-140Q,2025-016T,False
2025-04-30 00:00:00+00:00,QQ_diff_launch,60394,62792,5,13.856529004001299,15.378524575299446,14.48556532080371,82.89878631022185,operational,operational,2024-140R,2025-016H,False
2025-05-01 00:00:00+00:00,QQ_diff_launch,60381,61564,1,14.840385501106045,14.840385501106045,13.839848924626219,86.90755589108615,operational,stranded,2024-140C,2024-185N,False
2025-05-01 00:00:00+00:00,QQ_diff_launch,60386,62246,8,3.253317992740941,10.173439419961714,11.321858058887017,88.3917856575361,operational,operational,2024-140H,2024-232K,False
2025-05-01 00:00:00+00:00,QQ_diff_launch,60389,62795,5,15.14162132677727,16.289388607111043,14.451164003570044,82.87756886928092,operational,operational,2024-140L,2025-016L,False
2025-05-01 00:00:00+00:00,QQ_diff_launch,60391,62796,1,15.534690002579591,15.534690002579591,14.49392204374215,83.28792272055408,operational,drift,2024-140N,2025-016M,False
2025-05-01 00:00:00+00:00,QQ_diff_launch,60395,62255,2,8.159453706688927,10.624770918546858,11.28318709424038,88.37983540592225,operational,operational,2024-140S,2024-232U,False
2025-05-01 00:00:00+00:00,QQ_diff_launch,61564,62253,1,13.74586706915431,13.74586706915431,5.041008629740508,88.9267742465337,stranded,operational,2024-185N,2024-232S,False
2025-05-01 00:00:00+00:00,QQ_diff_launch,62241,63175,3,10.857486762970318,12.479653432823472,9.431838240413425,88.70822723075861,ascent,ascent,2024-232E,2025-046S,False
2025-05-01 00:00:00+00:00,QQ_diff_launch,62246,62801,1,19.348296901640637,19.348296901640637,7.564642062022886,88.829379632473,operational,operational,2024-232K,2025-016S,False
2025-05-01 00:00:00+00:00,QQ_diff_launch,62255,62789,2,7.103340216342189,12.06258572391401,7.5885455651630895,88.82106703663251,operational,operational,2024-232U,2025-016E,False
2025-05-01 00:00:00+00:00,QQ_diff_launch,62790,63161,1,14.242402126374731,14.242402126374731,13.848849284502757,86.84183833545262,operational,operational,2025-016F,2025-046C,False
2025-05-01 00:00:00+00:00,QQ_diff_launch,62794,63162,1,9.241185487982937,9.241185487982937,13.855617624291087,86.73336143736249,operational,ascent,2025-016K,2025-046D,False
2025-05-01 00:00:00+00:00,QQ_same_launch,62787,62802,1,8.260160509399281,8.260160509399281,0.0036302011848130906,45.236894167185504,operational,operational,2025-016C,2025-016T,False
2025-05-01 00:00:00+00:00,QQ_same_launch,62789,62791,1,4.617264144280214,4.617264144280214,0.0039876568326632075,62.06128571481526,operational,operational,2025-016E,2025-016G,False
2025-05-01 00:00:00+00:00,QQ_same_launch,63166,63174,1,2.2985461013672652,2.2985461013672652,0.0012386429267014919,63.504815003758324,drift,ascent,2025-046H,2025-046R,False
2025-05-02 00:00:00+00:00,QQ_diff_launch,60386,62796,1,19.35828705750561,19.35828705750561,14.500891729346382,82.34690939240858,operational,drift,2024-140H,2025-016M,False
2025-05-02 00:00:00+00:00,QQ_diff_launch,60390,62802,2,11.317087896603127,12.383597104142307,14.4887881810318,82.78506822824059,operational,operational,2024-140M,2025-016T,False
2025-05-02 00:00:00+00:00,QQ_diff_launch,60396,62796,1,12.920424349524943,12.920424349524943,14.505125630924551,83.0582013599496,operational,drift,2024-140T,2025-016M,False
2025-05-02 00:00:00+00:00,QQ_diff_launch,61557,62240,1,14.758221478537509,14.758221478537509,5.112570577401921,88.90581760776783,stranded,stranded,2024-185F,2024-232D,False
2025-05-02 00:00:00+00:00,QQ_diff_launch,61563,63170,1,18.980817068872636,18.980817068872636,12.718384096325932,87.99397295882322,ascent,drift,2024-185M,2025-046M,False
2025-05-02 00:00:00+00:00,QQ_diff_launch,61569,62242,1,10.20757609030149,10.20757609030149,5.069077954504569,88.90724388640372,stranded,operational,2024-185T,2024-232F,False
2025-05-02 00:00:00+00:00,QQ_diff_launch,62253,62795,1,18.9540563845101,18.9540563845101,7.555151743644523,88.83980242038936,operational,operational,2024-232S,2025-016L,False
2025-05-02 00:00:00+00:00,QQ_diff_launch,62255,62791,12,10.618773276373954,14.616943760419339,7.590315337305057,88.8203145968775,operational,operational,2024-232U,2025-016G,False
2025-05-02 00:00:00+00:00,QQ_diff_launch,62792,63162,1,8.144136768145467,8.144136768145467,13.858523127159758,86.78052726188638,operational,ascent,2025-016H,2025-046D,False
2025-05-02 00:00:00+00:00,QQ_same_launch,61558,61567,1,16.343071867651087,16.343071867651087,0.010417778581799254,37.13387641001071,stranded,stranded,2024-185G,2024-185R,False
2025-05-02 00:00:00+00:00,QQ_same_launch,63162,63165,1,15.92005435370011,15.92005435370011,0.007349863368500851,81.0575712297068,ascent,drift,2025-046D,2025-046G,False
2025-05-02 00:00:00+00:00,QQ_same_launch,63162,63169,1,15.027905918924422,15.027905918924422,0.00734460525639137,42.501287779749994,ascent,stranded,2025-046D,2025-046L,False
2025-05-02 00:00:00+00:00,QQ_same_launch,63166,63172,1,16.885089601515887,16.885089601515887,0.008736156661309268,57.02368330815653,drift,drift,2025-046H,2025-046P,False
2025-05-02 00:00:00+00:00,QQ_same_launch,63168,63171,1,8.196518651734497,8.196518651734497,0.004817041774177583,67.4610110948485,drift,drift,2025-046K,2025-046N,False
2025-05-02 00:00:00+00:00,QQ_same_launch,63172,63174,1,18.266850354748858,18.266850354748858,0.009175615948765535,67.55859961785599,drift,ascent,2025-046P,2025-046R,False
2025-05-03 00:00:00+00:00,QQ_diff_launch,60382,62796,1,8.158014344991624,8.158014344991624,14.501025169487589,82.98058080730425,operational,drift,2024-140D,2025-016M,False
2025-05-03 00:00:00+00:00,QQ_diff_launch,60386,62796,1,14.988295578008369,14.988295578008369,14.500801498276484,83.24554521569978,operational,drift,2024-140H,2025-016M,False
2025-05-03 00:00:00+00:00,QQ_diff_launch,60387,61569,1,19.2062478812905,19.2062478812905,13.850975295540795,87.08135451223404,operational,stranded,2024-140J,2024-185T,False
2025-05-03 00:00:00+00:00,QQ_diff_launch,60395,62791,5,16.25733439011353,17.17911725740838,14.452112331728825,82.91093863944562,operational,operational,2024-140S,2025-016G,False
2025-05-03 00:00:00+00:00,QQ_same_launch,62794,62802,1,11.046841255510943,11.046841255510943,0.01244198881860272,58.1819806296275,operational,operational,2025-016K,2025-016T,False
2025-05-04 00:00:00+00:00,QQ_diff_launch,60383,61569,1,19.945310565286427,19.945310565286427,13.849001671108962,87.08120142435253,operational,stranded,2024-140E,2024-185T,False
2025-05-04 00:00:00+00:00,QQ_diff_launch,60384,62796,1,7.992186180759414,7.992186180759414,14.50322408404431,82.91742810729447,operational,ascent,2024-140F,2025-016M,False
2025-05-04 00:00:00+00:00,QQ_diff_launch,60386,61563,1,7.109543092374283,7.109543092374283,13.835339616829133,86.8681762627966,operational,ascent,2024-140H,2024-185M,False
2025-05-04 00:00:00+00:00,QQ_diff_launch,60392,62802,2,13.938731490801986,14.803306800131075,14.490416870434185,82.79065537420526,operational,operational,2024-140P,2025-016T,False
2025-05-04 00:00:00+00:00,QQ_diff_launch,60394,61565,1,9.422624600645484,9.422624600645484,13.83049018689499,86.89334441236146,operational,ascent,2024-140R,2024-185P,False
2025-05-04 00:00:00+00:00,QQ_diff_launch,60395,62245,3,7.883246096328412,15.992828033356389,11.269086699595624,88.43490954532135,operational,operational,2024-140S,2024-232J,False
2025-05-04 00:00:00+00:00,QQ_diff_launch,61563,62801,1,11.317603744775406,11.317603744775406,2.823300838966998,88.96246384624126,ascent,operational,2024-185M,2025-016S,False
2025-05-04 00:00:00+00:00,QQ_diff_launch,61566,63172,1,6.541036884329353,6.541036884329353,12.860684935732502,87.98284891877104,drift,drift,2024-185Q,2025-046P,False
2025-05-04 00:00:00+00:00,QQ_diff_launch,61569,62793,1,11.205862490435338,11.205862490435338,2.7560342485873806,88.96437441740783,stranded,operational,2024-185T,2025-016J,False
2025-05-04 00:00:00+00:00,QQ_diff_launch,62789,63162,1,11.909951692919048,11.909951692919048,13.858785851313964,86.91690844387625,operational,ascent,2025-016E,2025-046D,False
2025-05-04 00:00:00+00:00,QQ_same_launch,61553,61558,1,18.405254389581966,18.405254389581966,0.02468216685158973,65.50609855933659,stranded,stranded,2024-185B,2024-185G,False
2025-05-04 00:00:00+00:00,QQ_same_launch,62247,62255,2,11.692552610687097,15.622800956756198,0.050967023627195754,84.3311637887289,operational,operational,2024-232L,2024-232U,False
2025-05-05 00:00:00+00:00,QQ_diff_launch,60386,61564,1,19.50333019057043,19.50333019057043,13.844031561426055,86.71342904317335,operational,stranded,2024-140H,2024-185N,False
2025-05-05 00:00:00+00:00,QQ_diff_launch,60394,62255,3,9.164738086996906,15.125207995866369,11.265238444409142,88.36802055882471,operational,operational,2024-140R,2024-232U,False
2025-05-05 00:00:00+00:00,QQ_diff_launch,60394,62802,1,14.399257769221286,14.399257769221286,14.488708761602172,82.63883644019192,operational,operational,2024-140R,2025-016T,False
2025-05-05 00:00:00+00:00,QQ_diff_launch,60395,61565,1,5.752019418687334,5.752019418687334,13.829612853493717,86.91926423314594,operational,ascent,2024-140S,2024-185P,False
2025-05-05 00:00:00+00:00,QQ_diff_launch,61565,62791,1,18.624958935904655,18.624958935904655,2.8162444630518393,88.97084339491192,ascent,operational,2024-185P,2025-016G,False
2025-05-05 00:00:00+00:00,QQ_diff_launch,62247,62791,1,16.519310534519303,16.519310534519303,7.54113668103734,88.81882157851653,operational,operational,2024-232L,2025-016G,False
2025-05-05 00:00:00+00:00,QQ_diff_launch,62795,63162,1,9.229206359290266,9.229206359290266,13.853572529951963,86.90411714360626,operational,ascent,2025-016L,2025-046D,False
2025-05-05 00:00:00+00:00,QQ_same_launch,62792,62802,1,12.41608007326205,12.41608007326205,0.007462763786306272,72.38734822546019,operational,operational,2025-016H,2025-016T,False
2025-05-06 00:00:00+00:00,QQ_diff_launch,60379,62796,2,9.905682350631547,12.482052152161913,14.496663548938002,82.94088355009907,operational,ascent,2024-140A,2025-016M,False
2025-05-06 00:00:00+00:00,QQ_diff_launch,60384,61563,1,10.085788558215524,10.085788558215524,13.841011712622976,86.78115738414517,operational,operational,2024-140F,2024-185M,False
2025-05-06 00:00:00+00:00,QQ_diff_launch,60384,61564,1,19.02512896200365,19.02512896200365,13.851651850962382,86.71397539798699,operational,stranded,2024-140F,2024-185N,False
2025-05-06 00:00:00+00:00,QQ_diff_launch,60390,61569,1,17.78805823596046,17.78805823596046,13.847484591702543,87.06095375260225,operational,stranded,2024-140M,2024-185T,False
2025-05-06 00:00:00+00:00,QQ_diff_launch,60394,62802,1,13.7363253743271,13.7363253743271,14.488669050480521,83.03312272739402,operational,operational,2024-140R,2025-016T,False
2025-05-06 00:00:00+00:00,QQ_diff_launch,61562,62255,2,3.6161353285367768,6.739277099446137,5.098441430160312,88.91866301482125,operational,operational,2024-185L,2024-232U,False
2025-05-06 00:00:00+00:00,QQ_diff_launch,61562,62802,1,15.644278915185096,15.644278915185096,2.760482820306526,88.9484941142857,operational,operational,2024-185L,2025-016T,False
2025-05-06 00:00:00+00:00,QQ_diff_launch,61563,62252,1,15.914881926254427,15.914881926254427,5.0047353718378655,88.89998073576173,operational,operational,2024-185M,2024-232R,False
2025-05-06 00:00:00+00:00,QQ_diff_launch,61569,62794,1,10.572361801670393,10.572361801670393,2.7576662342684197,88.95845123731507,stranded,operational,2024-185T,2025-016K,False
2025-05-06 00:00:00+00:00,QQ_diff_launch,62790,63162,1,5.537280553350724,5.537280553350724,13.855457377406486,86.75803565997766,operational,operational,2025-016F,2025-046D,False
2025-05-06 00:00:00+00:00,QQ_same_launch,61552,61556,1,6.966947916381146,6.966947916381146,0.012105639439797792,80.2900423189155,stranded,stranded,2024-185A,2024-185E,False
2025-05-06 00:00:00+00:00,QQ_same_launch,62240,62243,1,4.114293267788882,4.114293267788882,0.0023686345349991805,26.91855595383146,stranded,stranded,2024-232D,2024-232G,False
2025-05-06 00:00:00+00:00,QQ_same_launch,62791,62802,1,19.411407049532034,19.411407049532034,0.011875325854749014,36.726542605227976,operational,operational,2025-016G,2025-016T,False
2025-05-06 00:00:00+00:00,QQ_same_launch,62796,62799,1,16.48922660318386,16.48922660318386,0.00749653924172226,53.6624750607827,ascent,operational,2025-016M,2025-016Q,False
2025-05-06 00:00:00+00:00,QQ_same_launch,63161,63162,1,12.28923742676332,12.28923742676332,0.0055125133382457146,34.826550941235205,operational,operational,2025-046C,2025-046D,False
2025-05-07 00:00:00+00:00,QQ_diff_launch,60381,61565,1,9.20555289067229,9.20555289067229,13.831282977539647,87.00291203813026,operational,operational,2024-140C,2024-185P,False
2025-05-07 00:00:00+00:00,QQ_diff_launch,60395,62802,2,13.464459154524793,16.454717889524993,14.489363957479444,82.6893461086787,operational,operational,2024-140S,2025-016T,False
2025-05-07 00:00:00+00:00,QQ_diff_launch,61564,62238,1,18.70967383189933,18.70967383189933,5.012389054303992,88.94069823257394,stranded,operational,2024-185N,2024-232B,False
2025-05-07 00:00:00+00:00,QQ_diff_launch,61564,63165,1,6.8361484958903365,6.8361484958903365,12.723742636743758,87.9071362242263,stranded,drift,2024-185N,2025-046G,False
2025-05-07 00:00:00+00:00,QQ_diff_launch,62247,62802,1,17.745820908502857,17.745820908502857,7.5618007561622615,88.79011090059592,operational,operational,2024-232L,2025-016T,False
2025-05-07 00:00:00+00:00,QQ_diff_launch,62790,63162,2,13.782867613833739,14.675309728640414,13.852054674194168,86.78057994278355,operational,operational,2025-016F,2025-046D,False
2025-05-07 00:00:00+00:00,QQ_same_launch,62245,62247,2,10.397842231160793,11.457043442377833,0.029822554822584425,84.03751052684316,operational,operational,2024-232J,2024-232L,False
2025-05-07 00:00:00+00:00,QQ_same_launch,62796,62798,1,16.917494188254107,16.917494188254107,0.011405519897497291,51.96766911004596,ascent,operational,2025-016M,2025-016P,False
2025-05-07 00:00:00+00:00,QQ_same_launch,63161,63162,1,7.2988462954503674,7.2988462954503674,0.004629766868269531,62.67211714747733,operational,operational,2025-046C,2025-046D,False
2025-05-07 00:00:00+00:00,QQ_same_launch,63163,63172,1,9.116720928319895,9.116720928319895,0.005373440790070407,61.0203825017182,stranded,drift,2025-046E,2025-046P,False
2025-05-07 00:00:00+00:00,QQ_same_launch,63170,63176,1,9.461898261193086,9.461898261193086,0.005837215511260125,66.34726864452415,drift,drift,2025-046M,2025-046T,False
2025-05-08 00:00:00+00:00,QQ_diff_launch,60379,61564,1,19.747745892873372,19.747745892873372,13.841589021262955,87.08158216974994,operational,stranded,2024-140A,2024-185N,False
2025-05-08 00:00:00+00:00,QQ_diff_launch,60388,62796,2,10.320411586936608,11.96706368819314,14.505424695194186,82.52938915684423,operational,operational,2024-140K,2025-016M,False
2025-05-08 00:00:00+00:00,QQ_diff_launch,60389,61565,1,3.4624368760376765,3.4624368760376765,13.827112811968284,86.93864238183598,operational,operational,2024-140L,2024-185P,False
2025-05-08 00:00:00+00:00,QQ_diff_launch,60392,61569,1,2.8432500492096837,2.8432500492096837,13.84881325732483,86.86795444309215,operational,stranded,2024-140P,2024-185T,False
2025-05-08 00:00:00+00:00,QQ_diff_launch,60394,62245,2,4.731477303727263,7.200769521753029,11.298864524204268,88.41948497161086,operational,operational,2024-140R,2024-232J,False
2025-05-08 00:00:00+00:00,QQ_diff_launch,61559,63173,2,13.545080930269698,16.450365261873472,12.798050439233442,87.8615232259482,stranded,drift,2024-185H,2025-046Q,False
2025-05-08 00:00:00+00:00,QQ_diff_launch,61564,62250,1,12.747452034104414,12.747452034104414,5.02449396317258,88.91225064105586,stranded,operational,2024-185N,2024-232P,False
2025-05-08 00:00:00+00:00,QQ_diff_launch,61564,63169,1,7.332901674960506,7.332901674960506,12.724249797529136,87.89683425039624,stranded,stranded,2024-185N,2025-046L,False
2025-05-08 00:00:00+00:00,QQ_diff_launch,62245,62791,1,18.263852511474283,18.263852511474283,7.581888523511343,88.84467113213879,operational,operational,2024-232J,2025-016G,False
2025-05-08 00:00:00+00:00,QQ_diff_launch,62796,63165,1,19.055994519783884,19.055994519783884,13.870041967338926,86.64097517328051,operational,drift,2025-016M,2025-046G,False
2025-05-08 00:00:00+00:00,QQ_same_launch,62248,62255,1,9.156288737795794,9.156288737795794,0.04210814135876142,87.0813105878032,operational,operational,2024-232M,2024-232U,False
2025-05-08 00:00:00+00:00,QQ_same_launch,62789,62802,1,14.425838707485644,14.425838707485644,0.010224995176465695,85.47805641097699,operational,operational,2025-016E,2025-016T,False
2025-05-09 00:00:00+00:00,QQ_diff_launch,60381,62802,2,15.214177655175684,15.266728630169963,14.491071155290566,82.80457193353234,operational,operational,2024-140C,2025-016T,False
2025-05-09 00:00:00+00:00,QQ_diff_launch,60389,61565,1,7.766132721393834,7.766132721393834,13.824894509832669,86.96222076526534,operational,operational,2024-140L,2024-185P,False
2025-05-09 00:00:00+00:00,QQ_diff_launch,60394,61569,1,14.448822718057578,14.448822718057578,13.84656499542467,86.7231022721812,operational,stranded,2024-140R,2024-185T,False
2025-05-09 00:00:00+00:00,QQ_diff_launch,61559,63167,1,8.37509348268498,8.37509348268498,12.781130853746463,87.99477830070037,stranded,ascent,2024-185H,2025-046J,False
2025-05-09 00:00:00+00:00,QQ_diff_launch,61562,62245,1,15.385298757238683,15.385298757238683,5.086515373771481,88.9026931833462,operational,operational,2024-185L,2024-232J,False
2025-05-09 00:00:00+00:00,QQ_diff_launch,61563,62799,2,11.777072169995431,14.556558614953998,2.8122225711473527,88.96916804058111,operational,operational,2024-185M,2025-016Q,False
2025-05-09 00:00:00+00:00,QQ_diff_launch,61565,63161,2,10.554957108308617,14.963884212192708,12.711411614845934,87.99233650783805,operational,operational,2024-185P,2025-046C,False
2025-05-09 00:00:00+00:00,QQ_diff_launch,61569,62245,1,14.330237940131578,14.330237940131578,5.081796995692308,88.93392579197808,stranded,operational,2024-185T,2024-232J,False
2025-05-09 00:00:00+00:00,QQ_diff_launch,62242,62796,1,14.744178841495266,14.744178841495266,7.559354471747088,88.84272201625741,operational,operational,2024-232F,2025-016M,False
2025-05-09 00:00:00+00:00,QQ_diff_launch,62796,63169,1,19.678006827287174,19.678006827287174,13.868513379395775,86.65915984127123,operational,stranded,2025-016M,2025-046L,False
2025-05-09 00:00:00+00:00,QQ_same_launch,61562,61569,1,16.538353171090538,16.538353171090538,0.008039840024319912,29.64303855135528,operational,stranded,2024-185L,2024-185T,False
2025-05-09 00:00:00+00:00,QQ_same_launch,62796,62797,1,10.132904689651232,10.132904689651232,0.007930707568657372,88.81926929657251,operational,operational,2025-016M,2025-016N,False
2025-05-10 00:00:00+00:00,QQ_diff_launch,60380,63162,2,2.422602976559297,7.9947715049426815,2.655554752219616,88.96047570234005,operational,operational,2024-140B,2025-046D,False
2025-05-10 00:00:00+00:00,QQ_diff_launch,60385,61554,1,12.720996615865934,12.720996615865934,14.0975926044989,86.67921500714097,drift,stranded,2024-140G,2024-185C,False
2025-05-10 00:00:00+00:00,QQ_diff_launch,60387,61564,1,16.93910459933671,16.93910459933671,13.840270506318948,87.05776106953108,operational,stranded,2024-140J,2024-185N,False
2025-05-10 00:00:00+00:00,QQ_diff_launch,60387,62796,2,13.17725711690554,14.707258834171597,14.49325770634581,82.9825634893525,operational,operational,2024-140J,2025-016M,False
2025-05-10 00:00:00+00:00,QQ_diff_launch,60392,62255,3,10.89619953009527,15.969535433595333,11.264821115804383,88.42612044377532,operational,operational,2024-140P,2024-232U,False
2025-05-10 00:00:00+00:00,QQ_diff_launch,60395,61569,1,9.435023182953683,9.435023182953683,13.846324962592865,86.98174749969236,operational,stranded,2024-140S,2024-185T,False
2025-05-10 00:00:00+00:00,QQ_diff_launch,61555,63173,1,15.426565717546461,15.426565717546461,12.818854580994895,87.99805219616161,stranded,drift,2024-185D,2025-046Q,False
2025-05-10 00:00:00+00:00,QQ_diff_launch,61565,63161,1,5.399679791083348,5.399679791083348,12.727346426701136,87.96986529992918,operational,operational,2024-185P,2025-046C,False
2025-05-10 00:00:00+00:00,QQ_diff_launch,62239,63162,2,9.098452960328054,10.74801423013788,9.471137567664428,88.66507760484538,operational,operational,2024-232C,2025-046D,False
2025-05-10 00:00:00+00:00,QQ_diff_launch,62255,62792,1,14.645235780068731,14.645235780068731,7.593033406578997,88.78599680770203,operational,operational,2024-232U,2025-016H,False
2025-05-10 00:00:00+00:00,QQ_diff_launch,62788,63162,2,10.037844657580866,12.554303487905411,13.850668695422684,86.8400104412789,operational,operational,2025-016D,2025-046D,False
2025-05-10 00:00:00+00:00,QQ_diff_launch,62796,63159,1,2.653736466601828,2.653736466601828,13.865628169977981,86.79144290805742,operational,ascent,2025-016M,2025-046A,False
2025-05-10 00:00:00+00:00,QQ_diff_launch,62797,63159,1,10.885080311972818,10.885080311972818,13.863465792193734,86.79525217742531,operational,ascent,2025-016N,2025-046A,False
2025-05-10 00:00:00+00:00,QQ_same_launch,62795,62802,1,15.549595736669461,15.549595736669461,0.009263440421457537,23.467105455580523,operational,operational,2025-016L,2025-016T,False
2025-05-11 00:00:00+00:00,QQ_diff_launch,60381,61569,1,19.037752662407826,19.037752662407826,13.850361465297532,87.07722318115133,operational,stranded,2024-140C,2024-185T,False
2025-05-11 00:00:00+00:00,QQ_diff_launch,60389,62802,2,14.013480633307429,16.243369467043074,14.48970471635658,82.9685144929422,operational,operational,2024-140L,2025-016T,False
2025-05-11 00:00:00+00:00,QQ_diff_launch,62239,63162,7,5.555564812389314,12.597273985847165,9.492633378354922,88.67061057905467,operational,operational,2024-232C,2025-046D,False
2025-05-11 00:00:00+00:00,QQ_diff_launch,62796,63159,1,6.417330192940951,6.417330192940951,13.86320798094318,86.86164021525468,operational,ascent,2025-016M,2025-046A,False
2025-05-11 00:00:00+00:00,QQ_same_launch,62245,62248,2,7.649756716282852,12.115180616201837,0.02311863731336817,79.97125431708406,operational,operational,2024-232J,2024-232M,False
2025-05-12 00:00:00+00:00,QQ_diff_launch,60389,61569,1,15.703587867967048,15.703587867967048,13.846300622716727,87.04251309838361,operational,stranded,2024-140L,2024-185T,False
2025-05-12 00:00:00+00:00,QQ_diff_launch,60392,62245,3,5.967030386827506,15.221545467296263,11.331590992688513,88.3818974070426,operational,operational,2024-140P,2024-232J,False
2025-05-12 00:00:00+00:00,QQ_diff_launch,61559,63160,1,19.390341736082622,19.390341736082622,12.801034788395256,88.01145830721333,stranded,ascent,2024-185H,2025-046B,False
2025-05-12 00:00:00+00:00,QQ_diff_launch,62788,63162,6,14.264433865218907,15.453435230618602,13.847874402417634,86.73792688926412,operational,operational,2025-016D,2025-046D,False
2025-05-12 00:00:00+00:00,QQ_diff_launch,62802,63161,1,9.988953549022405,9.988953549022405,13.8750494954904,86.72060961510944,operational,operational,2025-016T,2025-046C,False
2025-05-12 00:00:00+00:00,QQ_same_launch,61554,61561,1,14.862039945965641,14.862039945965641,0.006709555268073339,84.5188823468892,stranded,stranded,2024-185C,2024-185K,False
2025-05-12 00:00:00+00:00,QQ_same_launch,61557,61568,1,12.430288325022158,12.430288325022158,0.01746061084310362,82.63568869870743,stranded,stranded,2024-185F,2024-185S,False
2025-05-12 00:00:00+00:00,QQ_same_launch,62790,62802,1,14.238173665454651,14.238173665454651,0.008480821813166969,26.000102452452726,operational,operational,2025-016F,2025-016T,False
2025-05-13 00:00:00+00:00,QQ_diff_launch,60380,62802,2,12.336668053271888,15.126656045747115,14.493037360012142,82.58735255660302,operational,operational,2024-140B,2025-016T,False
2025-05-13 00:00:00+00:00,QQ_diff_launch,60392,61564,1,11.241806256842082,11.241806256842082,13.838243672160782,86.81845444351865,operational,stranded,2024-140P,2024-185N,False
2025-05-13 00:00:00+00:00,QQ_diff_launch,61563,62252,2,14.500641173511367,16.929418711882825,4.992486392421544,88.93229049048907,operational,operational,2024-185M,2024-232R,False
2025-05-13 00:00:00+00:00,QQ_diff_launch,61569,62790,1,19.033416774328206,19.033416774328206,2.7664044605983578,88.97026470882065,stranded,operational,2024-185T,2025-016F,False
2025-05-13 00:00:00+00:00,QQ_diff_launch,61569,62802,2,6.38880846509863,11.290959130032958,2.7705596122624847,88.96433582482084,stranded,operational,2024-185T,2025-016T,False
2025-05-13 00:00:00+00:00,QQ_diff_launch,62241,62785,1,17.49467346813998,17.49467346813998,7.633244112406977,88.82367197191716,ascent,operational,2024-232E,2025-016A,False
2025-05-13 00:00:00+00:00,QQ_diff_launch,62787,63159,1,8.38197204426691,8.38197204426691,13.866102439221926,86.86135477815557,operational,ascent,2025-016C,2025-046A,False
2025-05-13 00:00:00+00:00,QQ_diff_launch,62802,63165,1,12.09289100466245,12.09289100466245,13.878632613395496,86.86371270270814,operational,drift,2025-016T,2025-046G,False
2025-05-14 00:00:00+00:00,QQ_diff_launch,60380,61569,1,3.615934861454135,3.615934861454135,13.855375156640816,86.86394404181877,operational,stranded,2024-140B,2024-185T,False
2025-05-14 00:00:00+00:00,QQ_diff_launch,60390,62255,3,12.608819747320227,13.416878958701963,11.268038980499485,88.4003826721394,operational,operational,2024-140M,2024-232U,False
2025-05-14 00:00:00+00:00,QQ_diff_launch,60394,61564,1,16.267163734234202,16.267163734234202,13.835833614749353,87.04687228723256,operational,stranded,2024-140R,2024-185N,False
2025-05-14 00:00:00+00:00,QQ_diff_launch,61555,63166,2,4.468789558973081,11.820382741511867,12.81937306306665,87.98051373260344,stranded,drift,2024-185D,2025-046H,False
2025-05-14 00:00:00+00:00,QQ_diff_launch,61563,62785,3,9.773053129284365,15.79515126788575,2.8350510078879183,88.96096651638342,operational,operational,2024-185M,2025-016A,False
2025-05-14 00:00:00+00:00,QQ_diff_launch,62239,63162,8,7.066962149900137,11.943668863100095,9.490573477662492,88.682151532418,operational,operational,2024-232C,2025-046D,False
2025-05-14 00:00:00+00:00,QQ_diff_launch,62255,62794,2,5.492339302496778,9.817721271696511,7.5822458234048025,88.82316081896599,operational,operational,2024-232U,2025-016K,False
2025-05-14 00:00:00+00:00,QQ_diff_launch,62794,63159,1,11.136654581668907,11.136654581668907,13.860149457241738,86.88750962419576,operational,drift,2025-016K,2025-046A,False
2025-05-14 00:00:00+00:00,QQ_diff_launch,62802,63162,1,8.762780890550015,8.762780890550015,13.874897839147232,86.72363757846682,operational,operational,2025-016T,2025-046D,False
2025-05-14 00:00:00+00:00,QQ_same_launch,62788,62802,1,13.483951354856375,13.483951354856375,0.006028092916319806,10.137436473647309,operational,operational,2025-016D,2025-016T,False
2025-05-15 00:00:00+00:00,QQ_diff_launch,60381,61564,1,11.93309174338903,11.93309174338903,13.839177812369906,86.96730865372342,operational,stranded,2024-140C,2024-185N,False
2025-05-15 00:00:00+00:00,QQ_diff_launch,60384,61563,4,11.320704491007564,16.348120619360408,13.789138395511849,86.87694050298,operational,operational,2024-140F,2024-185M,False
2025-05-15 00:00:00+00:00,QQ_diff_launch,60391,61569,1,9.921781200684674,9.921781200684674,13.844027602912249,86.9854521843143,operational,stranded,2024-140N,2024-185T,False
2025-05-15 00:00:00+00:00,QQ_diff_launch,60391,62802,2,12.400604417792476,15.29853928758492,14.488795078886056,82.70811643958073,operational,operational,2024-140N,2025-016T,False
2025-05-15 00:00:00+00:00,QQ_diff_launch,61564,62253,1,9.372061762506352,9.372061762506352,5.035813611812764,88.91750132488512,stranded,operational,2024-185N,2024-232S,False
2025-05-15 00:00:00+00:00,QQ_diff_launch,62239,63162,7,8.861306249420023,11.66081551421434,9.449704235483456,88.66424449155544,operational,operational,2024-232C,2025-046D,False
2025-05-15 00:00:00+00:00,QQ_diff_launch,62792,63159,1,16.086623608987722,16.086623608987722,13.86428756373242,86.9582006180677,operational,drift,2025-016H,2025-046A,False
2025-05-15 00:00:00+00:00,QQ_same_launch,61554,61560,1,17.660435809560333,17.660435809560333,0.009727867508094054,67.1682851889976,stranded,stranded,2024-185C,2024-185J,False
2025-05-15 00:00:00+00:00,QQ_same_launch,63164,63167,1,15.57938359193884,15.57938359193884,0.006335777968510373,4.854622564773736,ascent,ascent,2025-046F,2025-046J,False
2025-05-16 00:00:00+00:00,QQ_diff_launch,60396,61569,1,19.382848089278855,19.382848089278855,13.863793539437653,86.62797600985414,operational,stranded,2024-140T,2024-185T,False
2025-05-16 00:00:00+00:00,QQ_diff_launch,62239,63162,13,8.117775972307339,8.39459394619064,9.449957466466799,88.67785977219938,operational,operational,2024-232C,2025-046D,False
2025-05-16 00:00:00+00:00,QQ_diff_launch,62247,63159,1,11.868791607962795,11.868791607962795,9.50895790830024,88.68493807712164,operational,drift,2024-232L,2025-046A,False
2025-05-16 00:00:00+00:00,QQ_diff_launch,62251,62802,1,15.207477820601213,15.207477820601213,7.567393806241016,88.83519207976202,operational,operational,2024-232Q,2025-016T,False
2025-05-16 00:00:00+00:00,QQ_diff_launch,62791,63159,1,11.20965983303722,11.20965983303722,13.864477046369357,86.87932492172537,operational,drift,2025-016G,2025-046A,False
2025-05-16 00:00:00+00:00,QQ_diff_launch,62797,63175,1,17.626302205733587,17.626302205733587,13.866064656824772,86.78425566853943,operational,drift,2025-016N,2025-046S,False
2025-05-16 00:00:00+00:00,QQ_same_launch,61552,61553,1,19.511930758336813,19.511930758336813,0.017604251713871078,80.49388749259357,stranded,stranded,2024-185A,2024-185B,False
2025-05-16 00:00:00+00:00,QQ_same_launch,62786,62802,1,13.67636588780965,13.67636588780965,0.00947856174021427,87.4656252878671,operational,operational,2025-016B,2025-016T,False
2025-05-17 00:00:00+00:00,QQ_diff_launch,60396,62802,2,12.347421208237208,14.620755266093497,14.497663740980382,82.5395065796036,operational,operational,2024-140T,2025-016T,False
2025-05-17 00:00:00+00:00,QQ_diff_launch,62239,63162,14,8.82765794119704,9.318595241298219,9.450469279191918,88.68445212708076,operational,operational,2024-232C,2025-046D,True
2025-05-17 00:00:00+00:00,QQ_diff_launch,62789,63159,1,10.934702959515223,10.934702959515223,13.863792206710908,86.8612222791587,operational,drift,2025-016E,2025-046A,False
2025-05-18 00:00:00+00:00,QQ_diff_launch,60381,63159,1,19.746278399110587,19.746278399110587,2.632979817516883,88.94974401763703,operational,drift,2024-140C,2025-046A,False
2025-05-18 00:00:00+00:00,QQ_diff_launch,60386,62802,1,18.860657540723658,18.860657540723658,14.494867953000215,82.43984632856225,operational,operational,2024-140H,2025-016T,False
2025-05-18 00:00:00+00:00,QQ_diff_launch,61563,62249,1,18.154223117305836,18.154223117305836,4.985293714606961,88.90896419413039,operational,operational,2024-185M,2024-232N,False
2025-05-18 00:00:00+00:00,QQ_diff_launch,62239,63162,19,10.002183653919573,10.910344693213522,9.451127410000536,88.68973880092642,operational,operational,2024-232C,2025-046D,True
2025-05-18 00:00:00+00:00,QQ_diff_launch,62795,63159,1,17.38779636142581,17.38779636142581,13.862797161624258,86.94594250003166,operational,drift,2025-016L,2025-046A,False
2025-05-18 00:00:00+00:00,QQ_same_launch,62800,62802,1,14.131945008138745,14.131945008138745,0.008568152374833654,48.540538155597076,operational,operational,2025-016R,2025-016T,False
2025-05-18 00:00:00+00:00,QQ_same_launch,63167,63176,1,14.321858269382592,14.321858269382592,0.012459125702907569,55.79620051780779,drift,drift,2025-046J,2025-046T,False
2025-05-19 00:00:00+00:00,QQ_diff_launch,60385,61557,1,8.24183390218586,8.24183390218586,14.114065631003898,86.69939438547193,drift,stranded,2024-140G,2024-185F,False
2025-05-19 00:00:00+00:00,QQ_diff_launch,60386,61564,1,12.65324251307895,12.65324251307895,13.842308515766172,86.78988925685795,operational,stranded,2024-140H,2024-185N,False
2025-05-19 00:00:00+00:00,QQ_diff_launch,60386,62802,1,13.52216753736084,13.52216753736084,14.494948282521358,82.83432380070619,operational,operational,2024-140H,2025-016T,False
2025-05-19 00:00:00+00:00,QQ_diff_launch,61555,63166,1,13.657418813947851,13.657418813947851,12.824618938780576,88.03318928059389,stranded,ascent,2024-185D,2025-046H,False
2025-05-19 00:00:00+00:00,QQ_diff_launch,61568,62240,1,19.841057751299257,19.841057751299257,5.111839765002882,88.94642062145927,stranded,stranded,2024-185S,2024-232D,False
2025-05-19 00:00:00+00:00,QQ_diff_launch,62239,63162,27,11.345001716671677,12.897639988576746,9.451834677141939,88.69478995950554,operational,operational,2024-232C,2025-046D,True
2025-05-19 00:00:00+00:00,QQ_diff_launch,62790,63159,1,15.199083751910292,15.199083751910292,13.865023545538442,86.90712822873112,operational,drift,2025-016F,2025-046A,False
2025-05-19 00:00:00+00:00,QQ_same_launch,62801,62802,1,8.186591691353607,8.186591691353607,0.004517819209797028,75.65778557268817,operational,operational,2025-016S,2025-016T,False
2025-05-20 00:00:00+00:00,QQ_diff_launch,60382,61563,4,10.44772936966351,15.803804962575096,13.785147800866653,86.90515892857924,operational,operational,2024-140D,2024-185M,False
2025-05-20 00:00:00+00:00,QQ_diff_launch,60382,62802,2,11.390906663353302,11.796723152608099,14.494019749062991,82.73104083849452,operational,operational,2024-140D,2025-016T,False
2025-05-20 00:00:00+00:00,QQ_diff_launch,60384,61569,1,9.645298496089982,9.645298496089982,13.860241844557908,86.95309496550847,operational,stranded,2024-140F,2024-185T,False
2025-05-20 00:00:00+00:00,QQ_diff_launch,60392,63175,1,9.72325637506979,9.72325637506979,2.624986340875844,88.95903804480972,operational,ascent,2024-140P,2025-046S,False
2025-05-20 00:00:00+00:00,QQ_diff_launch,62239,63162,27,13.015991735840322,14.158671941243586,9.489120414999332,88.64329409763381,operational,operational,2024-232C,2025-046D,True
2025-05-20 00:00:00+00:00,QQ_diff_launch,62241,63176,1,13.788952516014378,13.788952516014378,9.465007417297997,88.7010872105324,ascent,drift,2024-232E,2025-046T,False
2025-05-20 00:00:00+00:00,QQ_diff_launch,62254,62802,1,13.357276232488433,13.357276232488433,7.568882369105782,88.79867157496447,operational,operational,2024-232T,2025-016T,False
2025-05-20 00:00:00+00:00,QQ_same_launch,63165,63175,1,18.986246233472027,18.986246233472027,0.010129412251146842,38.23727252288082,ascent,ascent,2025-046G,2025-046S,False
2025-05-21 00:00:00+00:00,QQ_diff_launch,60384,61564,1,14.059988290923533,14.059988290923533,13.84935687729885,86.78161516548724,operational,stranded,2024-140F,2024-185N,False
2025-05-21 00:00:00+00:00,QQ_diff_launch,60391,63159,1,10.780859233524637,10.780859233524637,2.6162985774494096,88.96091530623637,operational,drift,2024-140N,2025-046A,False
2025-05-21 00:00:00+00:00,QQ_diff_launch,62239,63162,27,11.600141120796094,14.743792671042673,9.453047721379933,88.70865404531335,operational,operational,2024-232C,2025-046D,True
2025-05-21 00:00:00+00:00,QQ_diff_launch,62247,63175,1,12.478852556401073,12.478852556401073,9.50759644788442,88.70049521655557,operational,ascent,2024-232L,2025-046S,False
2025-05-21 00:00:00+00:00,QQ_diff_launch,62791,63175,1,15.714563620787148,15.714563620787148,13.865826587693078,86.87202540685222,operational,ascent,2025-016G,2025-046S,False
2025-05-22 00:00:00+00:00,QQ_diff_launch,60379,61564,1,17.730657190531282,17.730657190531282,13.841733564324842,87.07739827548279,operational,stranded,2024-140A,2024-185N,False
2025-05-22 00:00:00+00:00,QQ_diff_launch,61564,62238,1,12.429437984038936,12.429437984038936,5.007199261909614,88.93445287637908,stranded,operational,2024-185N,2024-232B,False
2025-05-22 00:00:00+00:00,QQ_diff_launch,61569,62798,1,18.779593629301772,18.779593629301772,2.7683823544651074,88.96342796336515,stranded,operational,2024-185T,2025-016P,False
2025-05-22 00:00:00+00:00,QQ_diff_launch,62239,63162,27,10.690250979695518,11.487198813777352,9.488536059693516,88.66900346759495,operational,operational,2024-232C,2025-046D,True
2025-05-22 00:00:00+00:00,QQ_diff_launch,62789,63175,1,16.817796387543314,16.817796387543314,13.865174507335576,86.70232865487867,operational,ascent,2025-016E,2025-046S,False
2025-05-22 00:00:00+00:00,QQ_same_launch,61557,61561,1,16.4156521971225,16.4156521971225,0.01401994677108533,50.83761714439072,stranded,stranded,2024-185F,2024-185K,False
2025-05-22 00:00:00+00:00,QQ_same_launch,63164,63175,1,12.782862663975472,12.782862663975472,0.006728176649085906,32.699777743027816,ascent,ascent,2025-046F,2025-046S,False
2025-05-23 00:00:00+00:00,QQ_diff_launch,60386,63159,1,7.068310547256963,7.068310547256963,2.6381774054549814,88.96436760492797,operational,drift,2024-140H,2025-046A,False
2025-05-23 00:00:00+00:00,QQ_diff_launch,60388,61569,1,19.565366260119813,19.565366260119813,13.872655282635213,87.03676682419726,operational,stranded,2024-140K,2024-185T,False
2025-05-23 00:00:00+00:00,QQ_diff_launch,61563,62241,1,17.23520700508573,17.23520700508573,5.066046657907006,88.91993009901847,operational,ascent,2024-185M,2024-232E,False
2025-05-23 00:00:00+00:00,QQ_diff_launch,61563,62254,2,11.429087927133121,15.255697007980048,4.994375324834875,88.92392641491935,operational,operational,2024-185M,2024-232T,False
2025-05-23 00:00:00+00:00,QQ_diff_launch,61564,62242,1,18.0186065573137,18.0186065573137,5.022727141729184,88.93968886232389,stranded,operational,2024-185N,2024-232F,False
2025-05-23 00:00:00+00:00,QQ_diff_launch,62239,63162,24,10.676789304701106,11.081487271080249,9.48827108172895,88.68089713219766,operational,operational,2024-232C,2025-046D,True
2025-05-23 00:00:00+00:00,QQ_diff_launch,62790,63165,1,10.166260928254303,10.166260928254303,13.85988799663428,86.81033327628782,operational,ascent,2025-016F,2025-046G,False
2025-05-23 00:00:00+00:00,QQ_diff_launch,62801,63159,1,19.026669472354282,19.026669472354282,13.866095398211664,86.93276319659881,operational,drift,2025-016S,2025-046A,False
2025-05-23 00:00:00+00:00,QQ_same_launch,61564,61569,1,9.058891980763333,9.058891980763333,0.043098134222812216,88.13008999768867,stranded,stranded,2024-185N,2024-185T,False
2025-05-23 00:00:00+00:00,QQ_same_launch,63164,63170,1,15.769227385033975,15.769227385033975,0.0086650776175698,85.18189627574786,ascent,ascent,2025-046F,2025-046M,False
2025-05-24 00:00:00+00:00,QQ_diff_launch,60385,62243,1,18.963213564688385,18.963213564688385,11.63956091279838,88.35094447877844,drift,stranded,2024-140G,2024-232G,False
2025-05-24 00:00:00+00:00,QQ_diff_launch,62239,63162,14,11.231984521241294,11.936954986689155,9.488102529430186,88.68859682546608,operational,operational,2024-232C,2025-046D,True
2025-05-24 00:00:00+00:00,QQ_diff_launch,62253,63175,1,11.940837235181831,11.940837235181831,9.488309028524549,88.71159037444413,operational,operational,2024-232S,2025-046S,False
2025-05-24 00:00:00+00:00,QQ_diff_launch,62790,63165,1,12.749511897325565,12.749511897325565,13.858814796609195,86.67137016708968,operational,operational,2025-016F,2025-046G,False
2025-05-24 00:00:00+00:00,QQ_diff_launch,62795,63175,1,10.841665994494216,10.841665994494216,13.859632814593445,86.70961208146015,operational,operational,2025-016L,2025-046S,False
2025-05-24 00:00:00+00:00,QQ_same_launch,63161,63165,1,11.991622121529966,11.991622121529966,0.008203441683244599,62.2089718123014,operational,operational,2025-046C,2025-046G,False
2025-05-24 00:00:00+00:00,QQ_same_launch,63164,63165,1,14.832895621215645,14.832895621215645,0.007066188156720165,20.90673539990709,ascent,operational,2025-046F,2025-046G,False
2025-05-24 00:00:00+00:00,QQ_same_launch,63168,63174,1,13.657170448936789,13.657170448936789,0.009454746007842503,48.9368536951816,ascent,ascent,2025-046K,2025-046R,False
2025-05-25 00:00:00+00:00,QQ_diff_launch,60380,63164,1,13.819815448199309,13.819815448199309,2.646042197694559,88.95700518082344,operational,ascent,2024-140B,2025-046F,False
2025-05-25 00:00:00+00:00,QQ_diff_launch,60386,61563,2,11.995512131923084,13.831792588067636,13.779336268983489,86.95638518493415,operational,operational,2024-140H,2024-185M,False
2025-05-25 00:00:00+00:00,QQ_diff_launch,60387,61569,1,18.048045186608864,18.048045186608864,13.848013180771483,87.07588964693625,operational,stranded,2024-140J,2024-185T,False
2025-05-25 00:00:00+00:00,QQ_diff_launch,61563,62801,2,6.416861699796994,9.778016623274748,2.822489492523286,88.95933738335066,operational,operational,2024-185M,2025-016S,False
2025-05-25 00:00:00+00:00,QQ_diff_launch,61565,63164,1,16.44973752465128,16.44973752465128,12.716676821164084,87.8905694738809,operational,ascent,2024-185P,2025-046F,False
2025-05-25 00:00:00+00:00,QQ_diff_launch,61569,62244,1,19.028212009213075,19.028212009213075,5.0547495936705475,88.89436938260482,stranded,operational,2024-185T,2024-232H,False
2025-05-25 00:00:00+00:00,QQ_diff_launch,61569,62796,1,18.367129069844935,18.367129069844935,2.7583735307412622,88.95673665296727,stranded,operational,2024-185T,2025-016M,False
2025-05-25 00:00:00+00:00,QQ_diff_launch,62239,63162,13,13.051939497099877,14.11471367852869,9.487776536051694,88.70119252178988,operational,operational,2024-232C,2025-046D,False
2025-05-25 00:00:00+00:00,QQ_diff_launch,62788,63164,1,19.091206368975,19.091206368975,13.86415028741116,86.69339559903489,operational,ascent,2025-016D,2025-046F,False
2025-05-25 00:00:00+00:00,QQ_diff_launch,62788,63165,2,9.542222401212767,12.662559659337848,13.867072965791081,86.75708858712491,operational,operational,2025-016D,2025-046G,False
2025-05-25 00:00:00+00:00,QQ_same_launch,63168,63174,1,11.86201438357643,11.86201438357643,0.010218783815827125,60.64624226235573,ascent,ascent,2025-046K,2025-046R,False
2025-05-26 00:00:00+00:00,QQ_diff_launch,60383,61569,1,12.180788142164086,12.180788142164086,13.84842221759087,87.00637631547337,operational,stranded,2024-140E,2024-185T,False
2025-05-26 00:00:00+00:00,QQ_diff_launch,60386,61563,1,17.912779217109073,17.912779217109073,13.779431816164985,86.76202282288145,operational,operational,2024-140H,2024-185M,False
2025-05-26 00:00:00+00:00,QQ_diff_launch,60387,63176,1,17.290375106748865,17.290375106748865,2.6239005613955952,88.95009087774797,operational,operational,2024-140J,2025-046T,False
2025-05-26 00:00:00+00:00,QQ_diff_launch,60390,61564,1,17.306495373543566,17.306495373543566,13.834830178256201,86.76140459974158,operational,stranded,2024-140M,2024-185N,False
2025-05-26 00:00:00+00:00,QQ_diff_launch,62239,63162,14,15.52355637775165,16.9483145188157,9.487436832547683,88.71372757623968,operational,operational,2024-232C,2025-046D,True
2025-05-26 00:00:00+00:00,QQ_diff_launch,62246,63170,1,17.408389811462342,17.408389811462342,9.498411899505745,88.63415514268937,operational,ascent,2024-232K,2025-046M,False
2025-05-26 00:00:00+00:00,QQ_diff_launch,62788,63165,2,8.073890715085174,12.714757416874953,13.866375416262603,86.71898970675448,operational,operational,2025-016D,2025-046G,False
2025-05-26 00:00:00+00:00,QQ_same_launch,63162,63165,1,9.929116153729264,9.929116153729264,0.005113665931980781,42.04485606106366,operational,operational,2025-046D,2025-046G,False
2025-05-27 00:00:00+00:00,QQ_diff_launch,60392,61564,1,9.503980681712553,9.503980681712553,13.836379078100455,86.8974862444868,operational,stranded,2024-140P,2024-185N,False
2025-05-27 00:00:00+00:00,QQ_diff_launch,62239,63162,13,15.684835822733296,16.308886044004684,9.487077173958228,88.7105165617262,operational,operational,2024-232C,2025-046D,False
2025-05-27 00:00:00+00:00,QQ_diff_launch,62254,63170,1,9.726997717014232,9.726997717014232,9.49638368934784,88.69182011487204,operational,ascent,2024-232T,2025-046M,False
2025-05-27 00:00:00+00:00,QQ_diff_launch,62795,63175,8,2.284223823235772,8.80628445305308,13.85421451359193,86.75830976996139,operational,operational,2025-016L,2025-046S,False
2025-05-27 00:00:00+00:00,QQ_same_launch,61557,61560,1,16.585566366619542,16.585566366619542,0.011539138724209919,36.785451163012304,stranded,stranded,2024-185F,2024-185J,False
2025-05-28 00:00:00+00:00,QQ_diff_launch,60387,63176,2,11.08442204999822,13.50559991709709,2.618989397997071,88.96362664367896,operational,operational,2024-140J,2025-046T,False
2025-05-28 00:00:00+00:00,QQ_diff_launch,60388,62241,1,17.73246005985587,17.73246005985587,11.353088660093022,88.3716883209384,operational,operational,2024-140K,2024-232E,False
2025-05-28 00:00:00+00:00,QQ_diff_launch,60390,61569,1,11.8020706251775,11.8020706251775,13.845089238506597,86.99771714394059,operational,stranded,2024-140M,2024-185T,False
2025-05-28 00:00:00+00:00,QQ_diff_launch,60391,63165,2,12.96790290037839,15.818615065539614,2.6177332628556806,88.95841147284582,operational,operational,2024-140N,2025-046G,False
2025-05-28 00:00:00+00:00,QQ_diff_launch,61569,62794,1,18.837690340072832,18.837690340072832,2.759922888404086,88.9622605283757,stranded,operational,2024-185T,2025-016K,False
2025-05-28 00:00:00+00:00,QQ_diff_launch,62239,63162,20,14.368286210014327,15.239466822930394,9.486595144438411,88.70518430176669,operational,operational,2024-232C,2025-046D,True
2025-05-28 00:00:00+00:00,QQ_diff_launch,62786,63165,1,17.093447859621513,17.093447859621513,13.874153640547293,86.96827656873982,operational,operational,2025-016B,2025-046G,False
2025-05-28 00:00:00+00:00,QQ_diff_launch,62795,63175,10,2.0749093081445147,11.422127148611175,13.873870530729565,86.85022338589143,operational,operational,2025-016L,2025-046S,False
2025-05-28 00:00:00+00:00,QQ_diff_launch,62796,63176,2,8.436084118754287,12.48242569439805,13.874608599601139,86.94016488390008,operational,operational,2025-016M,2025-046T,False
2025-05-28 00:00:00+00:00,QQ_diff_launch,62797,63159,2,16.745211340576425,17.34786657972895,13.871798235819686,86.76691244705296,operational,ascent,2025-016N,2025-046A,False
2025-05-28 00:00:00+00:00,QQ_diff_launch,62801,63164,1,19.205269747772867,19.205269747772867,13.866897849843616,86.74713280274737,operational,drift,2025-016S,2025-046F,False
2025-05-28 00:00:00+00:00,QQ_same_launch,62241,62242,1,16.0564471122448,16.0564471122448,0.07924265339627014,88.34793260801283,operational,operational,2024-232E,2024-232F,False
2025-05-29 00:00:00+00:00,QQ_diff_launch,60382,63164,1,12.52826645261438,12.52826645261438,2.6456256957656445,88.96845958462373,operational,drift,2024-140D,2025-046F,False
2025-05-29 00:00:00+00:00,QQ_diff_launch,60385,61554,1,17.500861111914507,17.500861111914507,14.115230523532771,86.67411810635225,drift,stranded,2024-140G,2024-185C,False
2025-05-29 00:00:00+00:00,QQ_diff_launch,60387,62241,1,14.16355387079889,14.16355387079889,11.3011165706268,88.44237544777775,operational,operational,2024-140J,2024-232E,False
2025-05-29 00:00:00+00:00,QQ_diff_launch,60392,61569,1,9.86603734909306,9.86603734909306,13.846366389311243,86.76847561947648,operational,stranded,2024-140P,2024-185T,False
2025-05-29 00:00:00+00:00,QQ_diff_launch,61563,62246,3,16.947445767721437,18.40821035335723,4.986819123119982,88.92031825070978,operational,operational,2024-185M,2024-232K,False
2025-05-29 00:00:00+00:00,QQ_diff_launch,61569,62245,1,12.465575223516389,12.465575223516389,5.075160050098515,88.90526875310528,stranded,operational,2024-185T,2024-232J,False
2025-05-29 00:00:00+00:00,QQ_diff_launch,62239,63162,27,13.381491948606298,15.838361176403733,9.458386909237015,88.70726754729623,operational,operational,2024-232C,2025-046D,True
2025-05-29 00:00:00+00:00,QQ_diff_launch,62241,62796,1,14.528374702056176,14.528374702056176,7.602917664970821,88.78197300758688,operational,operational,2024-232E,2025-016M,False
2025-05-29 00:00:00+00:00,QQ_diff_launch,62249,63170,1,4.3120899651264,4.3120899651264,9.496169403074326,88.66859088150865,operational,operational,2024-232N,2025-046M,False
2025-05-29 00:00:00+00:00,QQ_diff_launch,62251,63165,1,13.010379766068787,13.010379766068787,9.49059046170179,88.7091776739973,operational,operational,2024-232Q,2025-046G,False
2025-05-29 00:00:00+00:00,QQ_diff_launch,62253,63175,5,11.220109258478152,16.77312172850759,9.482853675971128,88.67870170474731,operational,operational,2024-232S,2025-046S,False
2025-05-29 00:00:00+00:00,QQ_diff_launch,62786,63165,3,8.060898377052379,8.450700863637032,13.857349708228668,86.74494472424908,operational,operational,2025-016B,2025-046G,False
2025-05-29 00:00:00+00:00,QQ_diff_launch,62796,63176,8,0.877756828059334,9.614632391076015,13.853590714859731,86.74019114839373,operational,operational,2025-016M,2025-046T,False
2025-05-29 00:00:00+00:00,QQ_diff_launch,62802,63164,1,18.762863412180096,18.762863412180096,13.870344372115126,86.85537487331992,operational,drift,2025-016T,2025-046F,False
2025-05-29 00:00:00+00:00,QQ_same_launch,63159,63168,1,15.603710364015623,15.603710364015623,0.015920577027599997,78.77315829038041,operational,ascent,2025-046A,2025-046K,False
2025-05-30 00:00:00+00:00,QQ_diff_launch,61563,62800,2,9.536596533371446,11.532003175978845,2.823555638296594,88.95922345179795,operational,operational,2024-185M,2025-016R,False
2025-05-30 00:00:00+00:00,QQ_diff_launch,62239,63162,27,12.608134999609897,13.34365887153375,9.485767177202952,88.69341953857686,operational,operational,2024-232C,2025-046D,True
2025-05-30 00:00:00+00:00,QQ_diff_launch,62244,63176,3,11.81804305552919,16.30064579814214,9.499672319930635,88.6877188033343,operational,operational,2024-232H,2025-046T,False
2025-05-30 00:00:00+00:00,QQ_same_launch,61558,61567,1,18.90154222981443,18.90154222981443,0.008335108205889142,13.551664741017856,stranded,stranded,2024-185G,2024-185R,False
2025-05-30 00:00:00+00:00,QQ_same_launch,61562,61569,1,17.004679906487233,17.004679906487233,0.010354121971454395,47.48441820221608,operational,stranded,2024-185L,2024-185T,False
2025-05-30 00:00:00+00:00,QQ_same_launch,62241,62244,1,13.739944363265522,13.739944363265522,0.08658497599209351,88.57284885369018,operational,operational,2024-232E,2024-232H,False
2025-05-30 00:00:00+00:00,QQ_same_launch,63159,63168,1,15.081546288407687,15.081546288407687,0.01575879701787101,79.55040941986101,operational,ascent,2025-046A,2025-046K,False
2025-05-30 00:00:00+00:00,QQ_same_launch,63164,63170,1,16.837179819807712,16.837179819807712,0.009412694936603487,40.13814461904884,drift,operational,2025-046F,2025-046M,False
2025-05-31 00:00:00+00:00,QQ_diff_launch,60383,62241,1,17.854229799958418,17.854229799958418,11.247734182438993,88.35445217334474,operational,operational,2024-140E,2024-232E,False
2025-05-31 00:00:00+00:00,QQ_diff_launch,60385,62240,1,6.99366469527489,6.99366469527489,11.666703176061569,88.40830550281142,drift,stranded,2024-140G,2024-232D,False
2025-05-31 00:00:00+00:00,QQ_diff_launch,60387,63173,1,11.06765647780994,11.06765647780994,2.610513301170689,88.97002317176367,operational,ascent,2024-140J,2025-046Q,False
2025-05-31 00:00:00+00:00,QQ_diff_launch,60394,61569,1,19.318035210865844,19.318035210865844,13.844315543108348,86.66972533671459,operational,stranded,2024-140R,2024-185T,False
2025-05-31 00:00:00+00:00,QQ_diff_launch,60396,61563,6,7.241157529990622,15.22023853108055,13.812753631884174,86.86357840621835,operational,operational,2024-140T,2024-185M,False
2025-05-31 00:00:00+00:00,QQ_diff_launch,61569,62791,1,14.598054845099394,14.598054845099394,2.7752302417947834,88.96241492203588,stranded,operational,2024-185T,2025-016G,False
2025-05-31 00:00:00+00:00,QQ_diff_launch,62239,63162,27,12.089184742497391,12.447699384818929,9.459832713246014,88.6850910072989,operational,operational,2024-232C,2025-046D,True
2025-05-31 00:00:00+00:00,QQ_diff_launch,62241,62793,1,8.948593061475924,8.948593061475924,7.606963629647386,88.83757672640712,operational,operational,2024-232E,2025-016J,False
2025-05-31 00:00:00+00:00,QQ_diff_launch,62244,63159,1,17.16246349592643,17.16246349592643,9.49862580691298,88.72359031551932,operational,operational,2024-232H,2025-046A,False
2025-05-31 00:00:00+00:00,QQ_diff_launch,62245,63174,1,19.78938819474311,19.78938819474311,9.501940076328939,88.73254422726677,operational,operational,2024-232J,2025-046R,False
2025-05-31 00:00:00+00:00,QQ_diff_launch,62794,63174,2,16.717595905666474,17.396933584081218,13.878173705607885,86.6817787580342,operational,operational,2025-016K,2025-046R,False
2025-05-31 00:00:00+00:00,QQ_diff_launch,62796,63159,4,9.417650687656044,13.75618770790955,13.865669750903663,86.78610229101653,operational,operational,2025-016M,2025-046A,False
2025-05-31 00:00:00+00:00,QQ_same_launch,63159,63176,1,8.187801376469839,8.187801376469839,0.0043857703224962985,39.95186209562509,operational,operational,2025-046A,2025-046T,False
2025-06-01 00:00:00+00:00,QQ_diff_launch,60384,63170,1,7.437411964146629,7.437411964146629,2.6667221562050525,88.96344626588373,operational,operational,2024-140F,2025-046M,False
2025-06-01 00:00:00+00:00,QQ_diff_launch,60392,63174,1,16.24234849531149,16.24234849531149,2.59917162284211,88.95066018616996,operational,operational,2024-140P,2025-046R,False
2025-06-01 00:00:00+00:00,QQ_diff_launch,60393,63168,1,15.371393345530423,15.371393345530423,2.6192596226247415,88.95482468858343,operational,ascent,2024-140Q,2025-046K,False
2025-06-01 00:00:00+00:00,QQ_diff_launch,60395,61569,1,15.515042504745736,15.515042504745736,13.842486990599847,87.04975369922327,operational,stranded,2024-140S,2024-185T,False
2025-06-01 00:00:00+00:00,QQ_diff_launch,61569,62789,1,19.444896779078814,19.444896779078814,2.7655938240347284,88.96397469910643,stranded,operational,2024-185T,2025-016E,False
2025-06-01 00:00:00+00:00,QQ_diff_launch,62239,63162,27,11.85308479031876,11.947651636945578,9.484983973518357,88.67699837145462,operational,operational,2024-232C,2025-046D,True
2025-06-01 00:00:00+00:00,QQ_diff_launch,62242,63160,1,17.424358024492864,17.424358024492864,9.508873608515026,88.69121601367688,operational,ascent,2024-232F,2025-046B,False
2025-06-01 00:00:00+00:00,QQ_diff_launch,62251,63165,13,12.317432504863215,14.454874031293828,9.487400800477408,88.67118130001462,operational,operational,2024-232Q,2025-046G,False
2025-06-01 00:00:00+00:00,QQ_diff_launch,62255,63168,1,19.80229926757888,19.80229926757888,9.476083528880293,88.719671913989,operational,ascent,2024-232U,2025-046K,False
2025-06-01 00:00:00+00:00,QQ_diff_launch,62785,63170,5,6.653169158824124,8.848332260438681,13.863082992664117,86.78594120649501,operational,operational,2025-016A,2025-046M,False
2025-06-01 00:00:00+00:00,QQ_diff_launch,62792,63174,2,13.200610080904486,15.63170391046069,13.880568658508933,86.81106595403583,operational,operational,2025-016H,2025-046R,False
2025-06-01 00:00:00+00:00,QQ_same_launch,61554,61561,1,19.44029380574245,19.44029380574245,0.010866400484337213,38.47387621875829,stranded,stranded,2024-185C,2024-185K,False
2025-06-01 00:00:00+00:00,QQ_same_launch,63159,63173,1,10.619325311706135,10.619325311706135,0.01656146696238642,81.11915488837772,operational,ascent,2025-046A,2025-046Q,False
2025-06-02 00:00:00+00:00,QQ_diff_launch,60381,61569,1,14.4140704238544,14.4140704238544,13.845672063798492,87.01376971276409,operational,stranded,2024-140C,2024-185T,False
2025-06-02 00:00:00+00:00,QQ_diff_launch,60383,63159,1,13.377592307074007,13.377592307074007,2.625969487373618,88.96904837384413,operational,operational,2024-140E,2025-046A,False
2025-06-02 00:00:00+00:00,QQ_diff_launch,60383,63160,1,17.08575676212046,17.08575676212046,2.61423314798097,88.95461180539505,operational,drift,2024-140E,2025-046B,False
2025-06-02 00:00:00+00:00,QQ_diff_launch,60383,63173,1,7.206743148861402,7.206743148861402,2.6107925945277985,88.95869921810124,operational,operational,2024-140E,2025-046Q,False
2025-06-02 00:00:00+00:00,QQ_diff_launch,61564,63169,1,15.13291218491288,15.13291218491288,12.74887423844998,87.87833132898088,stranded,stranded,2024-185N,2025-046L,False
2025-06-02 00:00:00+00:00,QQ_diff_launch,62239,63162,27,11.844838378645104,11.943525397226862,9.461278271935052,88.66924277652079,operational,operational,2024-232C,2025-046D,True
2025-06-02 00:00:00+00:00,QQ_diff_launch,62241,63173,1,15.031051409131855,15.031051409131855,9.447331406457268,88.72408983683123,operational,operational,2024-232E,2025-046Q,False
2025-06-02 00:00:00+00:00,QQ_diff_launch,62248,63174,2,10.917640598185486,15.164274593948463,9.500475761143349,88.66582719318889,operational,operational,2024-232M,2025-046R,False
2025-06-02 00:00:00+00:00,QQ_diff_launch,62252,63170,3,16.65923705274533,16.711324957851705,9.492506955133651,88.68493306461956,operational,operational,2024-232R,2025-046M,False
2025-06-02 00:00:00+00:00,QQ_diff_launch,62793,63159,4,5.015204393172679,17.16942105197572,13.86704624760667,86.83028286453651,operational,operational,2025-016J,2025-046A,False
2025-06-02 00:00:00+00:00,QQ_diff_launch,62793,63173,2,8.865042400997844,11.844323561063707,13.873576397641159,86.78114937969684,operational,operational,2025-016J,2025-046Q,False
2025-06-02 00:00:00+00:00,QQ_diff_launch,62797,63164,1,13.531562337960674,13.531562337960674,13.88277590418913,86.68023146617553,operational,operational,2025-016N,2025-046F,False
2025-06-02 00:00:00+00:00,QQ_same_launch,63160,63173,1,19.349928398297337,19.349928398297337,0.010546965027681945,87.2060924048366,drift,operational,2025-046B,2025-046Q,False
2025-06-03 00:00:00+00:00,QQ_diff_launch,60382,61564,1,19.90600614364845,19.90600614364845,13.839417105808632,86.78916051771337,operational,stranded,2024-140D,2024-185N,False
2025-06-03 00:00:00+00:00,QQ_diff_launch,60386,61564,1,14.682609359515888,14.682609359515888,13.837716537870373,86.92320036675912,operational,stranded,2024-140H,2024-185N,False
2025-06-03 00:00:00+00:00,QQ_diff_launch,60389,61569,1,13.935733155493956,13.935733155493956,13.841173300037006,87.00332565292365,operational,stranded,2024-140L,2024-185T,False
2025-06-03 00:00:00+00:00,QQ_diff_launch,60392,63174,1,8.694567986997974,8.694567986997974,2.5889819542834727,88.95824572092371,operational,operational,2024-140P,2025-046R,False
2025-06-03 00:00:00+00:00,QQ_diff_launch,61563,62251,2,15.19540683378991,16.885491774089274,4.9900595353405235,88.94061039798501,operational,operational,2024-185M,2024-232Q,False
2025-06-03 00:00:00+00:00,QQ_diff_launch,61563,63165,4,4.463276229936931,10.847205548780995,12.704721016804026,87.96560632772987,operational,operational,2024-185M,2025-046G,False
2025-06-03 00:00:00+00:00,QQ_diff_launch,61564,63171,2,9.17624539801325,10.881762633777466,12.741703260102646,87.8900910857677,stranded,ascent,2024-185N,2025-046N,False
2025-06-03 00:00:00+00:00,QQ_diff_launch,62239,63162,27,11.886801823738502,12.092111055944834,9.484227462278517,88.66345181838795,operational,operational,2024-232C,2025-046D,True
2025-06-03 00:00:00+00:00,QQ_diff_launch,62241,63173,1,17.95682744647771,17.95682744647771,9.41828158884105,88.71025700485272,operational,operational,2024-232E,2025-046Q,False
2025-06-03 00:00:00+00:00,QQ_diff_launch,62252,63170,27,13.783330831762441,14.517249271291872,9.490421964722245,88.6537659294683,operational,operational,2024-232R,2025-046M,True
2025-06-03 00:00:00+00:00,QQ_diff_launch,62793,63159,1,18.762488307015133,18.762488307015133,13.857715339434579,86.62778223633329,operational,operational,2025-016J,2025-046A,False
2025-06-03 00:00:00+00:00,QQ_diff_launch,62793,63173,6,3.571562139363785,8.431218508841434,13.879981315056934,86.8737798523668,operational,operational,2025-016J,2025-046Q,False
2025-06-03 00:00:00+00:00,QQ_diff_launch,62797,63164,3,15.135704220006776,16.647187435426,13.880505759255156,86.7524782559442,operational,operational,2025-016N,2025-046F,False
2025-06-03 00:00:00+00:00,QQ_diff_launch,62801,63171,1,16.6994367498529,16.6994367498529,13.887499907435439,86.6455325839449,operational,ascent,2025-016S,2025-046N,False
2025-06-03 00:00:00+00:00,QQ_same_launch,61552,61553,1,18.87011731985169,18.87011731985169,0.016493119380351525,56.127541076635055,stranded,stranded,2024-185A,2024-185B,False
2025-06-04 00:00:00+00:00,QQ_diff_launch,60380,61569,1,10.98574261320251,10.98574261320251,13.848779057639925,86.8217072784615,operational,stranded,2024-140B,2024-185T,False
2025-06-04 00:00:00+00:00,QQ_diff_launch,60384,61564,1,17.40152486049743,17.40152486049743,13.845434954113033,86.91128564539524,operational,stranded,2024-140F,2024-185N,False
2025-06-04 00:00:00+00:00,QQ_diff_launch,60390,63168,1,16.30959005312117,16.30959005312117,2.601920531073058,88.96391644902158,operational,operational,2024-140M,2025-046K,False
2025-06-04 00:00:00+00:00,QQ_diff_launch,61563,62786,2,16.401401216751577,17.595057707629092,2.818633342833664,88.95939171702875,operational,operational,2024-185M,2025-016B,False
2025-06-04 00:00:00+00:00,QQ_diff_launch,62239,63162,27,12.145580825338822,14.212336693342602,9.462732054011116,88.64634656176587,operational,operational,2024-232C,2025-046D,True
2025-06-04 00:00:00+00:00,QQ_diff_launch,62241,63173,3,13.475096098946773,14.514337722456492,9.4444013360986,88.6625129393988,operational,operational,2024-232E,2025-046Q,False
2025-06-04 00:00:00+00:00,QQ_diff_launch,62245,63174,1,17.539971051628402,17.539971051628402,9.46871295055407,88.72780210543965,operational,operational,2024-232J,2025-046R,False
2025-06-04 00:00:00+00:00,QQ_diff_launch,62249,63171,1,0.6513659367047678,0.6513659367047678,9.507131891457801,88.67150045173732,operational,operational,2024-232N,2025-046N,False
2025-06-04 00:00:00+00:00,QQ_diff_launch,62252,63170,27,15.12678880971111,16.29095378734169,9.470426721982644,88.64097926876397,operational,operational,2024-232R,2025-046M,True
2025-06-04 00:00:00+00:00,QQ_diff_launch,62253,63175,11,18.367128003042648,19.109988525460114,9.46025467499646,88.71757788823601,operational,operational,2024-232S,2025-046S,False
2025-06-04 00:00:00+00:00,QQ_diff_launch,62794,63174,1,12.462730562222898,12.462730562222898,13.853254877885847,86.64756397715715,operational,operational,2025-016K,2025-046R,False
2025-06-04 00:00:00+00:00,QQ_diff_launch,62802,63171,1,10.754439656864884,10.754439656864884,13.885892070378302,86.82947814430283,operational,operational,2025-016T,2025-046N,False
2025-06-04 00:00:00+00:00,QQ_same_launch,63159,63173,3,4.604183762216651,15.64157734845464,0.019085213651738625,65.40018502381089,operational,operational,2025-046A,2025-046Q,False
2025-06-04 00:00:00+00:00,QQ_same_launch,63168,63174,1,18.136585163352105,18.136585163352105,0.010048214318478152,34.19343329212601,operational,operational,2025-046K,2025-046R,False
2025-06-05 00:00:00+00:00,QQ_diff_launch,60391,61563,6,5.923451867335713,13.668605472455319,13.793452653684053,86.92557734138103,operational,operational,2024-140N,2024-185M,False
2025-06-05 00:00:00+00:00,QQ_diff_launch,60392,63160,1,18.43733821225787,18.43733821225787,2.607048260237608,88.9483821046474,operational,operational,2024-140P,2025-046B,False
2025-06-05 00:00:00+00:00,QQ_diff_launch,61554,62243,2,9.262248152341598,11.056973496878214,5.1002288797727875,88.92142495760743,stranded,stranded,2024-185C,2024-232G,False
2025-06-05 00:00:00+00:00,QQ_diff_launch,61560,62243,1,13.417928759321605,13.417928759321605,5.106720248098151,88.9348355844279,stranded,stranded,2024-185J,2024-232G,False
2025-06-05 00:00:00+00:00,QQ_diff_launch,61563,62786,1,7.883795990645519,7.883795990645519,2.823760601389937,88.96423077785778,operational,operational,2024-185M,2025-016B,False
2025-06-05 00:00:00+00:00,QQ_diff_launch,61564,62238,1,15.774588291407623,15.774588291407623,5.001062297098529,88.92004756174661,stranded,operational,2024-185N,2024-232B,False
2025-06-05 00:00:00+00:00,QQ_diff_launch,61569,62239,1,12.035466760536687,12.035466760536687,5.051593177127773,88.93266673891368,stranded,operational,2024-185T,2024-232C,False
2025-06-05 00:00:00+00:00,QQ_diff_launch,62239,63162,27,12.527225245982272,13.089920442650183,9.483440313505824,88.6522336968608,operational,operational,2024-232C,2025-046D,True
2025-06-05 00:00:00+00:00,QQ_diff_launch,62241,63159,1,19.168846755166037,19.168846755166037,9.42888195824242,88.63648800317478,operational,operational,2024-232E,2025-046A,False
2025-06-05 00:00:00+00:00,QQ_diff_launch,62245,63168,3,15.08155716662302,18.415429776721563,9.488646985885016,88.63603562960832,operational,operational,2024-232J,2025-046K,False
2025-06-05 00:00:00+00:00,QQ_diff_launch,62252,63170,27,16.895262491445276,17.64530354221848,9.489724726463802,88.63334900075706,operational,operational,2024-232R,2025-046M,True
2025-06-05 00:00:00+00:00,QQ_diff_launch,62253,63175,13,16.641493428267207,17.424449167052167,9.460962571262701,88.71015162541791,operational,operational,2024-232S,2025-046S,False
2025-06-05 00:00:00+00:00,QQ_diff_launch,62794,63168,5,6.479960081771877,13.37770594020859,13.88242085683397,86.85313679552189,operational,operational,2025-016K,2025-046K,False
2025-06-05 00:00:00+00:00,QQ_same_launch,61554,61560,1,8.189630621872086,8.189630621872086,0.0020773660694828424,53.66301877442734,stranded,stranded,2024-185C,2024-185J,False
2025-06-05 00:00:00+00:00,QQ_same_launch,61557,61568,1,15.991853880413965,15.991853880413965,0.01970758757326758,64.14399262455653,stranded,stranded,2024-185F,2024-185S,False
2025-06-06 00:00:00+00:00,QQ_diff_launch,60381,63172,1,17.413801922629645,17.413801922629645,2.599899072781046,88.96781712729097,operational,ascent,2024-140C,2025-046P,False
2025-06-06 00:00:00+00:00,QQ_diff_launch,60391,61569,1,10.521132153932605,10.521132153932605,13.839954564399722,86.9629178733398,operational,stranded,2024-140N,2024-185T,False
2025-06-06 00:00:00+00:00,QQ_diff_launch,60393,63174,1,3.419855585324756,3.419855585324756,2.601257176047932,88.96588338655417,operational,operational,2024-140Q,2025-046R,False
2025-06-06 00:00:00+00:00,QQ_diff_launch,61569,63167,1,11.837067152488684,11.837067152488684,12.773618895474533,87.92583821269983,stranded,drift,2024-185T,2025-046J,False
2025-06-06 00:00:00+00:00,QQ_diff_launch,62239,63162,19,13.150008371862281,13.630677934715836,9.483166148894837,88.64801643837066,operational,operational,2024-232C,2025-046D,True
2025-06-06 00:00:00+00:00,QQ_diff_launch,62241,63166,1,10.804965180780426,10.804965180780426,9.456570392915864,88.704859293246,operational,drift,2024-232E,2025-046H,False
2025-06-06 00:00:00+00:00,QQ_diff_launch,62245,63168,2,11.08295879620578,14.562128659189014,9.487827458090402,88.63434478587212,operational,operational,2024-232J,2025-046K,False
2025-06-06 00:00:00+00:00,QQ_diff_launch,62252,63170,15,17.944370903684373,18.49576608652429,9.489514738929309,88.62888151163078,operational,operational,2024-232R,2025-046M,True
2025-06-06 00:00:00+00:00,QQ_diff_launch,62253,63175,14,14.974779146191345,15.706443151999107,9.461736873512546,88.70166237587479,operational,operational,2024-232S,2025-046S,True
2025-06-06 00:00:00+00:00,QQ_diff_launch,62255,63174,1,6.497686874161734,6.497686874161734,9.455458766120598,88.65643064863104,operational,operational,2024-232U,2025-046R,False
2025-06-06 00:00:00+00:00,QQ_diff_launch,62785,63171,1,18.900579092059587,18.900579092059587,13.891003398683903,86.97922852550833,operational,operational,2025-016A,2025-046N,False
2025-06-06 00:00:00+00:00,QQ_diff_launch,62787,63174,2,8.85499306141324,12.925476081202463,13.87125972919316,86.8129099136942,operational,operational,2025-016C,2025-046R,False
2025-06-06 00:00:00+00:00,QQ_diff_launch,62792,63160,1,9.567171629612144,9.567171629612144,13.88726196219034,86.87952402537702,operational,operational,2025-016H,2025-046B,False
2025-06-06 00:00:00+00:00,QQ_diff_launch,62793,63166,1,16.37405641077823,16.37405641077823,13.892068079408247,86.91754375126547,operational,drift,2025-016J,2025-046H,False
2025-06-06 00:00:00+00:00,QQ_same_launch,63170,63171,1,12.302981868345293,12.302981868345293,0.016947478616636324,88.73004735131981,operational,operational,2025-046M,2025-046N,False
2025-06-07 00:00:00+00:00,QQ_diff_launch,60394,63160,1,2.3022790873175962,2.3022790873175962,2.603214491965461,88.96485461966984,operational,operational,2024-140R,2025-046B,False
2025-06-07 00:00:00+00:00,QQ_diff_launch,60396,61569,1,16.45685669350478,16.45685669350478,13.856079059735931,86.71717608315845,operational,stranded,2024-140T,2024-185T,False
2025-06-07 00:00:00+00:00,QQ_diff_launch,61562,63160,1,16.049309523214834,16.049309523214834,12.75933325825776,87.83396254319659,operational,operational,2024-185L,2025-046B,False
2025-06-07 00:00:00+00:00,QQ_diff_launch,62239,63162,14,13.852676049619024,14.25125372769318,9.48287139285312,88.64375768284057,operational,operational,2024-232C,2025-046D,True
2025-06-07 00:00:00+00:00,QQ_diff_launch,62242,63164,4,9.924922173112812,13.50868107112113,9.48180029280158,88.66286594680278,operational,operational,2024-232F,2025-046F,False
2025-06-07 00:00:00+00:00,QQ_diff_launch,62245,63168,27,10.69470318870644,16.275274928248255,9.468328995162025,88.62987137590264,operational,operational,2024-232J,2025-046K,True
2025-06-07 00:00:00+00:00,QQ_diff_launch,62252,63170,14,18.93294431072813,19.449674137096856,9.489184534691562,88.62396387060437,operational,operational,2024-232R,2025-046M,True
2025-06-07 00:00:00+00:00,QQ_diff_launch,62253,63175,13,13.77727337694877,14.314342776868855,9.46250015306895,88.69361689250113,operational,operational,2024-232S,2025-046S,False
2025-06-07 00:00:00+00:00,QQ_diff_launch,62255,63166,1,15.284591471550568,15.284591471550568,9.485522475535877,88.71000096675942,operational,drift,2024-232U,2025-046H,False
2025-06-07 00:00:00+00:00,QQ_diff_launch,62787,63166,1,14.009539420214287,14.009539420214287,13.897454039204158,86.87962212538106,operational,drift,2025-016C,2025-046H,False
2025-06-07 00:00:00+00:00,QQ_diff_launch,62790,63172,1,16.705650779657606,16.705650779657606,13.898686837054624,86.64528113954282,operational,ascent,2025-016F,2025-046P,False
2025-06-07 00:00:00+00:00,QQ_diff_launch,62791,63160,1,8.120683118718736,8.120683118718736,13.888237955528632,86.87702516715625,operational,operational,2025-016G,2025-046B,False
2025-06-07 00:00:00+00:00,QQ_diff_launch,62799,63171,1,13.95883097628943,13.95883097628943,13.884197381191788,86.63350524656833,operational,operational,2025-016Q,2025-046N,False
2025-06-07 00:00:00+00:00,QQ_same_launch,61553,61558,1,15.912467516295031,15.912467516295031,0.020635706409039972,63.28243056491559,stranded,stranded,2024-185B,2024-185G,False
2025-06-07 00:00:00+00:00,QQ_same_launch,63166,63173,1,14.736178170083514,14.736178170083514,0.012242806493028236,60.64527071677087,drift,operational,2025-046H,2025-046Q,False
2025-06-07 00:00:00+00:00,QQ_same_launch,63173,63174,1,16.716527247581226,16.716527247581226,0.008270700287646392,23.009061604017482,operational,operational,2025-046Q,2025-046R,False
2025-06-08 00:00:00+00:00,QQ_diff_launch,60383,61564,1,19.727091618989583,19.727091618989583,13.834451052819077,86.78608294581379,operational,stranded,2024-140E,2024-185N,False
2025-06-08 00:00:00+00:00,QQ_diff_launch,60393,63173,1,15.55767375960171,15.55767375960171,2.6145944652417414,88.95271327656262,operational,operational,2024-140Q,2025-046Q,False
2025-06-08 00:00:00+00:00,QQ_diff_launch,61561,62240,1,12.620750256809034,12.620750256809034,5.098135884468645,88.90547398808812,stranded,stranded,2024-185K,2024-232D,False
2025-06-08 00:00:00+00:00,QQ_diff_launch,61563,62239,3,12.40921438146419,15.0996130179964,4.982197402064431,88.93466096887694,operational,operational,2024-185M,2024-232C,False
2025-06-08 00:00:00+00:00,QQ_diff_launch,62238,63171,3,14.008597133003445,15.090147021657472,9.494023474015028,88.70582347470196,operational,operational,2024-232B,2025-046N,False
2025-06-08 00:00:00+00:00,QQ_diff_launch,62239,63162,13,14.74356741198667,15.159233634260861,9.4825109069326,88.63811358053903,operational,operational,2024-232C,2025-046D,False
2025-06-08 00:00:00+00:00,QQ_diff_launch,62242,63164,27,10.724630940686895,11.003237768070798,9.490132120222388,88.67344388327777,operational,operational,2024-232F,2025-046F,True
2025-06-08 00:00:00+00:00,QQ_diff_launch,62245,63168,27,10.775195110733426,10.861332506532724,9.485918658857479,88.65766335428557,operational,operational,2024-232J,2025-046K,True
2025-06-08 00:00:00+00:00,QQ_diff_launch,62247,63160,2,13.666891273682724,15.99526570483717,9.50024352132258,88.64807500879694,operational,operational,2024-232L,2025-046B,False
2025-06-08 00:00:00+00:00,QQ_diff_launch,62249,63167,1,19.191961116885295,19.191961116885295,9.513731110810662,88.69892338413135,operational,ascent,2024-232N,2025-046J,False
2025-06-08 00:00:00+00:00,QQ_diff_launch,62253,63175,14,12.853750117485252,13.25274331521911,9.463264511605392,88.68572544231023,operational,operational,2024-232S,2025-046S,True
2025-06-08 00:00:00+00:00,QQ_diff_launch,62787,63173,3,6.759553248902374,8.851055650853088,13.887799132383444,86.8243629156602,operational,operational,2025-016C,2025-046Q,False
2025-06-08 00:00:00+00:00,QQ_diff_launch,62788,63172,1,15.33212920119336,15.33212920119336,13.897357137435458,86.88042619570372,operational,ascent,2025-016D,2025-046P,False
2025-06-08 00:00:00+00:00,QQ_diff_launch,62793,63174,2,3.3218120376667515,11.560215262627477,13.865939500142098,86.75571930704977,operational,operational,2025-016J,2025-046R,False
2025-06-08 00:00:00+00:00,QQ_diff_launch,62794,63166,1,17.978533148855053,17.978533148855053,13.89367417166956,86.96128413607978,operational,drift,2025-016K,2025-046H,False
2025-06-09 00:00:00+00:00,QQ_diff_launch,60384,63167,1,9.409790057201185,9.409790057201185,2.6468677013969306,88.96537053288871,operational,ascent,2024-140F,2025-046J,False
2025-06-09 00:00:00+00:00,QQ_diff_launch,61563,63162,5,1.9935532345245586,13.741464482338596,12.708386299034155,87.93090479367467,operational,operational,2024-185M,2025-046D,False
2025-06-09 00:00:00+00:00,QQ_diff_launch,62239,63162,14,15.665032486410807,16.14582147074373,9.482139627524344,88.63254431581797,operational,operational,2024-232C,2025-046D,True
2025-06-09 00:00:00+00:00,QQ_diff_launch,62241,63159,6,18.679484626959393,19.2349631625801,9.432875387216702,88.6327162254299,operational,operational,2024-232E,2025-046A,False
2025-06-09 00:00:00+00:00,QQ_diff_launch,62242,63164,27,10.555410828359843,14.47630520652603,9.475875565866986,88.63889835218271,operational,operational,2024-232F,2025-046F,True
2025-06-09 00:00:00+00:00,QQ_diff_launch,62244,63176,10,19.54260209223827,19.757204698493805,9.478482177318504,88.7234912253056,operational,operational,2024-232H,2025-046T,False
2025-06-09 00:00:00+00:00,QQ_diff_launch,62245,63168,15,10.8497010011158,10.884275967401843,9.485735990791763,88.65649404777223,operational,operational,2024-232J,2025-046K,True
2025-06-09 00:00:00+00:00,QQ_diff_launch,62247,63160,18,12.826433841212229,14.84465174537409,9.491122006427098,88.69376490773436,operational,operational,2024-232L,2025-046B,True
2025-06-09 00:00:00+00:00,QQ_diff_launch,62248,63166,1,10.0541443867695,10.0541443867695,9.51789799487785,88.691334574684,operational,drift,2024-232M,2025-046H,False
2025-06-09 00:00:00+00:00,QQ_diff_launch,62253,63175,17,12.322492197035322,12.604242070151017,9.464120565032582,88.67892315803253,operational,operational,2024-232S,2025-046S,True
2025-06-09 00:00:00+00:00,QQ_diff_launch,62255,63173,4,12.568135892242877,17.43190207027319,9.464503191440738,88.67530489417774,operational,operational,2024-232U,2025-046Q,False
2025-06-09 00:00:00+00:00,QQ_diff_launch,62785,63167,1,14.998196077541802,14.998196077541802,13.895462883193108,86.63379041189805,operational,ascent,2025-016A,2025-046J,False
2025-06-09 00:00:00+00:00,QQ_diff_launch,62786,63172,1,13.571324931361074,13.571324931361074,13.897174255623348,86.70350144582429,operational,ascent,2025-016B,2025-046P,False
2025-06-09 00:00:00+00:00,QQ_diff_launch,62787,63173,4,13.445128576688916,17.312440776549778,13.864197681608763,86.66980177742516,operational,operational,2025-016C,2025-046Q,False
2025-06-10 00:00:00+00:00,QQ_diff_launch,60380,61563,1,12.525205650689616,12.525205650689616,13.818980242266257,87.01834302303726,operational,operational,2024-140B,2024-185M,False
2025-06-10 00:00:00+00:00,QQ_diff_launch,60390,61564,1,19.506334955131198,19.506334955131198,13.831478357482062,86.93294558062509,operational,stranded,2024-140M,2024-185N,False
2025-06-10 00:00:00+00:00,QQ_diff_launch,61563,62788,2,9.18273472365516,10.957964427481592,2.818943129620681,88.96866100157932,operational,operational,2024-185M,2025-016D,False
2025-06-10 00:00:00+00:00,QQ_diff_launch,62238,63171,2,11.353546002082615,12.496074506528032,9.512849959178478,88.66182970722551,operational,operational,2024-232B,2025-046N,False
2025-06-10 00:00:00+00:00,QQ_diff_launch,62239,63162,13,16.721174402612945,17.182192714953008,9.481784539415269,88.62704184341332,operational,operational,2024-232C,2025-046D,False
2025-06-10 00:00:00+00:00,QQ_diff_launch,62241,63159,14,14.167645774958041,15.424800484158931,9.434373950765032,88.65337594520145,operational,operational,2024-232E,2025-046A,True
2025-06-10 00:00:00+00:00,QQ_diff_launch,62242,63164,27,10.465060295641939,10.565243682152028,9.489363321580614,88.66608876464645,operational,operational,2024-232F,2025-046F,True
2025-06-10 00:00:00+00:00,QQ_diff_launch,62244,63176,13,18.952650888076796,19.223786396053356,9.479065827569233,88.72193344830248,operational,operational,2024-232H,2025-046T,False
2025-06-10 00:00:00+00:00,QQ_diff_launch,62245,63168,14,10.929336855552117,10.959742817822447,9.485414578516322,88.65457622257944,operational,operational,2024-232J,2025-046K,True
2025-06-10 00:00:00+00:00,QQ_diff_launch,62247,63160,16,12.583958072847473,12.966863380938989,9.491974302800427,88.67871598186773,operational,operational,2024-232L,2025-046B,True
2025-06-10 00:00:00+00:00,QQ_diff_launch,62253,63175,27,12.17867414365382,12.32067749569294,9.465082224010565,88.67375292556883,operational,operational,2024-232S,2025-046S,True
2025-06-10 00:00:00+00:00,QQ_diff_launch,62791,63166,1,11.237935547952684,11.237935547952684,13.897744797263854,86.88610078657788,operational,ascent,2025-016G,2025-046H,False
2025-06-10 00:00:00+00:00,QQ_diff_launch,62796,63174,1,11.987261435124376,11.987261435124376,13.850090336817923,86.64594008792372,operational,operational,2025-016M,2025-046R,False
2025-06-10 00:00:00+00:00,QQ_diff_launch,62799,63167,1,17.566461358849175,17.566461358849175,13.885312898912673,86.5828945191064,operational,operational,2025-016Q,2025-046J,False
2025-06-10 00:00:00+00:00,QQ_diff_launch,62800,63172,1,9.524265827643578,9.524265827643578,13.9004475131885,86.84391832497045,operational,ascent,2025-016R,2025-046P,False
2025-06-10 00:00:00+00:00,QQ_same_launch,63167,63171,1,15.470136892165263,15.470136892165263,0.009581636475778126,69.83021746580373,operational,operational,2025-046J,2025-046N,False
2025-06-10 00:00:00+00:00,QQ_same_launch,63174,63176,1,18.163285072408275,18.163285072408275,0.02263534416652788,67.30133555758933,operational,operational,2025-046R,2025-046T,False
2025-06-11 00:00:00+00:00,QQ_diff_launch,60380,61563,5,1.3798728613402795,11.168006168524009,13.791567927540227,86.88823875441246,operational,operational,2024-140B,2024-185M,False
2025-06-11 00:00:00+00:00,QQ_diff_launch,60384,61569,1,14.434825654595297,14.434825654595297,13.853621724588699,86.93072238351151,operational,stranded,2024-140F,2024-185T,False
2025-06-11 00:00:00+00:00,QQ_diff_launch,61569,63170,1,19.960978231639654,19.960978231639654,12.739628741395636,87.80166140659857,stranded,operational,2024-185T,2025-046M,False
2025-06-11 00:00:00+00:00,QQ_diff_launch,62238,63171,5,9.857077162345906,13.867928238298227,9.494824102039123,88.6779589286235,operational,operational,2024-232B,2025-046N,False
2025-06-11 00:00:00+00:00,QQ_diff_launch,62239,63162,14,17.776027092636156,18.309346872861482,9.481428250332172,88.62144050088065,operational,operational,2024-232C,2025-046D,True
2025-06-11 00:00:00+00:00,QQ_diff_launch,62241,63159,13,13.143572874515469,13.555168584895627,9.435750095113777,88.66878329657226,operational,operational,2024-232E,2025-046A,False
2025-06-11 00:00:00+00:00,QQ_diff_launch,62242,63164,23,10.490768891095184,10.50043645820379,9.489035597998537,88.66259102441431,operational,operational,2024-232F,2025-046F,True
2025-06-11 00:00:00+00:00,QQ_diff_launch,62242,63174,1,13.644003778348452,13.644003778348452,9.486222604265976,88.62507458683223,operational,operational,2024-232F,2025-046R,False
2025-06-11 00:00:00+00:00,QQ_diff_launch,62244,63176,14,18.287193379933495,18.57178972831644,9.479749895188956,88.72008985300008,operational,operational,2024-232H,2025-046T,True
2025-06-11 00:00:00+00:00,QQ_diff_launch,62245,63168,13,9.395951684606477,9.717186098083031,9.485102467282301,88.66341324925106,operational,operational,2024-232J,2025-046K,False
2025-06-11 00:00:00+00:00,QQ_diff_launch,62247,63160,28,12.506915610783802,15.563165567865395,9.49920701402292,88.69306799431084,operational,operational,2024-232L,2025-046B,True
2025-06-11 00:00:00+00:00,QQ_diff_launch,62253,63175,27,12.234019101188231,18.935229067497573,9.476115864953764,88.72018765346328,operational,operational,2024-232S,2025-046S,True
2025-06-11 00:00:00+00:00,QQ_diff_launch,62789,63166,1,6.405554743706773,6.405554743706773,13.895568893467617,86.80251442933395,operational,ascent,2025-016E,2025-046H,False
2025-06-11 00:00:00+00:00,QQ_diff_launch,62798,63167,1,18.193144187339097,18.193144187339097,13.890269946452111,86.56828725965912,operational,operational,2025-016P,2025-046J,False
2025-06-11 00:00:00+00:00,QQ_diff_launch,62801,63172,1,15.720092746137526,15.720092746137526,13.89693459223162,86.60040975084408,operational,ascent,2025-016S,2025-046P,False
2025-06-11 00:00:00+00:00,QQ_same_launch,61554,61568,1,17.012148924675625,17.012148924675625,0.006769310862565092,32.010404187986296,stranded,stranded,2024-185C,2024-185S,False
2025-06-11 00:00:00+00:00,QQ_same_launch,61563,61565,2,6.8346391049365876,9.253647090106034,0.013103351825830122,78.37225850358905,operational,operational,2024-185M,2024-185P,False
2025-06-11 00:00:00+00:00,QQ_same_launch,63160,63166,1,18.49711476634105,18.49711476634105,0.014750273747014847,62.95579706969876,operational,ascent,2025-046B,2025-046H,False
2025-06-11 00:00:00+00:00,QQ_same_launch,63164,63174,1,13.766972797216773,13.766972797216773,0.019946025706640814,80.9728895365439,operational,operational,2025-046F,2025-046R,False
2025-06-12 00:00:00+00:00,QQ_diff_launch,60388,63174,1,16.969099662679714,16.969099662679714,2.6829031687585703,88.95822317222888,operational,operational,2024-140K,2025-046R,False
2025-06-12 00:00:00+00:00,QQ_diff_launch,60395,63166,1,11.35722489343976,11.35722489343976,2.5856612844013034,88.95706130067333,operational,operational,2024-140S,2025-046H,False
2025-06-12 00:00:00+00:00,QQ_diff_launch,62239,63162,11,19.037698294706537,19.48416981741536,9.481123642101279,88.61595073728968,operational,operational,2024-232C,2025-046D,False
2025-06-12 00:00:00+00:00,QQ_diff_launch,62241,63159,14,12.816534379794353,12.960527748759041,9.436663516225236,88.67543954167462,operational,operational,2024-232E,2025-046A,True
2025-06-12 00:00:00+00:00,QQ_diff_launch,62242,63164,14,10.50238439576022,10.523254508435603,9.488812652120606,88.66048784269113,operational,operational,2024-232F,2025-046F,True
2025-06-12 00:00:00+00:00,QQ_diff_launch,62244,63176,13,17.757008818027966,17.99728535807922,9.48042551912516,88.71872252306505,operational,operational,2024-232H,2025-046T,False
2025-06-12 00:00:00+00:00,QQ_diff_launch,62245,63168,14,9.030832043163507,9.291495570714071,9.48476472815842,88.6657161404697,operational,operational,2024-232J,2025-046K,True
2025-06-12 00:00:00+00:00,QQ_diff_launch,62247,63160,28,12.67270305293542,15.42427706074569,9.499384319049085,88.6852379109145,operational,operational,2024-232L,2025-046B,True
2025-06-12 00:00:00+00:00,QQ_diff_launch,62253,63175,27,12.479265985153706,12.973993746534653,9.466486586746248,88.65872417221298,operational,operational,2024-232S,2025-046S,True
2025-06-12 00:00:00+00:00,QQ_diff_launch,62789,63166,1,10.937873808599099,10.937873808599099,13.892525961644504,86.64896449019393,operational,operational,2025-016E,2025-046H,False
2025-06-12 00:00:00+00:00,QQ_diff_launch,62797,63174,1,5.2722708000472185,5.2722708000472185,13.852531898746065,86.71876069156475,operational,operational,2025-016N,2025-046R,False
2025-06-12 00:00:00+00:00,QQ_diff_launch,62802,63172,1,7.981571154302202,7.981571154302202,13.897359217440071,86.68550235827708,operational,operational,2025-016T,2025-046P,False
2025-06-13 00:00:00+00:00,QQ_diff_launch,60379,61569,1,12.687036687559917,12.687036687559917,13.8458005109029,86.96119382835808,operational,stranded,2024-140A,2024-185T,False
2025-06-13 00:00:00+00:00,QQ_diff_launch,60385,61557,1,2.759378762861606,2.759378762861606,14.134924664551855,86.73957541431628,drift,stranded,2024-140G,2024-185F,False
2025-06-13 00:00:00+00:00,QQ_diff_launch,61569,62250,1,16.541098430367512,16.541098430367512,5.049135406248905,88.93174105850981,stranded,operational,2024-185T,2024-232P,False
2025-06-13 00:00:00+00:00,QQ_diff_launch,61569,62798,1,18.597070592432765,18.597070592432765,2.774667620735035,88.95037705770804,stranded,operational,2024-185T,2025-016P,False
2025-06-13 00:00:00+00:00,QQ_diff_launch,62238,63171,11,11.37861393645363,14.509942074446387,9.497256470021716,88.68512960095187,operational,operational,2024-232B,2025-046N,False
2025-06-13 00:00:00+00:00,QQ_diff_launch,62241,63159,13,12.459926634380562,12.609572587223074,9.438876719237047,88.67432360338235,operational,operational,2024-232E,2025-046A,False
2025-06-13 00:00:00+00:00,QQ_diff_launch,62242,63164,13,10.57309339566359,10.618098450134983,9.488473594726274,88.65717269827321,operational,operational,2024-232F,2025-046F,False
2025-06-13 00:00:00+00:00,QQ_diff_launch,62244,63176,14,17.296719033411097,17.52138694730212,9.481080262193824,88.71760625655145,operational,operational,2024-232H,2025-046T,True
2025-06-13 00:00:00+00:00,QQ_diff_launch,62245,63168,13,8.64191796898523,8.816532658416182,9.484450266991727,88.66987504256306,operational,operational,2024-232J,2025-046K,False
2025-06-13 00:00:00+00:00,QQ_diff_launch,62247,63160,27,13.56958471710274,16.204335276462324,9.50483068683295,88.70632414323131,operational,operational,2024-232L,2025-046B,True
2025-06-13 00:00:00+00:00,QQ_diff_launch,62249,63172,2,6.237353931132733,10.265558922133975,9.507728303445724,88.67394121919762,operational,operational,2024-232N,2025-046P,False
2025-06-13 00:00:00+00:00,QQ_diff_launch,62253,63175,27,13.018302680815388,18.21059859822146,9.475395751925838,88.71888306229557,operational,operational,2024-232S,2025-046S,True
2025-06-13 00:00:00+00:00,QQ_diff_launch,62802,63172,4,5.628655611165566,15.926509581890066,13.892914523224718,86.75702906550649,operational,operational,2025-016T,2025-046P,False
2025-06-14 00:00:00+00:00,QQ_diff_launch,61563,63161,3,9.794506655012855,10.925771945213858,12.705968674371052,87.94594563957824,operational,operational,2024-185M,2025-046C,False
2025-06-14 00:00:00+00:00,QQ_diff_launch,61564,62790,1,17.823746715217037,17.823746715217037,2.819766861771681,88.96419968195492,stranded,operational,2024-185N,2025-016F,False
2025-06-14 00:00:00+00:00,QQ_diff_launch,61564,63161,1,17.531310321560596,17.531310321560596,12.715516724138743,87.89017948024114,stranded,operational,2024-185N,2025-046C,False
2025-06-14 00:00:00+00:00,QQ_diff_launch,62238,63171,13,11.09927885905681,11.644094716010612,9.497477837976849,88.65028550125241,operational,operational,2024-232B,2025-046N,False
2025-06-14 00:00:00+00:00,QQ_diff_launch,62241,63159,14,12.184918780723939,12.262543572266562,9.440183550686502,88.66999156044912,operational,operational,2024-232E,2025-046A,True
2025-06-14 00:00:00+00:00,QQ_diff_launch,62242,63164,14,10.683141158388574,10.756889654906729,9.488160732350176,88.65403433540345,operational,operational,2024-232F,2025-046F,True
2025-06-14 00:00:00+00:00,QQ_diff_launch,62244,63176,13,16.879579315850666,17.06650945771522,9.481706760620488,88.7168398009737,operational,operational,2024-232H,2025-046T,False
2025-06-14 00:00:00+00:00,QQ_diff_launch,62245,63168,14,8.378331248939107,8.475054705565011,9.484162009861706,88.67411440107009,operational,operational,2024-232J,2025-046K,True
2025-06-14 00:00:00+00:00,QQ_diff_launch,62247,63160,27,14.904929439013895,15.69195806557742,9.494883323545118,88.63870180329766,operational,operational,2024-232L,2025-046B,True
2025-06-14 00:00:00+00:00,QQ_diff_launch,62250,63174,2,4.279810642712289,8.42576117157698,9.499721517447341,88.67653202338286,operational,operational,2024-232P,2025-046R,False
2025-06-14 00:00:00+00:00,QQ_diff_launch,62253,63175,27,13.69405268119363,14.49344728351222,9.467809786069527,88.64545245279585,operational,operational,2024-232S,2025-046S,True
2025-06-14 00:00:00+00:00,QQ_diff_launch,62796,63167,1,2.0070455183921627,2.0070455183921627,13.888438289576776,86.77920558076222,operational,operational,2025-016M,2025-046J,False
2025-06-14 00:00:00+00:00,QQ_diff_launch,62798,63174,4,11.53260183751275,15.797672117804986,13.856491011217383,86.69263665319735,operational,operational,2025-016P,2025-046R,False
2025-06-14 00:00:00+00:00,QQ_same_launch,63167,63176,1,19.21905840714657,19.21905840714657,0.015782510913139796,50.316592180576585,operational,operational,2025-046J,2025-046T,False
2025-06-15 00:00:00+00:00,QQ_diff_launch,60383,63167,1,18.23795158779125,18.23795158779125,2.607235067261721,88.94938733800811,operational,operational,2024-140E,2025-046J,False
2025-06-15 00:00:00+00:00,QQ_diff_launch,61563,62790,1,14.866084981860094,14.866084981860094,2.8195795351918562,88.97254426437195,operational,operational,2024-185M,2025-016F,False
2025-06-15 00:00:00+00:00,QQ_diff_launch,62238,63171,14,12.292700886351714,13.229932218469713,9.498117980080096,88.63892995224553,operational,operational,2024-232B,2025-046N,True
2025-06-15 00:00:00+00:00,QQ_diff_launch,62241,63159,13,12.592340693511868,12.818586257157136,9.441514781374957,88.66079223616278,operational,operational,2024-232E,2025-046A,False
2025-06-15 00:00:00+00:00,QQ_diff_launch,62242,63164,13,10.919251147976832,11.0284220833028,9.48783593304213,88.65058848286078,operational,operational,2024-232F,2025-046F,False
2025-06-15 00:00:00+00:00,QQ_diff_launch,62244,63176,14,16.47675446119419,16.66344321959529,9.482330135066604,88.71621824739555,operational,operational,2024-232H,2025-046T,True
2025-06-15 00:00:00+00:00,QQ_diff_launch,62245,63168,13,8.308387622039298,8.323319655989769,9.4838650243148,88.67815434372581,operational,operational,2024-232J,2025-046K,False
2025-06-15 00:00:00+00:00,QQ_diff_launch,62247,63160,27,14.0342171483129,15.093674805438539,9.50419569810887,88.69838588910224,operational,operational,2024-232L,2025-046B,True
2025-06-15 00:00:00+00:00,QQ_diff_launch,62249,63172,4,8.49398688362231,12.136954322151642,9.505662265952218,88.66863822307116,operational,operational,2024-232N,2025-046P,False
2025-06-15 00:00:00+00:00,QQ_diff_launch,62253,63175,27,14.701166274402427,17.492479583764855,9.474697714047196,88.71783982262262,operational,operational,2024-232S,2025-046S,True
2025-06-15 00:00:00+00:00,QQ_diff_launch,62793,63167,1,5.746400054741519,5.746400054741519,13.88905797235017,86.84887568573481,operational,operational,2025-016J,2025-046J,False
2025-06-15 00:00:00+00:00,QQ_diff_launch,62802,63172,1,15.676170681381862,15.676170681381862,13.86088383538508,86.63441046698463,operational,operational,2025-016T,2025-046P,False
2025-06-15 00:00:00+00:00,QQ_same_launch,61554,61556,1,15.144275627245639,15.144275627245639,0.051766027630795367,88.92551300717632,stranded,stranded,2024-185C,2024-185E,False
2025-06-15 00:00:00+00:00,QQ_same_launch,63159,63167,1,15.274484884835932,15.274484884835932,0.019696339928514488,87.61233354480679,operational,operational,2025-046A,2025-046J,False
2025-06-16 00:00:00+00:00,QQ_diff_launch,60382,63172,1,17.523919480681077,17.523919480681077,2.614398418569274,88.97397295400563,operational,operational,2024-140D,2025-046P,False
2025-06-16 00:00:00+00:00,QQ_diff_launch,60389,61563,7,4.148432492456915,12.2969720495799,13.781641349472826,86.91560237632073,operational,operational,2024-140L,2024-185M,False
2025-06-16 00:00:00+00:00,QQ_diff_launch,61564,63165,1,16.514621332695548,16.514621332695548,12.717706681728744,87.9213248787285,stranded,operational,2024-185N,2025-046G,False
2025-06-16 00:00:00+00:00,QQ_diff_launch,61569,62244,1,17.323803723995084,17.323803723995084,5.045713752496126,88.91393543445794,stranded,operational,2024-185T,2024-232H,False
2025-06-16 00:00:00+00:00,QQ_diff_launch,61569,62796,1,11.876302268709601,11.876302268709601,2.7648098120827034,88.957302276994,stranded,operational,2024-185T,2025-016M,False
2025-06-16 00:00:00+00:00,QQ_diff_launch,61569,63176,1,10.73880459468132,10.73880459468132,12.740467414953464,87.88193964199522,stranded,operational,2024-185T,2025-046T,False
2025-06-16 00:00:00+00:00,QQ_diff_launch,62238,63171,18,14.450741100236478,16.041798343868734,9.498887064921563,88.62888004868068,operational,operational,2024-232B,2025-046N,True
2025-06-16 00:00:00+00:00,QQ_diff_launch,62241,63159,14,14.247713476867732,15.617315987221257,9.443086873360187,88.64157503966851,operational,operational,2024-232E,2025-046A,True
2025-06-16 00:00:00+00:00,QQ_diff_launch,62242,63164,14,11.171380020305046,11.323614024514256,9.487541969351637,88.64740273921674,operational,operational,2024-232F,2025-046F,True
2025-06-16 00:00:00+00:00,QQ_diff_launch,62244,63176,13,16.094544285261755,16.25601070528899,9.482953701244998,88.71568813361732,operational,operational,2024-232H,2025-046T,False
2025-06-16 00:00:00+00:00,QQ_diff_launch,62245,63168,14,8.371645550372767,8.417778751475073,9.483585786352698,88.68278334221492,operational,operational,2024-232J,2025-046K,True
2025-06-16 00:00:00+00:00,QQ_diff_launch,62247,63160,21,13.072262131702155,13.865942424314982,9.503967324902211,88.69548734682603,operational,operational,2024-232L,2025-046B,True
2025-06-16 00:00:00+00:00,QQ_diff_launch,62253,63175,27,15.603985488452667,16.595711486983944,9.46905906815984,88.63291597308242,operational,operational,2024-232S,2025-046S,True
2025-06-16 00:00:00+00:00,QQ_diff_launch,62802,63172,7,11.223499596651381,15.866630190017895,13.860839548172352,86.7957046446986,operational,operational,2025-016T,2025-046P,False
2025-06-17 00:00:00+00:00,QQ_diff_launch,60385,61554,1,12.327742111609696,12.327742111609696,14.123090221413841,86.79777147903005,drift,stranded,2024-140G,2024-185C,False
2025-06-17 00:00:00+00:00,QQ_diff_launch,61569,62241,1,15.923132382649854,15.923132382649854,5.103050550860686,88.91922832406829,stranded,operational,2024-185T,2024-232E,False
2025-06-17 00:00:00+00:00,QQ_diff_launch,62238,63171,27,16.949377293737122,18.19662294185599,9.49971107635512,88.62016360239593,operational,operational,2024-232B,2025-046N,True
2025-06-17 00:00:00+00:00,QQ_diff_launch,62241,63159,4,18.773817557599095,19.341767006791585,9.4444690301983,88.6238455464172,operational,operational,2024-232E,2025-046A,False
2025-06-17 00:00:00+00:00,QQ_diff_launch,62242,63164,13,11.505173568368821,11.687553453635697,9.487261762052986,88.64412739755844,operational,operational,2024-232F,2025-046F,False
2025-06-17 00:00:00+00:00,QQ_diff_launch,62244,63176,14,15.743441754916844,15.91183947066737,9.483539011182934,88.71530195180367,operational,operational,2024-232H,2025-046T,True
2025-06-17 00:00:00+00:00,QQ_diff_launch,62245,63168,13,8.55600224439023,8.691146314922664,9.483341075486592,88.6870762878765,operational,operational,2024-232J,2025-046K,False
2025-06-17 00:00:00+00:00,QQ_diff_launch,62247,63160,14,12.016112138338057,12.51891238676506,9.503774666457236,88.69281771679726,operational,operational,2024-232L,2025-046B,True
2025-06-17 00:00:00+00:00,QQ_diff_launch,62250,63174,4,7.6779563009963905,10.154084833235883,9.500804501824609,88.67563857845886,operational,operational,2024-232P,2025-046R,False
2025-06-17 00:00:00+00:00,QQ_diff_launch,62253,63175,27,16.6749183475906,17.04513715104067,9.474086892229776,88.71710831398008,operational,operational,2024-232S,2025-046S,True
2025-06-17 00:00:00+00:00,QQ_diff_launch,62787,63167,1,5.50641952038428,5.50641952038428,13.894537252032352,86.83431626677655,operational,operational,2025-016C,2025-046J,False
2025-06-17 00:00:00+00:00,QQ_diff_launch,62802,63172,6,15.408811562574721,17.246056241489484,13.862261041401768,86.6807604893547,operational,operational,2025-016T,2025-046P,False
2025-06-17 00:00:00+00:00,QQ_same_launch,61557,61561,1,13.405812833460496,13.405812833460496,0.017607065844655483,88.86572288765905,stranded,stranded,2024-185F,2024-185K,False
2025-06-17 00:00:00+00:00,QQ_same_launch,63167,63173,1,16.50814017904631,16.50814017904631,0.008600911003248734,9.98396139420258,operational,operational,2025-046J,2025-046Q,False
2025-06-18 00:00:00+00:00,QQ_diff_launch,60393,61569,1,19.778144695957142,19.778144695957142,13.840667151611044,86.78260971199812,operational,stranded,2024-140Q,2024-185T,False
2025-06-18 00:00:00+00:00,QQ_diff_launch,61564,63172,1,18.184103143013395,18.184103143013395,12.735258298006903,87.87288541384652,stranded,operational,2024-185N,2025-046P,False
2025-06-18 00:00:00+00:00,QQ_diff_launch,61569,63173,1,15.491100390043837,15.491100390043837,12.74595770193284,87.83502893944737,stranded,operational,2024-185T,2025-046Q,False
2025-06-18 00:00:00+00:00,QQ_diff_launch,62238,63171,15,15.079084110643848,16.19174121911825,9.509208654118288,88.71348839695447,operational,operational,2024-232B,2025-046N,True
2025-06-18 00:00:00+00:00,QQ_diff_launch,62242,63164,14,11.9108003625511,12.157205005040769,9.486997975717877,88.64063618470604,operational,operational,2024-232F,2025-046F,True
2025-06-18 00:00:00+00:00,QQ_diff_launch,62244,63176,13,15.509424883446275,15.647441020898558,9.484118301535855,88.71527870466544,operational,operational,2024-232H,2025-046T,False
2025-06-18 00:00:00+00:00,QQ_diff_launch,62245,63167,1,14.722892718690623,14.722892718690623,9.490251170123623,88.62685396336842,operational,operational,2024-232J,2025-046J,False
2025-06-18 00:00:00+00:00,QQ_diff_launch,62245,63168,14,8.951191948912305,9.182002929781756,9.483105017269722,88.69155130305353,operational,operational,2024-232J,2025-046K,True
2025-06-18 00:00:00+00:00,QQ_diff_launch,62247,63160,13,11.08089249216496,11.53792313500965,9.503525098157917,88.68908082630513,operational,operational,2024-232L,2025-046B,False
2025-06-18 00:00:00+00:00,QQ_diff_launch,62249,63172,5,4.491223578263398,12.617034074212066,9.513425366454882,88.67184153936275,operational,operational,2024-232N,2025-046P,False
2025-06-18 00:00:00+00:00,QQ_diff_launch,62250,63174,1,19.909954126304008,19.909954126304008,9.497183459744607,88.73042039844196,operational,operational,2024-232P,2025-046R,False
2025-06-18 00:00:00+00:00,QQ_diff_launch,62253,63175,27,16.49066506714253,17.651947384332896,9.470205051698898,88.62177681458456,operational,operational,2024-232S,2025-046S,True
2025-06-18 00:00:00+00:00,QQ_diff_launch,62794,63167,1,17.002290794392618,17.002290794392618,13.890278248922314,86.97508479639907,operational,operational,2025-016K,2025-046J,False
2025-06-18 00:00:00+00:00,QQ_same_launch,63167,63168,1,15.249645960341418,15.249645960341418,0.00703416611105542,22.088143967592625,operational,operational,2025-046J,2025-046K,False
2025-06-19 00:00:00+00:00,QQ_diff_launch,60390,61569,1,18.252143584022868,18.252143584022868,13.809966411801609,86.96469531024854,operational,stranded,2024-140M,2024-185T,False
2025-06-19 00:00:00+00:00,QQ_diff_launch,61563,62253,2,3.4624205672766477,7.684158099679561,5.001586765621578,88.92789659559469,operational,operational,2024-185M,2024-232S,False
2025-06-19 00:00:00+00:00,QQ_diff_launch,61563,63175,1,12.220504966477337,12.220504966477337,12.713379558165489,88.0033886046306,operational,operational,2024-185M,2025-046S,False
2025-06-19 00:00:00+00:00,QQ_diff_launch,62238,63171,13,13.078525469034119,14.030640056388098,9.508921752990256,88.70703335140493,operational,operational,2024-232B,2025-046N,False
2025-06-19 00:00:00+00:00,QQ_diff_launch,62242,63164,13,12.41631321627462,12.681150204358003,9.48677017868495,88.6371781082049,operational,operational,2024-232F,2025-046F,False
2025-06-19 00:00:00+00:00,QQ_diff_launch,62244,63176,14,15.271090083220775,15.394723642216935,9.484657622681548,88.7152648691076,operational,operational,2024-232H,2025-046T,True
2025-06-19 00:00:00+00:00,QQ_diff_launch,62245,63168,13,9.53872370744615,9.820464659348588,9.482881571421482,88.69589688375304,operational,operational,2024-232J,2025-046K,False
2025-06-19 00:00:00+00:00,QQ_diff_launch,62247,63160,14,10.0614347525774,10.54172905248168,9.503293028770667,88.68509556459298,operational,operational,2024-232L,2025-046B,True
2025-06-19 00:00:00+00:00,QQ_diff_launch,62249,63172,14,7.569193776588195,7.666638555901319,9.512266844859717,88.65300750326116,operational,operational,2024-232N,2025-046P,True
2025-06-19 00:00:00+00:00,QQ_diff_launch,62250,63174,14,18.0975460325183,18.944874687915167,9.497494394187049,88.72745404500506,operational,operational,2024-232P,2025-046R,True
2025-06-19 00:00:00+00:00,QQ_diff_launch,62253,63175,27,16.137809157268062,16.53065697281755,9.473597119491805,88.71659873643824,operational,operational,2024-232S,2025-046S,True
2025-06-20 00:00:00+00:00,QQ_diff_launch,60392,61569,2,19.942297596912223,19.9507501101114,13.823909129869111,86.76219365327842,operational,stranded,2024-140P,2024-185T,False
2025-06-20 00:00:00+00:00,QQ_diff_launch,61563,63175,2,11.357515759702169,13.724530701769702,12.708761573204523,87.89754399167688,operational,operational,2024-185M,2025-046S,False
2025-06-20 00:00:00+00:00,QQ_diff_launch,61564,63174,1,16.912868605967578,16.912868605967578,12.730302538699148,87.90986526464741,stranded,operational,2024-185N,2025-046R,False
2025-06-20 00:00:00+00:00,QQ_diff_launch,62238,63171,14,10.930473978547125,11.945280600124104,9.508633957444657,88.70016956469138,operational,operational,2024-232B,2025-046N,True
2025-06-20 00:00:00+00:00,QQ_diff_launch,62242,63164,14,13.02398420197068,13.362931261900519,9.486548516495128,88.63332956030938,operational,operational,2024-232F,2025-046F,True
2025-06-20 00:00:00+00:00,QQ_diff_launch,62244,63176,13,15.032484346453606,15.14115282199861,9.485177980873894,88.71516275103639,operational,operational,2024-232H,2025-046T,False
2025-06-20 00:00:00+00:00,QQ_diff_launch,62245,63168,24,10.224347029383537,10.869734220531338,9.482611495404969,88.69853235956336,operational,operational,2024-232J,2025-046K,True
2025-06-20 00:00:00+00:00,QQ_diff_launch,62247,63160,13,9.199458585020007,9.613047752977012,9.503070044916205,88.68111337699838,operational,operational,2024-232L,2025-046B,False
2025-06-20 00:00:00+00:00,QQ_diff_launch,62249,63172,13,8.004302507364349,8.108877930092909,9.511954060948902,88.64885313727481,operational,operational,2024-232N,2025-046P,False
2025-06-20 00:00:00+00:00,QQ_diff_launch,62250,63174,13,16.461239690926046,17.229142643540847,9.498039204174395,88.72213504087016,operational,operational,2024-232P,2025-046R,False
2025-06-20 00:00:00+00:00,QQ_diff_launch,62253,63175,15,15.730186872711897,15.965690133739017,9.473468251030946,88.71620629319206,operational,operational,2024-232S,2025-046S,True
2025-06-21 00:00:00+00:00,QQ_diff_launch,60381,61563,6,3.1603764567568775,11.21893507491934,13.799448358548723,86.89619746209894,operational,operational,2024-140C,2024-185M,False
2025-06-21 00:00:00+00:00,QQ_diff_launch,61563,62795,2,9.985372478574227,13.371060143801126,2.8204448530941812,88.96196677389801,operational,operational,2024-185M,2025-016L,False
2025-06-21 00:00:00+00:00,QQ_diff_launch,61564,63164,1,18.276043137030186,18.276043137030186,12.722970074285826,87.8562529501158,stranded,operational,2024-185N,2025-046F,False
2025-06-21 00:00:00+00:00,QQ_diff_launch,61569,62248,1,17.444678668604297,17.444678668604297,5.038110363152208,88.9073922533269,stranded,operational,2024-185T,2024-232M,False
2025-06-21 00:00:00+00:00,QQ_diff_launch,62238,63171,13,8.95482686236197,9.856477737257146,9.508377569668308,88.69303449854691,operational,operational,2024-232B,2025-046N,False
2025-06-21 00:00:00+00:00,QQ_diff_launch,62242,63164,13,13.78842699498152,14.148071835905085,9.486362621817841,88.62926773375752,operational,operational,2024-232F,2025-046F,False
2025-06-21 00:00:00+00:00,QQ_diff_launch,62244,63176,14,14.848419132109912,14.93400866584711,9.485683895993592,88.71532991200324,operational,operational,2024-232H,2025-046T,True
2025-06-21 00:00:00+00:00,QQ_diff_launch,62245,63168,27,11.05784661446425,19.170020192361797,9.476605589851571,88.60924128987129,operational,operational,2024-232J,2025-046K,True
2025-06-21 00:00:00+00:00,QQ_diff_launch,62247,63160,14,8.322768263496428,8.719678283529605,9.502890609671251,88.67686259399804,operational,operational,2024-232L,2025-046B,True
2025-06-21 00:00:00+00:00,QQ_diff_launch,62247,63167,1,7.252149314658414,7.252149314658414,9.511315827467223,88.67637613517479,operational,operational,2024-232L,2025-046J,False
2025-06-21 00:00:00+00:00,QQ_diff_launch,62249,63172,14,8.235277307167259,8.398082254847829,9.511662125028135,88.6459784806855,operational,operational,2024-232N,2025-046P,True
2025-06-21 00:00:00+00:00,QQ_diff_launch,62250,63174,14,14.751965258305171,15.554987371101321,9.498562538479693,88.71700420919166,operational,operational,2024-232P,2025-046R,True
2025-06-21 00:00:00+00:00,QQ_diff_launch,62253,63175,14,15.30868158282179,15.531651375083545,9.473287025964625,88.71573976188733,operational,operational,2024-232S,2025-046S,True
2025-06-21 00:00:00+00:00,QQ_diff_launch,62791,63167,1,14.765262355360736,14.765262355360736,13.89537707453223,86.94600742125668,operational,operational,2025-016G,2025-046J,False
2025-06-21 00:00:00+00:00,QQ_same_launch,61552,61553,1,16.836799898708374,16.836799898708374,0.02006422483678977,77.2528893470823,stranded,stranded,2024-185A,2024-185B,False
2025-06-21 00:00:00+00:00,QQ_same_launch,61554,61561,1,19.618258298445426,19.618258298445426,0.01097599425256351,3.1103951214236565,stranded,stranded,2024-185C,2024-185K,False
2025-06-21 00:00:00+00:00,QQ_same_launch,61562,61569,1,19.9906974721493,19.9906974721493,0.010406098960639917,28.384192566712336,operational,stranded,2024-185L,2024-185T,False
2025-06-21 00:00:00+00:00,QQ_same_launch,63160,63167,1,15.496465465065587,15.496465465065587,0.008886385342308917,88.96099594835093,operational,operational,2025-046B,2025-046J,False
2025-06-22 00:00:00+00:00,QQ_diff_launch,61564,63176,1,15.392702325781693,15.392702325781693,12.720516820960885,87.95040973439819,stranded,operational,2024-185N,2025-046T,False
2025-06-22 00:00:00+00:00,QQ_diff_launch,61569,62247,1,19.024791620673344,19.024791620673344,5.030617082937748,88.90314867139234,stranded,operational,2024-185T,2024-232L,False
2025-06-22 00:00:00+00:00,QQ_diff_launch,61569,62791,1,19.119809231857793,19.119809231857793,2.7829763554333717,88.95273965271375,stranded,operational,2024-185T,2025-016G,False
2025-06-22 00:00:00+00:00,QQ_diff_launch,62238,63171,14,6.9645908404568475,7.87990373315165,9.50812041538519,88.68583006628734,operational,operational,2024-232B,2025-046N,True
2025-06-22 00:00:00+00:00,QQ_diff_launch,62242,63164,14,14.588259674828688,15.02205379292586,9.486197744667209,88.62503523649323,operational,operational,2024-232F,2025-046F,True
2025-06-22 00:00:00+00:00,QQ_diff_launch,62244,63176,13,14.693941701327757,14.755129735968508,9.486152843338907,88.71533873758877,operational,operational,2024-232H,2025-046T,False
2025-06-22 00:00:00+00:00,QQ_diff_launch,62245,63168,27,11.897392865182184,12.765590896985742,9.482257970454125,88.7061729457484,operational,operational,2024-232J,2025-046K,True
2025-06-22 00:00:00+00:00,QQ_diff_launch,62247,63160,13,7.6480336829897055,7.945828828977842,9.502718085464739,88.6724748521611,operational,operational,2024-232L,2025-046B,False
2025-06-22 00:00:00+00:00,QQ_diff_launch,62249,63172,13,8.636419932516292,8.838230668763241,9.511394329705459,88.6429712859591,operational,operational,2024-232N,2025-046P,False
2025-06-22 00:00:00+00:00,QQ_diff_launch,62250,63174,13,13.142860944038038,13.863051491670653,9.49905924355968,88.71173432024683,operational,operational,2024-232P,2025-046R,False
2025-06-22 00:00:00+00:00,QQ_diff_launch,62253,63175,13,14.85736889206254,15.069783325200405,9.473112064373144,88.71503654213022,operational,operational,2024-232S,2025-046S,False
2025-06-22 00:00:00+00:00,QQ_diff_launch,62789,63167,1,10.434329566365692,10.434329566365692,13.893466220325154,86.88838732960731,operational,operational,2025-016E,2025-046J,False
2025-06-22 00:00:00+00:00,QQ_same_launch,63166,63167,1,17.248698442722148,17.248698442722148,0.007410891711806912,14.724353184656486,operational,operational,2025-046H,2025-046J,False
2025-06-23 00:00:00+00:00,QQ_diff_launch,60393,61564,1,19.97307562349129,19.97307562349129,13.804038983849754,86.9210730109665,operational,stranded,2024-140Q,2024-185N,False
2025-06-23 00:00:00+00:00,QQ_diff_launch,60395,61569,1,15.306226382029498,15.306226382029498,13.808224941274165,86.96817202912857,operational,stranded,2024-140S,2024-185T,False
2025-06-23 00:00:00+00:00,QQ_diff_launch,61564,62793,1,16.71663718343746,16.71663718343746,2.814961417114174,88.96175279768488,stranded,operational,2024-185N,2025-016J,False
2025-06-23 00:00:00+00:00,QQ_diff_launch,61564,63159,1,18.500406356787618,18.500406356787618,12.720257596242893,88.01811912326852,stranded,operational,2024-185N,2025-046A,False
2025-06-23 00:00:00+00:00,QQ_diff_launch,62238,63171,13,5.3860298606757695,6.0735679220898815,9.507897069972623,88.67845704435251,operational,operational,2024-232B,2025-046N,False
2025-06-23 00:00:00+00:00,QQ_diff_launch,62242,63164,13,15.576046159746886,16.007761475263763,9.486052362851177,88.62062001381706,operational,operational,2024-232F,2025-046F,False
2025-06-23 00:00:00+00:00,QQ_diff_launch,62244,63176,14,14.588294127764438,14.625907875524568,9.486614313895743,88.7155994276321,operational,operational,2024-232H,2025-046T,True
2025-06-23 00:00:00+00:00,QQ_diff_launch,62245,63168,27,12.88715644182654,18.07402496151441,9.477476564089017,88.61213108315307,operational,operational,2024-232J,2025-046K,True
2025-06-23 00:00:00+00:00,QQ_diff_launch,62247,63160,14,7.144382584030353,7.358851434733481,9.502556495682473,88.66798590094379,operational,operational,2024-232L,2025-046B,True
2025-06-23 00:00:00+00:00,QQ_diff_launch,62249,63172,14,9.145379536019867,9.426868048321657,9.511121676652808,88.63966917612376,operational,operational,2024-232N,2025-046P,True
2025-06-23 00:00:00+00:00,QQ_diff_launch,62250,63174,14,12.302583106915142,12.945227746200931,9.499405764386923,88.70908986615231,operational,operational,2024-232P,2025-046R,True
2025-06-23 00:00:00+00:00,QQ_diff_launch,62253,63175,14,14.363722210788705,14.584757411332792,9.472943977550976,88.71424200448982,operational,operational,2024-232S,2025-046S,True
2025-06-24 00:00:00+00:00,QQ_diff_launch,60381,61569,1,15.418843002274452,15.418843002274452,13.814331293723402,86.9838053542297,operational,stranded,2024-140C,2024-185T,False
2025-06-24 00:00:00+00:00,QQ_diff_launch,61564,63173,1,19.486501264883668,19.486501264883668,12.726000546357234,88.00694583110368,stranded,operational,2024-185N,2025-046Q,False
2025-06-24 00:00:00+00:00,QQ_diff_launch,61569,63175,1,11.935062631675414,11.935062631675414,12.738664169233822,87.99915989969959,stranded,operational,2024-185T,2025-046S,False
2025-06-24 00:00:00+00:00,QQ_diff_launch,62238,63171,14,4.349996231682414,4.720199133395645,9.507689147314046,88.67110799779886,operational,operational,2024-232B,2025-046N,True
2025-06-24 00:00:00+00:00,QQ_diff_launch,62242,63164,14,16.54815654992893,17.052585893884203,9.485925429994404,88.61606018639702,operational,operational,2024-232F,2025-046F,True
2025-06-24 00:00:00+00:00,QQ_diff_launch,62244,63176,13,14.54414486729816,14.547262725971516,9.487040815310944,88.7158849100137,operational,operational,2024-232H,2025-046T,False
2025-06-24 00:00:00+00:00,QQ_diff_launch,62245,63168,27,13.716989662689855,14.66672335583973,9.481997217267702,88.71361726069735,operational,operational,2024-232J,2025-046K,True
2025-06-24 00:00:00+00:00,QQ_diff_launch,62247,63160,13,6.972792681528849,7.035525550792967,9.502436465870442,88.66317409482255,operational,operational,2024-232L,2025-046B,False
2025-06-24 00:00:00+00:00,QQ_diff_launch,62249,63172,13,9.779509137490814,10.068412070190073,9.51087055649806,88.63657266215878,operational,operational,2024-232N,2025-046P,False
2025-06-24 00:00:00+00:00,QQ_diff_launch,62250,63174,13,9.987401925661588,10.655006384107354,9.499981605224491,88.70180438411057,operational,operational,2024-232P,2025-046R,False
2025-06-24 00:00:00+00:00,QQ_diff_launch,62253,63175,13,8.7794208615698,10.39525893989396,9.472845231183658,88.69984757835856,operational,operational,2024-232S,2025-046S,False
2025-06-24 00:00:00+00:00,QQ_same_launch,61557,61560,1,14.96639741655272,14.96639741655272,0.016015451319905876,64.2173868135737,stranded,stranded,2024-185F,2024-185J,False
2025-06-25 00:00:00+00:00,QQ_diff_launch,60385,62243,2,10.93555732175572,11.942475807917834,11.662156804509953,88.3734293854813,drift,stranded,2024-140G,2024-232G,False
2025-06-25 00:00:00+00:00,QQ_diff_launch,60389,61569,1,15.204265335244001,15.204265335244001,13.811503702817877,86.99700399198105,operational,stranded,2024-140L,2024-185T,False
2025-06-25 00:00:00+00:00,QQ_diff_launch,61563,63166,3,7.628124762991925,15.088527003361515,12.731346758006046,87.94829230036838,operational,operational,2024-185M,2025-046H,False
2025-06-25 00:00:00+00:00,QQ_diff_launch,61569,62790,1,8.212601464331348,8.212601464331348,2.7789215732195727,88.95985651730183,stranded,operational,2024-185T,2025-016F,False
2025-06-25 00:00:00+00:00,QQ_diff_launch,62238,63171,13,4.283210309835758,4.3213884115003856,9.50751992934587,88.66357382818939,operational,operational,2024-232B,2025-046N,False
2025-06-25 00:00:00+00:00,QQ_diff_launch,62242,63164,13,17.70943697691298,18.214515820294594,9.48583670733532,88.6112964447716,operational,operational,2024-232F,2025-046F,False
2025-06-25 00:00:00+00:00,QQ_diff_launch,62244,63176,14,10.091836906347664,11.029545137415894,9.487427961336056,88.70470906037136,operational,operational,2024-232H,2025-046T,True
2025-06-25 00:00:00+00:00,QQ_diff_launch,62245,63168,27,14.73180123693625,16.773069634855094,9.478232931217466,88.6159165120611,operational,operational,2024-232J,2025-046K,True
2025-06-25 00:00:00+00:00,QQ_diff_launch,62247,63160,14,6.9835329681079665,6.999565650920131,9.502323681538433,88.65852754417169,operational,operational,2024-232L,2025-046B,True
2025-06-25 00:00:00+00:00,QQ_diff_launch,62249,63172,14,10.459828015423739,10.812370291583397,9.510654300777919,88.63334677249404,operational,operational,2024-232N,2025-046P,True
2025-06-25 00:00:00+00:00,QQ_diff_launch,62250,63174,14,8.455175762851056,9.141544827061574,9.500418379039555,88.69714177296817,operational,operational,2024-232P,2025-046R,True
2025-06-25 00:00:00+00:00,QQ_diff_launch,62253,63175,14,5.55955528277672,6.920475830092828,9.472737215665788,88.68661264761033,operational,operational,2024-232S,2025-046S,True
2025-06-25 00:00:00+00:00,QQ_diff_launch,62790,63167,1,6.551304440227051,6.551304440227051,13.895593037797969,86.7492797689642,operational,operational,2025-016F,2025-046J,False
2025-06-25 00:00:00+00:00,QQ_same_launch,63161,63167,1,16.600618730152654,16.600618730152654,0.035421772345780096,82.51714364227853,operational,operational,2025-046C,2025-046J,False
2025-06-26 00:00:00+00:00,QQ_diff_launch,60380,61569,1,17.09817440868696,17.09817440868696,13.821891811676977,86.70494156850931,operational,stranded,2024-140B,2024-185T,False
2025-06-26 00:00:00+00:00,QQ_diff_launch,61563,62789,2,11.554587803730021,13.735864056818338,2.8224805353832743,88.9640097944523,operational,operational,2024-185M,2025-016E,False
2025-06-26 00:00:00+00:00,QQ_diff_launch,62238,63171,14,4.573046720763892,5.052003108561637,9.507353873474155,88.65600453925018,operational,operational,2024-232B,2025-046N,True
2025-06-26 00:00:00+00:00,QQ_diff_launch,62239,63167,1,9.984172857896123,9.984172857896123,9.506228431429898,88.66348688885768,operational,operational,2024-232C,2025-046J,False
2025-06-26 00:00:00+00:00,QQ_diff_launch,62242,63164,14,18.833511399790375,19.39896882696406,9.485764157348825,88.60648789592506,operational,operational,2024-232F,2025-046F,True
2025-06-26 00:00:00+00:00,QQ_diff_launch,62244,63176,13,8.306396063256624,9.13055459631561,9.487797999201996,88.69896643660424,operational,operational,2024-232H,2025-046T,False
2025-06-26 00:00:00+00:00,QQ_diff_launch,62245,63168,27,15.70807561797702,16.315568353393253,9.48183967491825,88.7209017193115,operational,operational,2024-232J,2025-046K,True
2025-06-26 00:00:00+00:00,QQ_diff_launch,62247,63160,13,7.1390358782961325,7.296105132420775,9.502255161133613,88.6536498250936,operational,operational,2024-232L,2025-046B,False
2025-06-26 00:00:00+00:00,QQ_diff_launch,62249,63172,13,11.245049977775,11.600202807755082,9.510470970781595,88.63008640476343,operational,operational,2024-232N,2025-046P,False
2025-06-26 00:00:00+00:00,QQ_diff_launch,62250,63174,13,7.169245884198351,7.760538789204773,9.50081429657041,88.69294689988031,operational,operational,2024-232P,2025-046R,False
2025-06-26 00:00:00+00:00,QQ_diff_launch,62253,63175,13,4.580801492565226,4.687220250383121,9.472672517298692,88.67292922662224,operational,operational,2024-232S,2025-046S,False
2025-06-26 00:00:00+00:00,QQ_diff_launch,62788,63167,1,6.528771966171477,6.528771966171477,13.893501018277467,86.74913063802934,operational,operational,2025-016D,2025-046J,False
2025-06-26 00:00:00+00:00,QQ_same_launch,61552,61556,2,10.42974998768993,12.716552952324275,0.016597528906721642,61.5292510810705,stranded,stranded,2024-185A,2024-185E,False
2025-06-26 00:00:00+00:00,QQ_same_launch,61565,61569,1,17.663478255428082,17.663478255428082,0.04365705467596907,85.38462865904536,operational,stranded,2024-185P,2024-185T,False
2025-06-27 00:00:00+00:00,QQ_diff_launch,60395,61563,7,6.2830586406206965,14.277029012995829,13.80717411596592,86.89965034031417,operational,operational,2024-140S,2024-185M,False
2025-06-27 00:00:00+00:00,QQ_diff_launch,61564,62789,1,17.19174744988265,17.19174744988265,2.8222048231874353,88.96615107186403,stranded,operational,2024-185N,2025-016E,False
2025-06-27 00:00:00+00:00,QQ_diff_launch,61564,62795,1,17.288955754061394,17.288955754061394,2.8202803725956254,88.9633729882654,stranded,operational,2024-185N,2025-016L,False
2025-06-27 00:00:00+00:00,QQ_diff_launch,61564,63166,1,16.45707016930429,16.45707016930429,12.732096131458704,87.86899140458677,stranded,operational,2024-185N,2025-046H,False
2025-06-27 00:00:00+00:00,QQ_diff_launch,61569,63167,1,6.9655805940684745,6.9655805940684745,12.751433259884047,87.88541148207781,stranded,operational,2024-185T,2025-046J,False
2025-06-27 00:00:00+00:00,QQ_diff_launch,62238,63171,13,5.801445174881758,6.5392047188886915,9.507236029226448,88.64854905858516,operational,operational,2024-232B,2025-046N,False
2025-06-27 00:00:00+00:00,QQ_diff_launch,62244,63176,14,6.422072379794074,7.283166372497547,9.488126368254775,88.69334236492716,operational,operational,2024-232H,2025-046T,True
2025-06-27 00:00:00+00:00,QQ_diff_launch,62245,63168,27,15.141275442267554,15.9542529552394,9.478890671019379,88.62093726904239,operational,operational,2024-232J,2025-046K,True
2025-06-27 00:00:00+00:00,QQ_diff_launch,62247,63160,14,7.536118750187574,7.840998118407789,9.502199205187244,88.64899527149201,operational,operational,2024-232L,2025-046B,True
2025-06-27 00:00:00+00:00,QQ_diff_launch,62249,63172,14,12.011344083303218,12.41532818998175,9.510294867324621,88.62697601706313,operational,operational,2024-232N,2025-046P,True
2025-06-27 00:00:00+00:00,QQ_diff_launch,62250,63174,14,5.798601294700207,6.424008503093783,9.501192821739153,88.68889538457077,operational,operational,2024-232P,2025-046R,True
2025-06-27 00:00:00+00:00,QQ_diff_launch,62253,63175,14,4.689316406849349,5.484306533458441,9.472637027028817,88.6596910925445,operational,operational,2024-232S,2025-046S,True
2025-06-27 00:00:00+00:00,QQ_same_launch,61558,61567,1,19.903246028081305,19.903246028081305,0.010503515106155499,24.52139946324962,stranded,stranded,2024-185G,2024-185R,False
2025-06-28 00:00:00+00:00,QQ_diff_launch,60391,61569,1,12.915734769685782,12.915734769685782,13.80791203996626,86.96062911172716,operational,stranded,2024-140N,2024-185T,False
2025-06-28 00:00:00+00:00,QQ_diff_launch,61564,63175,1,13.808086645428663,13.808086645428663,12.718433272924305,87.98038066041474,stranded,operational,2024-185N,2025-046S,False
2025-06-28 00:00:00+00:00,QQ_diff_launch,61569,62251,1,9.510864346426768,9.510864346426768,5.036082584262219,88.92847150279056,stranded,operational,2024-185T,2024-232Q,False
2025-06-28 00:00:00+00:00,QQ_diff_launch,62238,63171,14,7.487844571470124,8.438793048424015,9.507120181883362,88.64094760006725,operational,operational,2024-232B,2025-046N,True
2025-06-28 00:00:00+00:00,QQ_diff_launch,62244,63176,13,4.7518634509182185,5.522503527400967,9.488443912545472,88.68800649916288,operational,operational,2024-232H,2025-046T,False
2025-06-28 00:00:00+00:00,QQ_diff_launch,62245,63168,27,14.403859488215785,17.859493322370373,9.481783897739113,88.72825379868848,operational,operational,2024-232J,2025-046K,True
2025-06-28 00:00:00+00:00,QQ_diff_launch,62247,63160,13,8.262844979222681,8.648044541856018,9.502184200095646,88.64419192377834,operational,operational,2024-232L,2025-046B,False
2025-06-28 00:00:00+00:00,QQ_diff_launch,62249,63172,13,12.934548457035161,13.347984145411285,9.51015273036286,88.62356265331074,operational,operational,2024-232N,2025-046P,False
2025-06-28 00:00:00+00:00,QQ_diff_launch,62250,63174,13,4.563118200454173,5.119799963707163,9.501540198058592,88.68493678171204,operational,operational,2024-232P,2025-046R,False
2025-06-28 00:00:00+00:00,QQ_diff_launch,62253,63175,13,7.01886872037646,8.513886543621958,9.47262428572282,88.64583354894154,operational,operational,2024-232S,2025-046S,False
2025-06-28 00:00:00+00:00,QQ_diff_launch,62786,63167,2,16.171077330141223,17.803591034251646,13.893518312909244,86.80464998392632,operational,operational,2025-016B,2025-046J,False
2025-06-29 00:00:00+00:00,QQ_diff_launch,60380,61564,1,16.68458250334616,16.68458250334616,13.810585226834032,86.82583447239153,operational,stranded,2024-140B,2024-185N,False
2025-06-29 00:00:00+00:00,QQ_diff_launch,60396,61569,1,8.391332115996988,8.391332115996988,13.830239921977226,86.80745955746254,operational,stranded,2024-140T,2024-185T,False
2025-06-29 00:00:00+00:00,QQ_diff_launch,62238,63171,13,9.565529522541748,10.517759040028615,9.50703661219142,88.63327760990924,operational,operational,2024-232B,2025-046N,False
2025-06-29 00:00:00+00:00,QQ_diff_launch,62244,63176,14,3.0106748159687493,3.8172173780315335,9.488738448305337,88.68280793979969,operational,operational,2024-232H,2025-046T,True
2025-06-29 00:00:00+00:00,QQ_diff_launch,62245,63168,18,11.12100126340744,13.530075133488037,9.481769878276722,88.71052896388929,operational,operational,2024-232J,2025-046K,True
2025-06-29 00:00:00+00:00,QQ_diff_launch,62247,63160,14,9.132775386948698,9.653919030544746,9.502176861721402,88.63928156977619,operational,operational,2024-232L,2025-046B,True
2025-06-29 00:00:00+00:00,QQ_diff_launch,62249,63172,14,13.782204666712595,14.243687279366602,9.51001845675193,88.62049007284543,operational,operational,2024-232N,2025-046P,True
2025-06-29 00:00:00+00:00,QQ_diff_launch,62250,63174,14,3.383758873778171,3.9512504161066344,9.501871988210082,88.68145067270439,operational,operational,2024-232P,2025-046R,True
2025-06-29 00:00:00+00:00,QQ_diff_launch,62253,63175,14,10.373140465576585,12.218743056804112,9.472650420945588,88.63193702269461,operational,operational,2024-232S,2025-046S,True
2025-06-29 00:00:00+00:00,QQ_diff_launch,62255,63173,11,19.33475057409482,19.639249701511805,9.47252201027168,88.61148011394498,operational,operational,2024-232U,2025-046Q,False
2025-06-29 00:00:00+00:00,QQ_diff_launch,62786,63167,1,18.969806457334524,18.969806457334524,13.893575351686,86.61419168087825,operational,operational,2025-016B,2025-046J,False
2025-06-29 00:00:00+00:00,QQ_same_launch,63165,63167,1,12.718061864818536,12.718061864818536,0.02899552646547431,82.70011491030762,operational,operational,2025-046G,2025-046J,False
2025-06-30 00:00:00+00:00,QQ_diff_launch,60391,61564,1,17.651369477237658,17.651369477237658,13.796741693760495,86.88358577677498,operational,stranded,2024-140N,2024-185N,False
2025-06-30 00:00:00+00:00,QQ_diff_launch,61557,62240,1,12.006059377685942,12.006059377685942,5.116271224556959,88.91993261400783,stranded,stranded,2024-185F,2024-232D,False
2025-06-30 00:00:00+00:00,QQ_diff_launch,61563,62247,2,9.42170102961084,12.280792891997038,4.9803226903717395,88.93281595129005,operational,operational,2024-185M,2024-232L,False
2025-06-30 00:00:00+00:00,QQ_diff_launch,61563,63160,4,8.96812299308612,18.487491371188916,12.716930773787237,87.95895799696939,operational,operational,2024-185M,2025-046B,False
2025-06-30 00:00:00+00:00,QQ_diff_launch,61564,62251,1,16.012308406734807,16.012308406734807,4.995148707549776,88.9133415835968,stranded,operational,2024-185N,2024-232Q,False
2025-06-30 00:00:00+00:00,QQ_diff_launch,61564,62786,1,16.45403350516311,16.45403350516311,2.821485477892385,88.96238016594815,stranded,operational,2024-185N,2025-016B,False
2025-06-30 00:00:00+00:00,QQ_diff_launch,61568,62240,1,19.975747917024123,19.975747917024123,5.090017458373334,88.9455873159464,stranded,stranded,2024-185S,2024-232D,False
2025-06-30 00:00:00+00:00,QQ_diff_launch,61569,62254,1,8.295491961062615,8.295491961062615,5.038308138623445,88.9154468824184,stranded,operational,2024-185T,2024-232T,False
2025-06-30 00:00:00+00:00,QQ_diff_launch,61569,63169,1,12.919820790374999,12.919820790374999,12.771186943544961,87.92411968720401,stranded,stranded,2024-185T,2025-046L,False
2025-06-30 00:00:00+00:00,QQ_diff_launch,62238,63171,14,11.59573287799455,12.675886072568986,9.506974452532425,88.62565773579473,operational,operational,2024-232B,2025-046N,True
2025-06-30 00:00:00+00:00,QQ_diff_launch,62244,63176,13,1.4317396340066055,2.1505112273598974,9.48899693114588,88.67770740156281,operational,operational,2024-232H,2025-046T,False
2025-06-30 00:00:00+00:00,QQ_diff_launch,62245,63168,14,7.039422755299751,8.927289788606661,9.481792370449142,88.70046321734128,operational,operational,2024-232J,2025-046K,True
2025-06-30 00:00:00+00:00,QQ_diff_launch,62247,63160,13,10.279715118955144,10.833615713572756,9.502218233357903,88.63422721166617,operational,operational,2024-232L,2025-046B,False
2025-06-30 00:00:00+00:00,QQ_diff_launch,62249,63172,13,14.76012260206844,15.212759590460296,9.509910946749974,88.617169449261,operational,operational,2024-232N,2025-046P,False
2025-06-30 00:00:00+00:00,QQ_diff_launch,62250,63174,13,2.3641104629982936,2.861022608679892,9.50215740080559,88.6782249285312,operational,operational,2024-232P,2025-046R,False
2025-06-30 00:00:00+00:00,QQ_diff_launch,62253,63175,13,14.351412027304324,16.143123034967825,9.472696981180649,88.617795645346,operational,operational,2024-232S,2025-046S,False
2025-06-30 00:00:00+00:00,QQ_diff_launch,62255,63173,14,18.45518648626095,18.840620721321102,9.472692731806678,88.61412665034157,operational,operational,2024-232U,2025-046Q,True
2025-07-01 00:00:00+00:00,QQ_diff_launch,60396,63167,1,18.25878312312899,18.25878312312899,2.6484523731800587,88.97587635749082,operational,operational,2024-140T,2025-046J,False
2025-07-01 00:00:00+00:00,QQ_diff_launch,62238,63171,13,13.884064278251131,14.91622717901876,9.506938228012343,88.61781981630484,operational,operational,2024-232B,2025-046N,False
2025-07-01 00:00:00+00:00,QQ_diff_launch,62244,63176,14,0.4102433262365522,0.6355694976577198,9.489222814187748,88.67287062810206,operational,operational,2024-232H,2025-046T,True
2025-07-01 00:00:00+00:00,QQ_diff_launch,62245,63168,13,3.226487613837409,4.993352637788211,9.481827997371742,88.6879326693149,operational,operational,2024-232J,2025-046K,False
2025-07-01 00:00:00+00:00,QQ_diff_launch,62246,63167,2,8.955193131082593,10.852373281169646,9.5012821732989,88.68486620109843,operational,operational,2024-232K,2025-046J,False
2025-07-01 00:00:00+00:00,QQ_diff_launch,62247,63160,14,11.486865419013634,12.154459659887792,9.502269461903278,88.62905807870719,operational,operational,2024-232L,2025-046B,True
2025-07-01 00:00:00+00:00,QQ_diff_launch,62249,63172,14,15.656490511465371,16.161566416800365,9.509824904460835,88.61398833315954,operational,operational,2024-232N,2025-046P,True
2025-07-01 00:00:00+00:00,QQ_diff_launch,62250,63174,14,1.2890894686510654,1.7869500436263208,9.502424677462656,88.67500309245995,operational,operational,2024-232P,2025-046R,True
2025-07-01 00:00:00+00:00,QQ_diff_launch,62253,63175,6,18.23235643836402,18.99856073231399,9.472767919131943,88.60767990538938,operational,operational,2024-232S,2025-046S,False
2025-07-01 00:00:00+00:00,QQ_diff_launch,62255,63173,13,17.658777893266194,18.009044095101356,9.472889483991276,88.61685314725992,operational,operational,2024-232U,2025-046Q,False
2025-07-01 00:00:00+00:00,QQ_diff_launch,62785,63169,1,18.98239378704811,18.98239378704811,13.910315736372219,86.80824045305117,operational,stranded,2025-016A,2025-046L,False
2025-07-01 00:00:00+00:00,QQ_diff_launch,62800,63167,1,13.346630235055388,13.346630235055388,13.896027190839625,86.72948910937659,operational,operational,2025-016R,2025-046J,False
2025-07-02 00:00:00+00:00,QQ_diff_launch,60382,61564,1,15.86459482044018,15.86459482044018,13.81031458302686,86.98077267339067,operational,stranded,2024-140D,2024-185N,False
2025-07-02 00:00:00+00:00,QQ_diff_launch,60384,61569,1,7.179387854379206,7.179387854379206,13.826740163832639,86.8859360296848,operational,stranded,2024-140F,2024-185T,False
2025-07-02 00:00:00+00:00,QQ_diff_launch,60394,61563,5,7.091020394551739,14.027394501553344,13.808494692072204,86.88642015147657,operational,operational,2024-140R,2024-185M,False
2025-07-02 00:00:00+00:00,QQ_diff_launch,61563,62791,2,12.279686681774212,13.4826597686167,2.8297334963176013,88.97293074143275,operational,operational,2024-185M,2025-016G,False
2025-07-02 00:00:00+00:00,QQ_diff_launch,61569,63172,1,12.171480111075873,12.171480111075873,12.749105118671668,87.98162319073509,stranded,operational,2024-185T,2025-046P,False
2025-07-02 00:00:00+00:00,QQ_diff_launch,62238,63171,14,16.095522405883322,17.241924117520995,9.5069484116795,88.60981894041194,operational,operational,2024-232B,2025-046N,True
2025-07-02 00:00:00+00:00,QQ_diff_launch,62244,63176,13,0.5354836404729052,1.1139036068308341,9.489417788096148,88.66841425396868,operational,operational,2024-232H,2025-046T,False
2025-07-02 00:00:00+00:00,QQ_diff_launch,62245,63168,14,0.21043844874598072,1.0634363943396372,9.481902069591127,88.67512556485437,operational,operational,2024-232J,2025-046K,True
2025-07-02 00:00:00+00:00,QQ_diff_launch,62247,63160,13,12.915491458420144,13.58138305692998,9.502357428702837,88.6237468939549,operational,operational,2024-232L,2025-046B,False
2025-07-02 00:00:00+00:00,QQ_diff_launch,62249,63172,13,16.767976217182177,17.259594067110022,9.509780326486833,88.610399724197,operational,operational,2024-232N,2025-046P,False
2025-07-02 00:00:00+00:00,QQ_diff_launch,62250,63174,13,2.575187318236096,3.3359905773581513,9.502679296566956,88.68024774651198,operational,operational,2024-232P,2025-046R,False
2025-07-02 00:00:00+00:00,QQ_diff_launch,62255,63173,14,16.82109772977671,17.19138639538347,9.473099443495421,88.61954149709439,operational,operational,2024-232U,2025-046Q,True
2025-07-02 00:00:00+00:00,QQ_same_launch,61554,61557,3,9.74417786348504,10.282992925312918,0.014925563885920048,62.43405103088255,stranded,stranded,2024-185C,2024-185F,False
2025-07-03 00:00:00+00:00,QQ_diff_launch,62238,63171,8,18.56068944527891,19.18861061707316,9.506974295828144,88.60307873690766,operational,operational,2024-232B,2025-046N,False
2025-07-03 00:00:00+00:00,QQ_diff_launch,62244,63176,14,2.1221970997681594,2.95504326428928,9.489592115544989,88.66230656981935,operational,operational,2024-232H,2025-046T,True
2025-07-03 00:00:00+00:00,QQ_diff_launch,62245,63168,13,1.1622030622107196,2.9368246490374066,9.48199518103071,88.66214860797653,operational,operational,2024-232J,2025-046K,False
2025-07-03 00:00:00+00:00,QQ_diff_launch,62247,63160,14,14.373512659811668,15.141739054418224,9.50246410110963,88.61808526811807,operational,operational,2024-232L,2025-046B,True
2025-07-03 00:00:00+00:00,QQ_diff_launch,62249,63172,14,17.803120545777816,18.358647441907237,9.50974040926043,88.60671737759148,operational,operational,2024-232N,2025-046P,True
2025-07-03 00:00:00+00:00,QQ_diff_launch,62250,63174,14,4.469953588584917,5.394481028081248,9.502891046947767,88.68682573258644,operational,operational,2024-232P,2025-046R,True
2025-07-03 00:00:00+00:00,QQ_diff_launch,62255,63173,13,16.08707831995819,16.41674380056983,9.47331830618389,88.6219815584432,operational,operational,2024-232U,2025-046Q,False
2025-07-03 00:00:00+00:00,QQ_same_launch,61562,61563,3,10.038960584146789,17.58410013835205,0.0690504994987141,88.38496061761805,operational,operational,2024-185L,2024-185M,False
2025-07-04 00:00:00+00:00,QQ_diff_launch,61569,62238,1,10.970658647839766,10.970658647839766,5.020767705151988,88.91184080191142,stranded,operational,2024-185T,2024-232B,False
2025-07-04 00:00:00+00:00,QQ_diff_launch,61569,63171,1,16.238696063507263,16.238696063507263,12.740047762836184,88.02174432649001,stranded,operational,2024-185T,2025-046N,False
2025-07-04 00:00:00+00:00,QQ_diff_launch,62244,63176,13,4.2854142692383155,5.145525246820193,9.489728201967822,88.65517176796892,operational,operational,2024-232H,2025-046T,False
2025-07-04 00:00:00+00:00,QQ_diff_launch,62245,63168,14,5.035185384766927,6.999347682922583,9.48212573959114,88.64852886141878,operational,operational,2024-232J,2025-046K,True
2025-07-04 00:00:00+00:00,QQ_diff_launch,62247,63160,13,16.082347632991137,16.840849437252782,9.502600792165591,88.61202352121808,operational,operational,2024-232L,2025-046B,False
2025-07-04 00:00:00+00:00,QQ_diff_launch,62249,63172,11,19.03957920537964,19.492061441126953,9.509746652964125,88.60303819819795,operational,operational,2024-232N,2025-046P,False
2025-07-04 00:00:00+00:00,QQ_diff_launch,62250,63174,13,6.442033716209726,7.31568015691085,9.503073703232133,88.6928721823216,operational,operational,2024-232P,2025-046R,False
2025-07-04 00:00:00+00:00,QQ_diff_launch,62255,63173,14,15.33465700318865,15.672482006949254,9.473539794320008,88.62419291846152,operational,operational,2024-232U,2025-046Q,True
2025-07-04 00:00:00+00:00,QQ_same_launch,61564,61569,1,13.812395257761644,13.812395257761644,0.045899780476963574,86.65761240697738,stranded,stranded,2024-185N,2024-185T,False
2025-07-05 00:00:00+00:00,QQ_diff_launch,60379,61569,1,13.22660624770659,13.22660624770659,13.816082293481845,87.01450749986203,operational,stranded,2024-140A,2024-185T,False
2025-07-05 00:00:00+00:00,QQ_diff_launch,60388,61564,1,11.666344875708955,11.666344875708955,13.831802606479481,86.90885925886792,operational,stranded,2024-140K,2024-185N,False
2025-07-05 00:00:00+00:00,QQ_diff_launch,61563,62248,1,11.076117595717713,11.076117595717713,4.991079242182181,88.93062452608682,operational,operational,2024-185M,2024-232M,False
2025-07-05 00:00:00+00:00,QQ_diff_launch,61564,62798,1,17.294493272488207,17.294493272488207,2.8252547857002144,88.9653432250856,stranded,operational,2024-185N,2025-016P,False
2025-07-05 00:00:00+00:00,QQ_diff_launch,61569,62798,1,16.78173516823526,16.78173516823526,2.7804565327754056,88.95206095918809,stranded,operational,2024-185T,2025-016P,False
2025-07-05 00:00:00+00:00,QQ_diff_launch,61569,63174,1,14.486709270237357,14.486709270237357,12.74415126732575,88.00655709950726,stranded,operational,2024-185T,2025-046R,False
2025-07-05 00:00:00+00:00,QQ_diff_launch,62244,63176,14,6.256620219900863,7.2228528592703345,9.489853192211541,88.64846292169513,operational,operational,2024-232H,2025-046T,True
2025-07-05 00:00:00+00:00,QQ_diff_launch,62245,63168,13,9.274976990799384,11.111064027828016,9.48228020083391,88.63456170408793,operational,operational,2024-232J,2025-046K,False
2025-07-05 00:00:00+00:00,QQ_diff_launch,62247,63160,14,17.76298542896431,18.625398725506308,9.502781774567048,88.60569798759828,operational,operational,2024-232L,2025-046B,True
2025-07-05 00:00:00+00:00,QQ_diff_launch,62250,63174,14,8.33220934732102,9.295899706172607,9.503237250893706,88.69905129334889,operational,operational,2024-232P,2025-046R,True
2025-07-05 00:00:00+00:00,QQ_diff_launch,62255,63173,13,14.685551100883124,14.987075152327883,9.473796467488679,88.62622018545392,operational,operational,2024-232U,2025-046Q,False
2025-07-06 00:00:00+00:00,QQ_diff_launch,60387,61564,1,10.664150311835854,10.664150311835854,13.803862814649106,86.9197055877084,operational,stranded,2024-140J,2024-185N,False
2025-07-06 00:00:00+00:00,QQ_diff_launch,60388,61569,1,19.379962496465282,19.379962496465282,13.84311513089232,87.04896931682792,operational,stranded,2024-140K,2024-185T,False
2025-07-06 00:00:00+00:00,QQ_diff_launch,61563,62248,1,19.29544242054416,19.29544242054416,4.982942702040493,88.9117939993335,operational,operational,2024-185M,2024-232M,False
2025-07-06 00:00:00+00:00,QQ_diff_launch,61569,62242,1,13.75059673850031,13.75059673850031,5.038315193644502,88.93738574299485,stranded,operational,2024-185T,2024-232F,False
2025-07-06 00:00:00+00:00,QQ_diff_launch,61569,62797,1,10.534553540926433,10.534553540926433,2.7752296204028104,88.9590201479059,stranded,operational,2024-185T,2025-016N,False
2025-07-06 00:00:00+00:00,QQ_diff_launch,62244,63176,13,8.405578766381648,9.312239875649926,9.489916940216279,88.64171263647363,operational,operational,2024-232H,2025-046T,False
2025-07-06 00:00:00+00:00,QQ_diff_launch,62245,63168,14,13.254167598527482,15.251691448863276,9.482455075596153,88.6204193189287,operational,operational,2024-232J,2025-046K,True
2025-07-06 00:00:00+00:00,QQ_diff_launch,62246,63167,10,1.1996152916500455,9.808965031229437,9.499020633839539,88.67529703474014,operational,operational,2024-232K,2025-046J,False
2025-07-06 00:00:00+00:00,QQ_diff_launch,62247,63160,3,19.647884226510236,19.786004099180616,9.502898817430152,88.60165039409286,operational,operational,2024-232L,2025-046B,False
2025-07-06 00:00:00+00:00,QQ_diff_launch,62250,63174,13,10.385756819883547,11.288511794487999,9.50335554276232,88.7051593462578,operational,operational,2024-232P,2025-046R,False
2025-07-06 00:00:00+00:00,QQ_diff_launch,62255,63173,14,14.037814595644889,14.340908580712757,9.474044300521225,88.62807819188674,operational,operational,2024-232U,2025-046Q,True
2025-07-07 00:00:00+00:00,QQ_diff_launch,60383,61564,1,19.09045986762048,19.09045986762048,13.80266622680115,87.06827095856832,operational,stranded,2024-140E,2024-185N,False
2025-07-07 00:00:00+00:00,QQ_diff_launch,60387,61569,1,16.74453614894519,16.74453614894519,13.815621843710424,86.70077812133806,operational,stranded,2024-140J,2024-185T,False
2025-07-07 00:00:00+00:00,QQ_diff_launch,60392,61563,4,10.880070242577794,16.018365652998416,13.807709793425751,86.91248576911846,operational,operational,2024-140P,2024-185M,False
2025-07-07 00:00:00+00:00,QQ_diff_launch,61563,62792,2,4.4313722565260125,8.372892953859186,2.824453735141597,88.96506613129515,operational,operational,2024-185M,2025-016H,False
2025-07-07 00:00:00+00:00,QQ_diff_launch,61569,62796,1,9.922812713942406,9.922812713942406,2.770249816963297,88.96742078528604,stranded,operational,2024-185T,2025-016M,False
2025-07-07 00:00:00+00:00,QQ_diff_launch,62244,63176,14,10.343442112122734,11.293006847639088,9.48996811283667,88.63519353240619,operational,operational,2024-232H,2025-046T,True
2025-07-07 00:00:00+00:00,QQ_diff_launch,62245,63168,8,17.598027111702518,18.68647859606424,9.48261301991436,88.6085586697891,operational,operational,2024-232J,2025-046K,False
2025-07-07 00:00:00+00:00,QQ_diff_launch,62246,63167,7,7.161154216316758,12.576035099840071,9.500295951952252,88.62871878671137,operational,operational,2024-232K,2025-046J,False
2025-07-07 00:00:00+00:00,QQ_diff_launch,62250,63174,14,12.32408127336376,13.325294152229219,9.503452235890324,88.7114322150292,operational,operational,2024-232P,2025-046R,True
2025-07-07 00:00:00+00:00,QQ_diff_launch,62255,63173,13,13.453315340170345,13.730308625539568,9.474312276604467,88.6297258322525,operational,operational,2024-232U,2025-046Q,False
2025-07-08 00:00:00+00:00,QQ_diff_launch,60383,61569,1,16.774764627864414,16.774764627864414,13.814529769149017,87.06023978129181,operational,stranded,2024-140E,2024-185T,False
2025-07-08 00:00:00+00:00,QQ_diff_launch,60385,61557,1,7.1935752906030554,7.1935752906030554,14.149807391197143,86.8379939463446,drift,stranded,2024-140G,2024-185F,False
2025-07-08 00:00:00+00:00,QQ_diff_launch,61565,63161,14,9.270150847363547,13.206746334305222,12.709234831098193,87.9479402095624,operational,operational,2024-185P,2025-046C,True
2025-07-08 00:00:00+00:00,QQ_diff_launch,61569,62244,1,13.081458090458085,13.081458090458085,5.031276414669154,88.9371331682059,stranded,operational,2024-185T,2024-232H,False
2025-07-08 00:00:00+00:00,QQ_diff_launch,61569,63176,1,9.388916703955449,9.388916703955449,12.732389339518209,87.88866656056553,stranded,operational,2024-185T,2025-046T,False
2025-07-08 00:00:00+00:00,QQ_diff_launch,62244,63176,13,12.422615571765068,13.290807111354635,9.489983556159704,88.62862885911235,operational,operational,2024-232H,2025-046T,False
2025-07-08 00:00:00+00:00,QQ_diff_launch,62250,63174,13,14.447765800646348,15.387589330106623,9.503514817897326,88.71765560112499,operational,operational,2024-232P,2025-046R,False
2025-07-08 00:00:00+00:00,QQ_diff_launch,62255,63173,14,12.912706855684304,13.18402988034375,9.474568533170181,88.63120497947327,operational,operational,2024-232U,2025-046Q,True
2025-07-09 00:00:00+00:00,QQ_diff_launch,62244,63176,14,14.321689222574554,15.240474535171135,9.48998106246102,88.6222113494322,operational,operational,2024-232H,2025-046T,True
2025-07-09 00:00:00+00:00,QQ_diff_launch,62250,63174,14,16.461794344902387,17.505888469156524,9.503551249083774,88.72408249977107,operational,operational,2024-232P,2025-046R,True
2025-07-09 00:00:00+00:00,QQ_diff_launch,62255,63173,13,12.37552220036382,12.622821357910196,9.474848164274562,88.6326559728748,operational,operational,2024-232U,2025-046Q,False
2025-07-10 00:00:00+00:00,QQ_diff_launch,60393,61569,1,6.931597366603122,6.931597366603122,13.815483644608703,86.82120378652348,operational,stranded,2024-140Q,2024-185T,False
2025-07-10 00:00:00+00:00,QQ_diff_launch,61564,63160,1,17.185556016569524,17.185556016569524,12.717762511182478,87.98017043676106,stranded,operational,2024-185N,2025-046B,False
2025-07-10 00:00:00+00:00,QQ_diff_launch,61569,62255,1,12.479648945520813,12.479648945520813,5.069555638731747,88.921483434799,stranded,operational,2024-185T,2024-232U,False
2025-07-10 00:00:00+00:00,QQ_diff_launch,62244,63176,15,16.295412625939527,17.255440018444983,9.489952967921418,88.61643519234296,operational,operational,2024-232H,2025-046T,True
2025-07-10 00:00:00+00:00,QQ_diff_launch,62247,63160,13,6.809871261595216,12.685388839247977,9.504500350949474,88.62891891095842,operational,operational,2024-232L,2025-046B,False
2025-07-10 00:00:00+00:00,QQ_diff_launch,62250,63174,9,18.674652354379475,19.32774821233419,9.503555250874609,88.72950942213629,operational,operational,2024-232P,2025-046R,False
2025-07-10 00:00:00+00:00,QQ_diff_launch,62255,63173,14,11.89442270575611,12.136519694451604,9.475123274492173,88.63389085607287,operational,operational,2024-232U,2025-046Q,True
2025-07-10 00:00:00+00:00,QQ_same_launch,61552,61553,1,17.693538941137025,17.693538941137025,0.022795423178910416,76.074939596095,stranded,stranded,2024-185A,2024-185B,False
2025-07-10 00:00:00+00:00,QQ_same_launch,61554,61561,1,18.257010619436358,18.257010619436358,0.009939434772085684,85.49325721656926,stranded,stranded,2024-185C,2024-185K,False
2025-07-11 00:00:00+00:00,QQ_diff_launch,60390,61569,1,12.083916728693668,12.083916728693668,13.812539936887296,87.00894692670141,operational,stranded,2024-140M,2024-185T,False
2025-07-11 00:00:00+00:00,QQ_diff_launch,60395,61564,1,19.94262294123827,19.94262294123827,13.798808004772702,86.73286582929344,operational,stranded,2024-140S,2024-185N,False
2025-07-11 00:00:00+00:00,QQ_diff_launch,61560,62243,1,15.517498675884383,15.517498675884383,5.087400158035722,88.89969294087221,stranded,stranded,2024-185J,2024-232G,False
2025-07-11 00:00:00+00:00,QQ_diff_launch,61563,62245,1,17.848543054862677,17.848543054862677,5.009378093097116,88.90310405202563,operational,operational,2024-185M,2024-232J,False
2025-07-11 00:00:00+00:00,QQ_diff_launch,61563,63168,4,8.979729952993909,13.939541979162502,12.71699298516801,87.91933120997491,operational,operational,2024-185M,2025-046K,False
2025-07-11 00:00:00+00:00,QQ_diff_launch,61569,62245,1,14.421992322804028,14.421992322804028,5.052342101132632,88.89979397206586,stranded,operational,2024-185T,2024-232J,False
2025-07-11 00:00:00+00:00,QQ_diff_launch,62244,63176,27,17.46453359183702,18.792854163637585,9.489917571237289,88.61274263640522,operational,operational,2024-232H,2025-046T,True
2025-07-11 00:00:00+00:00,QQ_diff_launch,62247,63160,14,5.783248232978671,7.160580097839797,9.505215599788395,88.66906667122163,operational,operational,2024-232L,2025-046B,True
2025-07-11 00:00:00+00:00,QQ_diff_launch,62255,63173,13,11.40837130480964,11.62352782678502,9.47541324933396,88.63521390421539,operational,operational,2024-232U,2025-046Q,False
2025-07-11 00:00:00+00:00,QQ_same_launch,61553,61558,1,17.63366032510159,17.63366032510159,0.017477554092309062,58.37006784451813,stranded,stranded,2024-185B,2024-185G,False
2025-07-12 00:00:00+00:00,QQ_diff_launch,60392,61569,1,12.562079908236486,12.562079908236486,13.814242255239296,86.74361067630637,operational,stranded,2024-140P,2024-185T,False
2025-07-12 00:00:00+00:00,QQ_diff_launch,61563,62794,2,3.9579424320122163,7.382697335420266,2.8169277579360825,88.9647490040783,operational,operational,2024-185M,2025-016K,False
2025-07-12 00:00:00+00:00,QQ_diff_launch,61564,62253,1,18.252778089412626,18.252778089412626,5.0057220892856975,88.89874427283804,stranded,operational,2024-185N,2024-232S,False
2025-07-12 00:00:00+00:00,QQ_diff_launch,61565,62790,4,7.535470181412941,12.304492422243529,2.8194465278876475,88.9610165054833,operational,operational,2024-185P,2025-016F,False
2025-07-12 00:00:00+00:00,QQ_diff_launch,61569,62792,1,14.60537804481408,14.60537804481408,2.7829832219040265,88.95502446145389,stranded,operational,2024-185T,2025-016H,False
2025-07-12 00:00:00+00:00,QQ_diff_launch,62244,63176,15,15.086182650162941,16.24294720954409,9.492546896457256,88.71722092185678,operational,operational,2024-232H,2025-046T,True
2025-07-12 00:00:00+00:00,QQ_diff_launch,62247,63160,6,16.70515051176354,18.18259832030596,9.506053840461544,88.6123209880109,operational,operational,2024-232L,2025-046B,False
2025-07-12 00:00:00+00:00,QQ_diff_launch,62255,63173,14,14.728166740630048,15.917502944983056,9.475717336328938,88.61956535470563,operational,operational,2024-232U,2025-046Q,True
2025-07-13 00:00:00+00:00,QQ_diff_launch,60380,61564,1,12.549347894789463,12.549347894789463,13.808784367892775,86.96232329275757,operational,stranded,2024-140B,2024-185N,False
2025-07-13 00:00:00+00:00,QQ_diff_launch,60389,61564,1,11.303391179052193,11.303391179052193,13.800671187303601,86.96475266233125,operational,stranded,2024-140L,2024-185N,False
2025-07-13 00:00:00+00:00,QQ_diff_launch,60390,61563,5,11.16790548841837,18.33044640722419,13.810115510367092,86.95152251362342,operational,operational,2024-140M,2024-185M,False
2025-07-13 00:00:00+00:00,QQ_diff_launch,60394,61569,1,17.485409706853748,17.485409706853748,13.811179805319432,86.69718255591526,operational,stranded,2024-140R,2024-185T,False
2025-07-13 00:00:00+00:00,QQ_diff_launch,61565,62790,3,5.972478572375235,8.607617067586048,2.8070471226298954,88.96761321948472,operational,operational,2024-185P,2025-016F,False
2025-07-13 00:00:00+00:00,QQ_diff_launch,62244,63176,13,13.136316575502493,14.032602997198165,9.492901323944572,88.70889792474112,operational,operational,2024-232H,2025-046T,False
2025-07-13 00:00:00+00:00,QQ_diff_launch,62255,63173,13,17.32897778589488,18.48079417793696,9.476034198408838,88.61033286415689,operational,operational,2024-232U,2025-046Q,False
2025-07-13 00:00:00+00:00,QQ_same_launch,61557,61561,1,15.785505359681778,15.785505359681778,0.01980950197991922,80.46727526040118,stranded,stranded,2024-185F,2024-185K,False
2025-07-14 00:00:00+00:00,QQ_diff_launch,60389,61565,3,15.847895939058937,17.46482924893006,13.812657703576447,87.02522748006925,operational,operational,2024-140L,2024-185P,False
2025-07-14 00:00:00+00:00,QQ_diff_launch,60391,61564,1,19.738317168930532,19.738317168930532,13.796889722004721,87.09909608555365,operational,stranded,2024-140N,2024-185N,False
2025-07-14 00:00:00+00:00,QQ_diff_launch,60395,61569,1,2.6909417207133104,2.6909417207133104,13.810412537386801,86.91511645408472,operational,stranded,2024-140S,2024-185T,False
2025-07-14 00:00:00+00:00,QQ_diff_launch,61564,62239,1,14.8732863936877,14.8732863936877,4.989864529785876,88.93620185456899,stranded,operational,2024-185N,2024-232C,False
2025-07-14 00:00:00+00:00,QQ_diff_launch,61564,63162,1,16.28007656717993,16.28007656717993,12.702855934238569,87.92863938063066,stranded,operational,2024-185N,2025-046D,False
2025-07-14 00:00:00+00:00,QQ_diff_launch,61569,63160,1,12.42791758393998,12.42791758393998,12.733428265648016,87.8864021746323,stranded,operational,2024-185T,2025-046B,False
2025-07-14 00:00:00+00:00,QQ_diff_launch,62244,63176,14,11.264837907968909,12.07970108905149,9.493261490798115,88.6998648821074,operational,operational,2024-232H,2025-046T,True
2025-07-14 00:00:00+00:00,QQ_diff_launch,62255,63173,1,19.855698639964686,19.855698639964686,9.476199664889755,88.60544522430008,operational,operational,2024-232U,2025-046Q,False
2025-07-15 00:00:00+00:00,QQ_diff_launch,60385,62240,1,10.820029460863553,10.820029460863553,11.653443616147639,88.31762962903126,drift,stranded,2024-140G,2024-232D,False
2025-07-15 00:00:00+00:00,QQ_diff_launch,60389,61565,13,14.227147502586801,16.533977631240546,13.790761300339488,86.8883213277862,operational,operational,2024-140L,2024-185P,False
2025-07-15 00:00:00+00:00,QQ_diff_launch,61569,62789,1,12.411733020846775,12.411733020846775,2.7815112244642606,88.96735744857038,stranded,operational,2024-185T,2025-016E,False
2025-07-15 00:00:00+00:00,QQ_diff_launch,62244,63176,13,10.020555232677905,10.528818242933623,9.493630961644895,88.69053278312612,operational,operational,2024-232H,2025-046T,False
2025-07-16 00:00:00+00:00,QQ_diff_launch,60381,61569,1,9.19109320022441,9.19109320022441,13.815089433868124,86.9767619952449,operational,stranded,2024-140C,2024-185T,False
2025-07-16 00:00:00+00:00,QQ_diff_launch,61563,62255,2,12.032335752343467,12.410450214235961,5.024641997433232,88.93309383234133,operational,operational,2024-185M,2024-232U,False
2025-07-16 00:00:00+00:00,QQ_diff_launch,61563,63173,4,9.386431103562549,11.27359955937068,12.71822637651238,87.91962107186467,operational,operational,2024-185M,2025-046Q,False
2025-07-16 00:00:00+00:00,QQ_diff_launch,61569,63175,1,12.577805832241589,12.577805832241589,12.726633674381173,87.86946421965763,stranded,operational,2024-185T,2025-046S,False
2025-07-16 00:00:00+00:00,QQ_diff_launch,62244,63176,14,9.450261169890485,9.586459136171197,9.494049801409986,88.68079538658596,operational,operational,2024-232H,2025-046T,True
2025-07-17 00:00:00+00:00,QQ_diff_launch,60389,61569,1,11.583591018613772,11.583591018613772,13.811947233223995,87.00460405276857,operational,stranded,2024-140L,2024-185T,False
2025-07-17 00:00:00+00:00,QQ_diff_launch,62244,63176,13,9.43066472286135,9.5406119222259,9.494478604984119,88.67069977273923,operational,operational,2024-232H,2025-046T,False
2025-07-17 00:00:00+00:00,QQ_same_launch,61554,61560,1,11.04558788472097,11.04558788472097,0.0022522417046456277,30.18980668802418,stranded,stranded,2024-185C,2024-185J,False
2025-07-18 00:00:00+00:00,QQ_diff_launch,60393,61563,4,11.183749732841255,16.0646566717672,13.81403177845891,86.90955419767295,operational,operational,2024-140Q,2024-185M,False
2025-07-18 00:00:00+00:00,QQ_diff_launch,61563,62787,3,8.208739427533096,15.569124699496195,2.827786412933037,88.96180838508288,operational,operational,2024-185M,2025-016C,False
2025-07-18 00:00:00+00:00,QQ_diff_launch,61564,63170,1,19.88629515822442,19.88629515822442,12.7052149738009,87.88075710777926,stranded,operational,2024-185N,2025-046M,False
2025-07-18 00:00:00+00:00,QQ_diff_launch,62244,63176,14,9.900688013621176,10.484187833918686,9.494935921302172,88.65990126748133,operational,operational,2024-232H,2025-046T,True
2025-07-18 00:00:00+00:00,QQ_diff_launch,62247,63160,15,13.367961662875048,17.115154497904804,9.499365729306565,88.6240479675974,operational,operational,2024-232L,2025-046B,True
2025-07-19 00:00:00+00:00,QQ_diff_launch,60379,61564,1,12.43175233036127,12.43175233036127,13.805437802928491,86.79657339215085,operational,stranded,2024-140A,2024-185N,False
2025-07-19 00:00:00+00:00,QQ_diff_launch,60391,61569,1,9.495678463719834,9.495678463719834,13.808253304168593,86.99182590628386,operational,stranded,2024-140N,2024-185T,False
2025-07-19 00:00:00+00:00,QQ_diff_launch,62244,63176,13,11.37674365989175,12.259244555303676,9.495403544242704,88.64891307118293,operational,operational,2024-232H,2025-046T,False
2025-07-20 00:00:00+00:00,QQ_diff_launch,62244,63176,14,13.422175735146425,14.614043997352681,9.49588719563986,88.63743005666537,operational,operational,2024-232H,2025-046T,True
2025-07-21 00:00:00+00:00,QQ_diff_launch,60396,61569,1,4.985661555042982,4.985661555042982,13.827128695276953,86.90245572688143,operational,stranded,2024-140T,2024-185T,False
2025-07-21 00:00:00+00:00,QQ_diff_launch,61564,62244,1,10.294162311594844,10.294162311594844,4.9860120975551725,88.92819074970194,stranded,operational,2024-185N,2024-232H,False
2025-07-21 00:00:00+00:00,QQ_diff_launch,62238,63171,11,17.677680524640806,18.834209727580234,9.519593023251202,88.60401966082972,operational,operational,2024-232B,2025-046N,False
2025-07-21 00:00:00+00:00,QQ_diff_launch,62244,63176,13,16.104071286225526,17.350407692945897,9.496384196579159,88.62561674298307,operational,operational,2024-232H,2025-046T,False
2025-07-22 00:00:00+00:00,QQ_diff_launch,61561,62240,1,15.67257250528387,15.67257250528387,5.086588169680836,88.94144034412547,stranded,stranded,2024-185K,2024-232D,False
2025-07-22 00:00:00+00:00,QQ_diff_launch,61563,62241,2,14.352216129478126,16.939524475254807,5.037778554738642,88.91754847807027,operational,operational,2024-185M,2024-232E,False
2025-07-22 00:00:00+00:00,QQ_diff_launch,61563,63159,4,8.197344213202499,9.591919297413039,12.710287728103854,87.96221776376083,operational,operational,2024-185M,2025-046A,False
2025-07-22 00:00:00+00:00,QQ_diff_launch,62238,63171,14,14.46427654277475,15.955327509400593,9.519975268573509,88.61402076864843,operational,operational,2024-232B,2025-046N,True
2025-07-22 00:00:00+00:00,QQ_diff_launch,62244,63176,5,18.891630666920225,19.337259876934557,9.496734297445999,88.61740226908098,operational,operational,2024-232H,2025-046T,False
2025-07-22 00:00:00+00:00,QQ_same_launch,61557,61560,1,14.240471624563114,14.240471624563114,0.01806057129872786,67.39367144595877,stranded,stranded,2024-185F,2024-185J,False
2025-07-23 00:00:00+00:00,QQ_diff_launch,60382,61569,1,16.753226338565554,16.753226338565554,13.818089186285478,86.68854008425299,operational,stranded,2024-140D,2024-185T,False
2025-07-23 00:00:00+00:00,QQ_diff_launch,61563,62793,3,2.0418885869961936,18.19440386544009,2.823226405278652,88.96291099697689,operational,operational,2024-185M,2025-016J,False
2025-07-23 00:00:00+00:00,QQ_diff_launch,62238,63171,13,11.624894766271092,12.981925933073263,9.520375381725861,88.62424834637842,operational,operational,2024-232B,2025-046N,False
2025-07-24 00:00:00+00:00,QQ_diff_launch,60383,61563,3,13.0081680800838,16.650546218271938,13.810722106983112,86.92687825733552,operational,operational,2024-140E,2024-185M,False
2025-07-24 00:00:00+00:00,QQ_diff_launch,60384,61569,1,4.61859834069684,4.61859834069684,13.823545371649027,86.89057900503211,operational,stranded,2024-140F,2024-185T,False
2025-07-24 00:00:00+00:00,QQ_diff_launch,61569,62785,1,14.62415938152877,14.62415938152877,2.79627097182841,88.9590273754009,stranded,operational,2024-185T,2025-016A,False
2025-07-24 00:00:00+00:00,QQ_diff_launch,62238,63171,14,8.587491754599153,9.990423729768295,9.520784014885564,88.6346049238233,operational,operational,2024-232B,2025-046N,True
2025-07-24 00:00:00+00:00,QQ_same_launch,61557,61568,1,16.62362549308478,16.62362549308478,0.02424727772101829,72.76630976387443,stranded,stranded,2024-185F,2024-185S,False
2025-07-25 00:00:00+00:00,QQ_diff_launch,60394,61564,1,9.508874905121825,9.508874905121825,13.798247896958413,86.92120718683691,operational,stranded,2024-140R,2024-185N,False
2025-07-25 00:00:00+00:00,QQ_diff_launch,60395,61564,1,10.267538410555497,10.267538410555497,13.796716722698191,86.88807724019121,operational,stranded,2024-140S,2024-185N,False
2025-07-25 00:00:00+00:00,QQ_diff_launch,61564,62247,1,13.850424978439982,13.850424978439982,4.980830859377989,88.90832554130984,stranded,operational,2024-185N,2024-232L,False
2025-07-25 00:00:00+00:00,QQ_diff_launch,62238,63171,13,5.874817039830394,7.106912510841916,9.521177888013405,88.64458878209646,operational,operational,2024-232B,2025-046N,False
2025-07-25 00:00:00+00:00,QQ_same_launch,61558,61567,1,12.206364307952985,12.206364307952985,0.017812360885419754,87.15488615468988,stranded,stranded,2024-185G,2024-185R,False
2025-07-26 00:00:00+00:00,QQ_diff_launch,60381,61564,1,16.978678194311883,16.978678194311883,13.801046638489373,86.7656100617882,operational,stranded,2024-140C,2024-185N,False
2025-07-26 00:00:00+00:00,QQ_diff_launch,60385,61554,1,17.492469632287897,17.492469632287897,14.087659473195002,86.80034522860606,drift,stranded,2024-140G,2024-185C,False
2025-07-26 00:00:00+00:00,QQ_diff_launch,61554,62243,1,8.849729979607813,8.849729979607813,5.098607094444326,88.90413096373487,stranded,stranded,2024-185C,2024-232G,False
2025-07-26 00:00:00+00:00,QQ_diff_launch,61569,62799,1,18.20267759237581,18.20267759237581,2.7599708448588824,88.95990471563238,stranded,operational,2024-185T,2025-016Q,False
2025-07-26 00:00:00+00:00,QQ_diff_launch,62238,63171,14,3.2780041675862015,4.41075193384736,9.521562747090034,88.6543461897087,operational,operational,2024-232B,2025-046N,True
2025-07-27 00:00:00+00:00,QQ_diff_launch,60385,62243,1,13.887651744417536,13.887651744417536,11.645147506894887,88.43789638210647,drift,stranded,2024-140G,2024-232G,False
2025-07-27 00:00:00+00:00,QQ_diff_launch,61563,62244,1,11.349712491025361,11.349712491025361,4.985562340632277,88.9221723603445,operational,operational,2024-185M,2024-232H,False
2025-07-27 00:00:00+00:00,QQ_diff_launch,61563,63176,5,4.526851365348139,13.487434722241108,12.688479405793009,87.9457248557715,operational,operational,2024-185M,2025-046T,False
2025-07-27 00:00:00+00:00,QQ_diff_launch,61565,62253,6,14.789190481993987,17.29740092980364,5.0092674736686895,88.92195662357497,operational,operational,2024-185P,2024-232S,False
2025-07-27 00:00:00+00:00,QQ_diff_launch,61565,63175,2,14.605253255548366,16.91899239212294,12.692095440790865,88.05176928013005,operational,operational,2024-185P,2025-046S,False
2025-07-27 00:00:00+00:00,QQ_diff_launch,62238,63171,13,2.1283357764558497,2.419541213011711,9.521948503226792,88.66331538068991,operational,operational,2024-232B,2025-046N,False
2025-07-28 00:00:00+00:00,QQ_diff_launch,61563,62796,2,6.929271238037296,9.261938377451585,2.8137900458227287,88.96362668017053,operational,operational,2024-185M,2025-016M,False
2025-07-28 00:00:00+00:00,QQ_diff_launch,61565,63175,15,2.319427252647614,10.149183418297158,12.740919989383476,87.9331496613157,operational,operational,2024-185P,2025-046S,True
2025-07-28 00:00:00+00:00,QQ_diff_launch,61567,63163,1,18.730520423593532,18.730520423593532,12.862398395449022,87.97249989810867,stranded,stranded,2024-185R,2025-046E,False
2025-07-28 00:00:00+00:00,QQ_diff_launch,61569,62242,1,12.22973455420579,12.22973455420579,5.031519773439427,88.93292054075123,stranded,operational,2024-185T,2024-232F,False
2025-07-28 00:00:00+00:00,QQ_diff_launch,61569,62797,1,19.657188534579138,19.657188534579138,2.778280603290093,88.96802901587512,stranded,operational,2024-185T,2025-016N,False
2025-07-28 00:00:00+00:00,QQ_diff_launch,62238,63171,14,2.1243746415289073,2.614720386926418,9.522346582217745,88.672164640463,operational,operational,2024-232B,2025-046N,True
2025-07-29 00:00:00+00:00,QQ_diff_launch,60387,61563,4,11.780986160465625,15.459675411281241,13.811359584191315,86.88970671926636,operational,operational,2024-140J,2024-185M,False
2025-07-29 00:00:00+00:00,QQ_diff_launch,60387,61569,1,10.593071467565846,10.593071467565846,13.810864848093924,86.77276064821383,operational,stranded,2024-140J,2024-185T,False
2025-07-29 00:00:00+00:00,QQ_diff_launch,60396,61564,1,17.525064839693673,17.525064839693673,13.812334304395794,86.764741323302,operational,stranded,2024-140T,2024-185N,False
2025-07-29 00:00:00+00:00,QQ_diff_launch,61569,63176,1,18.46825264404623,18.46825264404623,12.720655942381626,87.8697736688794,stranded,operational,2024-185T,2025-046T,False
2025-07-29 00:00:00+00:00,QQ_diff_launch,62238,63171,13,3.638387165808281,4.619164597574023,9.522708468057868,88.68055012354701,operational,operational,2024-232B,2025-046N,False
2025-07-29 00:00:00+00:00,QQ_same_launch,61554,61561,1,13.662012000032906,13.662012000032906,0.004150313161793905,9.75382927209669,stranded,stranded,2024-185C,2024-185K,False
2025-07-30 00:00:00+00:00,QQ_diff_launch,60383,61569,1,17.156933134658143,17.156933134658143,13.812338260249756,87.06668178173638,operational,stranded,2024-140E,2024-185T,False
2025-07-30 00:00:00+00:00,QQ_diff_launch,62238,63171,14,5.827771664792152,6.948612764174434,9.523083770885368,88.68862392058651,operational,operational,2024-232B,2025-046N,True
2025-07-31 00:00:00+00:00,QQ_diff_launch,60393,61569,1,7.336201810845438,7.336201810845438,13.810183687767767,86.9107765575053,operational,stranded,2024-140Q,2024-185T,False
2025-07-31 00:00:00+00:00,QQ_diff_launch,61564,62249,1,16.419611637265938,16.419611637265938,4.986754386651529,88.90364051189154,stranded,operational,2024-185N,2024-232N,False
2025-07-31 00:00:00+00:00,QQ_diff_launch,61569,62241,1,7.626103714579617,7.626103714579617,5.07980574339949,88.92667709736503,stranded,operational,2024-185T,2024-232E,False
2025-07-31 00:00:00+00:00,QQ_diff_launch,62238,63171,27,8.204658593438296,17.368796756156378,9.49495026667748,88.6111397503978,operational,operational,2024-232B,2025-046N,True
2025-08-01 00:00:00+00:00,QQ_diff_launch,61563,62242,1,10.57255567529875,10.57255567529875,4.993007282730664,88.93107270641683,operational,operational,2024-185M,2024-232F,False
2025-08-01 00:00:00+00:00,QQ_diff_launch,61564,62252,1,15.851547951890876,15.851547951890876,4.983781226293693,88.93000982316725,stranded,operational,2024-185N,2024-232R,False
2025-08-01 00:00:00+00:00,QQ_diff_launch,61569,62787,1,14.255071831046362,14.255071831046362,2.785722573198548,88.95733941656788,stranded,operational,2024-185T,2025-016C,False
2025-08-01 00:00:00+00:00,QQ_diff_launch,62238,63171,27,10.319502255891411,12.402241449044833,9.523641187274006,88.69960896162307,operational,operational,2024-232B,2025-046N,True
2025-08-02 00:00:00+00:00,QQ_diff_launch,60379,61564,1,19.526652375382636,19.526652375382636,13.802745278284505,87.08947033052871,operational,stranded,2024-140A,2024-185N,False
2025-08-02 00:00:00+00:00,QQ_diff_launch,60390,61569,1,12.564201649544248,12.564201649544248,13.808684537633047,87.00641630773775,operational,stranded,2024-140M,2024-185T,False
2025-08-02 00:00:00+00:00,QQ_diff_launch,61563,63164,4,5.097265836086996,9.894080814692867,12.71225960648388,87.96883206812824,operational,operational,2024-185M,2025-046F,False
2025-08-02 00:00:00+00:00,QQ_diff_launch,61565,62795,8,4.890607541371274,10.898474299313907,2.809501599736759,88.96421361439722,operational,operational,2024-185P,2025-016L,False
2025-08-02 00:00:00+00:00,QQ_diff_launch,61569,63168,1,16.20511837856175,16.20511837856175,12.772164395212586,87.93215066633776,stranded,operational,2024-185T,2025-046K,False
2025-08-02 00:00:00+00:00,QQ_diff_launch,62238,63171,27,12.498034846417825,13.556523322418975,9.49450325978145,88.62958691047767,operational,operational,2024-232B,2025-046N,True
2025-08-03 00:00:00+00:00,QQ_diff_launch,60381,61565,16,11.966072242294125,14.88777074632964,13.787949726100962,86.940675559727,operational,operational,2024-140C,2024-185P,True
2025-08-03 00:00:00+00:00,QQ_diff_launch,60385,61557,1,11.590840580546349,11.590840580546349,14.098258914080695,86.62979729471732,drift,stranded,2024-140G,2024-185F,False
2025-08-03 00:00:00+00:00,QQ_diff_launch,60388,61563,3,10.64357426596654,14.198669451494549,13.806479349542494,87.0170896874931,operational,operational,2024-140K,2024-185M,False
2025-08-03 00:00:00+00:00,QQ_diff_launch,60392,61569,1,17.934867153122873,17.934867153122873,13.809910331260319,86.6858087719144,operational,stranded,2024-140P,2024-185T,False
2025-08-03 00:00:00+00:00,QQ_diff_launch,61563,62797,2,5.90292116175384,11.327920601710403,2.8188959802489464,88.96429045895778,operational,operational,2024-185M,2025-016N,False
2025-08-03 00:00:00+00:00,QQ_diff_launch,61569,62792,1,14.979312636594155,14.979312636594155,2.776677633612852,88.95634793202,stranded,operational,2024-185T,2025-016H,False
2025-08-03 00:00:00+00:00,QQ_diff_launch,62238,63171,27,10.333897818061729,14.488723331990757,9.524331834221497,88.71270612276078,operational,operational,2024-232B,2025-046N,True
2025-08-04 00:00:00+00:00,QQ_diff_launch,60381,61565,3,14.069113958788472,15.949954768291187,13.823166708182203,86.78861388304956,operational,operational,2024-140C,2024-185P,False
2025-08-04 00:00:00+00:00,QQ_diff_launch,60388,61563,3,3.6576871336127024,9.62771233029559,13.845130510362063,86.76168391959581,operational,operational,2024-140K,2024-185M,False
2025-08-04 00:00:00+00:00,QQ_diff_launch,60394,61569,1,19.31378142399229,19.31378142399229,13.807285852347693,86.68056114953794,operational,stranded,2024-140R,2024-185T,False
2025-08-04 00:00:00+00:00,QQ_diff_launch,62238,63171,27,8.346088646084173,10.205452101596114,9.494068402797808,88.6476546229203,operational,operational,2024-232B,2025-046N,True
2025-08-05 00:00:00+00:00,QQ_diff_launch,60395,61569,1,9.007582991642911,9.007582991642911,13.804870748456281,86.82283261836899,operational,stranded,2024-140S,2024-185T,False
2025-08-05 00:00:00+00:00,QQ_diff_launch,62238,63171,26,6.995894336632784,13.252333250366817,9.509433041451935,88.69021475482283,operational,operational,2024-232B,2025-046N,True
2025-08-06 00:00:00+00:00,QQ_diff_launch,60393,61564,1,17.955136927204514,17.955136927204514,13.7971065653637,86.8781112484361,operational,stranded,2024-140Q,2024-185N,False
2025-08-06 00:00:00+00:00,QQ_diff_launch,62238,63171,14,6.392842668237031,6.547953734832252,9.493590335599075,88.66069698454723,operational,operational,2024-232B,2025-046N,True
2025-08-07 00:00:00+00:00,QQ_diff_launch,60381,61569,1,10.063662326998852,10.063662326998852,13.808910904185744,86.93409562058177,operational,stranded,2024-140C,2024-185T,False
2025-08-07 00:00:00+00:00,QQ_diff_launch,60392,61564,1,19.325968425715867,19.325968425715867,13.796900251933092,86.77637932520412,operational,stranded,2024-140P,2024-185N,False
2025-08-07 00:00:00+00:00,QQ_diff_launch,61563,62250,2,4.796290091444624,8.460054278325048,4.9822822242807465,88.92200057123044,operational,operational,2024-185M,2024-232P,False
2025-08-07 00:00:00+00:00,QQ_diff_launch,61563,63174,4,7.728907669918245,9.087959955980478,12.721095368837446,87.9262575430577,operational,operational,2024-185M,2025-046R,False
2025-08-07 00:00:00+00:00,QQ_diff_launch,61564,62245,1,17.93477334719702,17.93477334719702,5.001358296425474,88.91793570816674,stranded,operational,2024-185N,2024-232J,False
2025-08-07 00:00:00+00:00,QQ_diff_launch,62238,63171,13,6.36551862183194,6.472339601266706,9.493412674965512,88.66926611117225,operational,operational,2024-232B,2025-046N,False
2025-08-07 00:00:00+00:00,QQ_same_launch,61554,61560,1,15.802084246775612,15.802084246775612,0.007235417873640465,1.371430698553521,stranded,stranded,2024-185C,2024-185J,False
2025-08-08 00:00:00+00:00,QQ_diff_launch,60389,61569,1,14.207866890005418,14.207866890005418,13.805384182603442,86.99087432724626,operational,stranded,2024-140L,2024-185T,False
2025-08-08 00:00:00+00:00,QQ_diff_launch,61563,62798,2,9.799669599018124,9.95412429060336,2.8245220492646093,88.96376770775115,operational,operational,2024-185M,2025-016P,False
2025-08-08 00:00:00+00:00,QQ_diff_launch,62238,63171,14,6.827970526972568,7.381032775733588,9.493240854800835,88.67785213345776,operational,operational,2024-232B,2025-046N,True
2025-08-09 00:00:00+00:00,QQ_diff_launch,60379,61563,5,8.025937698844224,15.81452284400954,13.813335679875129,86.87157331124345,operational,operational,2024-140A,2024-185M,False
2025-08-09 00:00:00+00:00,QQ_diff_launch,62238,63171,13,8.172634138701723,8.925830971009573,9.493095334847231,88.68603878670896,operational,operational,2024-232B,2025-046N,False
2025-08-10 00:00:00+00:00,QQ_diff_launch,60391,61569,1,13.464114852626336,13.464114852626336,13.802789700375566,86.99126909784769,operational,stranded,2024-140N,2024-185T,False
2025-08-10 00:00:00+00:00,QQ_diff_launch,62238,63171,14,9.87747075562991,10.814761128075862,9.492959682325365,88.69406582285764,operational,operational,2024-232B,2025-046N,True
2025-08-10 00:00:00+00:00,QQ_same_launch,61560,61568,3,1.767940664182988,4.640271107666607,0.007695434647811566,70.18399628968264,stranded,stranded,2024-185J,2024-185S,False
2025-08-11 00:00:00+00:00,QQ_diff_launch,60396,61569,1,14.518689724112702,14.518689724112702,13.81836706161176,86.9059062841861,operational,stranded,2024-140T,2024-185T,False
2025-08-11 00:00:00+00:00,QQ_diff_launch,61568,62240,1,11.853981258158267,11.853981258158267,5.09375960295541,88.93376732647305,stranded,stranded,2024-185S,2024-232D,False
2025-08-11 00:00:00+00:00,QQ_diff_launch,61569,63165,1,15.266448537061365,15.266448537061365,12.762743111628037,88.00064231644332,stranded,operational,2024-185T,2025-046G,False
2025-08-11 00:00:00+00:00,QQ_diff_launch,62238,63171,13,11.968268718413922,12.885340368941208,9.492857804036223,88.70205299807047,operational,operational,2024-232B,2025-046N,False
2025-08-12 00:00:00+00:00,QQ_diff_launch,61563,62238,3,13.87257073662427,17.000569124111628,4.962331216163263,88.90086754770455,operational,operational,2024-185M,2024-232B,False
2025-08-12 00:00:00+00:00,QQ_diff_launch,61563,63171,5,3.03834355288026,15.374722690483797,12.691278320196341,87.95112652757783,operational,operational,2024-185M,2025-046N,False
2025-08-12 00:00:00+00:00,QQ_diff_launch,61569,62800,1,19.85123786378573,19.85123786378573,2.7794107012239744,88.9455081572596,stranded,operational,2024-185T,2025-016R,False
2025-08-12 00:00:00+00:00,QQ_diff_launch,61569,63167,1,9.634633094666086,9.634633094666086,12.777170952379828,87.9225165301281,stranded,operational,2024-185T,2025-046J,False
2025-08-12 00:00:00+00:00,QQ_diff_launch,62238,63171,14,13.968535327241892,14.988481244790835,9.492745382878775,88.70965248117676,operational,operational,2024-232B,2025-046N,True
2025-08-13 00:00:00+00:00,QQ_diff_launch,61563,62799,1,4.520335724967791,4.520335724967791,2.814175429975133,88.95759560471316,operational,operational,2024-185M,2025-016Q,False
2025-08-13 00:00:00+00:00,QQ_diff_launch,61564,63167,1,18.41614397655847,18.41614397655847,12.757644582272235,87.89199329727415,stranded,operational,2024-185N,2025-046J,False
2025-08-13 00:00:00+00:00,QQ_diff_launch,61569,62801,1,10.528886503534862,10.528886503534862,2.7777477159938906,88.96102839420612,stranded,operational,2024-185T,2025-016S,False
2025-08-13 00:00:00+00:00,QQ_diff_launch,62238,63171,13,16.144438401607218,17.083770991643995,9.492642841227342,88.71681368636568,operational,operational,2024-232B,2025-046N,False
2025-08-14 00:00:00+00:00,QQ_diff_launch,60382,61569,1,15.458506213019497,15.458506213019497,13.810083722194928,86.83554778729486,operational,stranded,2024-140D,2024-185T,False
2025-08-14 00:00:00+00:00,QQ_diff_launch,61563,62799,1,13.583629907980804,13.583629907980804,2.8084509158945496,88.95325828321008,operational,operational,2024-185M,2025-016Q,False
2025-08-14 00:00:00+00:00,QQ_diff_launch,61569,62249,1,18.843657794674915,18.843657794674915,5.02263922132073,88.89832131835705,stranded,operational,2024-185T,2024-232N,False
2025-08-14 00:00:00+00:00,QQ_diff_launch,61569,62802,1,16.89417121744369,16.89417121744369,2.780592701429117,88.94834561861171,stranded,operational,2024-185T,2025-016T,False
2025-08-14 00:00:00+00:00,QQ_diff_launch,61569,63172,1,15.008686815315665,15.008686815315665,12.77991099324781,87.97977973817773,stranded,operational,2024-185T,2025-046P,False
2025-08-14 00:00:00+00:00,QQ_diff_launch,62238,63171,13,18.137987316043414,19.06684497698777,9.492573970538473,88.72340830087548,operational,operational,2024-232B,2025-046N,False
2025-08-15 00:00:00+00:00,QQ_diff_launch,60385,61554,1,19.480787215717392,19.480787215717392,14.08813931905304,86.94593814022835,drift,stranded,2024-140G,2024-185C,False
2025-08-15 00:00:00+00:00,QQ_diff_launch,61564,62802,1,19.020506670564757,19.020506670564757,2.8273068907609633,88.95775211322216,stranded,operational,2024-185N,2025-016T,False
2025-08-15 00:00:00+00:00,QQ_diff_launch,61569,63170,1,15.837380666555033,15.837380666555033,12.766135753942658,88.0196021329004,stranded,operational,2024-185T,2025-046M,False
2025-08-15 00:00:00+00:00,QQ_same_launch,61553,61558,1,16.733265568183782,16.733265568183782,0.017070701040021088,54.768881941570264,stranded,stranded,2024-185B,2024-185G,False
2025-08-16 00:00:00+00:00,QQ_diff_launch,61564,63169,1,13.985378054952974,13.985378054952974,12.719231615219732,88.01859672724952,stranded,stranded,2024-185N,2025-046L,False
2025-08-16 00:00:00+00:00,QQ_diff_launch,61564,63170,1,15.895984003301631,15.895984003301631,12.74645867671851,87.9450968695368,stranded,operational,2024-185N,2025-046M,False
2025-08-16 00:00:00+00:00,QQ_same_launch,61552,61553,1,15.93452153360872,15.93452153360872,0.027235770771418602,85.16591330620504,stranded,stranded,2024-185A,2024-185B,False
2025-08-16 00:00:00+00:00,QQ_same_launch,61552,61556,1,6.557815246228893,6.557815246228893,0.018029447845069456,84.30477986556008,stranded,stranded,2024-185A,2024-185E,False
2025-08-16 00:00:00+00:00,QQ_same_launch,61564,61569,2,19.018537771059325,19.41741021303176,0.04980673196102525,84.25339720271367,stranded,stranded,2024-185N,2024-185T,False
2025-08-17 00:00:00+00:00,QQ_diff_launch,61565,63166,14,4.401217461250822,9.434593566165734,12.703361667149586,87.95327947761663,operational,operational,2024-185P,2025-046H,True
2025-08-17 00:00:00+00:00,QQ_diff_launch,61569,62238,1,18.26714566416289,18.26714566416289,5.021335537116672,88.92060038844872,stranded,operational,2024-185T,2024-232B,False
2025-08-17 00:00:00+00:00,QQ_diff_launch,61569,63171,1,19.629106989357634,19.629106989357634,12.772226711645224,88.03836777762831,stranded,operational,2024-185T,2025-046N,False
2025-08-17 00:00:00+00:00,QQ_diff_launch,62250,63174,1,19.844639951102433,19.844639951102433,9.525114610972931,88.7288278938466,operational,operational,2024-232P,2025-046R,False
2025-08-18 00:00:00+00:00,QQ_diff_launch,61563,62252,2,4.991650022571314,7.870689839772794,4.980317410118902,88.92754284525549,operational,operational,2024-185M,2024-232R,False
2025-08-18 00:00:00+00:00,QQ_diff_launch,61563,63170,3,7.41517020159921,14.203953519098627,12.681710004223396,87.95706156004681,operational,operational,2024-185M,2025-046M,False
2025-08-18 00:00:00+00:00,QQ_diff_launch,61565,63166,2,12.563351449914729,14.741511620422877,12.758467420691394,87.84046749625782,operational,operational,2024-185P,2025-046H,False
2025-08-18 00:00:00+00:00,QQ_diff_launch,61569,62250,1,16.935643079949614,16.935643079949614,5.019105298665273,88.91730506715773,stranded,operational,2024-185T,2024-232P,False
2025-08-18 00:00:00+00:00,QQ_diff_launch,61569,63174,1,10.543509505545146,10.543509505545146,12.775670516899664,87.89451062814561,stranded,operational,2024-185T,2025-046R,False
2025-08-18 00:00:00+00:00,QQ_diff_launch,62250,63174,13,15.99482279468284,17.739713650762486,9.525373875283131,88.72198128051978,operational,operational,2024-232P,2025-046R,False
2025-08-19 00:00:00+00:00,QQ_diff_launch,60384,61563,1,10.957800646225142,10.957800646225142,13.790802624611976,87.00578644429929,operational,operational,2024-140F,2024-185M,False
2025-08-19 00:00:00+00:00,QQ_diff_launch,60388,61569,1,19.2218967780908,19.2218967780908,13.873431528623593,86.99731745244796,operational,stranded,2024-140K,2024-185T,False
2025-08-19 00:00:00+00:00,QQ_diff_launch,61563,62785,2,5.4435767637819925,9.06842160896062,2.837756444950744,88.96038866522088,operational,operational,2024-185M,2025-016A,False
2025-08-19 00:00:00+00:00,QQ_diff_launch,61569,62242,1,15.321021182401655,15.321021182401655,5.037862720869537,88.9199450818381,stranded,operational,2024-185T,2024-232F,False
2025-08-19 00:00:00+00:00,QQ_diff_launch,62250,63174,14,12.002045229441222,13.815150436068716,9.525849142117302,88.70883321013756,operational,operational,2024-232P,2025-046R,True
2025-08-20 00:00:00+00:00,QQ_diff_launch,60384,61563,5,2.178225055861334,12.06747745905528,13.83097318702344,86.8781250303042,operational,operational,2024-140F,2024-185M,False
2025-08-20 00:00:00+00:00,QQ_diff_launch,60387,61569,2,16.26966910303395,17.490530541613413,13.82193638984862,86.83773019938022,operational,stranded,2024-140J,2024-185T,False
2025-08-20 00:00:00+00:00,QQ_diff_launch,61564,63159,1,16.46821164142327,16.46821164142327,12.746427042228696,87.88967785530822,stranded,operational,2024-185N,2025-046A,False
2025-08-20 00:00:00+00:00,QQ_diff_launch,62250,63174,13,8.618467155754995,10.120279726418238,9.526321601718879,88.69550089958626,operational,operational,2024-232P,2025-046R,False
2025-08-21 00:00:00+00:00,QQ_diff_launch,61564,62794,1,17.567410325454354,17.567410325454354,2.8213011666375256,88.95572470117972,stranded,operational,2024-185N,2025-016K,False
2025-08-21 00:00:00+00:00,QQ_diff_launch,61564,63168,1,17.67740238579883,17.67740238579883,12.751316232114773,87.88282085488912,stranded,operational,2024-185N,2025-046K,False
2025-08-21 00:00:00+00:00,QQ_diff_launch,62250,63174,14,5.950903665881146,6.963745875526705,9.526795780721773,88.68175129364657,operational,operational,2024-232P,2025-046R,True
2025-08-22 00:00:00+00:00,QQ_diff_launch,60393,61569,1,14.00016026100494,14.00016026100494,13.84545864841026,86.83458832152837,operational,stranded,2024-140Q,2024-185T,False
2025-08-22 00:00:00+00:00,QQ_diff_launch,61565,62789,7,10.71732223028542,14.30255143441926,2.8148046100060475,88.95931430887934,operational,operational,2024-185P,2025-016E,False
2025-08-22 00:00:00+00:00,QQ_diff_launch,61569,62241,1,15.70208592780566,15.70208592780566,5.0847662625469585,88.91498685483657,stranded,operational,2024-185T,2024-232E,False
2025-08-22 00:00:00+00:00,QQ_diff_launch,62250,63174,13,5.512797694693305,5.593903367137663,9.52722450067171,88.6679877037455,operational,operational,2024-232P,2025-046R,False
2025-08-23 00:00:00+00:00,QQ_diff_launch,60395,61565,10,0.9987359781562638,8.719932904616519,13.777147352310411,87.0117938960623,operational,operational,2024-140S,2024-185P,False
2025-08-23 00:00:00+00:00,QQ_diff_launch,61563,62249,2,10.293379549470739,10.430046072171292,4.981379051125324,88.91638755618898,operational,operational,2024-185M,2024-232N,False
2025-08-23 00:00:00+00:00,QQ_diff_launch,61563,63172,4,5.170098343258733,14.667095046609166,12.724714782575388,87.89551998652237,operational,operational,2024-185M,2025-046P,False
2025-08-23 00:00:00+00:00,QQ_diff_launch,61569,62255,1,17.700266235904888,17.700266235904888,5.058793042687576,88.92555014466812,stranded,operational,2024-185T,2024-232U,False
2025-08-23 00:00:00+00:00,QQ_diff_launch,62250,63174,14,5.94065735863225,6.97601911069473,9.527665995305883,88.65372018567041,operational,operational,2024-232P,2025-046R,True
2025-08-24 00:00:00+00:00,QQ_diff_launch,60390,61569,1,15.087562199218155,15.087562199218155,13.841570074850651,86.93105035226064,operational,stranded,2024-140M,2024-185T,False
2025-08-24 00:00:00+00:00,QQ_diff_launch,60395,61565,15,2.0558049128784575,10.566737316648455,13.82193498859276,86.83729606531185,operational,operational,2024-140S,2024-185P,True
2025-08-24 00:00:00+00:00,QQ_diff_launch,61563,62802,1,16.30982976215499,16.30982976215499,2.8278776638464684,88.96682247303937,operational,operational,2024-185M,2025-016T,False
2025-08-24 00:00:00+00:00,QQ_diff_launch,61569,63168,1,11.708444595369114,11.708444595369114,12.77043501921899,87.98146749053964,stranded,operational,2024-185T,2025-046K,False
2025-08-24 00:00:00+00:00,QQ_diff_launch,62250,63174,26,8.666935528391413,14.226397476505923,9.507901882808357,88.68327965596389,operational,operational,2024-232P,2025-046R,True
2025-08-25 00:00:00+00:00,QQ_diff_launch,60382,61563,6,2.9628560415414924,11.980284604080566,13.805456516737683,86.90183685280448,operational,operational,2024-140D,2024-185M,False
2025-08-25 00:00:00+00:00,QQ_diff_launch,61564,63161,1,15.355689476776538,15.355689476776538,12.7373221149726,87.8811035281446,stranded,operational,2024-185N,2025-046C,False
2025-08-25 00:00:00+00:00,QQ_diff_launch,62250,63174,27,12.205154096189784,14.337009492178572,9.52825991421313,88.63141359908384,operational,operational,2024-232P,2025-046R,True
2025-08-26 00:00:00+00:00,QQ_diff_launch,61569,62791,1,18.053376356154516,18.053376356154516,2.7931415978249277,88.94730115831688,stranded,operational,2024-185T,2025-016G,False
2025-08-26 00:00:00+00:00,QQ_diff_launch,61569,63160,1,18.08478148497608,18.08478148497608,12.731333560215964,87.87837582186799,stranded,operational,2024-185T,2025-046B,False
2025-08-26 00:00:00+00:00,QQ_diff_launch,62250,63174,26,8.895587324955493,12.448029057097337,9.48744038361555,88.69709423154715,operational,operational,2024-232P,2025-046R,True
2025-08-26 00:00:00+00:00,QQ_same_launch,61562,61569,1,16.29377415561978,16.29377415561978,0.023596730019255555,77.08453804213573,operational,stranded,2024-185L,2024-185T,False
2025-08-26 00:00:00+00:00,QQ_same_launch,62240,62243,1,3.516263707490306,3.516263707490306,0.004657883900918501,84.55795893127727,stranded,stranded,2024-232D,2024-232G,False
2025-08-27 00:00:00+00:00,QQ_diff_launch,60385,62243,1,6.804249136748346,6.804249136748346,11.69854524227149,88.35336522089598,drift,stranded,2024-140G,2024-232G,False
2025-08-27 00:00:00+00:00,QQ_diff_launch,60396,61564,1,16.90985035478783,16.90985035478783,13.84799321853989,86.92824275617907,operational,stranded,2024-140T,2024-185N,False
2025-08-27 00:00:00+00:00,QQ_diff_launch,61564,62800,1,19.936517593253292,19.936517593253292,2.8314507039579135,88.94793203722537,stranded,operational,2024-185N,2025-016R,False
2025-08-27 00:00:00+00:00,QQ_diff_launch,62250,63174,13,5.164413560438486,6.83985457450545,9.487137971389119,88.68975474108399,operational,operational,2024-232P,2025-046R,False
2025-08-28 00:00:00+00:00,QQ_diff_launch,60381,61569,1,13.878475470002853,13.878475470002853,13.845741237131065,86.97956048045498,operational,stranded,2024-140C,2024-185T,False
2025-08-28 00:00:00+00:00,QQ_diff_launch,60385,61557,1,2.884339765221354,2.884339765221354,14.11124528455037,86.77918428580467,drift,stranded,2024-140G,2024-185F,False
2025-08-28 00:00:00+00:00,QQ_diff_launch,60385,62240,2,8.000638424104817,10.564424453001925,11.669172966035799,88.38411513334268,drift,stranded,2024-140G,2024-232D,False
2025-08-28 00:00:00+00:00,QQ_diff_launch,61563,62254,1,5.9877745565966025,5.9877745565966025,4.973803638901076,88.91510453285501,operational,operational,2024-185M,2024-232T,False
2025-08-28 00:00:00+00:00,QQ_diff_launch,61569,63166,1,15.364533378642058,15.364533378642058,12.776732100772211,88.01209162633933,stranded,operational,2024-185T,2025-046H,False
2025-08-28 00:00:00+00:00,QQ_diff_launch,62250,63174,14,2.4641948644012466,3.2770157521300867,9.486979726041527,88.67610476472352,operational,operational,2024-232P,2025-046R,True
2025-08-29 00:00:00+00:00,QQ_diff_launch,61557,62240,1,11.738823621259252,11.738823621259252,5.093986138845705,88.91897557130356,stranded,stranded,2024-185F,2024-232D,False
2025-08-29 00:00:00+00:00,QQ_diff_launch,61563,62254,1,12.879398322242482,12.879398322242482,4.989258934073087,88.91567108151973,operational,operational,2024-185M,2024-232T,False
2025-08-29 00:00:00+00:00,QQ_diff_launch,61569,62795,1,8.347771673764168,8.347771673764168,2.779837367632645,88.95445347766426,stranded,operational,2024-185T,2025-016L,False
2025-08-29 00:00:00+00:00,QQ_diff_launch,61569,63175,1,12.091917182425822,12.091917182425822,12.762911422723127,87.99999541278318,stranded,operational,2024-185T,2025-046S,False
2025-08-29 00:00:00+00:00,QQ_diff_launch,62238,63171,6,18.9874023830609,19.454661501489614,9.528626775908295,88.72467120342488,operational,operational,2024-232B,2025-046N,False
2025-08-29 00:00:00+00:00,QQ_diff_launch,62250,63174,13,2.4843187143393504,3.3741549793275483,9.486843183125448,88.66149822097235,operational,operational,2024-232P,2025-046R,False
2025-08-30 00:00:00+00:00,QQ_diff_launch,60386,61563,3,8.019496759373924,10.783067076749136,13.777925945790988,86.99046441216386,operational,operational,2024-140H,2024-185M,False
2025-08-30 00:00:00+00:00,QQ_diff_launch,60389,61569,1,9.658354717526146,9.658354717526146,13.843876799894932,86.9188275990256,operational,stranded,2024-140L,2024-185T,False
2025-08-30 00:00:00+00:00,QQ_diff_launch,61563,62801,2,11.446123409537893,14.068241641340792,2.824398741219051,88.95688246257063,operational,operational,2024-185M,2025-016S,False
2025-08-30 00:00:00+00:00,QQ_diff_launch,61564,63170,1,15.44379503993437,15.44379503993437,12.740585791324968,87.99765830319745,stranded,operational,2024-185N,2025-046M,False
2025-08-30 00:00:00+00:00,QQ_diff_launch,62238,63171,13,16.38771534812622,17.52238251979184,9.528588949438614,88.7179278262806,operational,operational,2024-232B,2025-046N,False
2025-08-30 00:00:00+00:00,QQ_diff_launch,62250,63174,14,5.360334958517728,7.404378882133998,9.486742748679047,88.6458231804209,operational,operational,2024-232P,2025-046R,True
2025-08-30 00:00:00+00:00,QQ_same_launch,61557,61561,1,17.3760610520431,17.3760610520431,0.022452585908843362,72.62702988288798,stranded,stranded,2024-185F,2024-185K,False
2025-08-31 00:00:00+00:00,QQ_diff_launch,60380,61569,1,9.1617089820246,9.1617089820246,13.852545645597111,86.91707249486794,operational,stranded,2024-140B,2024-185T,False
2025-08-31 00:00:00+00:00,QQ_diff_launch,60386,61563,2,15.157899904221402,16.008250700935655,13.800808865162729,86.79948722370914,operational,operational,2024-140H,2024-185M,False
2025-08-31 00:00:00+00:00,QQ_diff_launch,61569,63169,1,18.321952971139915,18.321952971139915,12.7423477457579,88.00529712646768,stranded,stranded,2024-185T,2025-046L,False
2025-08-31 00:00:00+00:00,QQ_diff_launch,62238,63171,14,13.671803020316482,14.88037742049788,9.528535417201386,88.70825448590442,operational,operational,2024-232B,2025-046N,True
2025-08-31 00:00:00+00:00,QQ_diff_launch,62250,63174,13,9.943354348986302,12.012099114592857,9.48666975009407,88.62963441523219,operational,operational,2024-232P,2025-046R,False
2025-09-01 00:00:00+00:00,QQ_diff_launch,60388,61564,1,13.837500026543083,13.837500026543083,13.861429170370402,86.78356227963805,operational,stranded,2024-140K,2024-185N,False
2025-09-01 00:00:00+00:00,QQ_diff_launch,60391,61569,1,9.532206717741227,9.532206717741227,13.83860407619875,86.91313961695133,operational,stranded,2024-140N,2024-185T,False
2025-09-01 00:00:00+00:00,QQ_diff_launch,61557,62243,3,15.713164680367738,18.756528173216648,5.089221231583125,88.91737396441708,stranded,stranded,2024-185F,2024-232G,False
2025-09-01 00:00:00+00:00,QQ_diff_launch,61561,62240,1,6.908777705243353,6.908777705243353,5.091835522946722,88.92381146343898,stranded,stranded,2024-185K,2024-232D,False
2025-09-01 00:00:00+00:00,QQ_diff_launch,61564,63164,1,13.984584760814487,13.984584760814487,12.742823876726513,87.89340775232829,stranded,operational,2024-185N,2025-046F,False
2025-09-01 00:00:00+00:00,QQ_diff_launch,61569,62251,1,16.186048778355847,16.186048778355847,5.029664768232185,88.93524994517026,stranded,operational,2024-185T,2024-232Q,False
2025-09-01 00:00:00+00:00,QQ_diff_launch,61569,63165,1,16.282771282262033,16.282771282262033,12.75661696512547,87.8204201163235,stranded,operational,2024-185T,2025-046G,False
2025-09-01 00:00:00+00:00,QQ_diff_launch,62238,63171,13,11.268535010126586,12.302496084269212,9.528463248963766,88.69796815649137,operational,operational,2024-232B,2025-046N,False
2025-09-01 00:00:00+00:00,QQ_diff_launch,62250,63174,14,14.559668178695777,16.91389400071645,9.486619001518648,88.61259712347854,operational,operational,2024-232P,2025-046R,True
2025-09-02 00:00:00+00:00,QQ_diff_launch,60387,61564,1,15.744992374408037,15.744992374408037,13.832594450557535,87.0056916207913,operational,stranded,2024-140J,2024-185N,False
2025-09-02 00:00:00+00:00,QQ_diff_launch,60396,61569,1,15.881789614502411,15.881789614502411,13.860436682250446,86.67948291644184,operational,stranded,2024-140T,2024-185T,False
2025-09-02 00:00:00+00:00,QQ_diff_launch,61564,62244,1,16.081379959162177,16.081379959162177,4.98337669076447,88.90721923411554,stranded,operational,2024-185N,2024-232H,False
2025-09-02 00:00:00+00:00,QQ_diff_launch,61564,62796,1,17.491561998311962,17.491561998311962,2.822352259418039,88.95424540907071,stranded,operational,2024-185N,2025-016M,False
2025-09-02 00:00:00+00:00,QQ_diff_launch,61569,62800,1,12.980239748960821,12.980239748960821,2.7856596121951123,88.96300100587908,stranded,operational,2024-185T,2025-016R,False
2025-09-02 00:00:00+00:00,QQ_diff_launch,62238,63171,18,9.136124185718907,10.308640988219526,9.528364453964153,88.68870348476293,operational,operational,2024-232B,2025-046N,True
2025-09-02 00:00:00+00:00,QQ_diff_launch,62250,63174,1,19.7889650834012,19.7889650834012,9.486628966175338,88.60249973926372,operational,operational,2024-232P,2025-046R,False
2025-09-03 00:00:00+00:00,QQ_diff_launch,60383,61564,1,16.6650878879838,16.6650878879838,13.831724758495502,86.98262040773255,operational,stranded,2024-140E,2024-185N,False
2025-09-03 00:00:00+00:00,QQ_diff_launch,60386,61569,1,15.619039610104382,15.619039610104382,13.848723452992905,87.0374555413734,operational,stranded,2024-140H,2024-185T,False
2025-09-03 00:00:00+00:00,QQ_diff_launch,61563,62246,2,15.954649454523276,16.1200858857584,4.980264863338272,88.92982972934871,operational,operational,2024-185M,2024-232K,False
2025-09-03 00:00:00+00:00,QQ_diff_launch,61563,63167,3,7.907645200537712,15.466110458208945,12.69856805021672,87.94688583989756,operational,operational,2024-185M,2025-046J,False
2025-09-03 00:00:00+00:00,QQ_diff_launch,61564,62241,1,19.14711123880464,19.14711123880464,5.037489638768066,88.93317540936039,stranded,operational,2024-185N,2024-232E,False
2025-09-03 00:00:00+00:00,QQ_diff_launch,62238,63171,27,8.084931286466038,17.327464764428836,9.494558274589664,88.71870769915562,operational,operational,2024-232B,2025-046N,True
2025-09-04 00:00:00+00:00,QQ_diff_launch,60390,61564,1,19.405747610133208,19.405747610133208,13.83008534780833,87.04650656580782,operational,stranded,2024-140M,2024-185N,False
2025-09-04 00:00:00+00:00,QQ_diff_launch,61563,62800,2,6.428191270399572,9.104227978456494,2.8263255004985024,88.9550728156415,operational,operational,2024-185M,2025-016R,False
2025-09-04 00:00:00+00:00,QQ_diff_launch,62238,63171,27,8.004589702106701,8.41664979691706,9.528116881887176,88.67002755672908,operational,operational,2024-232B,2025-046N,True
2025-09-05 00:00:00+00:00,QQ_diff_launch,60382,61569,1,5.468634034005685,5.468634034005685,13.851717147742676,86.86253094454426,operational,stranded,2024-140D,2024-185T,False
2025-09-05 00:00:00+00:00,QQ_diff_launch,60392,61564,1,18.76566497925316,18.76566497925316,13.831448295574877,87.05881088739056,operational,stranded,2024-140P,2024-185N,False
2025-09-05 00:00:00+00:00,QQ_diff_launch,60396,61563,5,9.830451241641336,15.503082278045065,13.790038008932886,86.88060860215317,operational,operational,2024-140T,2024-185M,False
2025-09-05 00:00:00+00:00,QQ_diff_launch,61565,63160,1,19.908480259374947,19.908480259374947,12.709699437185124,88.06605167084847,operational,operational,2024-185P,2025-046B,False
2025-09-05 00:00:00+00:00,QQ_diff_launch,61569,63172,1,8.560482055661868,8.560482055661868,12.772697503366627,87.88782830369372,stranded,operational,2024-185T,2025-046P,False
2025-09-05 00:00:00+00:00,QQ_diff_launch,62238,63171,27,8.496059300454531,12.934059024349345,9.495156705276235,88.70372238311444,operational,operational,2024-232B,2025-046N,True
2025-09-05 00:00:00+00:00,QQ_same_launch,61554,61561,1,12.109789157354138,12.109789157354138,0.002684549099536007,30.99903940300303,stranded,stranded,2024-185C,2024-185K,False
2025-09-06 00:00:00+00:00,QQ_diff_launch,61565,62247,8,10.151208607055677,13.909592107013927,4.983893665341059,88.92037549344826,operational,operational,2024-185P,2024-232L,False
2025-09-06 00:00:00+00:00,QQ_diff_launch,61565,63160,16,1.0549824566876307,9.649872691701837,12.723510912915604,87.92519698801371,operational,operational,2024-185P,2025-046B,True
2025-09-06 00:00:00+00:00,QQ_diff_launch,62238,63171,27,10.270396994937554,11.583195774385453,9.527848078325015,88.64576042549777,operational,operational,2024-232B,2025-046N,True
2025-09-07 00:00:00+00:00,QQ_diff_launch,62238,63171,27,8.535517329658374,10.542804894750606,9.49579213654132,88.68619103542719,operational,operational,2024-232B,2025-046N,True
2025-09-08 00:00:00+00:00,QQ_diff_launch,60379,61569,1,11.207231172016012,11.207231172016012,13.84667953225923,86.75073754420247,operational,stranded,2024-140A,2024-185T,False
2025-09-08 00:00:00+00:00,QQ_diff_launch,60389,61564,1,12.192341210301334,12.192341210301334,13.83144053185662,86.83902876143142,operational,stranded,2024-140L,2024-185N,False
2025-09-08 00:00:00+00:00,QQ_diff_launch,61554,62240,1,9.582681964165516,9.582681964165516,5.075427662603847,88.92639839364898,stranded,stranded,2024-185C,2024-232D,False
2025-09-08 00:00:00+00:00,QQ_diff_launch,61563,62251,1,18.039495421788377,18.039495421788377,4.9679855599768015,88.9360123243723,operational,operational,2024-185M,2024-232Q,False
2025-09-08 00:00:00+00:00,QQ_diff_launch,61563,63165,3,8.920113387189403,15.435343045981318,12.686204385058433,87.90931415075298,operational,operational,2024-185M,2025-046G,False
2025-09-08 00:00:00+00:00,QQ_diff_launch,61564,62795,1,19.216388849794306,19.216388849794306,2.8298394588331734,88.95510632794925,stranded,operational,2024-185N,2025-016L,False
2025-09-08 00:00:00+00:00,QQ_diff_launch,61569,63171,1,7.5444563583584525,7.5444563583584525,12.76323752540186,87.93464387963958,stranded,operational,2024-185T,2025-046N,False
2025-09-08 00:00:00+00:00,QQ_diff_launch,62238,63171,27,6.912435866014675,16.131182751760107,9.52759561030307,88.61975197598794,operational,operational,2024-232B,2025-046N,True
2025-09-09 00:00:00+00:00,QQ_diff_launch,61564,63161,1,15.83579532597804,15.83579532597804,12.728699296050198,87.99371350602337,stranded,operational,2024-185N,2025-046C,False
2025-09-09 00:00:00+00:00,QQ_diff_launch,61564,63162,1,15.00309134864546,15.00309134864546,12.728477684194381,87.95613091834498,stranded,operational,2024-185N,2025-046D,False
2025-09-09 00:00:00+00:00,QQ_diff_launch,62238,63171,15,6.190478682030469,6.364921708939158,9.496355073748848,88.67137026362825,operational,operational,2024-232B,2025-046N,True
2025-09-10 00:00:00+00:00,QQ_diff_launch,60388,61569,1,12.619357301966597,12.619357301966597,13.872042287401108,86.96226362469923,operational,stranded,2024-140K,2024-185T,False
2025-09-10 00:00:00+00:00,QQ_diff_launch,60391,61563,4,10.001977878619655,15.299728459540537,13.773023996915787,86.90203513070053,operational,operational,2024-140N,2024-185M,False
2025-09-10 00:00:00+00:00,QQ_diff_launch,60391,61564,1,14.77624037814823,14.77624037814823,13.825972508979484,87.00216600377567,operational,stranded,2024-140N,2024-185N,False
2025-09-10 00:00:00+00:00,QQ_diff_launch,61563,62786,2,8.147069597330187,11.3849819760226,2.8214324562261233,88.96076207459407,operational,operational,2024-185M,2025-016B,False
2025-09-10 00:00:00+00:00,QQ_diff_launch,61569,62242,1,10.351871365985408,10.351871365985408,5.031302932467992,88.90396171469776,stranded,operational,2024-185T,2024-232F,False
2025-09-10 00:00:00+00:00,QQ_diff_launch,61569,62797,1,18.41382012155903,18.41382012155903,2.7809658108756925,88.94269177806537,stranded,operational,2024-185T,2025-016N,False
2025-09-10 00:00:00+00:00,QQ_diff_launch,61569,63164,1,8.677820033886247,8.677820033886247,12.758391453413088,87.95952744884231,stranded,operational,2024-185T,2025-046F,False
2025-09-10 00:00:00+00:00,QQ_diff_launch,62238,63171,13,6.193461708340745,6.41676973626644,9.496721565708162,88.6615398314941,operational,operational,2024-232B,2025-046N,False
2025-09-11 00:00:00+00:00,QQ_diff_launch,60387,61569,1,8.826475978633278,8.826475978633278,13.845235656235747,86.77722476886659,operational,stranded,2024-140J,2024-185T,False
2025-09-11 00:00:00+00:00,QQ_diff_launch,61565,62791,8,6.0819440540150795,11.906043915691116,2.8240076953781488,88.96077780206426,operational,operational,2024-185P,2025-016G,False
2025-09-11 00:00:00+00:00,QQ_diff_launch,61569,62796,1,13.084628633673962,13.084628633673962,2.7767213914679862,88.94952435280429,stranded,operational,2024-185T,2025-016M,False
2025-09-11 00:00:00+00:00,QQ_diff_launch,61569,63176,1,8.994837171527209,8.994837171527209,12.755036869881229,87.90029046264453,stranded,operational,2024-185T,2025-046T,False
2025-09-11 00:00:00+00:00,QQ_diff_launch,62238,63171,14,7.087916648425294,7.974019386152683,9.497105203752895,88.65044915037545,operational,operational,2024-232B,2025-046N,True
2025-09-12 00:00:00+00:00,QQ_diff_launch,60383,61569,1,12.466542004038464,12.466542004038464,13.845125594612583,87.00245249456461,operational,stranded,2024-140E,2024-185T,False
2025-09-12 00:00:00+00:00,QQ_diff_launch,60383,62793,1,18.827988429118342,18.827988429118342,14.452660541131875,82.9327559833879,operational,operational,2024-140E,2025-016J,False
2025-09-12 00:00:00+00:00,QQ_diff_launch,60388,62798,3,16.519577938940802,17.055548763812823,14.50292691707243,82.45365166247795,operational,operational,2024-140K,2025-016P,False
2025-09-12 00:00:00+00:00,QQ_diff_launch,61569,63159,1,14.984421154008624,14.984421154008624,12.753807501732217,88.00571503031232,stranded,operational,2024-185T,2025-046A,False
2025-09-12 00:00:00+00:00,QQ_diff_launch,62238,63171,13,9.288467841628366,10.455645710148344,9.497496181182704,88.63898151192151,operational,operational,2024-232B,2025-046N,False
2025-09-13 00:00:00+00:00,QQ_diff_launch,60383,62793,2,18.28765331067157,18.99772261069754,14.452633844329732,82.689281137725,operational,operational,2024-140E,2025-016J,False
2025-09-13 00:00:00+00:00,QQ_diff_launch,60392,62794,3,17.01347035099228,17.223523272915802,14.493190164563762,82.73970685009256,operational,operational,2024-140P,2025-016K,False
2025-09-13 00:00:00+00:00,QQ_diff_launch,60394,61565,12,13.555900357412128,15.859463398752634,13.77830512026337,86.96649798884592,operational,operational,2024-140R,2024-185P,False
2025-09-13 00:00:00+00:00,QQ_diff_launch,60395,62789,3,16.173362151525886,17.325079637399543,14.449355488169376,82.8802175115047,operational,operational,2024-140S,2025-016E,False
2025-09-13 00:00:00+00:00,QQ_diff_launch,62238,63171,14,11.990442144517347,13.444555168974091,9.497899931556129,88.62709158359472,operational,operational,2024-232B,2025-046N,True
2025-09-13 00:00:00+00:00,QQ_diff_launch,62790,63161,4,13.019769422806156,16.441671156330138,13.874283610406483,86.78827735845431,operational,operational,2025-016F,2025-046C,False
2025-09-14 00:00:00+00:00,QQ_diff_launch,60380,62790,3,14.605994617133438,16.216412035929785,14.494038226446882,82.72451628359576,operational,operational,2024-140B,2025-016F,False
2025-09-14 00:00:00+00:00,QQ_diff_launch,60382,62802,2,18.59980190043421,19.0498214620643,14.459690622182176,82.6502491216362,operational,operational,2024-140D,2025-016T,False
2025-09-14 00:00:00+00:00,QQ_diff_launch,60390,61569,1,4.396785805169466,4.396785805169466,13.84255559110787,86.90405110703395,operational,stranded,2024-140M,2024-185T,False
2025-09-14 00:00:00+00:00,QQ_diff_launch,60394,61565,6,15.642160906707263,16.95962763908873,13.823277371379573,86.81390489774978,operational,operational,2024-140R,2024-185P,False
2025-09-14 00:00:00+00:00,QQ_diff_launch,61563,62239,1,12.264553910332628,12.264553910332628,4.96634578625984,88.92162906193371,operational,operational,2024-185M,2024-232C,False
2025-09-14 00:00:00+00:00,QQ_diff_launch,61563,63162,4,8.262971378886503,14.068874834067636,12.701946909263365,87.94093838490295,operational,operational,2024-185M,2025-046D,False
2025-09-14 00:00:00+00:00,QQ_diff_launch,62238,63171,13,15.263757288321015,16.73340182979385,9.498319811136483,88.61456350681598,operational,operational,2024-232B,2025-046N,False
2025-09-14 00:00:00+00:00,QQ_diff_launch,62244,62793,1,19.768576446308508,19.768576446308508,7.521253527733092,88.83631282805298,operational,operational,2024-232H,2025-016J,False
2025-09-14 00:00:00+00:00,QQ_diff_launch,62789,63160,3,4.70979382337489,16.038234921402363,13.86075635343938,86.81740634721746,operational,operational,2025-016E,2025-046B,False
2025-09-14 00:00:00+00:00,QQ_diff_launch,62793,63176,4,10.473982520616078,17.09050145047131,13.853556395204617,86.77635550756006,operational,operational,2025-016J,2025-046T,False
2025-09-14 00:00:00+00:00,QQ_same_launch,61554,61568,1,13.117211762233506,13.117211762233506,0.007722533866221159,33.26541821987761,stranded,stranded,2024-185C,2024-185S,False
2025-09-14 00:00:00+00:00,QQ_same_launch,62797,62798,1,5.58114507915258,5.58114507915258,0.006082505046739956,74.65064933458117,operational,operational,2025-016N,2025-016P,False
2025-09-15 00:00:00+00:00,QQ_diff_launch,60379,61564,1,17.17833991125414,17.17833991125414,13.834228336309087,87.0662889476573,operational,stranded,2024-140A,2024-185N,False
2025-09-15 00:00:00+00:00,QQ_diff_launch,61554,62243,2,3.8562653203701402,10.154115385400887,5.074971235207991,88.91834144649548,stranded,stranded,2024-185C,2024-232G,False
2025-09-15 00:00:00+00:00,QQ_diff_launch,61563,62788,2,9.13763266253337,12.684847734074536,2.8194378940358207,88.95107117587236,operational,operational,2024-185M,2025-016D,False
2025-09-15 00:00:00+00:00,QQ_diff_launch,61564,62250,1,13.23500693624978,13.23500693624978,4.980602197493653,88.90762436765134,stranded,operational,2024-185N,2024-232P,False
2025-09-15 00:00:00+00:00,QQ_diff_launch,61567,63163,1,18.383326651835034,18.383326651835034,12.843260286274726,87.9381090330843,stranded,stranded,2024-185R,2025-046E,False
2025-09-15 00:00:00+00:00,QQ_diff_launch,61569,63168,1,12.15720713056784,12.15720713056784,12.759163107514606,87.86136021142049,stranded,operational,2024-185T,2025-046K,False
2025-09-15 00:00:00+00:00,QQ_diff_launch,62238,63171,6,18.588100742434097,19.233329210614833,9.498630698908393,88.60529266918027,operational,operational,2024-232B,2025-046N,False
2025-09-15 00:00:00+00:00,QQ_diff_launch,62242,62798,1,19.182151840532914,19.182151840532914,7.553907994406393,88.84404152781589,operational,operational,2024-232F,2025-016P,False
2025-09-15 00:00:00+00:00,QQ_diff_launch,62789,63160,2,15.77434941527598,17.882467048427433,13.868302810006975,86.6124135588126,operational,operational,2025-016E,2025-046B,False
2025-09-15 00:00:00+00:00,QQ_diff_launch,62798,63164,2,10.270995942943513,12.901513997084512,13.881613034576873,86.8280096772321,operational,operational,2025-016P,2025-046F,False
2025-09-15 00:00:00+00:00,QQ_same_launch,62789,62791,2,7.899552011395202,10.768725423380735,0.013199026177425143,60.167924948522675,operational,operational,2025-016E,2025-016G,False
2025-09-15 00:00:00+00:00,QQ_same_launch,62792,62794,1,8.069237968301563,8.069237968301563,0.009746576346737408,65.16522007020744,operational,operational,2025-016H,2025-016K,False
2025-09-15 00:00:00+00:00,QQ_same_launch,62793,62796,1,5.542546238296177,5.542546238296177,0.004575117540567751,58.73162293298209,operational,operational,2025-016J,2025-016M,False
2025-09-16 00:00:00+00:00,QQ_diff_launch,60380,61563,3,12.322808451093538,12.606543733908968,13.785219972747937,86.87919366955381,operational,operational,2024-140B,2024-185M,False
2025-09-16 00:00:00+00:00,QQ_diff_launch,60387,62798,3,17.296217917949004,18.129439942810198,14.493530653192948,82.7663354523033,operational,operational,2024-140J,2025-016P,False
2025-09-16 00:00:00+00:00,QQ_diff_launch,60388,61564,1,19.561646429847737,19.561646429847737,13.857415031090218,87.03962540148979,operational,stranded,2024-140K,2024-185N,False
2025-09-16 00:00:00+00:00,QQ_diff_launch,61562,62789,1,19.68448365662319,19.68448365662319,2.762535760851354,88.96492645425784,operational,operational,2024-185L,2025-016E,False
2025-09-16 00:00:00+00:00,QQ_diff_launch,61564,62242,1,15.059030793805894,15.059030793805894,4.984681869573546,88.93251267604992,stranded,operational,2024-185N,2024-232F,False
2025-09-16 00:00:00+00:00,QQ_diff_launch,61564,63164,1,19.233006228993208,19.233006228993208,12.73358332250346,88.00366425097361,stranded,operational,2024-185N,2025-046F,False
2025-09-16 00:00:00+00:00,QQ_diff_launch,61565,62789,2,5.088507038564714,12.085788382086578,2.812095026843771,88.960984934685,operational,operational,2024-185P,2025-016E,False
2025-09-16 00:00:00+00:00,QQ_diff_launch,61569,62789,1,17.951092473253752,17.951092473253752,2.7868385705930714,88.95124460307477,stranded,operational,2024-185T,2025-016E,False
2025-09-16 00:00:00+00:00,QQ_diff_launch,61569,62794,2,12.783311947407556,15.903070933645218,2.7814091058504937,88.95332729077924,stranded,operational,2024-185T,2025-016K,False
2025-09-16 00:00:00+00:00,QQ_diff_launch,62790,63162,1,18.780766518849425,18.780766518849425,13.854342957911822,86.82597897195137,operational,operational,2025-016F,2025-046D,False
2025-09-16 00:00:00+00:00,QQ_same_launch,62788,62790,1,5.132577753621118,5.132577753621118,0.005983287763392992,79.40176782695161,operational,operational,2025-016D,2025-016F,False
2025-09-16 00:00:00+00:00,QQ_same_launch,62793,62798,1,9.011759317907607,9.011759317907607,0.0071834906275315405,87.61124672979363,operational,operational,2025-016J,2025-016P,False
2025-09-16 00:00:00+00:00,QQ_same_launch,62801,62802,1,8.333637471121735,8.333637471121735,0.00584316646288785,70.28499206879044,operational,operational,2025-016S,2025-016T,False
2025-09-17 00:00:00+00:00,QQ_diff_launch,60387,62793,2,18.57224975128763,18.775417108255965,14.450186249203131,82.79026620996177,operational,operational,2024-140J,2025-016J,False
2025-09-17 00:00:00+00:00,QQ_diff_launch,60394,62789,4,15.41862283958333,17.040616012433837,14.449474655837797,82.79464162313343,operational,operational,2024-140R,2025-016E,False
2025-09-17 00:00:00+00:00,QQ_diff_launch,60394,62794,4,14.525516656840551,16.19640111120038,14.491771855446014,82.79138191239596,operational,operational,2024-140R,2025-016K,False
2025-09-17 00:00:00+00:00,QQ_diff_launch,61569,63160,1,12.491854835658646,12.491854835658646,12.755652122856622,87.91554106144228,stranded,operational,2024-185T,2025-046B,False
2025-09-17 00:00:00+00:00,QQ_diff_launch,62239,62790,1,14.465964701104417,14.465964701104417,7.548152594744506,88.81553905120744,operational,operational,2024-232C,2025-016F,False
2025-09-17 00:00:00+00:00,QQ_diff_launch,62790,63162,2,10.909069523617722,11.036701300174487,13.874763354687587,86.78556272417133,operational,operational,2025-016F,2025-046D,False
2025-09-17 00:00:00+00:00,QQ_same_launch,61562,61565,8,2.854580339510341,9.588374933490108,0.051793664717544666,88.63780268647415,operational,operational,2024-185L,2024-185P,False
2025-09-17 00:00:00+00:00,QQ_same_launch,61562,61569,1,16.804260557146893,16.804260557146893,0.025660043154494667,75.27209039961696,operational,stranded,2024-185L,2024-185T,False
2025-09-17 00:00:00+00:00,QQ_same_launch,62789,62794,1,11.807688504148592,11.807688504148592,0.009720772566791627,88.74242259728716,operational,operational,2025-016E,2025-016K,False
2025-09-18 00:00:00+00:00,QQ_diff_launch,60391,62790,3,14.040127110481485,15.578951040579007,14.490104813433835,82.81268028464218,operational,operational,2024-140N,2025-016F,False
2025-09-18 00:00:00+00:00,QQ_diff_launch,61562,62794,2,4.876663059971003,12.361815468848054,2.755808722195485,88.96067379859372,operational,operational,2024-185L,2025-016K,False
2025-09-18 00:00:00+00:00,QQ_diff_launch,61565,62794,1,9.92204018636086,9.92204018636086,2.804876626028965,88.95280099060689,operational,operational,2024-185P,2025-016K,False
2025-09-18 00:00:00+00:00,QQ_diff_launch,62242,62793,1,17.714723912786127,17.714723912786127,7.5272053118871085,88.79600057575249,operational,operational,2024-232F,2025-016J,False
2025-09-18 00:00:00+00:00,QQ_diff_launch,62248,62789,1,17.430968935535326,17.430968935535326,7.52825097256566,88.83978042536944,operational,operational,2024-232M,2025-016E,False
2025-09-18 00:00:00+00:00,QQ_diff_launch,62793,63164,2,17.6927438899093,18.784083999638558,13.873284448702796,86.81547910418608,operational,operational,2025-016J,2025-046F,False
2025-09-18 00:00:00+00:00,QQ_diff_launch,62798,63176,1,17.130003109830664,17.130003109830664,13.859996646464147,86.70207813236094,operational,operational,2025-016P,2025-046T,False
2025-09-18 00:00:00+00:00,QQ_same_launch,61553,61558,2,12.216151414355128,13.168893493713496,0.016608743521724277,55.85936965142822,stranded,stranded,2024-185B,2024-185G,False
2025-09-18 00:00:00+00:00,QQ_same_launch,62796,62798,1,8.208640382532154,8.208640382532154,0.010346459813823393,68.01896798069558,operational,operational,2025-016M,2025-016P,False
2025-09-19 00:00:00+00:00,QQ_diff_launch,60381,61569,1,17.119037497503882,17.119037497503882,13.84479004829336,87.05209603197743,operational,stranded,2024-140C,2024-185T,False
2025-09-19 00:00:00+00:00,QQ_diff_launch,61563,63161,4,8.508259723141537,11.149073149372594,12.700534047308125,87.9610943495494,operational,operational,2024-185M,2025-046C,False
2025-09-19 00:00:00+00:00,QQ_diff_launch,61569,62795,1,14.660420952595974,14.660420952595974,2.783654218075548,88.95747354273132,stranded,operational,2024-185T,2025-016L,False
2025-09-19 00:00:00+00:00,QQ_diff_launch,62244,62798,1,14.659358649333603,14.659358649333603,7.547341482613801,88.81628252061803,operational,operational,2024-232H,2025-016P,False
2025-09-19 00:00:00+00:00,QQ_diff_launch,62793,63164,3,8.211736659845466,14.099881370059322,13.85403620398117,86.75838908125667,operational,operational,2025-016J,2025-046F,False
2025-09-19 00:00:00+00:00,QQ_diff_launch,62798,63176,3,6.780254793484847,12.323356079755786,13.878606238340131,86.88485082831612,operational,operational,2025-016P,2025-046T,False
2025-09-19 00:00:00+00:00,QQ_diff_launch,62802,63167,3,8.940555486108984,13.758870711395774,13.865141465003264,86.72681405153129,operational,operational,2025-016T,2025-046J,False
2025-09-19 00:00:00+00:00,QQ_same_launch,62786,62790,1,6.4171493191562625,6.4171493191562625,0.003466612545021282,29.891017629842125,operational,operational,2025-016B,2025-016F,False
2025-09-19 00:00:00+00:00,QQ_same_launch,62789,62792,1,6.443342625044715,6.443342625044715,0.0036193549087842683,34.23501351282192,operational,operational,2025-016E,2025-016H,False
2025-09-19 00:00:00+00:00,QQ_same_launch,62791,62794,2,8.949083952062326,13.094669431458481,0.022530595186338105,78.15153807798657,operational,operational,2025-016G,2025-016K,False
2025-09-19 00:00:00+00:00,QQ_same_launch,62793,62797,1,5.392171700958486,5.392171700958486,0.0030852866040394175,56.993594955481484,operational,operational,2025-016J,2025-016N,False
2025-09-20 00:00:00+00:00,QQ_diff_launch,60383,62798,3,15.323469858614478,16.64441449912344,14.494487677909987,82.7608791762775,operational,operational,2024-140E,2025-016P,False
2025-09-20 00:00:00+00:00,QQ_diff_launch,60389,61569,1,2.2416976918448217,2.2416976918448217,13.842535608903551,86.872667586123,operational,stranded,2024-140L,2024-185T,False
2025-09-20 00:00:00+00:00,QQ_diff_launch,60394,61564,1,10.332932903357412,10.332932903357412,13.827492588957453,86.85110321658026,operational,stranded,2024-140R,2024-185N,False
2025-09-20 00:00:00+00:00,QQ_diff_launch,61560,62243,1,12.149904911959588,12.149904911959588,5.0671395794048,88.91292298715327,stranded,stranded,2024-185J,2024-232G,False
2025-09-20 00:00:00+00:00,QQ_diff_launch,62247,62794,1,13.990244754309355,13.990244754309355,7.537994477842367,88.83320798543575,operational,operational,2024-232L,2025-016K,False
2025-09-20 00:00:00+00:00,QQ_diff_launch,62790,63165,4,4.612112599572054,15.413014288100545,13.875498983132658,86.80242846671155,operational,operational,2025-016F,2025-046G,False
2025-09-20 00:00:00+00:00,QQ_diff_launch,62794,63160,4,6.3495066971906,11.845470256908028,13.870830256541154,86.80628334911991,operational,operational,2025-016K,2025-046B,False
2025-09-20 00:00:00+00:00,QQ_same_launch,62800,62802,2,6.0322793699718575,6.61088088504211,0.006503228671987172,22.69351842623323,operational,operational,2025-016R,2025-016T,False
2025-09-21 00:00:00+00:00,QQ_diff_launch,60389,61563,4,12.87159860512321,17.1422812990131,13.776916547931414,86.85230724432105,operational,operational,2024-140L,2024-185M,False
2025-09-21 00:00:00+00:00,QQ_diff_launch,60392,62789,4,15.940911753585153,17.479948981876614,14.448171744084764,82.78133347055302,operational,operational,2024-140P,2025-016E,False
2025-09-21 00:00:00+00:00,QQ_diff_launch,60395,62794,4,13.550046603236053,15.268022326695444,14.49234586568194,82.85658635573157,operational,operational,2024-140S,2025-016K,False
2025-09-21 00:00:00+00:00,QQ_diff_launch,60396,62790,4,12.245384122681264,14.331970866985884,14.498793827846166,82.70973490596819,operational,operational,2024-140T,2025-016F,False
2025-09-21 00:00:00+00:00,QQ_diff_launch,61569,63161,1,13.465637630482941,13.465637630482941,12.74104409764371,87.87608172433326,stranded,operational,2024-185T,2025-046C,False
2025-09-21 00:00:00+00:00,QQ_same_launch,61552,61553,1,16.913040278314682,16.913040278314682,0.0322378334721485,86.75344435798756,stranded,stranded,2024-185A,2024-185B,False
2025-09-22 00:00:00+00:00,QQ_diff_launch,60380,61569,1,13.77758510668619,13.77758510668619,13.848481416493582,87.00005194039936,operational,stranded,2024-140B,2024-185T,False
2025-09-22 00:00:00+00:00,QQ_diff_launch,60381,61564,1,10.697436800477494,10.697436800477494,13.831398175979178,86.93506467044644,operational,stranded,2024-140C,2024-185N,False
2025-09-22 00:00:00+00:00,QQ_diff_launch,60388,62793,5,12.74580542780616,14.49526628601998,14.464855415605506,82.55228838083079,operational,operational,2024-140K,2025-016J,False
2025-09-22 00:00:00+00:00,QQ_diff_launch,60396,62802,4,16.218321602558056,17.680536955912146,14.461757342054156,82.63827497629507,operational,operational,2024-140T,2025-016T,False
2025-09-22 00:00:00+00:00,QQ_diff_launch,61569,62788,1,19.12100191291612,19.12100191291612,2.783766549258301,88.95439842205593,stranded,operational,2024-185T,2025-016D,False
2025-09-22 00:00:00+00:00,QQ_diff_launch,62789,63168,4,7.012207802692795,12.756309120987817,13.868055605588296,86.76461696556231,operational,operational,2025-016E,2025-046K,False
2025-09-22 00:00:00+00:00,QQ_diff_launch,62798,63159,4,6.293768591986671,12.20317487662293,13.868597948445753,86.76496110157908,operational,operational,2025-016P,2025-046A,False
2025-09-22 00:00:00+00:00,QQ_same_launch,62790,62802,1,14.760774835872294,14.760774835872294,0.009213428200626712,63.664554798615896,operational,operational,2025-016F,2025-016T,False
2025-09-23 00:00:00+00:00,QQ_diff_launch,60385,61554,1,18.523403813765416,18.523403813765416,14.118411299130477,86.72350373157792,drift,stranded,2024-140G,2024-185C,False
2025-09-23 00:00:00+00:00,QQ_diff_launch,60385,61557,1,13.060545838520982,13.060545838520982,14.13384697420339,86.610315364249,drift,stranded,2024-140G,2024-185F,False
2025-09-23 00:00:00+00:00,QQ_diff_launch,60391,61569,1,2.742959311357848,2.742959311357848,13.837467113890382,86.88200767167915,operational,stranded,2024-140N,2024-185T,False
2025-09-23 00:00:00+00:00,QQ_diff_launch,61569,62251,1,12.919243955682443,12.919243955682443,5.020804966913268,88.9337122104871,stranded,operational,2024-185T,2024-232Q,False
2025-09-23 00:00:00+00:00,QQ_diff_launch,61569,62786,1,14.820825514114745,14.820825514114745,2.783743665020802,88.94758117109428,stranded,operational,2024-185T,2025-016B,False
2025-09-23 00:00:00+00:00,QQ_diff_launch,62250,62793,1,13.724168560298198,13.724168560298198,7.521496697455983,88.82480572370737,operational,operational,2024-232P,2025-016J,False
2025-09-23 00:00:00+00:00,QQ_diff_launch,62793,63174,5,5.154193713596669,14.568904907184951,13.85972422642377,86.74414091059515,operational,operational,2025-016J,2025-046R,False
2025-09-23 00:00:00+00:00,QQ_diff_launch,62794,63166,3,10.941379765314805,12.76611180379513,13.863717453986531,86.64214196507082,operational,operational,2025-016K,2025-046H,False
2025-09-23 00:00:00+00:00,QQ_diff_launch,62802,63165,4,5.803034768904566,16.175693057059657,13.855311833180817,86.75278315395704,operational,operational,2025-016T,2025-046G,False
2025-09-23 00:00:00+00:00,QQ_same_launch,61554,61557,3,11.34157751630527,15.671132070046065,0.025911573051677395,66.62263959229867,stranded,stranded,2024-185C,2024-185F,False
2025-09-23 00:00:00+00:00,QQ_same_launch,62790,62800,1,6.906493222364435,6.906493222364435,0.004476917303111868,74.0269685066038,operational,operational,2025-016F,2025-016R,False
2025-09-24 00:00:00+00:00,QQ_diff_launch,60380,61564,1,19.060814302468394,19.060814302468394,13.835212790867141,87.04591679345111,operational,stranded,2024-140B,2024-185N,False
2025-09-24 00:00:00+00:00,QQ_diff_launch,61563,63175,5,0.48078174101132504,17.14298831220924,12.698073795393162,87.9306476344676,operational,operational,2024-185M,2025-046S,False
2025-09-24 00:00:00+00:00,QQ_diff_launch,62246,62790,1,14.46418738247568,14.46418738247568,7.5501278472366025,88.7908456899314,operational,operational,2024-232K,2025-016F,False
2025-09-24 00:00:00+00:00,QQ_diff_launch,62790,63167,5,2.0795503980564454,14.950615870690918,13.88259257056334,86.74480797104518,operational,operational,2025-016F,2025-046J,False
2025-09-24 00:00:00+00:00,QQ_diff_launch,62794,63166,1,5.099550573025341,5.099550573025341,13.886383196734146,86.82152112960328,operational,operational,2025-016K,2025-046H,False
2025-09-24 00:00:00+00:00,QQ_same_launch,61554,61561,1,11.877050926468144,11.877050926468144,0.004581353492289434,88.68685338201291,stranded,stranded,2024-185C,2024-185K,False
2025-09-24 00:00:00+00:00,QQ_same_launch,62786,62802,1,7.729549397809267,7.729549397809267,0.00730370142186517,65.45814482799304,operational,operational,2025-016B,2025-016T,False
2025-09-25 00:00:00+00:00,QQ_diff_launch,60386,61569,1,11.919979911287271,11.919979911287271,13.845278811063803,86.9974172336508,operational,stranded,2024-140H,2024-185T,False
2025-09-25 00:00:00+00:00,QQ_diff_launch,60386,62790,4,12.552735488658282,14.559788945387883,14.496336549425568,82.7681562168327,operational,operational,2024-140H,2025-016F,False
2025-09-25 00:00:00+00:00,QQ_diff_launch,60391,62802,1,18.451748104163155,18.451748104163155,14.452074791696916,83.12794143295964,operational,operational,2024-140N,2025-016T,False
2025-09-25 00:00:00+00:00,QQ_diff_launch,61563,62253,1,14.322359048049004,14.322359048049004,4.979622439576592,88.90950604279917,operational,operational,2024-185M,2024-232S,False
2025-09-25 00:00:00+00:00,QQ_diff_launch,61569,63167,1,19.035776513353618,19.035776513353618,12.735948486910075,87.92493421843561,stranded,operational,2024-185T,2025-046J,False
2025-09-26 00:00:00+00:00,QQ_diff_launch,60382,61569,1,4.7624033364824,4.7624033364824,13.846549390485524,86.85591221519935,operational,stranded,2024-140D,2024-185T,False
2025-09-26 00:00:00+00:00,QQ_diff_launch,60391,62802,3,14.539756324349636,14.91608355962979,14.452158925699877,82.7386232613862,operational,operational,2024-140N,2025-016T,False
2025-09-26 00:00:00+00:00,QQ_diff_launch,61563,62795,2,2.9954579867184115,9.069178088471187,2.821854464963425,88.94755591833746,operational,operational,2024-185M,2025-016L,False
2025-09-26 00:00:00+00:00,QQ_diff_launch,61565,62248,5,15.407131955501738,17.40538906935268,4.980328916857864,88.9251768339048,operational,operational,2024-185P,2024-232M,False
2025-09-26 00:00:00+00:00,QQ_diff_launch,62239,62802,1,16.91272550245914,16.91272550245914,7.526222393202044,88.8424822785393,operational,operational,2024-232C,2025-016T,False
2025-09-27 00:00:00+00:00,QQ_diff_launch,60381,61563,4,10.91490560457563,15.910653936943435,13.780291185187743,86.86834239515895,operational,operational,2024-140C,2024-185M,False
2025-09-27 00:00:00+00:00,QQ_diff_launch,60382,61564,1,13.200757011825392,13.200757011825392,13.833896284541877,86.9255543469636,operational,stranded,2024-140D,2024-185N,False
2025-09-27 00:00:00+00:00,QQ_diff_launch,61564,62249,1,15.97807026295157,15.97807026295157,4.976868313094556,88.90302113655977,stranded,operational,2024-185N,2024-232N,False
2025-09-27 00:00:00+00:00,QQ_diff_launch,62802,63162,5,1.877717117086908,15.302835304545136,13.854100219866483,86.794862626672,operational,operational,2025-016T,2025-046D,False
2025-09-27 00:00:00+00:00,QQ_same_launch,61564,61569,1,10.367745510399041,10.367745510399041,0.04906545989526366,87.91846406314878,stranded,stranded,2024-185N,2024-185T,False
2025-09-27 00:00:00+00:00,QQ_same_launch,62788,62802,1,10.78927163956099,10.78927163956099,0.010699404231436982,68.62543408626236,operational,operational,2025-016D,2025-016T,False
2025-09-27 00:00:00+00:00,QQ_same_launch,62790,62801,1,5.766778882325029,5.766778882325029,0.0028402411977798184,15.578246717867803,operational,operational,2025-016F,2025-016S,False
2025-09-28 00:00:00+00:00,QQ_diff_launch,60382,62790,7,6.128706382342406,17.463919400638403,14.49558813162655,82.66940332608583,operational,operational,2024-140D,2025-016F,False
2025-09-28 00:00:00+00:00,QQ_diff_launch,60384,61569,1,18.002170073194474,18.002170073194474,13.852078491201876,86.65023957549677,operational,stranded,2024-140F,2024-185T,False
2025-09-28 00:00:00+00:00,QQ_diff_launch,60385,62243,1,18.540746422273067,18.540746422273067,11.679316824936251,88.45453404237591,drift,stranded,2024-140G,2024-232G,False
2025-09-28 00:00:00+00:00,QQ_diff_launch,61564,62252,1,12.065459275447814,12.065459275447814,4.973727926967437,88.92221138470163,stranded,operational,2024-185N,2024-232R,False
2025-09-28 00:00:00+00:00,QQ_diff_launch,61569,63170,1,16.102959839398032,16.102959839398032,12.742137917035793,87.9089062028396,stranded,operational,2024-185T,2025-046M,False
2025-09-29 00:00:00+00:00,QQ_diff_launch,60380,62802,5,8.926010999490137,12.635940222435266,14.458825247182038,82.62760364142957,operational,operational,2024-140B,2025-016T,False
2025-09-29 00:00:00+00:00,QQ_diff_launch,60382,62790,1,15.10145480577603,15.10145480577603,14.49586563337724,83.08473993669064,operational,operational,2024-140D,2025-016F,False
2025-09-30 00:00:00+00:00,QQ_diff_launch,60380,62802,1,18.537031850452156,18.537031850452156,14.458975830680401,82.23826612657578,operational,operational,2024-140B,2025-016T,False
2025-09-30 00:00:00+00:00,QQ_diff_launch,61563,63166,4,5.994308615682647,9.333310017710346,12.721551185279434,87.95214104175818,operational,operational,2024-185M,2025-046H,False
2025-09-30 00:00:00+00:00,QQ_diff_launch,61569,62793,1,17.95516216929096,17.95516216929096,2.7829651988044612,88.95772254090775,stranded,operational,2024-185T,2025-016J,False
2025-09-30 00:00:00+00:00,QQ_diff_launch,62802,63161,1,8.456507562059189,8.456507562059189,13.864399975633548,86.82236766310866,operational,operational,2025-016T,2025-046C,False
2025-10-01 00:00:00+00:00,QQ_diff_launch,60388,61569,1,17.726440883514105,17.726440883514105,13.862811996839907,86.99480216535807,operational,stranded,2024-140K,2024-185T,False
2025-10-01 00:00:00+00:00,QQ_diff_launch,61563,62794,2,11.595974797599666,11.875136766916288,2.818221446935561,88.95187359715774,operational,operational,2024-185M,2025-016K,False
2025-10-01 00:00:00+00:00,QQ_diff_launch,61565,62792,1,18.488642803990544,18.488642803990544,2.811616602371106,88.93994709036012,operational,operational,2024-185P,2025-016H,False
2025-10-01 00:00:00+00:00,QQ_diff_launch,61569,63174,1,19.125658360085975,19.125658360085975,12.736706292063435,87.93694308050549,stranded,operational,2024-185T,2025-046R,False
2025-10-01 00:00:00+00:00,QQ_diff_launch,62802,63161,3,7.92181286476969,9.85442258180925,13.85365345333083,86.70003079382235,operational,operational,2025-016T,2025-046C,False
2025-10-02 00:00:00+00:00,QQ_diff_launch,60395,61563,4,10.243622170770546,15.435510716029523,13.773692975592727,86.90304015974448,operational,operational,2024-140S,2024-185M,False
2025-10-02 00:00:00+00:00,QQ_diff_launch,61560,62240,1,3.9658537488095584,3.9658537488095584,5.06887534895466,88.92235096048967,stranded,stranded,2024-185J,2024-232D,False
2025-10-02 00:00:00+00:00,QQ_diff_launch,61565,62792,8,3.7154736320158586,9.644745084503416,2.81308741293428,88.95781314212164,operational,operational,2024-185P,2025-016H,False
2025-10-03 00:00:00+00:00,QQ_diff_launch,60387,61569,1,16.611616378957756,16.611616378957756,13.838995667201704,86.69300922690634,operational,stranded,2024-140J,2024-185T,False
2025-10-03 00:00:00+00:00,QQ_diff_launch,60390,61564,1,16.235547966869607,16.235547966869607,13.826265912850287,86.80130175645287,operational,stranded,2024-140M,2024-185N,False
2025-10-03 00:00:00+00:00,QQ_diff_launch,60392,61565,11,15.440852927648542,17.74097633252551,13.822050774102037,86.92580823624212,operational,operational,2024-140P,2024-185P,False
2025-10-03 00:00:00+00:00,QQ_same_launch,61554,61568,1,9.997504558119703,9.997504558119703,0.010716303599543989,88.9547605807899,stranded,stranded,2024-185C,2024-185S,False
2025-10-04 00:00:00+00:00,QQ_diff_launch,60383,61569,1,14.080941393789658,14.080941393789658,13.841582858719974,87.01324156904062,operational,stranded,2024-140E,2024-185T,False
2025-10-04 00:00:00+00:00,QQ_diff_launch,60392,61564,1,17.598757689430695,17.598757689430695,13.82792710587695,86.75372152728289,operational,stranded,2024-140P,2024-185N,False
2025-10-04 00:00:00+00:00,QQ_diff_launch,60392,61565,5,15.297354039904837,16.71343985364319,13.784939587396133,86.81274174521968,operational,operational,2024-140P,2024-185P,False
2025-10-04 00:00:00+00:00,QQ_diff_launch,61569,62241,1,11.559195196940323,11.559195196940323,5.066473630381992,88.90637337829867,stranded,operational,2024-185T,2024-232E,False
2025-10-04 00:00:00+00:00,QQ_diff_launch,61569,63159,1,19.92864815154352,19.92864815154352,12.740873300548028,87.88684862966792,stranded,operational,2024-185T,2025-046A,False
2025-10-05 00:00:00+00:00,QQ_diff_launch,61563,62247,1,15.180406140161903,15.180406140161903,4.969668250885233,88.91582767837197,operational,operational,2024-185M,2024-232L,False
2025-10-05 00:00:00+00:00,QQ_diff_launch,61563,63160,4,2.8387700989046714,11.682497344579545,12.714600684760262,87.97337267562642,operational,operational,2024-185M,2025-046B,False
2025-10-06 00:00:00+00:00,QQ_diff_launch,60390,61569,1,10.125122029772427,10.125122029772427,13.837775052147391,86.94907602547123,operational,stranded,2024-140M,2024-185T,False
2025-10-06 00:00:00+00:00,QQ_diff_launch,60395,61564,1,15.898880551557749,15.898880551557749,13.822267723933393,86.99036644684098,operational,stranded,2024-140S,2024-185N,False
2025-10-06 00:00:00+00:00,QQ_diff_launch,61563,62247,1,11.280678940121971,11.280678940121971,4.956824523333428,88.91071138956221,operational,operational,2024-185M,2024-232L,False
2025-10-06 00:00:00+00:00,QQ_diff_launch,61563,63160,1,19.934285972151187,19.934285972151187,12.703195366994006,87.79107708001061,operational,operational,2024-185M,2025-046B,False
2025-10-06 00:00:00+00:00,QQ_same_launch,61552,61556,1,10.152915940544428,10.152915940544428,0.021391090646490973,80.40017921523526,stranded,stranded,2024-185A,2024-185E,False
2025-10-07 00:00:00+00:00,QQ_diff_launch,60385,61561,9,12.359884683993762,15.95432791547097,14.117282430275782,86.63927026820339,drift,stranded,2024-140G,2024-185K,False
2025-10-07 00:00:00+00:00,QQ_diff_launch,60394,61563,1,16.347283855422038,16.347283855422038,13.814013206147807,86.96691571676584,operational,operational,2024-140R,2024-185M,False
2025-10-07 00:00:00+00:00,QQ_diff_launch,61563,62791,2,4.7833146604285925,7.7386451120963935,2.8387407831491736,88.95571364081675,operational,operational,2024-185M,2025-016G,False
2025-10-07 00:00:00+00:00,QQ_diff_launch,61569,62245,1,12.553243940770283,12.553243940770283,5.033288255100182,88.90758286563535,stranded,operational,2024-185T,2024-232J,False
2025-10-07 00:00:00+00:00,QQ_diff_launch,61569,63168,1,19.742470801036166,19.742470801036166,12.748222823193325,87.95373524800718,stranded,operational,2024-185T,2025-046K,False
2025-10-07 00:00:00+00:00,QQ_same_launch,61565,61569,1,19.880717789137215,19.880717789137215,0.02313004477922688,70.1213172827073,operational,stranded,2024-185P,2024-185T,False
2025-10-08 00:00:00+00:00,QQ_diff_launch,60385,61561,15,11.973187306689395,14.427945563243577,14.137857294792251,86.82687871919958,drift,stranded,2024-140G,2024-185K,True
2025-10-08 00:00:00+00:00,QQ_diff_launch,60394,61563,5,9.54416534021207,16.10444990335517,13.77603992482565,86.83871285502285,operational,operational,2024-140R,2024-185M,False
2025-10-08 00:00:00+00:00,QQ_same_launch,61562,61563,1,19.42553796564142,19.42553796564142,0.06618034065702608,87.01720721927978,operational,operational,2024-185L,2024-185M,False
2025-10-08 00:00:00+00:00,QQ_same_launch,61562,61569,1,14.51682778194208,14.51682778194208,0.02756665347043505,83.60297465245615,operational,stranded,2024-185L,2024-185T,False
2025-10-09 00:00:00+00:00,QQ_diff_launch,60391,61564,1,17.35006277156687,17.35006277156687,13.821250029088487,86.84771603638114,operational,stranded,2024-140N,2024-185N,False
2025-10-09 00:00:00+00:00,QQ_same_launch,61554,61560,1,9.663584943243569,9.663584943243569,0.0025637144663862035,52.67318233149371,stranded,stranded,2024-185C,2024-185J,False
2025-10-09 00:00:00+00:00,QQ_same_launch,61562,61563,2,1.1979184585889113,9.44822388082263,0.06478967189216579,88.29445408494979,operational,operational,2024-185L,2024-185M,False
2025-10-10 00:00:00+00:00,QQ_diff_launch,60385,62240,2,9.66523881345891,10.017166119317219,11.678323982712623,88.3960302404792,drift,stranded,2024-140G,2024-232D,False
2025-10-11 00:00:00+00:00,QQ_diff_launch,60381,61569,1,18.531314551606865,18.531314551606865,13.838013541427538,86.68976299268282,operational,stranded,2024-140C,2024-185T,False
2025-10-11 00:00:00+00:00,QQ_diff_launch,61563,62248,2,5.698447932827297,10.541923464623453,4.969388618607644,88.9120203284217,operational,operational,2024-185M,2024-232M,False
2025-10-11 00:00:00+00:00,QQ_diff_launch,61569,62795,1,11.643429751434875,11.643429751434875,2.790869251274913,88.95581804155555,stranded,operational,2024-185T,2025-016L,False
2025-10-12 00:00:00+00:00,QQ_diff_launch,60389,61569,1,16.79884436427543,16.79884436427543,13.835528628673782,86.99308901443027,operational,stranded,2024-140L,2024-185T,False
2025-10-12 00:00:00+00:00,QQ_diff_launch,61563,62792,1,10.18114610334324,10.18114610334324,2.8230226972680477,88.96052625524123,operational,operational,2024-185M,2025-016H,False
2025-10-12 00:00:00+00:00,QQ_same_launch,61554,61561,1,11.33688408628934,11.33688408628934,0.00254430334737895,44.874373883787904,stranded,stranded,2024-185C,2024-185K,False
2025-10-13 00:00:00+00:00,QQ_diff_launch,60385,61554,1,15.408620704996945,15.408620704996945,14.125838685493505,86.61781493876035,drift,stranded,2024-140G,2024-185C,False
2025-10-13 00:00:00+00:00,QQ_diff_launch,60392,61563,5,3.819613299970998,12.466583252567665,13.780129632218395,86.89346144036838,operational,operational,2024-140P,2024-185M,False
2025-10-13 00:00:00+00:00,QQ_diff_launch,61563,62792,1,11.068738052282155,11.068738052282155,2.8302292468846995,88.95537357550808,operational,operational,2024-185M,2025-016H,False
2025-10-13 00:00:00+00:00,QQ_diff_launch,61568,62243,1,7.635066873540954,7.635066873540954,5.052777775927455,88.9316624038046,stranded,stranded,2024-185S,2024-232G,False
2025-10-14 00:00:00+00:00,QQ_diff_launch,61554,62240,1,8.707572632458898,8.707572632458898,5.070347743723236,88.90708529071388,stranded,stranded,2024-185C,2024-232D,False
2025-10-15 00:00:00+00:00,QQ_diff_launch,60391,61569,1,17.3786982448443,17.3786982448443,13.831686193585192,87.01930606228005,operational,stranded,2024-140N,2024-185T,False
2025-10-15 00:00:00+00:00,QQ_diff_launch,61569,62251,1,13.98228261261501,13.98228261261501,5.00862067759276,88.92486265356965,stranded,operational,2024-185T,2024-232Q,False
2025-10-15 00:00:00+00:00,QQ_same_launch,61557,61560,1,13.433124066991018,13.433124066991018,0.024353737543244238,82.58795362812137,stranded,stranded,2024-185F,2024-185J,False
2025-10-16 00:00:00+00:00,QQ_diff_launch,61563,62245,3,10.137168812525333,16.381970642546108,4.980932845235934,88.93333277563127,operational,operational,2024-185M,2024-232J,False
2025-10-16 00:00:00+00:00,QQ_diff_launch,61563,63168,3,8.485847453116552,9.643229931157,12.720049382602003,87.92768998139651,operational,operational,2024-185M,2025-046K,False
2025-10-16 00:00:00+00:00,QQ_diff_launch,61564,63159,1,17.29180810069887,17.29180810069887,12.708442012412076,87.90554248651185,stranded,operational,2024-185N,2025-046A,False
2025-10-16 00:00:00+00:00,QQ_diff_launch,61565,62245,4,6.614913064350554,10.689611711451647,5.004488328887555,88.92652160881555,operational,operational,2024-185P,2024-232J,False
2025-10-16 00:00:00+00:00,QQ_same_launch,61558,61567,1,15.968933749873111,15.968933749873111,0.022631216802421097,72.08809023248106,stranded,stranded,2024-185G,2024-185R,False
2025-10-16 00:00:00+00:00,QQ_same_launch,61563,61565,4,6.372806772745745,12.22516920595654,0.017302933236454966,76.94451141998489,operational,operational,2024-185M,2024-185P,False
2025-10-17 00:00:00+00:00,QQ_diff_launch,61563,63168,1,19.940324649405895,19.940324649405895,12.708480370820967,87.80956603299312,operational,operational,2024-185M,2025-046K,False
2025-10-17 00:00:00+00:00,QQ_diff_launch,61565,62245,4,5.380719018743326,9.518332047012981,4.99632711004007,88.92485872503141,operational,operational,2024-185P,2024-232J,False
2025-10-17 00:00:00+00:00,QQ_diff_launch,61565,63168,16,3.0523645469544545,9.536772523696268,12.725980249122845,87.94099155221264,operational,operational,2024-185P,2025-046K,True
2025-10-17 00:00:00+00:00,QQ_diff_launch,61569,62801,1,18.09979524799752,18.09979524799752,2.7953219840593992,88.96308987656529,stranded,operational,2024-185T,2025-016S,False
2025-10-18 00:00:00+00:00,QQ_diff_launch,60382,61569,2,16.609815707204817,17.392185847138578,13.82634795815151,86.8869538342638,operational,stranded,2024-140D,2024-185T,False
2025-10-18 00:00:00+00:00,QQ_diff_launch,60390,61563,5,4.760806656459098,12.529945239747335,13.812980929837208,86.94063819930382,operational,operational,2024-140M,2024-185M,False
2025-10-18 00:00:00+00:00,QQ_diff_launch,61563,62789,2,5.66360952194338,8.353023193240247,2.8256944759487217,88.95218127924832,operational,operational,2024-185M,2025-016E,False
2025-10-18 00:00:00+00:00,QQ_diff_launch,61564,62792,1,17.579180016072826,17.579180016072826,2.847626796073432,88.9559162448273,stranded,operational,2024-185N,2025-016H,False
2025-10-18 00:00:00+00:00,QQ_diff_launch,61565,63168,1,15.778107236917752,15.778107236917752,12.719659515462267,87.82395886640079,operational,operational,2024-185P,2025-046K,False
2025-10-18 00:00:00+00:00,QQ_same_launch,61557,61561,1,13.584742467847374,13.584742467847374,0.024630273505646463,85.0380445830457,stranded,stranded,2024-185F,2024-185K,False
2025-10-19 00:00:00+00:00,QQ_diff_launch,60384,61569,1,18.061951945477727,18.061951945477727,13.818437214613658,86.77030661511832,operational,stranded,2024-140F,2024-185T,False
2025-10-19 00:00:00+00:00,QQ_diff_launch,60385,61557,1,2.091011372843517,2.091011372843517,14.145586113007349,86.76265771017346,drift,stranded,2024-140G,2024-185F,False
2025-10-19 00:00:00+00:00,QQ_diff_launch,60390,61563,2,7.2457857434429505,12.96847368935185,13.782859932697022,86.7500278157139,operational,operational,2024-140M,2024-185M,False
2025-10-19 00:00:00+00:00,QQ_diff_launch,61569,62249,1,17.189500887850336,17.189500887850336,5.00891028142502,88.91263702775711,stranded,operational,2024-185T,2024-232N,False
2025-10-19 00:00:00+00:00,QQ_diff_launch,61569,63172,1,16.30891359472161,16.30891359472161,12.741751600436848,87.82835455181247,stranded,operational,2024-185T,2025-046P,False
2025-10-20 00:00:00+00:00,QQ_diff_launch,60384,61569,1,16.89620230160958,16.89620230160958,13.844739506858234,86.84366951691169,operational,stranded,2024-140F,2024-185T,False
2025-10-20 00:00:00+00:00,QQ_diff_launch,61564,62794,1,19.972812659907312,19.972812659907312,2.8390751918557764,88.95942778285877,stranded,operational,2024-185N,2025-016K,False
2025-10-21 00:00:00+00:00,QQ_diff_launch,61569,63171,1,11.001655196859522,11.001655196859522,12.734050342492727,87.86779148848701,stranded,operational,2024-185T,2025-046N,False
2025-10-22 00:00:00+00:00,QQ_diff_launch,61563,62255,3,6.46493858489665,16.167469572587503,5.011213268700555,88.91525242055219,operational,operational,2024-185M,2024-232U,False
2025-10-22 00:00:00+00:00,QQ_diff_launch,61563,63173,3,5.665149897813599,11.593207549016704,12.722776188025184,87.92993773509194,operational,operational,2024-185M,2025-046Q,False
2025-10-22 00:00:00+00:00,QQ_diff_launch,61565,62789,3,10.151139550532175,14.125824361655106,2.806822379525532,88.94839839786995,operational,operational,2024-185P,2025-016E,False
2025-10-22 00:00:00+00:00,QQ_same_launch,61553,61558,1,13.97896315330337,13.97896315330337,0.014073944136122002,59.967204292981435,stranded,stranded,2024-185B,2024-185G,False
2025-10-22 00:00:00+00:00,QQ_same_launch,61554,61568,1,13.010016674875274,13.010016674875274,0.011603605581195041,70.87575127826771,stranded,stranded,2024-185C,2024-185S,False
2025-10-23 00:00:00+00:00,QQ_diff_launch,60388,61569,1,17.078887212582707,17.078887212582707,13.836959215576327,86.66720428631531,operational,stranded,2024-140K,2024-185T,False
2025-10-23 00:00:00+00:00,QQ_diff_launch,61563,62787,2,6.280134864238791,8.694340689477713,2.8368519013359865,88.96031530568422,operational,operational,2024-185M,2025-016C,False
2025-10-23 00:00:00+00:00,QQ_diff_launch,61564,63165,1,17.435726121041622,17.435726121041622,12.701874395708918,87.99852414794744,stranded,operational,2024-185N,2025-046G,False
2025-10-23 00:00:00+00:00,QQ_diff_launch,61565,62789,4,12.134840376809167,13.452233144560552,2.8108917749018976,88.96271905405683,operational,operational,2024-185P,2025-016E,False
2025-10-24 00:00:00+00:00,QQ_diff_launch,60387,61569,1,12.815120970171964,12.815120970171964,13.806964752207339,86.85711026736999,operational,stranded,2024-140J,2024-185T,False
2025-10-24 00:00:00+00:00,QQ_diff_launch,60390,61565,4,8.44582781756802,12.821922184913827,13.815469120845695,87.02796301767376,operational,operational,2024-140M,2024-185P,False
2025-10-24 00:00:00+00:00,QQ_diff_launch,60393,61563,6,1.9706413557638178,11.353814751826928,13.800320973480886,86.8820546503016,operational,operational,2024-140Q,2024-185M,False
2025-10-24 00:00:00+00:00,QQ_diff_launch,61569,63164,1,12.653019055359339,12.653019055359339,12.730309565056688,87.9907774577174,stranded,operational,2024-185T,2025-046F,False
2025-10-24 00:00:00+00:00,QQ_diff_launch,62245,63168,2,19.41608843326715,19.57673073087036,9.497943645614825,88.60678752960811,operational,operational,2024-232J,2025-046K,False
2025-10-25 00:00:00+00:00,QQ_diff_launch,60390,61565,20,1.071177337918947,7.402332851383017,13.79360804860855,86.88160848293967,operational,operational,2024-140M,2024-185P,True
2025-10-25 00:00:00+00:00,QQ_diff_launch,61564,62801,1,18.4637955919717,18.4637955919717,2.846919208973884,88.95858254176991,stranded,operational,2024-185N,2025-016S,False
2025-10-25 00:00:00+00:00,QQ_diff_launch,61569,63176,1,17.69920483612066,17.69920483612066,12.727681120493788,87.80825423972944,stranded,operational,2024-185T,2025-046T,False
2025-10-25 00:00:00+00:00,QQ_diff_launch,62245,63168,14,14.893545650393712,16.99599891567711,9.49790615705718,88.61592757380129,operational,operational,2024-232J,2025-046K,True
2025-10-26 00:00:00+00:00,QQ_diff_launch,60390,61565,3,12.457282493870972,15.38920516812353,13.793691376073417,86.7189675784998,operational,operational,2024-140M,2024-185P,False
2025-10-26 00:00:00+00:00,QQ_diff_launch,61564,63172,1,19.042045781522273,19.042045781522273,12.718688355138413,87.86128797882594,stranded,operational,2024-185N,2025-046P,False
2025-10-26 00:00:00+00:00,QQ_diff_launch,61569,62798,1,9.178459521306563,9.178459521306563,2.798354338631632,88.94998037072524,stranded,operational,2024-185T,2025-016P,False
2025-10-26 00:00:00+00:00,QQ_diff_launch,62245,63168,13,10.594782327140043,12.54289856562967,9.497886317933142,88.63164062402691,operational,operational,2024-232J,2025-046K,False
2025-10-27 00:00:00+00:00,QQ_diff_launch,61563,62241,2,1.6756239810755649,6.297011790907593,5.0133911983531,88.92945884559684,operational,operational,2024-185M,2024-232E,False
2025-10-27 00:00:00+00:00,QQ_diff_launch,61563,63159,2,9.784877097687003,12.70009138149182,12.707595384586831,87.96173440256356,operational,operational,2024-185M,2025-046A,False
2025-10-27 00:00:00+00:00,QQ_diff_launch,61569,63173,1,11.034428602830825,11.034428602830825,12.733115783215414,87.86473693363962,stranded,operational,2024-185T,2025-046Q,False
2025-10-27 00:00:00+00:00,QQ_diff_launch,62245,63168,14,6.281091273972932,8.262869165857097,9.497888428332637,88.64692506959943,operational,operational,2024-232J,2025-046K,True
2025-10-28 00:00:00+00:00,QQ_diff_launch,61561,62243,1,5.383868636480392,5.383868636480392,5.052341119946371,88.93222698430137,stranded,stranded,2024-185K,2024-232G,False
2025-10-28 00:00:00+00:00,QQ_diff_launch,61563,63159,1,13.690318231661577,13.690318231661577,12.714357666048999,87.85227483008326,operational,operational,2024-185M,2025-046A,False
2025-10-28 00:00:00+00:00,QQ_diff_launch,61569,62789,1,7.968082658855675,7.968082658855675,2.799142990365259,88.95470616233955,stranded,operational,2024-185T,2025-016E,False
2025-10-28 00:00:00+00:00,QQ_diff_launch,62245,63168,13,11.079620819811247,11.167508843706088,9.497930418876894,88.63527308264725,operational,operational,2024-232J,2025-046K,False
2025-10-28 00:00:00+00:00,QQ_diff_launch,62250,63174,3,19.021779180669956,19.35965990519542,9.520609686562139,88.60281812439102,operational,operational,2024-232P,2025-046R,False
2025-10-29 00:00:00+00:00,QQ_diff_launch,60383,61563,1,9.50724311019434,9.50724311019434,13.813028987219763,86.98969770127937,operational,operational,2024-140E,2024-185M,False
2025-10-29 00:00:00+00:00,QQ_diff_launch,60385,62243,1,10.764970809854212,10.764970809854212,11.678682598933523,88.41729640563987,drift,stranded,2024-140G,2024-232G,False
2025-10-29 00:00:00+00:00,QQ_diff_launch,60388,61564,1,19.612678310493475,19.612678310493475,13.824278751854933,86.7099477150092,operational,stranded,2024-140K,2024-185N,False
2025-10-29 00:00:00+00:00,QQ_diff_launch,60392,61569,1,12.106411228174256,12.106411228174256,13.807091264678924,86.80643045933327,operational,stranded,2024-140P,2024-185T,False
2025-10-29 00:00:00+00:00,QQ_diff_launch,61563,62798,2,12.548387781234755,13.104896487321817,2.824733833177806,88.95945738255959,operational,operational,2024-185M,2025-016P,False
2025-10-29 00:00:00+00:00,QQ_diff_launch,61564,63169,1,8.728095205050984,8.728095205050984,12.75333600062358,87.87055402497245,stranded,stranded,2024-185N,2025-046L,False
2025-10-29 00:00:00+00:00,QQ_diff_launch,61568,66043,2,1.3485940979391495,6.627888839719311,1.9359538281798905,88.97312018355424,stranded,drift,2024-185S,2025-233L,False
2025-10-29 00:00:00+00:00,QQ_diff_launch,61568,66044,1,10.955370249417715,10.955370249417715,1.9388964322356794,88.97486117223875,stranded,drift,2024-185S,2025-233M,False
2025-10-29 00:00:00+00:00,QQ_diff_launch,61568,66045,2,11.476118227542662,14.196243726479764,1.935842503207474,88.97137318228454,stranded,drift,2024-185S,2025-233N,False
2025-10-29 00:00:00+00:00,QQ_diff_launch,61568,66046,1,7.7667744930726474,7.7667744930726474,1.9329533766488805,88.97570966991567,stranded,drift,2024-185S,2025-233P,False
2025-10-29 00:00:00+00:00,QQ_diff_launch,61568,66047,2,7.273230232127637,13.53248782142279,1.9358234312947098,88.97404900409732,stranded,drift,2024-185S,2025-233Q,False
2025-10-29 00:00:00+00:00,QQ_diff_launch,61568,66048,1,6.661939335275288,6.661939335275288,1.9328980271245089,88.9755573470245,stranded,drift,2024-185S,2025-233R,False
2025-10-29 00:00:00+00:00,QQ_diff_launch,61568,66049,2,9.898170839986264,12.491914943228052,1.9359399533720412,88.97326670798951,stranded,drift,2024-185S,2025-233S,False
2025-10-29 00:00:00+00:00,QQ_diff_launch,61568,66050,2,11.483133971373462,15.198675271586856,1.9357949982044147,88.97315119789386,stranded,drift,2024-185S,2025-233T,False
2025-10-29 00:00:00+00:00,QQ_diff_launch,61569,62792,1,18.838447176952826,18.838447176952826,2.8003691077224673,88.93881604983623,stranded,operational,2024-185T,2025-016H,False
2025-10-29 00:00:00+00:00,QQ_diff_launch,62241,63159,12,16.172144316502788,18.089274831832153,9.462964357250586,88.61777306562033,operational,operational,2024-232E,2025-046A,False
2025-10-29 00:00:00+00:00,QQ_diff_launch,62245,63168,14,11.21990227952883,11.359369424222137,9.498008919385246,88.63399459618475,operational,operational,2024-232J,2025-046K,True
2025-10-29 00:00:00+00:00,QQ_diff_launch,62250,63174,13,14.46821095272968,16.527879801932023,9.520616750814554,88.6127862914584,operational,operational,2024-232P,2025-046R,False
2025-10-29 00:00:00+00:00,QQ_same_launch,66041,66042,18,0.11285122432483263,1.2596062881684529,0.0014674400170469671,56.309220531549066,drift,drift,2025-233J,2025-233K,True
2025-10-29 00:00:00+00:00,QQ_same_launch,66043,66047,1,0.5774379961355681,0.5774379961355681,8.327829884002779e-06,60.986838375412155,drift,drift,2025-233L,2025-233Q,False
2025-10-29 00:00:00+00:00,QQ_same_launch,66043,66048,1,1.6058859103656338,1.6058859103656338,0.0010950811150769965,86.0817346277358,drift,drift,2025-233L,2025-233R,False
2025-10-29 00:00:00+00:00,QQ_same_launch,66043,66049,1,1.3246537944524415,1.3246537944524415,0.000838377579468689,45.48530192425742,drift,drift,2025-233L,2025-233S,False
2025-10-30 00:00:00+00:00,QQ_diff_launch,60383,61563,5,3.2689813374893477,13.269462312856582,13.786622747084738,86.86206638289401,operational,operational,2024-140E,2024-185M,False
2025-10-30 00:00:00+00:00,QQ_diff_launch,60383,61564,1,18.61912686981378,18.61912686981378,13.794435443267966,86.89681715452964,operational,stranded,2024-140E,2024-185N,False
2025-10-30 00:00:00+00:00,QQ_diff_launch,60394,61569,1,13.141487567040983,13.141487567040983,13.803361708389279,86.94773660338505,operational,stranded,2024-140R,2024-185T,False
2025-10-30 00:00:00+00:00,QQ_diff_launch,61557,66043,2,9.694866749829584,13.676030698960666,1.9664059442313935,88.97508197495036,stranded,drift,2024-185F,2025-233L,False
2025-10-30 00:00:00+00:00,QQ_diff_launch,61557,66047,1,16.008150266353557,16.008150266353557,1.9698529534388372,88.96706308614424,stranded,drift,2024-185F,2025-233Q,False
2025-10-30 00:00:00+00:00,QQ_diff_launch,61557,66049,1,19.050867269862575,19.050867269862575,1.9699898023146956,88.96538605893875,stranded,drift,2024-185F,2025-233S,False
2025-10-30 00:00:00+00:00,QQ_diff_launch,61564,62796,1,19.024782029988078,19.024782029988078,2.840153221034723,88.94744596579875,stranded,operational,2024-185N,2025-016M,False
2025-10-30 00:00:00+00:00,QQ_diff_launch,61564,63176,1,14.936254190518605,14.936254190518605,12.70396291007858,87.95330736964549,stranded,operational,2024-185N,2025-046T,False
2025-10-30 00:00:00+00:00,QQ_diff_launch,62241,63159,13,11.966903649305715,14.006522271877985,9.463066215448832,88.6320976757579,operational,operational,2024-232E,2025-046A,False
2025-10-30 00:00:00+00:00,QQ_diff_launch,62245,63168,13,11.525021222382952,11.598648877242827,9.498091796333018,88.63268463133457,operational,operational,2024-232J,2025-046K,False
2025-10-30 00:00:00+00:00,QQ_diff_launch,62250,63174,14,9.80273145224137,12.03595643882476,9.520625651892948,88.62845487849322,operational,operational,2024-232P,2025-046R,True
2025-10-30 00:00:00+00:00,QQ_same_launch,61562,61569,1,18.266088316332514,18.266088316332514,0.03026647784640667,83.00565022672185,operational,stranded,2024-185L,2024-185T,False
2025-10-30 00:00:00+00:00,QQ_same_launch,66041,66042,15,5.183850033085651,8.506243263770555,0.009297336826735938,59.60716050441319,drift,drift,2025-233J,2025-233K,True
2025-10-31 00:00:00+00:00,QQ_diff_launch,61557,66039,2,4.202678381494656,9.799827291281156,1.966069507926619,88.97289540639937,stranded,drift,2024-185F,2025-233G,False
2025-10-31 00:00:00+00:00,QQ_diff_launch,61564,63173,1,15.439595134155205,15.439595134155205,12.709686510405373,87.92878775377808,stranded,operational,2024-185N,2025-046Q,False
2025-10-31 00:00:00+00:00,QQ_diff_launch,61569,62791,1,9.654429992784316,9.654429992784316,2.813974587119745,88.95232034972311,stranded,operational,2024-185T,2025-016G,False
2025-10-31 00:00:00+00:00,QQ_diff_launch,62241,63159,14,12.931516423055967,12.990102117652992,9.463281594861066,88.63485641738185,operational,operational,2024-232E,2025-046A,True
2025-10-31 00:00:00+00:00,QQ_diff_launch,62242,63164,2,19.653392473538712,19.785084928415912,9.501972064885564,88.60293494829872,operational,operational,2024-232F,2025-046F,False
2025-10-31 00:00:00+00:00,QQ_diff_launch,62245,63168,14,11.5657998417843,11.656999725727058,9.498230560700113,88.63203609627871,operational,operational,2024-232J,2025-046K,True
2025-10-31 00:00:00+00:00,QQ_diff_launch,62250,63174,13,5.253455558613844,7.300313048739173,9.520714648642887,88.6447227138403,operational,operational,2024-232P,2025-046R,False
2025-10-31 00:00:00+00:00,QQ_same_launch,61554,61561,1,12.654902449293893,12.654902449293893,0.0031894787369014955,34.33119291407483,stranded,stranded,2024-185C,2024-185K,False
2025-11-01 00:00:00+00:00,QQ_diff_launch,60385,61554,1,14.985915182688366,14.985915182688366,14.144486981686475,86.67042156903776,drift,stranded,2024-140G,2024-185C,False
2025-11-01 00:00:00+00:00,QQ_diff_launch,60395,61569,1,11.460347257515288,11.460347257515288,13.803017337583553,86.95361364151663,operational,stranded,2024-140S,2024-185T,False
2025-11-01 00:00:00+00:00,QQ_diff_launch,61557,66034,2,2.859389858089557,10.64103161081284,1.965793475147074,88.97099535032511,stranded,drift,2024-185F,2025-233B,False
2025-11-01 00:00:00+00:00,QQ_diff_launch,61569,63166,1,15.588325428168137,15.588325428168137,12.738577903150633,88.00843761718616,stranded,operational,2024-185T,2025-046H,False
2025-11-01 00:00:00+00:00,QQ_diff_launch,62239,63162,2,19.563890580316396,19.765460917422004,9.494418363902358,88.60321090116233,operational,operational,2024-232C,2025-046D,False
2025-11-01 00:00:00+00:00,QQ_diff_launch,62240,66045,3,11.193359861392931,14.188234739160267,3.187871293749362,88.97395872896216,stranded,drift,2024-232D,2025-233N,False
2025-11-01 00:00:00+00:00,QQ_diff_launch,62240,66046,2,8.858282896432499,11.608347160903335,3.190937523579776,88.97282045555473,stranded,drift,2024-232D,2025-233P,False
2025-11-01 00:00:00+00:00,QQ_diff_launch,62240,66047,2,4.712199807546323,11.257519701792887,3.1909925305756848,88.98141390639104,stranded,drift,2024-232D,2025-233Q,False
2025-11-01 00:00:00+00:00,QQ_diff_launch,62240,66048,3,11.598037346106462,15.32707611165908,3.188234074138299,88.97065905681458,stranded,drift,2024-232D,2025-233R,False
2025-11-01 00:00:00+00:00,QQ_diff_launch,62240,66049,2,4.86012063330222,10.54886819048612,3.191027508254469,88.98000935789037,stranded,drift,2024-232D,2025-233S,False
2025-11-01 00:00:00+00:00,QQ_diff_launch,62241,63159,13,12.537044512031217,12.638253343119413,9.463424466870832,88.63537414865888,operational,operational,2024-232E,2025-046A,False
2025-11-01 00:00:00+00:00,QQ_diff_launch,62242,63164,14,15.87997925404527,17.619648403842547,9.502064725953158,88.61041651588948,operational,operational,2024-232F,2025-046F,True
2025-11-01 00:00:00+00:00,QQ_diff_launch,62245,63168,13,11.730614108829462,11.813113555058154,9.498395360400497,88.63111497468827,operational,operational,2024-232J,2025-046K,False
2025-11-01 00:00:00+00:00,QQ_diff_launch,62250,63174,14,0.9169265164058712,2.6422308538462542,9.520812042909043,88.66083204622198,operational,operational,2024-232P,2025-046R,True
2025-11-01 00:00:00+00:00,QQ_same_launch,66041,66042,2,19.457509944439398,19.70596242083704,0.020922553982309522,65.62164580101046,drift,drift,2025-233J,2025-233K,False
2025-11-01 00:00:00+00:00,QQ_same_launch,66047,66048,15,8.210261475307085,11.88373072543135,0.01237055030451031,41.15212496082011,drift,drift,2025-233Q,2025-233R,True
2025-11-02 00:00:00+00:00,QQ_diff_launch,60392,61564,1,18.022375496355426,18.022375496355426,13.794427804865501,86.99494937735557,operational,stranded,2024-140P,2024-185N,False
2025-11-02 00:00:00+00:00,QQ_diff_launch,61563,62244,2,17.881399313861692,17.99563037221562,4.96245813256847,88.9240431865752,operational,operational,2024-185M,2024-232H,False
2025-11-02 00:00:00+00:00,QQ_diff_launch,61563,63176,4,7.381594929390032,16.587265620668873,12.70864247961261,87.94793306313392,operational,operational,2024-185M,2025-046T,False
2025-11-02 00:00:00+00:00,QQ_diff_launch,61569,63175,1,19.641473049042013,19.641473049042013,12.724512123703342,88.04705520232392,stranded,operational,2024-185T,2025-046S,False
2025-11-02 00:00:00+00:00,QQ_diff_launch,62239,63162,14,13.816758493680675,16.488170834275003,9.494508122442841,88.61468546303095,operational,operational,2024-232C,2025-046D,True
2025-11-02 00:00:00+00:00,QQ_diff_launch,62240,66040,3,9.469954755671653,11.638228896247925,3.187600126805375,88.97013195724635,stranded,drift,2024-232D,2025-233H,False
2025-11-02 00:00:00+00:00,QQ_diff_launch,62240,66041,2,6.979354016620792,10.737929069002737,3.1907870114899866,88.9764849236913,stranded,drift,2024-232D,2025-233J,False
2025-11-02 00:00:00+00:00,QQ_diff_launch,62240,66042,3,5.058202450102972,15.84720118086954,3.193992060377891,88.97351332906435,stranded,drift,2024-232D,2025-233K,False
2025-11-02 00:00:00+00:00,QQ_diff_launch,62240,66044,2,8.07809828661283,11.460164383126447,3.1908204555812754,88.97196109536146,stranded,drift,2024-232D,2025-233M,False
2025-11-02 00:00:00+00:00,QQ_diff_launch,62241,63159,14,12.205685799979152,12.326214459568888,9.463675919204398,88.63577458739661,operational,operational,2024-232E,2025-046A,True
2025-11-02 00:00:00+00:00,QQ_diff_launch,62242,63164,13,12.38329330806208,14.006370341729738,9.502261363884095,88.62294272068577,operational,operational,2024-232F,2025-046F,False
2025-11-02 00:00:00+00:00,QQ_diff_launch,62245,63168,14,11.91107659504362,12.017741096859645,9.498580451626566,88.63019551725603,operational,operational,2024-232J,2025-046K,True
2025-11-02 00:00:00+00:00,QQ_diff_launch,62250,63174,13,0.8934379968276118,2.4320586316823904,9.5209336191839,88.67661198611738,operational,operational,2024-232P,2025-046R,False
2025-11-02 00:00:00+00:00,QQ_same_launch,66047,66048,16,0.8685904124005049,4.255104715631444,0.004517861517925393,53.38692140331459,drift,drift,2025-233Q,2025-233R,True
2025-11-03 00:00:00+00:00,QQ_diff_launch,60389,61569,1,12.084914884272195,12.084914884272195,13.809786380405662,86.75141599441277,operational,stranded,2024-140L,2024-185T,False
2025-11-03 00:00:00+00:00,QQ_diff_launch,62239,63162,12,8.798649776086092,11.108400774662762,9.494695626896167,88.63338611246095,operational,operational,2024-232C,2025-046D,False
2025-11-03 00:00:00+00:00,QQ_diff_launch,62240,66037,3,11.253947881992842,11.853600668473081,3.1871587866272986,88.97926661107914,stranded,drift,2024-232D,2025-233E,False
2025-11-03 00:00:00+00:00,QQ_diff_launch,62240,66038,3,5.537382320575407,14.382435405580697,3.1940250586861887,88.97228882785025,stranded,drift,2024-232D,2025-233F,False
2025-11-03 00:00:00+00:00,QQ_diff_launch,62240,66039,3,5.075361706754146,15.774705711755258,3.1940076446464953,88.9754631863813,stranded,drift,2024-232D,2025-233G,False
2025-11-03 00:00:00+00:00,QQ_diff_launch,62241,63159,12,12.0040609366656,12.098429900315631,9.46391422024703,88.6360514507657,operational,operational,2024-232E,2025-046A,False
2025-11-03 00:00:00+00:00,QQ_diff_launch,62242,63164,13,8.769876085008923,10.420730644323804,9.502482794657627,88.63518095451309,operational,operational,2024-232F,2025-046F,False
2025-11-03 00:00:00+00:00,QQ_diff_launch,62245,63168,12,12.166041503003981,12.272157125015067,9.498786186886981,88.62920062400643,operational,operational,2024-232J,2025-046K,False
2025-11-03 00:00:00+00:00,QQ_diff_launch,62250,63174,15,4.778124849094067,7.19010392521634,9.521083904014201,88.69146309434231,operational,operational,2024-232P,2025-046R,True
2025-11-03 00:00:00+00:00,QQ_same_launch,66047,66048,15,0.018612386286495825,2.6035598082383626,0.0028006476113668194,78.0986651317745,drift,drift,2025-233Q,2025-233R,True
2025-11-04 00:00:00+00:00,QQ_diff_launch,60381,61564,1,17.31467441130272,17.31467441130272,13.79711508757941,86.99915962924169,operational,stranded,2024-140C,2024-185N,False
2025-11-04 00:00:00+00:00,QQ_diff_launch,60387,61563,5,9.053119579817066,16.387542617939154,13.807764900475238,86.86968289370243,operational,operational,2024-140J,2024-185M,False
2025-11-04 00:00:00+00:00,QQ_diff_launch,61563,62796,1,10.684742331812682,10.684742331812682,2.809297895517366,88.96312592873177,operational,operational,2024-185M,2025-016M,False
2025-11-04 00:00:00+00:00,QQ_diff_launch,61564,62795,1,19.546180994263512,19.546180994263512,2.845841422968999,88.94916695996987,stranded,operational,2024-185N,2025-016L,False
2025-11-04 00:00:00+00:00,QQ_diff_launch,62239,63162,14,6.537478694815872,7.466561327500029,9.494904200881471,88.64567669253026,operational,operational,2024-232C,2025-046D,True
2025-11-04 00:00:00+00:00,QQ_diff_launch,62240,66035,3,5.673208480524171,14.074964054323827,3.1942492355806866,88.97302149773053,stranded,drift,2024-232D,2025-233C,False
2025-11-04 00:00:00+00:00,QQ_diff_launch,62240,66036,3,5.555883222642865,14.769939297471423,3.1942291209164377,88.97350974172917,stranded,drift,2024-232D,2025-233D,False
2025-11-04 00:00:00+00:00,QQ_diff_launch,62241,63159,14,11.565204552085193,11.701570734087966,9.464214510271091,88.63681909300922,operational,operational,2024-232E,2025-046A,True
2025-11-04 00:00:00+00:00,QQ_diff_launch,62242,63164,13,14.891886865582618,15.514894635459939,9.502741340317849,88.61703737490254,operational,operational,2024-232F,2025-046F,False
2025-11-04 00:00:00+00:00,QQ_diff_launch,62245,63168,14,12.33971973350758,12.44689351221151,9.499032344477685,88.6284706646612,operational,operational,2024-232J,2025-046K,True
2025-11-04 00:00:00+00:00,QQ_diff_launch,62250,63174,13,2.6841831721070113,2.929454207343714,9.521251580099737,88.67826635127338,operational,operational,2024-232P,2025-046R,False
2025-11-04 00:00:00+00:00,QQ_diff_launch,62255,63173,9,16.64698271984152,18.15261026215276,9.489738552359674,88.61433402411443,operational,operational,2024-232U,2025-046Q,False
2025-11-04 00:00:00+00:00,QQ_same_launch,66047,66048,16,6.857016036609904,10.285092735453611,0.010757748993702363,74.63557592903884,drift,drift,2025-233Q,2025-233R,True
2025-11-05 00:00:00+00:00,QQ_diff_launch,60389,61564,1,16.549538448366064,16.549538448366064,13.796206217191424,86.99588731188781,operational,stranded,2024-140L,2024-185N,False
2025-11-05 00:00:00+00:00,QQ_diff_launch,60391,61569,1,12.518220758145935,12.518220758145935,13.803096861225285,86.76998634087337,operational,stranded,2024-140N,2024-185T,False
2025-11-05 00:00:00+00:00,QQ_diff_launch,61569,63162,1,7.084579326685889,7.084579326685889,12.716541661129932,87.93662736714745,stranded,operational,2024-185T,2025-046D,False
2025-11-05 00:00:00+00:00,QQ_diff_launch,62239,63162,13,7.43019829636699,7.662924263960688,9.495156444416478,88.64528786895335,operational,operational,2024-232C,2025-046D,False
2025-11-05 00:00:00+00:00,QQ_diff_launch,62241,63159,13,11.360677844438285,11.472253873914072,9.464524271845551,88.63722094637912,operational,operational,2024-232E,2025-046A,False
2025-11-05 00:00:00+00:00,QQ_diff_launch,62242,63164,14,16.2257394802718,16.92396906819048,9.503047516733774,88.6119082580696,operational,operational,2024-232F,2025-046F,True
2025-11-05 00:00:00+00:00,QQ_diff_launch,62245,63168,13,12.596590210536155,12.71763965282859,9.499318409788275,88.62744652903808,operational,operational,2024-232J,2025-046K,False
2025-11-05 00:00:00+00:00,QQ_diff_launch,62250,63174,14,2.234179175318292,2.4059209300506055,9.52147733558483,88.67598290037529,operational,operational,2024-232P,2025-046R,True
2025-11-05 00:00:00+00:00,QQ_diff_launch,62255,63173,13,11.925778780181396,14.07779449218222,9.490038383831084,88.62939648223653,operational,operational,2024-232U,2025-046Q,False
2025-11-05 00:00:00+00:00,QQ_same_launch,61560,61561,1,2.2856416868103233,2.2856416868103233,0.001216853371013121,41.58640119737866,stranded,stranded,2024-185J,2024-185K,False
2025-11-05 00:00:00+00:00,QQ_same_launch,66047,66048,12,14.193891853236408,17.091179884759526,0.01781630994384506,67.50880205207983,drift,drift,2025-233Q,2025-233R,False
2025-11-06 00:00:00+00:00,QQ_diff_launch,61554,62243,2,6.262429053991395,11.66617578974255,5.054321739023672,88.91950668886452,stranded,stranded,2024-185C,2024-232G,False
2025-11-06 00:00:00+00:00,QQ_diff_launch,61564,63162,1,18.357413727025143,18.357413727025143,12.693670741766875,88.0125569858044,stranded,operational,2024-185N,2025-046D,False
2025-11-06 00:00:00+00:00,QQ_diff_launch,61569,62251,1,15.13573754466679,15.13573754466679,4.990182303519487,88.94092367237324,stranded,operational,2024-185T,2024-232Q,False
2025-11-06 00:00:00+00:00,QQ_diff_launch,61569,63165,1,13.097498639201977,13.097498639201977,12.718348409475192,87.9991491232415,stranded,operational,2024-185T,2025-046G,False
2025-11-06 00:00:00+00:00,QQ_diff_launch,62239,63162,14,7.083574021457286,7.334434449842913,9.495457231386084,88.64660436959325,operational,operational,2024-232C,2025-046D,True
2025-11-06 00:00:00+00:00,QQ_diff_launch,62240,66034,1,15.9645225332414,15.9645225332414,3.19457669450413,88.96140132124174,stranded,drift,2024-232D,2025-233B,False
2025-11-06 00:00:00+00:00,QQ_diff_launch,62241,63159,14,10.954876125832005,11.124599623381277,9.464858607023958,88.63825682166042,operational,operational,2024-232E,2025-046A,True
2025-11-06 00:00:00+00:00,QQ_diff_launch,62242,63164,13,17.518893351554713,18.05876002539435,9.503365890413741,88.60772484259323,operational,operational,2024-232F,2025-046F,False
2025-11-06 00:00:00+00:00,QQ_diff_launch,62245,63168,14,12.824232496516379,12.925367162734604,9.499601565016391,88.6268257709701,operational,operational,2024-232J,2025-046K,True
2025-11-06 00:00:00+00:00,QQ_diff_launch,62250,63174,13,2.0698749696082532,2.1025564432693624,9.521718267105312,88.67353200492894,operational,operational,2024-232P,2025-046R,False
2025-11-06 00:00:00+00:00,QQ_diff_launch,62255,63173,14,7.374633213667295,9.285791413973712,9.490427095636289,88.64851662417516,operational,operational,2024-232U,2025-046Q,True
2025-11-07 00:00:00+00:00,QQ_diff_launch,60396,61569,1,7.3979041780049535,7.3979041780049535,13.824273073252508,86.90844934046918,operational,stranded,2024-140T,2024-185T,False
2025-11-07 00:00:00+00:00,QQ_diff_launch,61563,62242,1,12.476283618799673,12.476283618799673,4.968513650130389,88.93558062378727,operational,operational,2024-185M,2024-232F,False
2025-11-07 00:00:00+00:00,QQ_diff_launch,61563,63164,1,15.64533358355043,15.64533358355043,12.721118179301277,88.01731375724239,operational,operational,2024-185M,2025-046F,False
2025-11-07 00:00:00+00:00,QQ_diff_launch,61564,63165,1,15.883340686967188,15.883340686967188,12.695645416597365,87.88088184440416,stranded,operational,2024-185N,2025-046G,False
2025-11-07 00:00:00+00:00,QQ_diff_launch,61565,62255,8,3.614643687759829,9.245929298800894,5.016051330126053,88.92824692316799,operational,operational,2024-185P,2024-232U,False
2025-11-07 00:00:00+00:00,QQ_diff_launch,61569,63167,1,9.288575394882875,9.288575394882875,12.730873406209556,87.95221504177049,stranded,operational,2024-185T,2025-046J,False
2025-11-07 00:00:00+00:00,QQ_diff_launch,62239,63162,13,6.418247637796331,6.69034629192261,9.495771808767456,88.64926835521709,operational,operational,2024-232C,2025-046D,False
2025-11-07 00:00:00+00:00,QQ_diff_launch,62240,66034,3,9.97652765535187,13.217324298427723,3.1857889816298735,88.9825492977436,stranded,drift,2024-232D,2025-233B,False
2025-11-07 00:00:00+00:00,QQ_diff_launch,62241,63159,13,10.590251405501395,10.765647383970974,9.46520806336646,88.63939804917875,operational,operational,2024-232E,2025-046A,False
2025-11-07 00:00:00+00:00,QQ_diff_launch,62242,63164,14,18.70864163161024,19.263288917338038,9.503745691469643,88.60347085424247,operational,operational,2024-232F,2025-046F,True
2025-11-07 00:00:00+00:00,QQ_diff_launch,62245,63168,13,13.070797417868041,13.154073090883477,9.499925923087929,88.62616333197667,operational,operational,2024-232J,2025-046K,False
2025-11-07 00:00:00+00:00,QQ_diff_launch,62250,63174,14,2.1039111236786567,2.1603784914852766,9.521994324615449,88.67155810998892,operational,operational,2024-232P,2025-046R,True
2025-11-07 00:00:00+00:00,QQ_diff_launch,62255,63173,14,5.79767158881922,6.0849655322642615,9.49082254998455,88.66661290367244,operational,operational,2024-232U,2025-046Q,True
2025-11-08 00:00:00+00:00,QQ_diff_launch,60386,61564,1,19.148356788675045,19.148356788675045,13.799237779417949,86.72468971216541,operational,stranded,2024-140H,2024-185N,False
2025-11-08 00:00:00+00:00,QQ_diff_launch,60386,61569,1,12.97009784141735,12.97009784141735,13.812902975242785,87.00690783496128,operational,stranded,2024-140H,2024-185T,False
2025-11-08 00:00:00+00:00,QQ_diff_launch,61563,63164,2,9.037574955544228,12.319507489848949,12.710111812196697,87.91489219516012,operational,operational,2024-185M,2025-046F,False
2025-11-08 00:00:00+00:00,QQ_diff_launch,61564,62246,1,19.678832692591566,19.678832692591566,4.945862609219216,88.94385482620469,stranded,operational,2024-185N,2024-232K,False
2025-11-08 00:00:00+00:00,QQ_diff_launch,61564,63167,1,15.064977265335056,15.064977265335056,12.708495496347343,87.91147059630127,stranded,operational,2024-185N,2025-046J,False
2025-11-08 00:00:00+00:00,QQ_diff_launch,61565,63173,16,7.147298081093752,11.70163453191769,12.725035992059363,87.92460968317278,operational,operational,2024-185P,2025-046Q,True
2025-11-08 00:00:00+00:00,QQ_diff_launch,62239,63162,14,5.616995178924695,5.956959989684259,9.496118508168312,88.65263143832374,operational,operational,2024-232C,2025-046D,True
2025-11-08 00:00:00+00:00,QQ_diff_launch,62240,66033,2,18.564435651634362,18.99588549524323,3.189983202706437,88.95646136973147,stranded,drift,2024-232D,2025-233A,False
2025-11-08 00:00:00+00:00,QQ_diff_launch,62241,63159,14,10.211294046767257,10.414158591334125,9.46559798813372,88.64065837536697,operational,operational,2024-232E,2025-046A,True
2025-11-08 00:00:00+00:00,QQ_diff_launch,62242,63164,2,19.85887108372747,19.89730417565753,9.503967999213856,88.60119456466077,operational,operational,2024-232F,2025-046F,False
2025-11-08 00:00:00+00:00,QQ_diff_launch,62245,63168,14,13.24909105284691,13.312115742274916,9.500270036783814,88.62581230473609,operational,operational,2024-232J,2025-046K,True
2025-11-08 00:00:00+00:00,QQ_diff_launch,62250,63174,13,2.306205147059358,2.461360687286022,9.522295027749639,88.6696903543052,operational,operational,2024-232P,2025-046R,False
2025-11-08 00:00:00+00:00,QQ_diff_launch,62255,63173,27,5.891995209857541,8.822141093110062,9.491053442149655,88.67681131509718,operational,operational,2024-232U,2025-046Q,True
2025-11-08 00:00:00+00:00,QQ_same_launch,61564,61569,1,13.931156932019269,13.931156932019269,0.051706914229014585,87.31430139070943,stranded,stranded,2024-185N,2024-185T,False
2025-11-09 00:00:00+00:00,QQ_diff_launch,61563,62797,2,13.304506605978563,13.61473163454384,2.8185783911579003,88.9465244495049,operational,operational,2024-185M,2025-016N,False
2025-11-09 00:00:00+00:00,QQ_diff_launch,62239,63162,13,4.903513798977258,5.1839428994645,9.496498208713575,88.65676754031428,operational,operational,2024-232C,2025-046D,False
2025-11-09 00:00:00+00:00,QQ_diff_launch,62240,66033,3,6.268810898960158,10.349171990186402,3.184937137411059,88.97664667198534,stranded,drift,2024-232D,2025-233A,False
2025-11-09 00:00:00+00:00,QQ_diff_launch,62241,63159,13,9.72673691820691,9.930451221803736,9.46601303755802,88.64257652978898,operational,operational,2024-232E,2025-046A,False
2025-11-09 00:00:00+00:00,QQ_diff_launch,62245,63168,13,13.362417981182654,13.408597503311425,9.500654883886943,88.6258157651684,operational,operational,2024-232J,2025-046K,False
2025-11-09 00:00:00+00:00,QQ_diff_launch,62250,63174,14,2.687257418712705,2.9046438266957897,9.522632239894914,88.66822433501953,operational,operational,2024-232P,2025-046R,True
2025-11-09 00:00:00+00:00,QQ_diff_launch,62255,63173,21,5.6039353598590775,5.70873215162911,9.491569081108231,88.67863438021081,operational,operational,2024-232U,2025-046Q,True
2025-11-10 00:00:00+00:00,QQ_diff_launch,60384,61564,1,19.3904627655058,19.3904627655058,13.807078520019763,87.04729094324145,operational,stranded,2024-140F,2024-185N,False
2025-11-10 00:00:00+00:00,QQ_diff_launch,60388,61563,5,12.056616605039446,19.034799442556146,13.835507838284908,86.7945900631666,operational,operational,2024-140K,2024-185M,False
2025-11-10 00:00:00+00:00,QQ_diff_launch,61564,63170,1,14.416521700638713,14.416521700638713,12.6969816440911,87.92419371543399,stranded,operational,2024-185N,2025-046M,False
2025-11-10 00:00:00+00:00,QQ_diff_launch,62239,63162,14,4.565729104656811,4.728622381843582,9.496892353306704,88.66074238312788,operational,operational,2024-232C,2025-046D,True
2025-11-10 00:00:00+00:00,QQ_diff_launch,62241,63159,14,9.285021672435871,9.508615231339327,9.466455794241094,88.64444167397065,operational,operational,2024-232E,2025-046A,True
2025-11-10 00:00:00+00:00,QQ_diff_launch,62245,63168,14,13.494895692875136,13.538114579496836,9.501060190187593,88.62569886539957,operational,operational,2024-232J,2025-046K,True
2025-11-10 00:00:00+00:00,QQ_diff_launch,62250,63174,13,3.2218163325608584,3.4424844097514744,9.522984170417814,88.66668321898169,operational,operational,2024-232P,2025-046R,False
2025-11-10 00:00:00+00:00,QQ_diff_launch,62255,63173,27,5.759019721059929,6.239060290108416,9.491924573463137,88.68170198296748,operational,operational,2024-232U,2025-046Q,True
2025-11-11 00:00:00+00:00,QQ_diff_launch,60379,61564,1,14.843080966428959,14.843080966428959,13.79754920030746,87.01923616621667,operational,stranded,2024-140A,2024-185N,False
2025-11-11 00:00:00+00:00,QQ_diff_launch,61564,63171,1,15.958629089258231,15.958629089258231,12.703970540282175,87.90054735574095,stranded,operational,2024-185N,2025-046N,False
2025-11-11 00:00:00+00:00,QQ_diff_launch,61569,63170,1,9.389306380950186,9.389306380950186,12.718737821124236,87.96045691184942,stranded,operational,2024-185T,2025-046M,False
2025-11-11 00:00:00+00:00,QQ_diff_launch,62239,63162,13,4.506974769259355,4.524084674201555,9.497336030198548,88.66576411387142,operational,operational,2024-232C,2025-046D,False
2025-11-11 00:00:00+00:00,QQ_diff_launch,62241,63159,13,8.827848329134811,9.039804849652805,9.46693220108066,88.64680737960951,operational,operational,2024-232E,2025-046A,False
2025-11-11 00:00:00+00:00,QQ_diff_launch,62245,63168,13,13.57706097801874,13.599656707952821,9.501502520575336,88.62594881101123,operational,operational,2024-232J,2025-046K,False
2025-11-11 00:00:00+00:00,QQ_diff_launch,62250,63174,14,3.7036213835544642,3.9465834997940608,9.523378470928677,88.66546084251613,operational,operational,2024-232P,2025-046R,True
2025-11-11 00:00:00+00:00,QQ_diff_launch,62255,63173,27,6.288519987454257,18.22770654342479,9.477820926197813,88.61028185808794,operational,operational,2024-232U,2025-046Q,True
2025-11-12 00:00:00+00:00,QQ_diff_launch,61564,62250,1,19.83219591362124,19.83219591362124,4.941842683673468,88.90411841307115,stranded,operational,2024-185N,2024-232P,False
2025-11-12 00:00:00+00:00,QQ_diff_launch,62239,63162,14,4.914342684789989,5.065000259563689,9.497785859856446,88.66545035534446,operational,operational,2024-232C,2025-046D,True
2025-11-12 00:00:00+00:00,QQ_diff_launch,62241,63159,14,8.26406467735788,8.509232481396843,9.467423499056627,88.64977112712623,operational,operational,2024-232E,2025-046A,True
2025-11-12 00:00:00+00:00,QQ_diff_launch,62245,63168,14,13.487984420677359,13.520883902419381,9.501971085138994,88.62677702478567,operational,operational,2024-232J,2025-046K,True
2025-11-12 00:00:00+00:00,QQ_diff_launch,62250,63174,13,4.226702496153431,4.433422152535417,9.523790479463141,88.66500328142232,operational,operational,2024-232P,2025-046R,False
2025-11-12 00:00:00+00:00,QQ_diff_launch,62255,63173,27,7.122740249833571,8.254358124298385,9.492856242095925,88.69071302521739,operational,operational,2024-232U,2025-046Q,True
2025-11-13 00:00:00+00:00,QQ_diff_launch,60379,61569,1,6.592155854896602,6.592155854896602,13.81154865961732,86.93965631602292,operational,stranded,2024-140A,2024-185T,False
2025-11-13 00:00:00+00:00,QQ_diff_launch,60385,61557,2,9.824279810857146,14.4817374863676,14.129662167830702,86.66315047738746,drift,stranded,2024-140G,2024-185F,False
2025-11-13 00:00:00+00:00,QQ_diff_launch,61554,66043,1,18.71061301420986,18.71061301420986,1.9380255379004028,88.97134119296008,stranded,drift,2024-185C,2025-233L,False
2025-11-13 00:00:00+00:00,QQ_diff_launch,61563,62250,1,14.049076570670634,14.049076570670634,4.962439450407877,88.93657991650413,operational,operational,2024-185M,2024-232P,False
2025-11-13 00:00:00+00:00,QQ_diff_launch,61563,63174,4,10.354632628692606,13.00904189731976,12.719271780789152,87.93279719977036,operational,operational,2024-185M,2025-046R,False
2025-11-13 00:00:00+00:00,QQ_diff_launch,61564,63176,1,16.686972311993255,16.686972311993255,12.696638370923333,87.9423902591827,stranded,operational,2024-185N,2025-046T,False
2025-11-13 00:00:00+00:00,QQ_diff_launch,61565,62787,10,3.3454936533776793,10.244197937271627,2.820487939390911,88.95932730072242,operational,operational,2024-185P,2025-016C,False
2025-11-13 00:00:00+00:00,QQ_diff_launch,61569,62793,1,13.827943609692829,13.827943609692829,2.795860966215959,88.96349178411592,stranded,operational,2024-185T,2025-016J,False
2025-11-13 00:00:00+00:00,QQ_diff_launch,62239,63162,13,5.282391385066225,5.451651719078179,9.49828089071321,88.66744145031124,operational,operational,2024-232C,2025-046D,False
2025-11-13 00:00:00+00:00,QQ_diff_launch,62241,63159,13,7.784648247941522,7.985727295828138,9.46795427910393,88.65317596079115,operational,operational,2024-232E,2025-046A,False
2025-11-13 00:00:00+00:00,QQ_diff_launch,62245,63168,13,13.382166614820305,13.420818488087413,9.502454918903391,88.6276781121167,operational,operational,2024-232J,2025-046K,False
2025-11-13 00:00:00+00:00,QQ_diff_launch,62250,63174,14,4.674884722145808,4.888252307813319,9.524242718819565,88.66458955534668,operational,operational,2024-232P,2025-046R,True
2025-11-13 00:00:00+00:00,QQ_diff_launch,62255,63173,27,8.349456986640906,15.875419117701636,9.478013727989667,88.61802228698204,operational,operational,2024-232U,2025-046Q,True
2025-11-13 00:00:00+00:00,QQ_same_launch,61558,61567,1,18.134312854833748,18.134312854833748,0.025133002254757487,64.24324602079943,stranded,stranded,2024-185G,2024-185R,False
2025-11-13 00:00:00+00:00,QQ_same_launch,66033,66034,1,7.047091460718509,7.047091460718509,0.004169204967304172,23.708153610098773,ascent,ascent,2025-233A,2025-233B,False
2025-11-13 00:00:00+00:00,QQ_same_launch,66035,66038,1,5.0164183174104,5.0164183174104,0.00270678214622566,53.31061336343487,ascent,ascent,2025-233C,2025-233F,False
2025-11-13 00:00:00+00:00,QQ_same_launch,66036,66038,1,4.992489444950823,4.992489444950823,0.0026414867697530328,76.41118587766802,ascent,ascent,2025-233D,2025-233F,False
2025-11-13 00:00:00+00:00,QQ_same_launch,66037,66039,1,5.074230766681107,5.074230766681107,0.0033497024367650455,6.298297633973287,drift,ascent,2025-233E,2025-233G,False
2025-11-13 00:00:00+00:00,QQ_same_launch,66040,66045,1,4.3640353101069564,4.3640353101069564,0.003099514810424574,74.28760143163738,drift,ascent,2025-233H,2025-233N,False
2025-11-13 00:00:00+00:00,QQ_same_launch,66041,66045,1,5.564289080680695,5.564289080680695,0.004010632772839697,42.51501973574046,ascent,ascent,2025-233J,2025-233N,False
2025-11-13 00:00:00+00:00,QQ_same_launch,66042,66045,1,6.234587265307812,6.234587265307812,0.004216173827577885,3.1273315023999975,drift,ascent,2025-233K,2025-233N,False
2025-11-13 00:00:00+00:00,QQ_same_launch,66044,66045,1,3.9335131454175625,3.9335131454175625,0.0028062110110216613,69.8128991087076,ascent,ascent,2025-233M,2025-233N,False
2025-11-13 00:00:00+00:00,QQ_same_launch,66046,66048,1,2.8629579219234516,2.8629579219234516,0.0013976818920386851,76.79473445874957,ascent,ascent,2025-233P,2025-233R,False
2025-11-13 00:00:00+00:00,QQ_same_launch,66049,66050,1,16.30743629984169,16.30743629984169,0.016947167311014453,88.76266936608822,ascent,ascent,2025-233S,2025-233T,False
2025-11-14 00:00:00+00:00,QQ_diff_launch,60383,61564,1,10.549591172481174,10.549591172481174,13.796599936558124,86.89396362796529,operational,stranded,2024-140E,2024-185N,False
2025-11-14 00:00:00+00:00,QQ_diff_launch,60388,61569,1,17.00774672092196,17.00774672092196,13.835311293825741,87.01295590629248,operational,stranded,2024-140K,2024-185T,False
2025-11-14 00:00:00+00:00,QQ_diff_launch,60393,61564,1,18.297356630076283,18.297356630076283,13.795921603132223,86.747054305312,operational,stranded,2024-140Q,2024-185N,False
2025-11-14 00:00:00+00:00,QQ_diff_launch,61563,62793,1,14.840269326740238,14.840269326740238,2.8249160684258743,88.94704557429988,operational,operational,2024-185M,2025-016J,False
2025-11-14 00:00:00+00:00,QQ_diff_launch,61569,63164,1,13.883879344308452,13.883879344308452,12.720814143936328,87.84014068963407,stranded,operational,2024-185T,2025-046F,False
2025-11-14 00:00:00+00:00,QQ_diff_launch,62239,63162,14,5.670549475351094,5.90267747473825,9.498812868734646,88.67038583544308,operational,operational,2024-232C,2025-046D,True
2025-11-14 00:00:00+00:00,QQ_diff_launch,62240,66033,1,16.640692507896212,16.640692507896212,3.1818466726646375,88.97126681364617,stranded,ascent,2024-232D,2025-233A,False
2025-11-14 00:00:00+00:00,QQ_diff_launch,62241,63159,14,7.380276615776834,7.544906391180412,9.468495990165229,88.65672397640938,operational,operational,2024-232E,2025-046A,True
2025-11-14 00:00:00+00:00,QQ_diff_launch,62245,63168,14,13.134296036621445,13.215148327021257,9.502985794147682,88.62911131597056,operational,operational,2024-232J,2025-046K,True
2025-11-14 00:00:00+00:00,QQ_diff_launch,62250,63174,13,5.133958983960586,5.3196325410337,9.52471925354113,88.66452258075427,operational,operational,2024-232P,2025-046R,False
2025-11-14 00:00:00+00:00,QQ_diff_launch,62255,63173,27,9.725719538446814,11.269371935301772,9.493852525041728,88.70148203464097,operational,operational,2024-232U,2025-046Q,True
2025-11-14 00:00:00+00:00,QQ_same_launch,66037,66044,1,7.014221233770325,7.014221233770325,0.003842081760287609,55.62396913967537,drift,ascent,2025-233E,2025-233M,False
2025-11-14 00:00:00+00:00,QQ_same_launch,66037,66046,1,7.146226969767728,7.146226969767728,0.003914346310761103,26.07702600943679,drift,ascent,2025-233E,2025-233P,False
2025-11-14 00:00:00+00:00,QQ_same_launch,66037,66047,1,9.649112986657823,9.649112986657823,0.0052732472856479844,16.43442257214875,drift,ascent,2025-233E,2025-233Q,False
2025-11-14 00:00:00+00:00,QQ_same_launch,66037,66048,1,8.209539315705596,8.209539315705596,0.004188557783544226,76.22705597721671,drift,ascent,2025-233E,2025-233R,False
2025-11-14 00:00:00+00:00,QQ_same_launch,66037,66050,1,11.140925791101418,11.140925791101418,0.005926690828571365,72.8575791641706,drift,ascent,2025-233E,2025-233T,False
2025-11-14 00:00:00+00:00,QQ_same_launch,66039,66041,8,2.411301298642984,9.297533281873324,0.021674674333586892,86.67555252111063,ascent,ascent,2025-233G,2025-233J,False
2025-11-14 00:00:00+00:00,QQ_same_launch,66040,66046,1,7.248413918984564,7.248413918984564,0.003933688555472058,43.972319142001595,drift,ascent,2025-233H,2025-233P,False
2025-11-14 00:00:00+00:00,QQ_same_launch,66040,66047,1,10.064263014366242,10.064263014366242,0.005629142464416038,25.994643715414696,drift,ascent,2025-233H,2025-233Q,False
2025-11-14 00:00:00+00:00,QQ_same_launch,66040,66048,1,8.561305475795976,8.561305475795976,0.004441157379184044,75.7571341137785,drift,ascent,2025-233H,2025-233R,False
2025-11-14 00:00:00+00:00,QQ_same_launch,66040,66050,1,10.554414448224515,10.554414448224515,0.005322319307974842,21.66234530426357,drift,ascent,2025-233H,2025-233T,False
2025-11-14 00:00:00+00:00,QQ_same_launch,66042,66046,1,6.816243600176772,6.816243600176772,0.0034254789633977245,62.895163352820234,drift,ascent,2025-233K,2025-233P,False
2025-11-14 00:00:00+00:00,QQ_same_launch,66042,66048,1,8.584510530078903,8.584510530078903,0.004482013776934272,20.09468774211567,drift,ascent,2025-233K,2025-233R,False
2025-11-14 00:00:00+00:00,QQ_same_launch,66042,66050,1,11.17649125669832,11.17649125669832,0.00589999385031229,6.732372397571443,drift,ascent,2025-233K,2025-233T,False
2025-11-14 00:00:00+00:00,QQ_same_launch,66044,66047,1,2.697172444047211,2.697172444047211,0.0024543779356425233,43.9217505968667,ascent,ascent,2025-233M,2025-233Q,False
2025-11-14 00:00:00+00:00,QQ_same_launch,66046,66050,1,3.3546344447697245,3.3546344447697245,0.0014175914556776698,80.23346265705125,ascent,ascent,2025-233P,2025-233T,False
2025-11-14 00:00:00+00:00,QQ_same_launch,66048,66050,1,2.536203922327454,2.536203922327454,0.001390261065447394,38.1172075032246,ascent,ascent,2025-233R,2025-233T,False
2025-11-15 00:00:00+00:00,QQ_diff_launch,60379,61563,3,13.455627984600289,15.806866492218925,13.810334139714108,86.86411107198886,operational,operational,2024-140A,2024-185M,False
2025-11-15 00:00:00+00:00,QQ_diff_launch,60390,61564,1,18.403918489611524,18.403918489611524,13.794011710286348,87.06193642241313,operational,stranded,2024-140M,2024-185N,False
2025-11-15 00:00:00+00:00,QQ_diff_launch,60393,61565,14,12.257834313653436,14.411007599218008,13.819207420965114,86.95096894325368,operational,operational,2024-140Q,2024-185P,True
2025-11-15 00:00:00+00:00,QQ_diff_launch,61554,66037,1,11.44760098982666,11.44760098982666,1.9369483200319815,88.97105057506886,stranded,drift,2024-185C,2025-233E,False
2025-11-15 00:00:00+00:00,QQ_diff_launch,61554,66040,1,14.691485520248348,14.691485520248348,1.9462212671979298,88.97163658648985,stranded,drift,2024-185C,2025-233H,False
2025-11-15 00:00:00+00:00,QQ_diff_launch,61554,66042,1,11.69369311765055,11.69369311765055,1.9371040303561518,88.97049932300811,stranded,drift,2024-185C,2025-233K,False
2025-11-15 00:00:00+00:00,QQ_diff_launch,61563,62793,1,13.548159767348329,13.548159767348329,2.812146154833855,88.96636594649713,operational,operational,2024-185M,2025-016J,False
2025-11-15 00:00:00+00:00,QQ_diff_launch,62239,63162,13,6.238547033452025,6.5271608926818985,9.499378164749134,88.67444943797895,operational,operational,2024-232C,2025-046D,False
2025-11-15 00:00:00+00:00,QQ_diff_launch,62240,66036,1,17.26814265512596,17.26814265512596,3.181496674049595,88.96926598591756,stranded,ascent,2024-232D,2025-233D,False
2025-11-15 00:00:00+00:00,QQ_diff_launch,62240,66038,1,17.989072061412283,17.989072061412283,3.1813496287032432,88.96814189807097,stranded,ascent,2024-232D,2025-233F,False
2025-11-15 00:00:00+00:00,QQ_diff_launch,62241,63159,13,9.317073637818684,9.840959206786945,9.469086793617302,88.64845718036294,operational,operational,2024-232E,2025-046A,False
2025-11-15 00:00:00+00:00,QQ_diff_launch,62245,63168,13,13.105402590445243,13.157505912627464,9.503528606900167,88.63013511081483,operational,operational,2024-232J,2025-046K,False
2025-11-15 00:00:00+00:00,QQ_diff_launch,62250,63174,14,5.549539049189939,5.744384195802783,9.52522087149261,88.66421695475978,operational,operational,2024-232P,2025-046R,True
2025-11-15 00:00:00+00:00,QQ_diff_launch,62255,63173,27,11.250748730945313,13.118234566362721,9.478153579015414,88.627231810572,operational,operational,2024-232U,2025-046Q,True
2025-11-15 00:00:00+00:00,QQ_same_launch,61552,61553,1,19.835225419283542,19.835225419283542,0.0399245583638828,86.49019004406998,stranded,stranded,2024-185A,2024-185B,False
2025-11-15 00:00:00+00:00,QQ_same_launch,66035,66039,1,5.450148075888249,5.450148075888249,0.003368591665064428,30.509894395370292,ascent,ascent,2025-233C,2025-233G,False
2025-11-15 00:00:00+00:00,QQ_same_launch,66035,66041,1,12.64455429843198,12.64455429843198,0.0150949055304081,39.84298124953976,ascent,ascent,2025-233C,2025-233J,False
2025-11-15 00:00:00+00:00,QQ_same_launch,66037,66049,1,11.23305644331752,11.23305644331752,0.005954129607577408,15.186151864249318,drift,ascent,2025-233E,2025-233S,False
2025-11-15 00:00:00+00:00,QQ_same_launch,66044,66048,1,8.418199776373438,8.418199776373438,0.009799476205379716,58.39942281163342,ascent,ascent,2025-233M,2025-233R,False
2025-11-15 00:00:00+00:00,QQ_same_launch,66046,66047,1,1.804187770896149,1.804187770896149,0.0010266832089088833,12.034199115756193,ascent,ascent,2025-233P,2025-233Q,False
2025-11-15 00:00:00+00:00,QQ_same_launch,66047,66048,3,4.147500124384601,7.039210085374212,0.00803233645025377,13.515934091534051,ascent,ascent,2025-233Q,2025-233R,False
2025-11-15 00:00:00+00:00,QQ_same_launch,66047,66050,4,2.3072927748623826,7.703788747493684,0.008893342781935933,50.74966440354485,ascent,ascent,2025-233Q,2025-233T,False
2025-11-15 00:00:00+00:00,QQ_same_launch,66048,66050,9,2.5684250807971045,3.784808999304174,0.0068232856877751755,50.73001715157987,ascent,ascent,2025-233R,2025-233T,False
2025-11-16 00:00:00+00:00,QQ_diff_launch,60392,61564,1,14.332417805621661,14.332417805621661,13.796315022214907,87.02692892885797,operational,stranded,2024-140P,2024-185N,False
2025-11-16 00:00:00+00:00,QQ_diff_launch,60393,61565,8,14.245181141681801,16.783396886194087,13.796104806299484,86.77725127260737,operational,operational,2024-140Q,2024-185P,False
2025-11-16 00:00:00+00:00,QQ_diff_launch,61564,62248,1,9.767343615260703,9.767343615260703,4.941264695475417,88.92436155657249,stranded,operational,2024-185N,2024-232M,False
2025-11-16 00:00:00+00:00,QQ_diff_launch,62239,63162,14,6.97407452471761,7.399537761959877,9.49994990036733,88.67930778347652,operational,operational,2024-232C,2025-046D,True
2025-11-16 00:00:00+00:00,QQ_diff_launch,62240,66048,1,11.255412565143297,11.255412565143297,3.194218561993166,88.96954868519663,stranded,ascent,2024-232D,2025-233R,False
2025-11-16 00:00:00+00:00,QQ_diff_launch,62241,63159,14,10.512893953349288,11.085178753932553,9.469688648215593,88.6446189215001,operational,operational,2024-232E,2025-046A,True
2025-11-16 00:00:00+00:00,QQ_diff_launch,62245,63168,14,12.972671508143963,13.036419866224495,9.504100461857515,88.63134612626001,operational,operational,2024-232J,2025-046K,True
2025-11-16 00:00:00+00:00,QQ_diff_launch,62249,63172,9,18.41713116702606,19.147270486346148,9.530263015206158,88.60887767799458,operational,operational,2024-232N,2025-046P,False
2025-11-16 00:00:00+00:00,QQ_diff_launch,62250,63174,13,5.986072228040116,6.154904863597886,9.525737893971675,88.66439733399251,operational,operational,2024-232P,2025-046R,False
2025-11-16 00:00:00+00:00,QQ_diff_launch,62255,63173,27,11.457270528556258,12.886440025845333,9.494872677913742,88.71269064534799,operational,operational,2024-232U,2025-046Q,True
2025-11-16 00:00:00+00:00,QQ_same_launch,66035,66045,1,3.7109515108943327,3.7109515108943327,0.001892856398868811,71.41431897863805,ascent,ascent,2025-233C,2025-233N,False
2025-11-16 00:00:00+00:00,QQ_same_launch,66036,66038,6,1.7004755266199219,10.033050005263755,0.011184478530629548,8.29797292343475,ascent,ascent,2025-233D,2025-233F,False
2025-11-16 00:00:00+00:00,QQ_same_launch,66039,66041,6,1.1035347806420048,4.517103366831638,0.0066462266298564845,60.34730829367838,ascent,ascent,2025-233G,2025-233J,False
2025-11-16 00:00:00+00:00,QQ_same_launch,66044,66046,1,2.6209349351431643,2.6209349351431643,0.0015363086791833431,88.89923966220435,ascent,ascent,2025-233M,2025-233P,False
2025-11-17 00:00:00+00:00,QQ_diff_launch,60394,61564,1,19.938736686002002,19.938736686002002,13.791904253800796,86.72404449655319,operational,stranded,2024-140R,2024-185N,False
2025-11-17 00:00:00+00:00,QQ_diff_launch,61560,66039,1,17.987528116083457,17.987528116083457,1.9396507028310255,88.97684111809966,stranded,ascent,2024-185J,2025-233G,False
2025-11-17 00:00:00+00:00,QQ_diff_launch,61569,63159,1,14.923551031696864,14.923551031696864,12.716448000616884,87.9941592310734,stranded,operational,2024-185T,2025-046A,False
2025-11-17 00:00:00+00:00,QQ_diff_launch,62239,63162,13,8.022082149823964,8.528933506698749,9.500547963060471,88.6844597711973,operational,operational,2024-232C,2025-046D,False
2025-11-17 00:00:00+00:00,QQ_diff_launch,62240,66044,1,18.31223328393957,18.31223328393957,3.1945792534485355,88.96313503555318,stranded,ascent,2024-232D,2025-233M,False
2025-11-17 00:00:00+00:00,QQ_diff_launch,62241,63159,13,11.660360267331239,12.14772244758429,9.47029632935385,88.64159014394602,operational,operational,2024-232E,2025-046A,False
2025-11-17 00:00:00+00:00,QQ_diff_launch,62245,63168,13,14.346587572479452,15.034852298090948,9.504662072165557,88.6241485753511,operational,operational,2024-232J,2025-046K,False
2025-11-17 00:00:00+00:00,QQ_diff_launch,62249,63172,14,15.909697471947016,17.03532259496233,9.530674293605525,88.61822758867143,operational,operational,2024-232N,2025-046P,True
2025-11-17 00:00:00+00:00,QQ_diff_launch,62250,63174,14,6.36276684753401,6.53550416197998,9.52628298184371,88.66461694225933,operational,operational,2024-232P,2025-046R,True
2025-11-17 00:00:00+00:00,QQ_diff_launch,62255,63173,27,12.657875785585214,12.664697675120419,9.478208088825568,88.62841776010974,operational,operational,2024-232U,2025-046Q,True
2025-11-17 00:00:00+00:00,QQ_same_launch,61565,61569,1,18.388559490399732,18.388559490399732,0.016869124482582626,79.66012165659225,operational,stranded,2024-185P,2024-185T,False
2025-11-17 00:00:00+00:00,QQ_same_launch,66035,66041,1,3.954269538414285,3.954269538414285,0.002517549266223496,65.0201553864221,ascent,ascent,2025-233C,2025-233J,False
2025-11-17 00:00:00+00:00,QQ_same_launch,66044,66046,6,2.282186197810948,8.660856207298883,0.010459932621815047,62.763925921447395,ascent,ascent,2025-233M,2025-233P,False
2025-11-17 00:00:00+00:00,QQ_same_launch,66044,66050,1,6.588139880342572,6.588139880342572,0.00434694154215172,88.71828509825443,ascent,ascent,2025-233M,2025-233T,False
2025-11-17 00:00:00+00:00,QQ_same_launch,66046,66050,3,9.767680374216726,9.821122983651344,0.010863102970984452,26.188005825884023,ascent,ascent,2025-233P,2025-233T,False
2025-11-17 00:00:00+00:00,QQ_same_launch,66047,66050,1,2.416745439421409,2.416745439421409,0.0012197462720726774,44.769992354285016,ascent,ascent,2025-233Q,2025-233T,False
2025-11-18 00:00:00+00:00,QQ_diff_launch,60381,61564,1,14.06782891336975,14.06782891336975,13.797039000503533,87.00358117369655,operational,stranded,2024-140C,2024-185N,False
2025-11-18 00:00:00+00:00,QQ_diff_launch,61560,66050,1,17.8961735433395,17.8961735433395,1.93950449362629,88.97840078489949,stranded,ascent,2024-185J,2025-233T,False
2025-11-18 00:00:00+00:00,QQ_diff_launch,61561,62240,1,7.4508216061105434,7.4508216061105434,5.0631448158525565,88.9202853466903,stranded,stranded,2024-185K,2024-232D,False
2025-11-18 00:00:00+00:00,QQ_diff_launch,61563,62238,2,8.8612926134059,10.829422007156914,4.945552839367246,88.93484252336728,operational,operational,2024-185M,2024-232B,False
2025-11-18 00:00:00+00:00,QQ_diff_launch,61563,63171,1,12.644694677082201,12.644694677082201,12.697560433959596,87.96283314100278,operational,operational,2024-185M,2025-046N,False
2025-11-18 00:00:00+00:00,QQ_diff_launch,61569,63169,1,18.549470127914542,18.549470127914542,12.785129875745264,87.91313466600869,stranded,stranded,2024-185T,2025-046L,False
2025-11-18 00:00:00+00:00,QQ_diff_launch,61569,63173,1,10.639999810376217,10.639999810376217,12.72377805717598,87.92047384323052,stranded,operational,2024-185T,2025-046Q,False
2025-11-18 00:00:00+00:00,QQ_diff_launch,62239,63162,16,9.186283492125083,9.928648458477983,9.501120771426752,88.68956097886658,operational,operational,2024-232C,2025-046D,True
2025-11-18 00:00:00+00:00,QQ_diff_launch,62241,63159,14,12.70769759736506,13.20702295218629,9.470949091268116,88.63843122469603,operational,operational,2024-232E,2025-046A,True
2025-11-18 00:00:00+00:00,QQ_diff_launch,62245,63168,14,16.47529232186202,17.41645235299163,9.505278302290076,88.61549452053333,operational,operational,2024-232J,2025-046K,True
2025-11-18 00:00:00+00:00,QQ_diff_launch,62249,63172,13,13.991096552164041,14.879575977010127,9.531174787366304,88.62867829007482,operational,operational,2024-232N,2025-046P,False
2025-11-18 00:00:00+00:00,QQ_diff_launch,62250,63174,13,6.754377396289995,6.905952239726326,9.52686372302216,88.66479899368959,operational,operational,2024-232P,2025-046R,False
2025-11-18 00:00:00+00:00,QQ_diff_launch,62255,63173,27,12.200256444311652,13.796438659779064,9.49589249493476,88.71588487137556,operational,operational,2024-232U,2025-046Q,True
2025-11-18 00:00:00+00:00,QQ_same_launch,66035,66045,1,2.43581059224112,2.43581059224112,0.0015243735310386589,42.44003971498714,ascent,ascent,2025-233C,2025-233N,False
2025-11-18 00:00:00+00:00,QQ_same_launch,66041,66045,1,4.772092304812524,4.772092304812524,0.0025534360895473128,60.05970782941938,ascent,ascent,2025-233J,2025-233N,False
2025-11-18 00:00:00+00:00,QQ_same_launch,66044,66049,1,1.4851773298021214,1.4851773298021214,0.0009222076944863675,66.20724500718015,ascent,ascent,2025-233M,2025-233S,False
2025-11-18 00:00:00+00:00,QQ_same_launch,66049,66050,1,6.441064118734509,6.441064118734509,0.006570649978582909,83.96973048471168,ascent,ascent,2025-233S,2025-233T,False
2025-11-19 00:00:00+00:00,QQ_diff_launch,61563,63171,3,7.602017826773259,11.363275040234997,12.732531575516216,87.88209548845313,operational,operational,2024-185M,2025-046N,False
2025-11-19 00:00:00+00:00,QQ_diff_launch,62239,63162,27,10.674397678796213,16.900662552434547,9.496180544020973,88.6200946779997,operational,operational,2024-232C,2025-046D,True
2025-11-19 00:00:00+00:00,QQ_diff_launch,62241,63159,13,13.76126473671866,14.205645019670344,9.47161428893793,88.63545538972517,operational,operational,2024-232E,2025-046A,False
2025-11-19 00:00:00+00:00,QQ_diff_launch,62243,66043,1,18.580939684110373,18.580939684110373,3.1896007615017914,88.98636887027402,stranded,drift,2024-232G,2025-233L,False
2025-11-19 00:00:00+00:00,QQ_diff_launch,62245,63168,10,18.55555114471926,19.233842791637045,9.505865826377907,88.60897778035834,operational,operational,2024-232J,2025-046K,False
2025-11-19 00:00:00+00:00,QQ_diff_launch,62249,63172,14,13.5547655366919,13.906838182395294,9.531733967615992,88.63427322687082,operational,operational,2024-232N,2025-046P,True
2025-11-19 00:00:00+00:00,QQ_diff_launch,62250,63174,14,7.08529874424241,7.241885186548901,9.527468432082856,88.66495400543432,operational,operational,2024-232P,2025-046R,True
2025-11-19 00:00:00+00:00,QQ_diff_launch,62255,63173,27,12.047066354531113,12.197353073340397,9.47836388297873,88.62992673179404,operational,operational,2024-232U,2025-046Q,True
2025-11-19 00:00:00+00:00,QQ_same_launch,66039,66045,1,6.215561637781917,6.215561637781917,0.0033210403528475775,0.0366321767815171,ascent,ascent,2025-233G,2025-233N,False
2025-11-20 00:00:00+00:00,QQ_diff_launch,60392,61569,1,14.409242702217387,14.409242702217387,13.809932604441249,86.71150975316117,operational,stranded,2024-140P,2024-185T,False
2025-11-20 00:00:00+00:00,QQ_diff_launch,61557,66048,1,19.639837425592372,19.639837425592372,1.96254487917913,88.97461738923633,stranded,ascent,2024-185F,2025-233R,False
2025-11-20 00:00:00+00:00,QQ_diff_launch,61563,62799,2,8.043653652698099,9.639068886830302,2.8076452620892782,88.95574673188116,operational,operational,2024-185M,2025-016Q,False
2025-11-20 00:00:00+00:00,QQ_diff_launch,62239,63162,27,12.292096878282093,14.035000844008694,9.50214618338083,88.69947918345163,operational,operational,2024-232C,2025-046D,True
2025-11-20 00:00:00+00:00,QQ_diff_launch,62241,63159,14,14.709792743193338,15.156131983766016,9.472299689620385,88.6326302840326,operational,operational,2024-232E,2025-046A,True
2025-11-20 00:00:00+00:00,QQ_diff_launch,62249,63172,13,17.12365486801904,18.21725370213723,9.532297720144978,88.61573761606518,operational,operational,2024-232N,2025-046P,False
2025-11-20 00:00:00+00:00,QQ_diff_launch,62250,63174,15,7.4440546686691516,7.601435160744638,9.528047365409526,88.6653940981586,operational,operational,2024-232P,2025-046R,True
2025-11-20 00:00:00+00:00,QQ_diff_launch,62255,63173,27,11.344553683489282,14.545757923736124,9.496982346099198,88.71828945002585,operational,operational,2024-232U,2025-046Q,True
2025-11-20 00:00:00+00:00,QQ_same_launch,66039,66045,1,6.190223075212011,6.190223075212011,0.0034382941432592263,77.76293098911543,ascent,ascent,2025-233G,2025-233N,False
2025-11-21 00:00:00+00:00,QQ_diff_launch,60385,61554,1,16.763542869541496,16.763542869541496,14.08605600891079,86.63663403609458,drift,stranded,2024-140G,2024-185C,False
2025-11-21 00:00:00+00:00,QQ_diff_launch,60394,61569,1,3.661285392140677,3.661285392140677,13.805455042920928,86.91583743351437,operational,stranded,2024-140R,2024-185T,False
2025-11-21 00:00:00+00:00,QQ_diff_launch,61564,62251,1,9.034935326274395,9.034935326274395,4.93675849926887,88.92661101245993,stranded,operational,2024-185N,2024-232Q,False
2025-11-21 00:00:00+00:00,QQ_diff_launch,61569,62791,1,18.194511854930695,18.194511854930695,2.817421682198588,88.96681062992366,stranded,operational,2024-185T,2025-016G,False
2025-11-21 00:00:00+00:00,QQ_diff_launch,62239,63162,27,11.81216852502719,14.066071203833705,9.496024324430318,88.64538415004037,operational,operational,2024-232C,2025-046D,True
2025-11-21 00:00:00+00:00,QQ_diff_launch,62241,63159,13,15.634573979156716,16.01029132354735,9.472990416641077,88.63026178433111,operational,operational,2024-232E,2025-046A,False
2025-11-21 00:00:00+00:00,QQ_diff_launch,62249,63172,3,19.53147223429811,19.71596703290438,9.532631146036845,88.60977553653157,operational,operational,2024-232N,2025-046P,False
2025-11-21 00:00:00+00:00,QQ_diff_launch,62250,63174,27,7.768058020234319,8.04031485968949,9.528401004412073,88.66562423010602,operational,operational,2024-232P,2025-046R,True
2025-11-21 00:00:00+00:00,QQ_diff_launch,62255,63173,27,10.550722654257385,11.151091195960834,9.478466843477104,88.6347903120055,operational,operational,2024-232U,2025-046Q,True
2025-11-21 00:00:00+00:00,QQ_same_launch,66034,66038,1,15.46526061194434,15.46526061194434,0.016350147180970987,59.796190236549585,ascent,ascent,2025-233B,2025-233F,False
2025-11-21 00:00:00+00:00,QQ_same_launch,66035,66048,1,9.728855039529087,9.728855039529087,0.007317669791810157,31.644620085866816,ascent,ascent,2025-233C,2025-233R,False
2025-11-21 00:00:00+00:00,QQ_same_launch,66036,66045,1,9.35806668884693,9.35806668884693,0.004992824637388929,47.95200918169323,ascent,ascent,2025-233D,2025-233N,False
2025-11-21 00:00:00+00:00,QQ_same_launch,66039,66045,1,6.114706351612712,6.114706351612712,0.0032514894646085467,44.320043137690234,ascent,ascent,2025-233G,2025-233N,False
2025-11-21 00:00:00+00:00,QQ_same_launch,66047,66050,1,2.8132287818864965,2.8132287818864965,0.0015187611294477535,35.80312425793289,ascent,ascent,2025-233Q,2025-233T,False
2025-11-22 00:00:00+00:00,QQ_diff_launch,60386,61564,1,9.755652444101717,9.755652444101717,13.798049494572547,86.85732937061043,operational,stranded,2024-140H,2024-185N,False
2025-11-22 00:00:00+00:00,QQ_diff_launch,60395,61569,1,8.143356528632417,8.143356528632417,13.803658566434056,86.97465757299105,operational,stranded,2024-140S,2024-185T,False
2025-11-22 00:00:00+00:00,QQ_diff_launch,61569,62247,1,2.7951842517816026,2.7951842517816026,4.977516794321204,88.92795327267741,stranded,operational,2024-185T,2024-232L,False
2025-11-22 00:00:00+00:00,QQ_diff_launch,62239,63162,27,10.198909819414462,16.4041171202611,9.503503979980113,88.71429979623402,operational,operational,2024-232C,2025-046D,True
2025-11-22 00:00:00+00:00,QQ_diff_launch,62241,63159,14,16.439911295092465,16.8102835142935,9.473712337374119,88.62799644848081,operational,operational,2024-232E,2025-046A,True
2025-11-22 00:00:00+00:00,QQ_diff_launch,62250,63174,27,8.08208297914116,17.47277307316035,9.52235043116159,88.61446621779463,operational,operational,2024-232P,2025-046R,True
2025-11-22 00:00:00+00:00,QQ_diff_launch,62255,63173,27,9.910480253083573,15.662206007380545,9.49807930696611,88.72165054212994,operational,operational,2024-232U,2025-046Q,True
2025-11-22 00:00:00+00:00,QQ_same_launch,66035,66048,1,3.5235095522799518,3.5235095522799518,0.0019553941489056756,85.49308257968619,ascent,ascent,2025-233C,2025-233R,False
2025-11-22 00:00:00+00:00,QQ_same_launch,66036,66045,1,5.442007920958873,5.442007920958873,0.0029635581068316267,17.369462634844957,ascent,ascent,2025-233D,2025-233N,False
2025-11-22 00:00:00+00:00,QQ_same_launch,66037,66042,1,6.1727165633031715,6.1727165633031715,0.0037547895914155516,70.66631207433588,drift,ascent,2025-233E,2025-233K,False
2025-11-22 00:00:00+00:00,QQ_same_launch,66044,66046,1,3.5220285842045764,3.5220285842045764,0.0019293435319880255,87.04269859941435,ascent,ascent,2025-233M,2025-233P,False
2025-11-22 00:00:00+00:00,QQ_same_launch,66044,66049,3,3.2913040389406167,8.854867346636064,0.009603774553903639,21.46940086821412,ascent,ascent,2025-233M,2025-233S,False
2025-11-22 00:00:00+00:00,QQ_same_launch,66046,66049,1,3.5153774955712342,3.5153774955712342,0.0014867771677278911,67.37255403199967,ascent,ascent,2025-233P,2025-233S,False
2025-11-23 00:00:00+00:00,QQ_diff_launch,61560,62240,1,16.952140733894858,16.952140733894858,5.043985835787888,88.9375630310103,stranded,stranded,2024-185J,2024-232D,False
2025-11-23 00:00:00+00:00,QQ_diff_launch,61563,63170,4,4.659128241618538,12.366066187191223,12.707272367726588,87.91929554305246,operational,operational,2024-185M,2025-046M,False
2025-11-23 00:00:00+00:00,QQ_diff_launch,61564,63169,1,14.560910610177814,14.560910610177814,12.767728856494813,87.98447046260566,stranded,stranded,2024-185N,2025-046L,False
2025-11-23 00:00:00+00:00,QQ_diff_launch,61569,63166,1,13.334685201447765,13.334685201447765,12.728120555836185,87.865295189963,stranded,operational,2024-185T,2025-046H,False
2025-11-23 00:00:00+00:00,QQ_diff_launch,62239,63162,21,9.906639481879852,10.032422765432434,9.495760656450125,88.67021159499497,operational,operational,2024-232C,2025-046D,True
2025-11-23 00:00:00+00:00,QQ_diff_launch,62241,63159,13,17.20255993776629,17.5056325918156,9.474447653136394,88.62609993657956,operational,operational,2024-232E,2025-046A,False
2025-11-23 00:00:00+00:00,QQ_diff_launch,62250,63174,27,8.367815005039528,8.613099960536436,9.529736567820594,88.66699192225643,operational,operational,2024-232P,2025-046R,True
2025-11-23 00:00:00+00:00,QQ_diff_launch,62255,63173,27,8.95335612163682,9.780990153085847,9.478495608647028,88.6406132063577,operational,operational,2024-232U,2025-046Q,True
2025-11-23 00:00:00+00:00,QQ_same_launch,66036,66039,1,3.8367001434270955,3.8367001434270955,0.0019755925768726156,26.539185192294433,ascent,ascent,2025-233D,2025-233G,False
2025-11-23 00:00:00+00:00,QQ_same_launch,66044,66049,3,2.920796984320511,4.67750798988975,0.005207386281146189,85.03806501995113,ascent,ascent,2025-233M,2025-233S,False
2025-11-23 00:00:00+00:00,QQ_same_launch,66046,66049,5,1.6945955431939768,8.34525287178527,0.009297641344917172,19.159798476129392,ascent,ascent,2025-233P,2025-233S,False
2025-11-24 00:00:00+00:00,QQ_diff_launch,60381,61569,1,11.326558831492815,11.326558831492815,13.809841729985624,86.98986189062222,operational,stranded,2024-140C,2024-185T,False
2025-11-24 00:00:00+00:00,QQ_diff_launch,60385,62240,2,16.668040559879714,17.214136952715307,11.69168015962257,88.29007520366326,drift,stranded,2024-140G,2024-232D,False
2025-11-24 00:00:00+00:00,QQ_diff_launch,61553,66047,1,5.49538998060634,5.49538998060634,2.082669411770291,88.97834787764707,stranded,ascent,2024-185B,2025-233Q,False
2025-11-24 00:00:00+00:00,QQ_diff_launch,61563,62252,2,11.537920281571676,15.744504418082398,4.955312436450614,88.93335976530855,operational,operational,2024-185M,2024-232R,False
2025-11-24 00:00:00+00:00,QQ_diff_launch,61569,63175,1,14.767488199269957,14.767488199269957,12.711708881466471,87.96406337109437,stranded,operational,2024-185T,2025-046S,False
2025-11-24 00:00:00+00:00,QQ_diff_launch,62239,63162,13,10.20015494146134,10.824001459719044,9.495561833901872,88.68161831178111,operational,operational,2024-232C,2025-046D,False
2025-11-24 00:00:00+00:00,QQ_diff_launch,62241,63159,14,17.836541032526046,18.12333240810931,9.475205387192377,88.6244893197649,operational,operational,2024-232E,2025-046A,True
2025-11-24 00:00:00+00:00,QQ_diff_launch,62250,63174,27,8.924970144853116,18.140311064039835,9.522140288180392,88.61223305445623,operational,operational,2024-232P,2025-046R,True
2025-11-24 00:00:00+00:00,QQ_diff_launch,62255,63173,27,7.955876080926578,17.18290515822836,9.499187735424034,88.72618204826293,operational,operational,2024-232U,2025-046Q,True
2025-11-24 00:00:00+00:00,QQ_same_launch,66033,66045,1,6.218197414616427,6.218197414616427,0.0032540372863865577,13.558671404828534,ascent,ascent,2025-233A,2025-233N,False
2025-11-24 00:00:00+00:00,QQ_same_launch,66040,66042,1,4.3906831075888,4.3906831075888,0.002082418137695252,85.99707154194797,ascent,ascent,2025-233H,2025-233K,False
2025-11-25 00:00:00+00:00,QQ_diff_launch,60389,61569,1,11.20598399255919,11.20598399255919,13.808601596406483,86.74496485484944,operational,stranded,2024-140L,2024-185T,False
2025-11-25 00:00:00+00:00,QQ_diff_launch,61558,66047,1,14.92596936487504,14.92596936487504,2.072037466363209,88.96932223843959,stranded,ascent,2024-185G,2025-233Q,False
2025-11-25 00:00:00+00:00,QQ_diff_launch,61560,66040,1,14.807008644371413,14.807008644371413,1.9377282307328274,88.97568035951706,stranded,ascent,2024-185J,2025-233H,False
2025-11-25 00:00:00+00:00,QQ_diff_launch,61569,62802,1,12.751587471865406,12.751587471865406,2.8026383711807066,88.95171217205116,stranded,operational,2024-185T,2025-016T,False
2025-11-25 00:00:00+00:00,QQ_diff_launch,62239,63162,14,11.982057722706097,13.379247523562011,9.495411305932205,88.69693327752246,operational,operational,2024-232C,2025-046D,True
2025-11-25 00:00:00+00:00,QQ_diff_launch,62241,63159,13,18.393072683704393,18.606520589256892,9.475972426512925,88.62345894345124,operational,operational,2024-232E,2025-046A,False
2025-11-25 00:00:00+00:00,QQ_diff_launch,62243,66037,2,11.630025179477066,11.663740249946986,3.1819068226191223,88.96569274125748,stranded,drift,2024-232G,2025-233E,False
2025-11-25 00:00:00+00:00,QQ_diff_launch,62250,63174,27,9.654603896870785,10.537196044631756,9.531114323992403,88.64913496909567,operational,operational,2024-232P,2025-046R,True
2025-11-25 00:00:00+00:00,QQ_diff_launch,62255,63173,27,6.788220392050812,7.825147409938469,9.478541581594989,88.6487982348275,operational,operational,2024-232U,2025-046Q,True
2025-11-25 00:00:00+00:00,QQ_same_launch,61552,61556,1,9.01616180922998,9.01616180922998,0.024358659116944792,84.58281825680295,stranded,stranded,2024-185A,2024-185E,False
2025-11-25 00:00:00+00:00,QQ_same_launch,61553,61558,1,12.77725370435545,12.77725370435545,0.010693999449006068,60.25372894055498,stranded,stranded,2024-185B,2024-185G,False
2025-11-25 00:00:00+00:00,QQ_same_launch,66036,66041,1,6.799646212895564,6.799646212895564,0.003646915190777906,53.949938121325424,ascent,ascent,2025-233D,2025-233J,False
2025-11-25 00:00:00+00:00,QQ_same_launch,66044,66049,1,19.215320436453872,19.215320436453872,0.019767144343667723,36.58893334936228,ascent,ascent,2025-233M,2025-233S,False
2025-11-26 00:00:00+00:00,QQ_diff_launch,60384,61563,5,10.300347771301809,16.484252987205302,13.825716271804609,86.89527377353474,operational,operational,2024-140F,2024-185M,False
2025-11-26 00:00:00+00:00,QQ_diff_launch,61563,62785,3,6.199635860852846,14.923686613951318,2.8308968526879177,88.9600042475928,operational,operational,2024-185M,2025-016A,False
2025-11-26 00:00:00+00:00,QQ_diff_launch,62239,63162,13,15.34935311301913,17.074653053304534,9.495227728229063,88.71275355553432,operational,operational,2024-232C,2025-046D,False
2025-11-26 00:00:00+00:00,QQ_diff_launch,62241,63159,14,18.869438989069284,19.074101777352006,9.476741076018337,88.62237592662541,operational,operational,2024-232E,2025-046A,True
2025-11-26 00:00:00+00:00,QQ_diff_launch,62250,63174,27,10.576096829487273,18.80245076554439,9.521879607955144,88.6104701793851,operational,operational,2024-232P,2025-046R,True
2025-11-26 00:00:00+00:00,QQ_diff_launch,62255,63173,25,5.750634063909949,6.714826313252249,9.478559224152256,88.65335487314258,operational,operational,2024-232U,2025-046Q,True
2025-11-26 00:00:00+00:00,QQ_same_launch,66033,66041,1,5.22728535114881,5.22728535114881,0.0024046132741710516,18.18952593183551,ascent,ascent,2025-233A,2025-233J,False
2025-11-26 00:00:00+00:00,QQ_same_launch,66040,66042,1,0.47366445074745467,0.47366445074745467,9.829319472129088e-05,27.364879799917333,ascent,ascent,2025-233H,2025-233K,False
2025-11-26 00:00:00+00:00,QQ_same_launch,66044,66046,3,0.7080698076504043,14.080495709558932,0.01242450237780693,34.374410560330524,ascent,ascent,2025-233M,2025-233P,False
2025-11-27 00:00:00+00:00,QQ_diff_launch,60391,61569,1,11.829505286693372,11.829505286693372,13.802359595617046,86.75940379256113,operational,stranded,2024-140N,2024-185T,False
2025-11-27 00:00:00+00:00,QQ_diff_launch,60394,61562,14,18.97706999062357,19.4692216934838,13.81850355688206,86.77077047671186,operational,operational,2024-140R,2024-185L,True
2025-11-27 00:00:00+00:00,QQ_diff_launch,61553,66047,2,12.839449053563884,15.771152616242265,2.0855511458639713,88.97564439470105,stranded,ascent,2024-185B,2025-233Q,False
2025-11-27 00:00:00+00:00,QQ_diff_launch,61553,66049,1,18.2526536539225,18.2526536539225,2.089914410181321,88.98092351291604,stranded,ascent,2024-185B,2025-233S,False
2025-11-27 00:00:00+00:00,QQ_diff_launch,61566,66035,1,19.76180361808521,19.76180361808521,2.1420364155276825,88.97084626467594,drift,ascent,2024-185Q,2025-233C,False
2025-11-27 00:00:00+00:00,QQ_diff_launch,61569,62786,1,15.28975091454848,15.28975091454848,2.79541697385946,88.95354452434988,stranded,operational,2024-185T,2025-016B,False
2025-11-27 00:00:00+00:00,QQ_diff_launch,62239,63162,3,19.276303333484265,19.59765740954914,9.495132978453281,88.72233610247399,operational,operational,2024-232C,2025-046D,False
2025-11-27 00:00:00+00:00,QQ_diff_launch,62241,63159,13,19.282304719945714,19.448197033630667,9.477527125430571,88.62162480858235,operational,operational,2024-232E,2025-046A,False
2025-11-27 00:00:00+00:00,QQ_diff_launch,62250,63174,27,11.552158299940734,12.578780002208704,9.53260354115867,88.63893658955223,operational,operational,2024-232P,2025-046R,True
2025-11-27 00:00:00+00:00,QQ_diff_launch,62255,63173,14,4.747650477697034,5.186828106779014,9.478582122712467,88.65606883311784,operational,operational,2024-232U,2025-046Q,True
2025-11-27 00:00:00+00:00,QQ_same_launch,66033,66041,1,3.4881562060812836,3.4881562060812836,0.0019095652438480602,33.85639223963759,ascent,ascent,2025-233A,2025-233J,False
2025-11-27 00:00:00+00:00,QQ_same_launch,66047,66049,1,5.304380274974273,5.304380274974273,0.0029192144314520076,74.83741678692805,ascent,ascent,2025-233Q,2025-233S,False
2025-11-28 00:00:00+00:00,QQ_diff_launch,60383,61564,1,16.228519641614437,16.228519641614437,13.796074152423438,87.04304265567443,operational,stranded,2024-140E,2024-185N,False
2025-11-28 00:00:00+00:00,QQ_diff_launch,60394,61562,27,17.65606207092749,18.24689002438326,13.832206952525423,86.80710778849134,operational,operational,2024-140R,2024-185L,True
2025-11-28 00:00:00+00:00,QQ_diff_launch,60396,61569,1,13.79309742420245,13.79309742420245,13.819716511793835,86.9943913460953,operational,stranded,2024-140T,2024-185T,False
2025-11-28 00:00:00+00:00,QQ_diff_launch,61553,66044,1,18.64259648217725,18.64259648217725,2.0897359651881127,88.98102021609147,stranded,ascent,2024-185B,2025-233M,False
2025-11-28 00:00:00+00:00,QQ_diff_launch,61553,66046,1,18.737244853503224,18.737244853503224,2.0805754319317704,88.9749053476652,stranded,ascent,2024-185B,2025-233P,False
2025-11-28 00:00:00+00:00,QQ_diff_launch,61569,62251,1,7.610958569337291,7.610958569337291,4.980325772711663,88.93447977522467,stranded,operational,2024-185T,2024-232Q,False
2025-11-28 00:00:00+00:00,QQ_diff_launch,61569,63165,1,19.27270439991867,19.27270439991867,12.748349385072007,87.90208849368207,stranded,operational,2024-185T,2025-046G,False
2025-11-28 00:00:00+00:00,QQ_diff_launch,62241,63159,14,19.627377467460008,19.77688525517884,9.478328702369955,88.62111343276891,operational,operational,2024-232E,2025-046A,True
2025-11-28 00:00:00+00:00,QQ_diff_launch,62242,63164,3,19.827308177818196,19.889185382832462,9.51770295179885,88.60989615663506,operational,operational,2024-232F,2025-046F,False
2025-11-28 00:00:00+00:00,QQ_diff_launch,62250,63174,27,12.641019788590503,19.073548347069966,9.52155593615405,88.61011648285695,operational,operational,2024-232P,2025-046R,True
2025-11-28 00:00:00+00:00,QQ_diff_launch,62255,63173,13,4.061319090736363,4.300101768850006,9.478590407410952,88.66162508658506,operational,operational,2024-232U,2025-046Q,False
2025-11-28 00:00:00+00:00,QQ_same_launch,66034,66039,1,8.894128765535683,8.894128765535683,0.006053971270414976,73.91676482866188,ascent,ascent,2025-233B,2025-233G,False
2025-11-29 00:00:00+00:00,QQ_diff_launch,60393,61564,1,14.435709050233967,14.435709050233967,13.793456049001563,86.95924569737987,operational,stranded,2024-140Q,2024-185N,False
2025-11-29 00:00:00+00:00,QQ_diff_launch,60394,61562,27,17.163763012758157,17.47944822206904,13.804662312254987,86.85353248801913,operational,operational,2024-140R,2024-185L,True
2025-11-29 00:00:00+00:00,QQ_diff_launch,61565,62241,6,15.16346228394666,17.084909868748653,5.02481071102396,88.92906932866926,operational,operational,2024-185P,2024-232E,False
2025-11-29 00:00:00+00:00,QQ_diff_launch,61569,63167,1,19.328453036664236,19.328453036664236,12.719016223783068,87.84978043777308,stranded,operational,2024-185T,2025-046J,False
2025-11-29 00:00:00+00:00,QQ_diff_launch,62241,63159,8,19.87750196100574,19.93638364865793,9.478978200358824,88.62102852337954,operational,operational,2024-232E,2025-046A,False
2025-11-29 00:00:00+00:00,QQ_diff_launch,62243,66037,2,9.538592281173083,10.395941647107934,3.1802682838962193,88.9820584467941,stranded,ascent,2024-232G,2025-233E,False
2025-11-29 00:00:00+00:00,QQ_diff_launch,62250,63174,27,13.693897502785532,14.786795996328427,9.53411758262301,88.62893376016181,operational,operational,2024-232P,2025-046R,True
2025-11-29 00:00:00+00:00,QQ_diff_launch,62255,63173,14,3.957277015957639,3.9832165614126476,9.47860480731704,88.66758220843589,operational,operational,2024-232U,2025-046Q,True
2025-11-29 00:00:00+00:00,QQ_same_launch,66044,66047,3,6.631429884417802,15.247889342485824,0.016641476130390964,11.012356794370282,ascent,ascent,2025-233M,2025-233Q,False
2025-11-30 00:00:00+00:00,QQ_diff_launch,60385,61560,18,12.273832147464683,15.084199128358236,14.102362871933734,86.76165957001325,drift,stranded,2024-140G,2024-185J,True
2025-11-30 00:00:00+00:00,QQ_diff_launch,60385,62243,2,12.882072467689985,13.249502017102394,11.695884471955612,88.33211826977829,drift,stranded,2024-140G,2024-232G,False
2025-11-30 00:00:00+00:00,QQ_diff_launch,60385,66037,1,19.47775666874978,19.47775666874978,13.35418856828315,87.58618422681745,drift,ascent,2024-140G,2025-233E,False
2025-11-30 00:00:00+00:00,QQ_diff_launch,60386,61569,1,15.47026827938245,15.47026827938245,13.80949642587301,87.04289965330048,operational,stranded,2024-140H,2024-185T,False
2025-11-30 00:00:00+00:00,QQ_diff_launch,60394,61562,27,17.090031853216576,17.633884994431,13.832665487808388,86.90088334282252,operational,operational,2024-140R,2024-185L,True
2025-11-30 00:00:00+00:00,QQ_diff_launch,61558,66046,1,4.909627550695027,4.909627550695027,2.0761460344249816,88.97803105314824,stranded,ascent,2024-185G,2025-233P,False
2025-11-30 00:00:00+00:00,QQ_diff_launch,61563,62249,1,12.31555140251585,12.31555140251585,4.9598116001902515,88.92680590795527,operational,operational,2024-185M,2024-232N,False
2025-11-30 00:00:00+00:00,QQ_diff_launch,61563,63172,5,0.6656190026761125,11.477262760209356,12.745775491075898,87.92696236346944,operational,operational,2024-185M,2025-046P,False
2025-11-30 00:00:00+00:00,QQ_diff_launch,61564,62245,1,15.15610804343536,15.15610804343536,4.952160496868573,88.93575827732512,stranded,operational,2024-185N,2024-232J,False
2025-11-30 00:00:00+00:00,QQ_diff_launch,61565,63159,19,2.6157203699118305,10.581056026556016,12.74316599360553,87.9373466456572,operational,operational,2024-185P,2025-046A,True
2025-11-30 00:00:00+00:00,QQ_diff_launch,62250,63174,27,14.892426873976296,19.155180606501187,9.521177677815636,88.61055634092627,operational,operational,2024-232P,2025-046R,True
2025-11-30 00:00:00+00:00,QQ_diff_launch,62255,63173,13,4.11972263464414,4.396346408941697,9.478626320241318,88.67338119443833,operational,operational,2024-232U,2025-046Q,False
2025-11-30 00:00:00+00:00,QQ_same_launch,66035,66036,1,8.343637939504154,8.343637939504154,0.00431889533145929,78.82030270247402,ascent,ascent,2025-233C,2025-233D,False
2025-11-30 00:00:00+00:00,QQ_same_launch,66035,66048,1,4.656968497739447,4.656968497739447,0.002400551017709116,2.217004409658294,ascent,ascent,2025-233C,2025-233R,False
2025-11-30 00:00:00+00:00,QQ_same_launch,66046,66047,2,2.1959317051057603,3.176846660939523,0.0033612510440911908,42.940753861962534,ascent,ascent,2025-233P,2025-233Q,False
2025-12-01 00:00:00+00:00,QQ_diff_launch,60382,61569,1,18.357456578382696,18.357456578382696,13.810932521800337,87.05664963331829,operational,stranded,2024-140D,2024-185T,False
2025-12-01 00:00:00+00:00,QQ_diff_launch,60394,61562,20,17.267930963153912,17.872446940283254,13.80422676506322,86.93422539778378,operational,operational,2024-140R,2024-185L,True
2025-12-01 00:00:00+00:00,QQ_diff_launch,60394,61564,1,11.522200097935038,11.522200097935038,13.790741591233804,86.93266418623416,operational,stranded,2024-140R,2024-185N,False
2025-12-01 00:00:00+00:00,QQ_diff_launch,61556,66037,1,6.455335162470919,6.455335162470919,2.027218167897102,88.97549350141465,stranded,ascent,2024-185E,2025-233E,False
2025-12-01 00:00:00+00:00,QQ_diff_launch,61563,62790,3,2.5932157983339557,17.724592933962825,2.8151107078428756,88.95941236481727,operational,operational,2024-185M,2025-016F,False
2025-12-01 00:00:00+00:00,QQ_diff_launch,61567,66038,1,18.218443351351816,18.218443351351816,2.0955888034582393,88.97718844642213,stranded,ascent,2024-185R,2025-233F,False
2025-12-01 00:00:00+00:00,QQ_diff_launch,61569,62249,1,9.82320219349219,9.82320219349219,4.98130274464144,88.91309699438865,stranded,operational,2024-185T,2024-232N,False
2025-12-01 00:00:00+00:00,QQ_diff_launch,62250,63174,27,16.006981612705733,17.111088450155794,9.53569224752608,88.61899590290032,operational,operational,2024-232P,2025-046R,True
2025-12-01 00:00:00+00:00,QQ_diff_launch,62255,63173,14,4.884230846558226,5.4561261547986355,9.478642630043039,88.6793365592475,operational,operational,2024-232U,2025-046Q,True
2025-12-01 00:00:00+00:00,QQ_same_launch,66033,66035,1,6.932458301851663,6.932458301851663,0.004917378545997686,80.59167713244373,ascent,ascent,2025-233A,2025-233C,False
2025-12-01 00:00:00+00:00,QQ_same_launch,66035,66048,1,5.648374942205464,5.648374942205464,0.0025892030626882517,20.43059173847611,ascent,ascent,2025-233C,2025-233R,False
2025-12-02 00:00:00+00:00,QQ_diff_launch,60382,61563,6,7.880844047473129,15.40419835976843,13.806895396629638,86.89056747121225,operational,operational,2024-140D,2024-185M,False
2025-12-02 00:00:00+00:00,QQ_diff_launch,60394,61562,13,18.25418169475512,18.937862908969212,13.803991784541632,86.96796854962895,operational,operational,2024-140R,2024-185L,False
2025-12-02 00:00:00+00:00,QQ_diff_launch,60395,61564,1,15.782140138978278,15.782140138978278,13.788292886281809,86.8124423243653,operational,stranded,2024-140S,2024-185N,False
2025-12-02 00:00:00+00:00,QQ_diff_launch,61569,62785,1,17.76983371129664,17.76983371129664,2.8153731075596125,88.95517106013227,stranded,operational,2024-185T,2025-016A,False
2025-12-02 00:00:00+00:00,QQ_diff_launch,62240,66037,1,17.95819754322009,17.95819754322009,3.176869638500676,88.97824715797437,stranded,ascent,2024-232D,2025-233E,False
2025-12-02 00:00:00+00:00,QQ_diff_launch,62250,63174,27,17.23784173203595,18.970173669001106,9.520732250575016,88.61147814220807,operational,operational,2024-232P,2025-046R,True
2025-12-02 00:00:00+00:00,QQ_diff_launch,62255,63173,13,6.2979047342649865,7.015053924055335,9.478655246651654,88.68597077910441,operational,operational,2024-232U,2025-046Q,False
2025-12-03 00:00:00+00:00,QQ_diff_launch,60394,61562,1,19.875456190385556,19.875456190385556,13.803899211692734,86.99082603253775,operational,operational,2024-140R,2024-185L,False
2025-12-03 00:00:00+00:00,QQ_diff_launch,62250,63174,27,18.389250260615295,18.958530796287704,9.537286334020639,88.61150527554403,operational,operational,2024-232P,2025-046R,True
2025-12-03 00:00:00+00:00,QQ_diff_launch,62255,63173,14,7.954678687292073,8.86465382921413,9.478672802692781,88.69290873558701,operational,operational,2024-232U,2025-046Q,True
2025-12-04 00:00:00+00:00,QQ_diff_launch,61557,66043,1,5.708230412513372,5.708230412513372,1.9567611198924608,88.97522537543298,stranded,drift,2024-185F,2025-233L,False
2025-12-04 00:00:00+00:00,QQ_diff_launch,62250,63174,20,18.634795163315033,18.80661798203371,9.520167839760955,88.6121348697937,operational,operational,2024-232P,2025-046R,True
2025-12-04 00:00:00+00:00,QQ_diff_launch,62255,63173,13,9.93677426272219,10.87249088227959,9.478704912488839,88.70001067173651,operational,operational,2024-232U,2025-046Q,False
2025-12-04 00:00:00+00:00,QQ_same_launch,61552,61553,1,15.276234844443833,15.276234844443833,0.04131867389702255,88.96976347239925,stranded,stranded,2024-185A,2024-185B,False
2025-12-04 00:00:00+00:00,QQ_same_launch,66034,66035,1,7.01819577729818,7.01819577729818,0.003392949577472305,9.385937370870305,ascent,ascent,2025-233B,2025-233C,False
2025-12-05 00:00:00+00:00,QQ_diff_launch,60379,61569,1,9.290756226674697,9.290756226674697,13.809706718915539,86.97625110488782,operational,stranded,2024-140A,2024-185T,False
2025-12-05 00:00:00+00:00,QQ_diff_launch,61563,62254,2,8.80389626015401,11.532259324126088,4.955253990179786,88.92334895468697,operational,operational,2024-185M,2024-232T,False
2025-12-05 00:00:00+00:00,QQ_diff_launch,61565,62798,4,5.413268328504176,10.010733515878663,2.810929681998318,88.9578682614985,operational,operational,2024-185P,2025-016P,False
2025-12-05 00:00:00+00:00,QQ_diff_launch,61567,63163,1,11.421644459030952,11.421644459030952,12.848756606827147,87.97892499102099,stranded,stranded,2024-185R,2025-046E,False
2025-12-05 00:00:00+00:00,QQ_diff_launch,62250,63174,13,18.39961297840641,18.52680483465045,9.519831926288086,88.61328936684221,operational,operational,2024-232P,2025-046R,False
2025-12-05 00:00:00+00:00,QQ_diff_launch,62255,63173,14,11.953895154720165,13.01755254872877,9.478724389860808,88.70724050681272,operational,operational,2024-232U,2025-046Q,True
2025-12-05 00:00:00+00:00,QQ_same_launch,66033,66034,1,14.836033855033824,14.836033855033824,0.0076113973326814586,13.635639196882508,ascent,ascent,2025-233A,2025-233B,False
2025-12-06 00:00:00+00:00,QQ_diff_launch,60388,61569,1,18.629717512730817,18.629717512730817,13.826710048287406,87.00214503482849,operational,stranded,2024-140K,2024-185T,False
2025-12-06 00:00:00+00:00,QQ_diff_launch,61561,66043,1,16.396100393371817,16.396100393371817,1.9371081851149634,88.97245590136303,stranded,drift,2024-185K,2025-233L,False
2025-12-06 00:00:00+00:00,QQ_diff_launch,61565,62798,5,7.673820494352573,12.758346974580963,2.801409765965644,88.96648311990725,operational,operational,2024-185P,2025-016P,False
2025-12-06 00:00:00+00:00,QQ_diff_launch,61569,63164,1,14.663656569423482,14.663656569423482,12.758022869096658,87.90428176064543,stranded,operational,2024-185T,2025-046F,False
2025-12-06 00:00:00+00:00,QQ_diff_launch,62250,63174,14,18.199660930155865,18.32741480049732,9.519567692885095,88.61399547640366,operational,operational,2024-232P,2025-046R,True
2025-12-06 00:00:00+00:00,QQ_diff_launch,62255,63173,13,14.221466526505976,15.229522681817066,9.478731621045764,88.71450160716574,operational,operational,2024-232U,2025-046Q,False
2025-12-06 00:00:00+00:00,QQ_same_launch,66033,66034,1,5.154512542159528,5.154512542159528,0.002664546119037028,41.20284102912064,ascent,ascent,2025-233A,2025-233B,False
2025-12-06 00:00:00+00:00,QQ_same_launch,66035,66041,1,13.577353129992467,13.577353129992467,0.006797937210081342,16.031754102416276,ascent,ascent,2025-233C,2025-233J,False
2025-12-07 00:00:00+00:00,QQ_diff_launch,60386,61563,1,18.93600100376016,18.93600100376016,13.787434384644602,87.0346996346757,operational,operational,2024-140H,2024-185M,False
2025-12-07 00:00:00+00:00,QQ_diff_launch,61555,66036,1,18.038364563058416,18.038364563058416,2.190283894275077,88.9769943629713,stranded,ascent,2024-185D,2025-233D,False
2025-12-07 00:00:00+00:00,QQ_diff_launch,61563,62801,2,0.4153015440272877,8.544052587470285,2.8207724947764294,88.95185944578733,operational,operational,2024-185M,2025-016S,False
2025-12-07 00:00:00+00:00,QQ_diff_launch,61569,62244,1,17.490841338925954,17.490841338925954,4.973102489019222,88.904048653372,stranded,operational,2024-185T,2024-232H,False
2025-12-07 00:00:00+00:00,QQ_diff_launch,62241,63159,10,18.847217412043133,19.390464761414258,9.461704234660669,88.62778994228246,operational,operational,2024-232E,2025-046A,False
2025-12-07 00:00:00+00:00,QQ_diff_launch,62250,63174,13,18.017299762868753,18.124869216140198,9.519296833036234,88.61471865934661,operational,operational,2024-232P,2025-046R,False
2025-12-07 00:00:00+00:00,QQ_diff_launch,62255,63173,14,16.410481364601353,17.505364128227935,9.478762549273018,88.72191268345918,operational,operational,2024-232U,2025-046Q,True
2025-12-07 00:00:00+00:00,QQ_diff_launch,63163,66048,2,13.791134143616619,16.837254019170295,11.642664031435718,88.27481198474116,stranded,ascent,2025-046E,2025-233R,False
2025-12-07 00:00:00+00:00,QQ_same_launch,66035,66039,1,6.152241880760736,6.152241880760736,0.003278691821586684,7.632661263829137,ascent,ascent,2025-233C,2025-233G,False
2025-12-08 00:00:00+00:00,QQ_diff_launch,60382,61564,1,18.435808368699554,18.435808368699554,13.795784987727375,86.88946873843979,operational,stranded,2024-140D,2024-185N,False
2025-12-08 00:00:00+00:00,QQ_diff_launch,60383,61565,15,13.029164152849898,15.774809944918516,13.792632654035545,86.93975853250677,operational,operational,2024-140E,2024-185P,True
2025-12-08 00:00:00+00:00,QQ_diff_launch,60386,61563,5,6.733892478968037,13.951820254632592,13.817499838217174,86.90724419010135,operational,operational,2024-140H,2024-185M,False
2025-12-08 00:00:00+00:00,QQ_diff_launch,61566,66048,1,10.470726920928362,10.470726920928362,2.1448961843968144,88.97094934897322,drift,ascent,2024-185Q,2025-233R,False
2025-12-08 00:00:00+00:00,QQ_diff_launch,61568,62240,1,18.922377157628055,18.922377157628055,5.049138937612338,88.94774708800789,stranded,stranded,2024-185S,2024-232D,False
2025-12-08 00:00:00+00:00,QQ_diff_launch,62241,63159,17,17.3234042645619,18.23500900273121,9.461565647646344,88.63376050912842,operational,operational,2024-232E,2025-046A,True
2025-12-08 00:00:00+00:00,QQ_diff_launch,62245,63168,6,19.257865771831575,19.619591352556554,9.495691506813188,88.61256847366735,operational,operational,2024-232J,2025-046K,False
2025-12-08 00:00:00+00:00,QQ_diff_launch,62249,63172,3,19.637813988287533,19.776120235481972,9.52544943167796,88.61184982023484,operational,operational,2024-232N,2025-046P,False
2025-12-08 00:00:00+00:00,QQ_diff_launch,62250,63174,14,17.641868808090113,17.78690156229691,9.519026004574417,88.61597056364062,operational,operational,2024-232P,2025-046R,True
2025-12-08 00:00:00+00:00,QQ_diff_launch,62255,63173,7,18.885903315386443,19.40841770758286,9.47879377885786,88.72801813660584,operational,operational,2024-232U,2025-046Q,False
2025-12-08 00:00:00+00:00,QQ_diff_launch,63163,66036,1,12.364223635416721,12.364223635416721,11.610518023194206,88.35845424664701,stranded,ascent,2025-046E,2025-233D,False
2025-12-08 00:00:00+00:00,QQ_same_launch,61565,61569,1,15.257446085996133,15.257446085996133,0.01168994516855484,79.6087580255446,operational,stranded,2024-185P,2024-185T,False
2025-12-08 00:00:00+00:00,QQ_same_launch,66033,66041,1,4.716517796181023,4.716517796181023,0.002314339525463201,46.07894027937023,ascent,ascent,2025-233A,2025-233J,False
2025-12-09 00:00:00+00:00,QQ_diff_launch,60383,61565,6,13.149092817603009,15.825545730029418,13.824815314401413,86.7887976667619,operational,operational,2024-140E,2024-185P,False
2025-12-09 00:00:00+00:00,QQ_diff_launch,60385,61557,1,4.736386185700823,4.736386185700823,14.11053823915023,86.80217720125887,drift,stranded,2024-140G,2024-185F,False
2025-12-09 00:00:00+00:00,QQ_diff_launch,60393,61569,1,11.837884115277706,11.837884115277706,13.8037262502015,86.80868703116253,operational,stranded,2024-140Q,2024-185T,False
2025-12-09 00:00:00+00:00,QQ_diff_launch,61569,62787,1,13.733622775915705,13.733622775915705,2.8058675409583795,88.9564891727359,stranded,operational,2024-185T,2025-016C,False
2025-12-09 00:00:00+00:00,QQ_diff_launch,62241,63159,27,15.88861188316536,17.21454029901909,9.46141227871485,88.63946561241139,operational,operational,2024-232E,2025-046A,True
2025-12-09 00:00:00+00:00,QQ_diff_launch,62245,63168,14,17.373264589902966,18.26162040423327,9.495495650662505,88.61818423776892,operational,operational,2024-232J,2025-046K,True
2025-12-09 00:00:00+00:00,QQ_diff_launch,62249,63172,13,17.89566402226768,18.6875363640451,9.52526775064078,88.61644636657908,operational,operational,2024-232N,2025-046P,False
2025-12-09 00:00:00+00:00,QQ_diff_launch,62250,63174,13,17.38591951768116,17.51441753762103,9.51873866661595,88.61700914671675,operational,operational,2024-232P,2025-046R,False
2025-12-09 00:00:00+00:00,QQ_same_launch,66033,66041,3,5.169325562188084,6.875734990638532,0.008681819464955809,22.9904752740258,ascent,ascent,2025-233A,2025-233J,False
2025-12-10 00:00:00+00:00,QQ_diff_launch,61563,63167,4,4.393017613529143,11.581006307112942,12.719378497516391,87.93034188597392,operational,operational,2024-185M,2025-046J,False
2025-12-10 00:00:00+00:00,QQ_diff_launch,61567,66042,1,18.100140351654918,18.100140351654918,2.0974920326211333,88.96634986978543,stranded,ascent,2024-185R,2025-233K,False
2025-12-10 00:00:00+00:00,QQ_diff_launch,62241,63159,27,14.775762638180124,19.34419629541303,9.487780267274202,88.62708140902662,operational,operational,2024-232E,2025-046A,True
2025-12-10 00:00:00+00:00,QQ_diff_launch,62245,63168,13,15.628203091578749,16.404752334967256,9.49523807058367,88.62597683482764,operational,operational,2024-232J,2025-046K,False
2025-12-10 00:00:00+00:00,QQ_diff_launch,62249,63172,14,16.113076934175307,16.908187572258555,9.524978877014687,88.62394864916399,operational,operational,2024-232N,2025-046P,True
2025-12-10 00:00:00+00:00,QQ_diff_launch,62250,63174,14,17.004203542708733,17.1245557817219,9.518476711310651,88.61827767723531,operational,operational,2024-232P,2025-046R,True
2025-12-10 00:00:00+00:00,QQ_same_launch,61557,61560,1,11.375307475056202,11.375307475056202,0.028092549591213996,86.35197187149117,stranded,stranded,2024-185F,2024-185J,False
2025-12-10 00:00:00+00:00,QQ_same_launch,66033,66039,1,8.945134964710942,8.945134964710942,0.007505279691828716,4.385784384541757,ascent,ascent,2025-233A,2025-233G,False
2025-12-11 00:00:00+00:00,QQ_diff_launch,60385,61554,1,16.584643464487144,16.584643464487144,14.095553384686468,86.89927605276785,drift,stranded,2024-140G,2024-185C,False
2025-12-11 00:00:00+00:00,QQ_diff_launch,60390,61569,1,18.275045975140237,18.275045975140237,13.803217656929858,86.70110895297513,operational,stranded,2024-140M,2024-185T,False
2025-12-11 00:00:00+00:00,QQ_diff_launch,61563,62246,2,8.260926639831508,9.504934656009281,4.953539616686378,88.93377917624935,operational,operational,2024-185M,2024-232K,False
2025-12-11 00:00:00+00:00,QQ_diff_launch,61569,62245,1,14.908903899045162,14.908903899045162,4.993684988783528,88.93712998713914,stranded,operational,2024-185T,2024-232J,False
2025-12-11 00:00:00+00:00,QQ_diff_launch,62241,63159,27,13.909869974835988,14.70779866624757,9.46099849463882,88.65620744805096,operational,operational,2024-232E,2025-046A,True
2025-12-11 00:00:00+00:00,QQ_diff_launch,62245,63168,14,13.855036625606337,14.63775044327978,9.494994012660316,88.6337217440871,operational,operational,2024-232J,2025-046K,True
2025-12-11 00:00:00+00:00,QQ_diff_launch,62249,63172,13,14.56146457096059,15.255474224605832,9.524682063606225,88.63118202723354,operational,operational,2024-232N,2025-046P,False
2025-12-11 00:00:00+00:00,QQ_diff_launch,62250,63174,13,16.710893063584756,16.8350957009045,9.518200273204997,88.61918538859715,operational,operational,2024-232P,2025-046R,False
2025-12-11 00:00:00+00:00,QQ_same_launch,66039,66041,1,7.1440214215616855,7.1440214215616855,0.004050155477404947,29.668322233323316,ascent,ascent,2025-233G,2025-233J,False
2025-12-12 00:00:00+00:00,QQ_diff_launch,60387,61564,1,19.366366393647592,19.366366393647592,13.788695978465222,86.95223318428877,operational,stranded,2024-140J,2024-185N,False
2025-12-12 00:00:00+00:00,QQ_diff_launch,60392,61569,1,8.325482735835816,8.325482735835816,13.804433954256252,86.85390219726801,operational,stranded,2024-140P,2024-185T,False
2025-12-12 00:00:00+00:00,QQ_diff_launch,61557,66037,1,16.156279814213544,16.156279814213544,1.956633110178685,88.97327521170415,stranded,ascent,2024-185F,2025-233E,False
2025-12-12 00:00:00+00:00,QQ_diff_launch,61563,62800,3,16.130780309417336,17.401972444073177,2.826022326654255,88.96699733604306,operational,operational,2024-185M,2025-016R,False
2025-12-12 00:00:00+00:00,QQ_diff_launch,62241,63159,27,13.460896053816828,18.690678414572627,9.48937840812666,88.62931527943127,operational,operational,2024-232E,2025-046A,True
2025-12-12 00:00:00+00:00,QQ_diff_launch,62242,63164,7,19.47362723593996,19.70816662504804,9.498584882231478,88.61182892960416,operational,operational,2024-232F,2025-046F,False
2025-12-12 00:00:00+00:00,QQ_diff_launch,62245,63168,13,12.463287262796632,13.098353536304732,9.494738394949064,88.64096296715955,operational,operational,2024-232J,2025-046K,False
2025-12-12 00:00:00+00:00,QQ_diff_launch,62249,63172,14,13.072258514565505,13.743087190597493,9.524387400785745,88.63812469376259,operational,operational,2024-232N,2025-046P,True
2025-12-12 00:00:00+00:00,QQ_diff_launch,62250,63174,14,16.515933848409123,16.610188762443478,9.517930280028995,88.61960225980346,operational,operational,2024-232P,2025-046R,True
2025-12-12 00:00:00+00:00,QQ_same_launch,61554,61560,1,13.850074942651206,13.850074942651206,0.006938798455715358,66.78294289971242,stranded,stranded,2024-185C,2024-185J,False
2025-12-13 00:00:00+00:00,QQ_diff_launch,60394,61569,1,17.33860383663571,17.33860383663571,13.80087196504745,87.05143743331126,operational,stranded,2024-140R,2024-185T,False
2025-12-13 00:00:00+00:00,QQ_diff_launch,60396,61563,7,3.4629204440227332,11.475792215804878,13.833891517886585,86.90358187028677,operational,operational,2024-140T,2024-185M,False
2025-12-13 00:00:00+00:00,QQ_diff_launch,61564,62241,1,19.38021767362004,19.38021767362004,4.97533570052621,88.9259961597741,stranded,operational,2024-185N,2024-232E,False
2025-12-13 00:00:00+00:00,QQ_diff_launch,61569,62791,1,16.641234188625916,16.641234188625916,2.8120933801933123,88.95005856378442,stranded,operational,2024-185T,2025-016G,False
2025-12-13 00:00:00+00:00,QQ_diff_launch,61569,63160,1,19.913244347071767,19.913244347071767,12.721091262587692,87.82134091320582,stranded,operational,2024-185T,2025-046B,False
2025-12-13 00:00:00+00:00,QQ_diff_launch,62241,63159,27,13.362146300275722,13.467097211791833,9.460583583640505,88.67235511455678,operational,operational,2024-232E,2025-046A,True
2025-12-13 00:00:00+00:00,QQ_diff_launch,62242,63164,13,18.38596148761341,18.85589576017396,9.498378886890189,88.61515333894556,operational,operational,2024-232F,2025-046F,False
2025-12-13 00:00:00+00:00,QQ_diff_launch,62245,63168,14,11.106082462391315,11.693891631054035,9.494480205294451,88.64823552398315,operational,operational,2024-232J,2025-046K,True
2025-12-13 00:00:00+00:00,QQ_diff_launch,62249,63172,13,11.847836739398907,12.395519179873462,9.524078551008934,88.64468753409375,operational,operational,2024-232N,2025-046P,False
2025-12-13 00:00:00+00:00,QQ_diff_launch,62250,63174,13,16.217562972280906,16.311884330887388,9.517660211262168,88.62044242367485,operational,operational,2024-232P,2025-046R,False
2025-12-13 00:00:00+00:00,QQ_same_launch,66038,66049,1,13.791213398062471,13.791213398062471,0.005301766563827267,47.28370476658483,ascent,ascent,2025-233F,2025-233S,False
2025-12-14 00:00:00+00:00,QQ_diff_launch,62241,63159,27,13.416360342917587,18.03152768031297,9.49096481530991,88.63112025183882,operational,operational,2024-232E,2025-046A,True
2025-12-14 00:00:00+00:00,QQ_diff_launch,62242,63164,14,17.43944714915963,17.909252979659307,9.498090760197865,88.6187502064576,operational,operational,2024-232F,2025-046F,True
2025-12-14 00:00:00+00:00,QQ_diff_launch,62245,63168,13,10.161142354175158,10.589199976255582,9.494250923751252,88.65487284515443,operational,operational,2024-232J,2025-046K,False
2025-12-14 00:00:00+00:00,QQ_diff_launch,62249,63172,14,10.738026157033499,11.239029773325557,9.523785626221022,88.65097880926132,operational,operational,2024-232N,2025-046P,True
2025-12-14 00:00:00+00:00,QQ_diff_launch,62250,63174,14,16.07428024232541,16.15070959975663,9.517379823421958,88.6205308154882,operational,operational,2024-232P,2025-046R,True
2025-12-14 00:00:00+00:00,QQ_same_launch,66038,66049,1,11.286270463813162,11.286270463813162,0.005573866129621526,60.349003819138396,ascent,ascent,2025-233F,2025-233S,False
2025-12-14 00:00:00+00:00,QQ_same_launch,66044,66045,1,13.479469382748686,13.479469382748686,0.006886504100140443,61.32539217204498,ascent,ascent,2025-233M,2025-233N,False
2025-12-15 00:00:00+00:00,QQ_diff_launch,61559,66045,2,13.65614174163466,14.26571114773007,2.2496619175340373,88.96965958354579,stranded,ascent,2024-185H,2025-233N,False
2025-12-15 00:00:00+00:00,QQ_diff_launch,61569,63166,1,19.09421725920437,19.09421725920437,12.770363403576493,88.02109504715568,stranded,operational,2024-185T,2025-046H,False
2025-12-15 00:00:00+00:00,QQ_diff_launch,62241,63159,27,13.70729894627774,14.27242743631689,9.460187206747243,88.68752720955891,operational,operational,2024-232E,2025-046A,True
2025-12-15 00:00:00+00:00,QQ_diff_launch,62242,63164,13,16.46817840110302,16.89925275756781,9.49781345852403,88.62249469904813,operational,operational,2024-232F,2025-046F,False
2025-12-15 00:00:00+00:00,QQ_diff_launch,62245,63168,14,9.429464769508698,9.743233574474694,9.494020954929992,88.6613681057064,operational,operational,2024-232J,2025-046K,True
2025-12-15 00:00:00+00:00,QQ_diff_launch,62249,63172,13,9.935980534433524,10.300682594471391,9.5234794573269,88.65675552107236,operational,operational,2024-232N,2025-046P,False
2025-12-15 00:00:00+00:00,QQ_diff_launch,62250,63174,13,15.975514429051417,16.02894012762007,9.517123688753262,88.62050908971173,operational,operational,2024-232P,2025-046R,False
2025-12-15 00:00:00+00:00,QQ_same_launch,61554,61557,2,6.952109184730749,8.38178468180757,0.024367025744149493,83.22068111814545,stranded,stranded,2024-185C,2024-185F,False
2025-12-15 00:00:00+00:00,QQ_same_launch,62240,62243,2,3.92756025283544,4.448083365096111,0.007162221071825966,66.67096971062142,stranded,stranded,2024-232D,2024-232G,False
2025-12-15 00:00:00+00:00,QQ_same_launch,66035,66044,1,18.593969373543267,18.593969373543267,0.009426541142939096,11.160724006514396,ascent,ascent,2025-233C,2025-233M,False
2025-12-15 00:00:00+00:00,QQ_same_launch,66036,66050,1,5.458468707725525,5.458468707725525,0.0028449065797060513,50.1377106733722,ascent,ascent,2025-233D,2025-233T,False
2025-12-16 00:00:00+00:00,QQ_diff_launch,61563,62251,2,8.076848519606163,9.127909416645819,4.949284513295741,88.93106656908623,operational,operational,2024-185M,2024-232Q,False
2025-12-16 00:00:00+00:00,QQ_diff_launch,61563,63165,2,8.131711613162892,9.328517225064422,12.679661029607775,87.94271137617113,operational,operational,2024-185M,2025-046G,False
2025-12-16 00:00:00+00:00,QQ_diff_launch,62241,63159,27,14.324585189106713,17.305239298195183,9.49248179011982,88.63278136831181,operational,operational,2024-232E,2025-046A,True
2025-12-16 00:00:00+00:00,QQ_diff_launch,62242,63164,14,15.545612511813745,15.996836766922002,9.49755607508023,88.62583111038691,operational,operational,2024-232F,2025-046F,True
2025-12-16 00:00:00+00:00,QQ_diff_launch,62245,63168,13,9.064705404283199,9.211147338649297,9.493796915211117,88.6673675995831,operational,operational,2024-232J,2025-046K,False
2025-12-16 00:00:00+00:00,QQ_diff_launch,62249,63172,14,9.298226174879913,9.57464755750544,9.52318662412121,88.66239701599143,operational,operational,2024-232N,2025-046P,True
2025-12-16 00:00:00+00:00,QQ_diff_launch,62250,63174,14,15.925797226973364,15.97237595522465,9.516873849872267,88.620125552208,operational,operational,2024-232P,2025-046R,True
2025-12-16 00:00:00+00:00,QQ_same_launch,66035,66044,1,10.537008478439379,10.537008478439379,0.004636972477889136,88.15084217771467,ascent,ascent,2025-233C,2025-233M,False
2025-12-16 00:00:00+00:00,QQ_same_launch,66036,66038,1,10.268452400155459,10.268452400155459,0.004393963895361038,66.152367120727,ascent,ascent,2025-233D,2025-233F,False
2025-12-16 00:00:00+00:00,QQ_same_launch,66036,66050,1,7.143973157034629,7.143973157034629,0.00434438448607485,3.5008782880803326,ascent,ascent,2025-233D,2025-233T,False
2025-12-16 00:00:00+00:00,QQ_same_launch,66038,66049,1,11.629881942510252,11.629881942510252,0.008379180052114302,27.679767139408476,ascent,ascent,2025-233F,2025-233S,False
2025-12-16 00:00:00+00:00,QQ_same_launch,66038,66050,1,10.341358357831727,10.341358357831727,0.005518905910705476,62.821675562669164,ascent,ascent,2025-233F,2025-233T,False
2025-12-17 00:00:00+00:00,QQ_diff_launch,60389,61569,2,18.138216683665824,18.981200808384223,13.820473985274628,86.94418168761968,operational,stranded,2024-140L,2024-185T,False
2025-12-17 00:00:00+00:00,QQ_diff_launch,61563,63165,2,11.28712493264907,15.517816813110628,12.731366739797583,87.88143906689533,operational,operational,2024-185M,2025-046G,False
2025-12-17 00:00:00+00:00,QQ_diff_launch,61564,63166,1,18.367657319639573,18.367657319639573,12.74793068473697,87.91371035438803,stranded,operational,2024-185N,2025-046H,False
2025-12-17 00:00:00+00:00,QQ_diff_launch,61564,63175,1,17.259066670889755,17.259066670889755,12.735173989796673,87.88416519214637,stranded,operational,2024-185N,2025-046S,False
2025-12-17 00:00:00+00:00,QQ_diff_launch,61569,62802,1,10.556594573803775,10.556594573803775,2.795246720209659,88.95597159500483,stranded,operational,2024-185T,2025-016T,False
2025-12-17 00:00:00+00:00,QQ_diff_launch,61569,63161,1,17.808669543196196,17.808669543196196,12.750790052574171,87.8170499363471,stranded,operational,2024-185T,2025-046C,False
2025-12-17 00:00:00+00:00,QQ_diff_launch,62241,63159,27,15.171351740178528,16.202625716784198,9.459835814863817,88.70175191192745,operational,operational,2024-232E,2025-046A,True
2025-12-17 00:00:00+00:00,QQ_diff_launch,62242,63164,13,14.65415327610614,15.06525058592323,9.497301086950767,88.62910697595689,operational,operational,2024-232F,2025-046F,False
2025-12-17 00:00:00+00:00,QQ_diff_launch,62245,63168,14,9.001557798379718,9.013054818575194,9.493581021823745,88.67341891323171,operational,operational,2024-232J,2025-046K,True
2025-12-17 00:00:00+00:00,QQ_diff_launch,62249,63172,13,8.947388128082126,9.093958118980169,9.5228939802866,88.6676758160301,operational,operational,2024-232N,2025-046P,False
2025-12-17 00:00:00+00:00,QQ_diff_launch,62250,63174,13,15.91967299657482,15.942501538106788,9.516628484728471,88.61947427793116,operational,operational,2024-232P,2025-046R,False
2025-12-17 00:00:00+00:00,QQ_same_launch,61554,61568,1,14.603326336016153,14.603326336016153,0.014291219539043961,83.1395357552944,stranded,stranded,2024-185C,2024-185S,False
2025-12-17 00:00:00+00:00,QQ_same_launch,61557,61568,1,15.698677356497445,15.698677356497445,0.03722483169434724,83.62867275303039,stranded,stranded,2024-185F,2024-185S,False
2025-12-17 00:00:00+00:00,QQ_same_launch,66033,66044,1,17.5437939209102,17.5437939209102,0.006301870200209536,51.05867221365611,ascent,ascent,2025-233A,2025-233M,False
2025-12-17 00:00:00+00:00,QQ_same_launch,66038,66049,1,19.038259210336953,19.038259210336953,0.009448071788335097,84.00725810933578,ascent,ascent,2025-233F,2025-233S,False
2025-12-17 00:00:00+00:00,QQ_same_launch,66049,66050,1,6.710678458978374,6.710678458978374,0.002554832262783951,67.3580456263685,ascent,ascent,2025-233S,2025-233T,False
2025-12-18 00:00:00+00:00,QQ_diff_launch,60380,61569,1,17.362287519214654,17.362287519214654,13.806420242344045,86.8071481101869,operational,stranded,2024-140B,2024-185T,False
2025-12-18 00:00:00+00:00,QQ_diff_launch,61563,62786,3,16.068720736607563,17.648126662705785,2.8175287971526712,88.96832963903967,operational,operational,2024-185M,2025-016B,False
2025-12-18 00:00:00+00:00,QQ_diff_launch,62241,63159,27,16.31413526282065,16.719477137415975,9.493946817962291,88.63470901777404,operational,operational,2024-232E,2025-046A,True
2025-12-18 00:00:00+00:00,QQ_diff_launch,62242,63164,14,13.753973895283558,14.189828701716326,9.49707814849694,88.63221151764353,operational,operational,2024-232F,2025-046F,True
2025-12-18 00:00:00+00:00,QQ_diff_launch,62245,63168,13,9.058124614050799,9.146799216619026,9.493386681348444,88.67923800109055,operational,operational,2024-232J,2025-046K,False
2025-12-18 00:00:00+00:00,QQ_diff_launch,62249,63172,14,8.831548604491712,8.867480647545452,9.522633768906214,88.67268878773318,operational,operational,2024-232N,2025-046P,True
2025-12-18 00:00:00+00:00,QQ_diff_launch,62250,63174,14,15.945106700875394,15.948134872795684,9.516391518885852,88.61878512034835,operational,operational,2024-232P,2025-046R,True
2025-12-18 00:00:00+00:00,QQ_same_launch,66038,66048,1,14.303991741430087,14.303991741430087,0.009010535846678836,40.138564073731246,ascent,ascent,2025-233F,2025-233R,False
2025-12-18 00:00:00+00:00,QQ_same_launch,66045,66046,1,10.123508378608353,10.123508378608353,0.004877170390371166,67.05599794408462,ascent,ascent,2025-233N,2025-233P,False
2025-12-19 00:00:00+00:00,QQ_diff_launch,60391,61563,6,0.593618422960564,11.371486101125495,13.796401818408356,86.90293447467343,operational,operational,2024-140N,2024-185M,False
2025-12-19 00:00:00+00:00,QQ_diff_launch,60391,61569,2,16.460748762386718,18.195030918379402,13.814345171076702,86.92868935162024,operational,stranded,2024-140N,2024-185T,False
2025-12-19 00:00:00+00:00,QQ_diff_launch,61569,63169,1,19.81855613705099,19.81855613705099,12.744448512451402,88.00315740611975,stranded,stranded,2024-185T,2025-046L,False
2025-12-19 00:00:00+00:00,QQ_diff_launch,62241,63159,27,15.98674096812461,17.504256950423247,9.459532233103705,88.71545477319573,operational,operational,2024-232E,2025-046A,True
2025-12-19 00:00:00+00:00,QQ_diff_launch,62242,63164,13,12.949382902297783,13.338677387664902,9.496860709346372,88.63511222672909,operational,operational,2024-232F,2025-046F,False
2025-12-19 00:00:00+00:00,QQ_diff_launch,62245,63168,14,9.350131545555316,9.583830508329257,9.493204213669303,88.68484660925247,operational,operational,2024-232J,2025-046K,True
2025-12-19 00:00:00+00:00,QQ_diff_launch,62249,63172,13,8.85958808051734,8.880583380598312,9.522352680753059,88.6776155360081,operational,operational,2024-232N,2025-046P,False
2025-12-19 00:00:00+00:00,QQ_diff_launch,62250,63174,13,15.94272547400241,15.946556244034332,9.51617666142617,88.61806916680521,operational,operational,2024-232P,2025-046R,False
2025-12-19 00:00:00+00:00,QQ_same_launch,66035,66045,1,6.109891616748051,6.109891616748051,0.0029030719310845724,58.990774445046675,ascent,ascent,2025-233C,2025-233N,False
2025-12-19 00:00:00+00:00,QQ_same_launch,66035,66046,1,18.134771643553282,18.134771643553282,0.009459314886954487,85.91964796800762,ascent,ascent,2025-233C,2025-233P,False
2025-12-19 00:00:00+00:00,QQ_same_launch,66048,66049,1,19.4872931136866,19.4872931136866,0.007707218831811951,21.564828039447065,ascent,ascent,2025-233R,2025-233S,False
2025-12-20 00:00:00+00:00,QQ_diff_launch,60396,61569,1,19.57073402253881,19.57073402253881,13.811907086003698,86.77931175195887,operational,stranded,2024-140T,2024-185T,False
2025-12-20 00:00:00+00:00,QQ_diff_launch,62241,63159,24,15.400461790939719,15.888360544458763,9.49541804987598,88.63673491115843,operational,operational,2024-232E,2025-046A,True
2025-12-20 00:00:00+00:00,QQ_diff_launch,62242,63164,14,12.069975294002722,12.475776349810268,9.496648855048207,88.63815595627861,operational,operational,2024-232F,2025-046F,True
2025-12-20 00:00:00+00:00,QQ_diff_launch,62245,63168,13,9.929222455073358,10.241261004395007,9.493021418861167,88.69024954619121,operational,operational,2024-232J,2025-046K,False
2025-12-20 00:00:00+00:00,QQ_diff_launch,62249,63172,14,8.993738043441132,9.118252544078423,9.522089263352157,88.68230725097288,operational,operational,2024-232N,2025-046P,True
2025-12-20 00:00:00+00:00,QQ_diff_launch,62250,63174,14,15.978929026242918,16.000266384143465,9.515957867232471,88.61720358286762,operational,operational,2024-232P,2025-046R,True
2025-12-21 00:00:00+00:00,QQ_diff_launch,60386,61569,1,19.88180759089993,19.88180759089993,13.80058633421909,86.78054953616993,operational,stranded,2024-140H,2024-185T,False
2025-12-21 00:00:00+00:00,QQ_diff_launch,61565,62244,5,4.378379796218819,11.335722378760279,4.954913926752985,88.93297882882483,operational,operational,2024-185P,2024-232H,False
2025-12-21 00:00:00+00:00,QQ_diff_launch,61565,63176,8,4.893206057050811,12.499159118878126,12.693551007268084,88.00640957784515,operational,operational,2024-185P,2025-046T,False
2025-12-21 00:00:00+00:00,QQ_diff_launch,61566,63163,7,11.335285802367641,14.590293652207407,12.862501925090639,87.92666886896231,drift,stranded,2024-185Q,2025-046E,False
2025-12-21 00:00:00+00:00,QQ_diff_launch,61569,62246,1,17.49777011397848,17.49777011397848,4.985692983796557,88.9334050173258,stranded,operational,2024-185T,2024-232K,False
2025-12-21 00:00:00+00:00,QQ_diff_launch,62241,63159,13,14.908889831173001,15.172301498290123,9.49631834250358,88.63726534525964,operational,operational,2024-232E,2025-046A,False
2025-12-21 00:00:00+00:00,QQ_diff_launch,62242,63164,13,11.271306872931456,11.643870108036916,9.496465822620817,88.6408786149176,operational,operational,2024-232F,2025-046F,False
2025-12-21 00:00:00+00:00,QQ_diff_launch,62245,63168,21,10.6634631563576,11.294531179583243,9.492900153692984,88.69409534015874,operational,operational,2024-232J,2025-046K,True
2025-12-21 00:00:00+00:00,QQ_diff_launch,62249,63172,13,9.35821570986508,9.544810666252479,9.52182364799914,88.68671391375983,operational,operational,2024-232N,2025-046P,False
2025-12-21 00:00:00+00:00,QQ_diff_launch,62250,63174,13,16.06349162375619,16.10997939306972,9.515755131282518,88.6161220513082,operational,operational,2024-232P,2025-046R,False
2025-12-21 00:00:00+00:00,QQ_same_launch,61564,61569,1,7.855202341192787,7.855202341192787,0.05256126365101959,88.97802851759634,stranded,stranded,2024-185N,2024-185T,False
2025-12-22 00:00:00+00:00,QQ_diff_launch,61563,62239,3,5.667412114812365,13.101016105749313,4.941056784822585,88.92473612117615,operational,operational,2024-185M,2024-232C,False
2025-12-22 00:00:00+00:00,QQ_diff_launch,61565,62244,5,1.1691672286844708,8.680372441607936,4.970901480589732,88.92796240713055,operational,operational,2024-185P,2024-232H,False
2025-12-22 00:00:00+00:00,QQ_diff_launch,61565,63176,11,6.741572552863244,10.522689166411615,12.748431792306253,87.86740294689778,operational,operational,2024-185P,2025-046T,False
2025-12-22 00:00:00+00:00,QQ_diff_launch,61566,63163,1,18.1365416251746,18.1365416251746,12.862483214506662,88.03240017997459,drift,stranded,2024-185Q,2025-046E,False
2025-12-22 00:00:00+00:00,QQ_diff_launch,62241,63159,14,14.291508180452006,14.590222178887192,9.496953996477616,88.63865499529471,operational,operational,2024-232E,2025-046A,True
2025-12-22 00:00:00+00:00,QQ_diff_launch,62242,63164,14,10.48319448155419,10.861918361280633,9.496302182100678,88.64346327069296,operational,operational,2024-232F,2025-046F,True
2025-12-22 00:00:00+00:00,QQ_diff_launch,62245,63168,27,11.642817166259745,19.126685158503797,9.530424177365026,88.60663102315488,operational,operational,2024-232J,2025-046K,True
2025-12-22 00:00:00+00:00,QQ_diff_launch,62249,63172,14,9.804588520890317,10.042606360849877,9.52158836484832,88.69075048644115,operational,operational,2024-232N,2025-046P,True
2025-12-22 00:00:00+00:00,QQ_diff_launch,62250,63174,14,16.18227359145609,16.26589786462986,9.515579700708681,88.61498196685989,operational,operational,2024-232P,2025-046R,True
2025-12-22 00:00:00+00:00,QQ_same_launch,66034,66044,1,16.82327512979345,16.82327512979345,0.00839603930829162,24.79175088996413,ascent,ascent,2025-233B,2025-233M,False
2025-12-22 00:00:00+00:00,QQ_same_launch,66042,66046,1,17.580435763075293,17.580435763075293,0.01001830185239378,45.180733849572775,ascent,ascent,2025-233K,2025-233P,False
2025-12-22 00:00:00+00:00,QQ_same_launch,66048,66050,1,13.600460272165385,13.600460272165385,0.0053070028834223655,39.92348009106671,ascent,ascent,2025-233R,2025-233T,False
2025-12-23 00:00:00+00:00,QQ_diff_launch,61563,63162,5,6.097259637278129,15.958484952115374,12.679502821111749,87.94850924265076,operational,operational,2024-185M,2025-046D,False
2025-12-23 00:00:00+00:00,QQ_diff_launch,61564,63170,1,14.635569769578538,14.635569769578538,12.73301573044702,87.90302887973259,stranded,operational,2024-185N,2025-046M,False
2025-12-23 00:00:00+00:00,QQ_diff_launch,61569,63172,1,11.603549625169626,11.603549625169626,12.769750818164448,87.95868699836578,stranded,operational,2024-185T,2025-046P,False
2025-12-23 00:00:00+00:00,QQ_diff_launch,62241,63159,13,13.720630272255137,13.995539127047158,9.497575683619312,88.63979195450933,operational,operational,2024-232E,2025-046A,False
2025-12-23 00:00:00+00:00,QQ_diff_launch,62242,63164,13,9.800833691386707,10.126352524596836,9.496164980657452,88.64564629551589,operational,operational,2024-232F,2025-046F,False
2025-12-23 00:00:00+00:00,QQ_diff_launch,62245,63168,27,12.563543835034142,13.508820060084592,9.492663445937712,88.70299689907031,operational,operational,2024-232J,2025-046K,True
2025-12-23 00:00:00+00:00,QQ_diff_launch,62249,63172,13,10.362770440249504,10.601374382007519,9.52137887458543,88.69446737728633,operational,operational,2024-232N,2025-046P,False
2025-12-23 00:00:00+00:00,QQ_diff_launch,62250,63174,13,16.38495409639287,16.487797834881366,9.51541885451343,88.61352400159649,operational,operational,2024-232P,2025-046R,False
2025-12-24 00:00:00+00:00,QQ_diff_launch,60380,61563,6,3.054901297289316,11.286072417087905,13.787724971510873,86.91125672272821,operational,operational,2024-140B,2024-185M,False
2025-12-24 00:00:00+00:00,QQ_diff_launch,60384,61569,2,17.664318889342198,18.4978242429263,13.83050944517207,86.80541666753888,operational,stranded,2024-140F,2024-185T,False
2025-12-24 00:00:00+00:00,QQ_diff_launch,61559,66040,1,19.423624526864,19.423624526864,2.255786545246284,88.97851629151187,stranded,ascent,2024-185H,2025-233H,False
2025-12-24 00:00:00+00:00,QQ_diff_launch,61563,62788,2,11.971315487774328,13.663163644298248,2.8124571501803883,88.95758249290166,operational,operational,2024-185M,2025-016D,False
2025-12-24 00:00:00+00:00,QQ_diff_launch,61564,62793,1,18.398727437831933,18.398727437831933,2.8446445428552165,88.95280069249397,stranded,operational,2024-185N,2025-016J,False
2025-12-24 00:00:00+00:00,QQ_diff_launch,61569,62252,1,17.721607034984256,17.721607034984256,4.982102271236011,88.93619284312378,stranded,operational,2024-185T,2024-232R,False
2025-12-24 00:00:00+00:00,QQ_diff_launch,62241,63159,14,13.057182556008877,13.3614536984356,9.498171063605998,88.64121757642693,operational,operational,2024-232E,2025-046A,True
2025-12-24 00:00:00+00:00,QQ_diff_launch,62242,63164,14,9.063275391405929,9.399831134328478,9.49604688850373,88.64782099789328,operational,operational,2024-232F,2025-046F,True
2025-12-24 00:00:00+00:00,QQ_diff_launch,62245,63168,27,13.57592954373086,18.12118961931492,9.531635019680293,88.60925965836577,operational,operational,2024-232J,2025-046K,True
2025-12-24 00:00:00+00:00,QQ_diff_launch,62249,63172,14,10.9483637010621,11.207067930892958,9.521166763420887,88.697998673022,operational,operational,2024-232N,2025-046P,True
2025-12-24 00:00:00+00:00,QQ_diff_launch,62250,63174,14,16.640753435742077,16.81558194430523,9.515263323123175,88.61171719158452,operational,operational,2024-232P,2025-046R,True
2025-12-24 00:00:00+00:00,QQ_diff_launch,62798,66034,1,19.461124121036043,19.461124121036043,5.1182034312926445,88.9148163949893,operational,ascent,2025-016P,2025-233B,False
2025-12-24 00:00:00+00:00,QQ_diff_launch,63169,66044,1,13.527221568179115,13.527221568179115,11.458962877913452,88.34568414204006,stranded,ascent,2025-046L,2025-233M,False
2025-12-25 00:00:00+00:00,QQ_diff_launch,60380,61563,1,12.388116058235495,12.388116058235495,13.830336910890495,86.78062667647882,operational,operational,2024-140B,2024-185M,False
2025-12-25 00:00:00+00:00,QQ_diff_launch,60385,66043,2,14.995997991572125,17.186787678294884,13.399917142677012,87.81231789111669,drift,drift,2024-140G,2025-233L,False
2025-12-25 00:00:00+00:00,QQ_diff_launch,60388,66041,1,19.82672271978015,19.82672271978015,12.907993073619304,87.87852243373348,operational,ascent,2024-140K,2025-233J,False
2025-12-25 00:00:00+00:00,QQ_diff_launch,60393,66034,1,15.173279611011472,15.173279611011472,12.86283466056802,87.79481541979112,operational,ascent,2024-140Q,2025-233B,False
2025-12-25 00:00:00+00:00,QQ_diff_launch,61564,63174,1,18.16583076823136,18.16583076823136,12.742855730843301,87.98733076120529,stranded,operational,2024-185N,2025-046R,False
2025-12-25 00:00:00+00:00,QQ_diff_launch,61566,66037,2,13.253480801769388,13.355151421431799,2.1561072359914126,88.9708454036428,drift,drift,2024-185Q,2025-233E,False
2025-12-25 00:00:00+00:00,QQ_diff_launch,61569,63171,1,8.480738401763395,8.480738401763395,12.761993123195175,87.89319904580745,stranded,operational,2024-185T,2025-046N,False
2025-12-25 00:00:00+00:00,QQ_diff_launch,61569,66033,1,14.43223827647799,14.43223827647799,2.4009853117185966,88.97170355868161,stranded,ascent,2024-185T,2025-233A,False
2025-12-25 00:00:00+00:00,QQ_diff_launch,62241,63159,13,12.552439525152847,12.811983247284674,9.498755925064003,88.64211137568408,operational,operational,2024-232E,2025-046A,False
2025-12-25 00:00:00+00:00,QQ_diff_launch,62242,63164,13,8.460210121905373,8.739038414795347,9.495943071271912,88.64949745843839,operational,operational,2024-232F,2025-046F,False
2025-12-25 00:00:00+00:00,QQ_diff_launch,62245,63168,27,14.511872650626929,15.361854637858102,9.492452598033735,88.71166348829252,operational,operational,2024-232J,2025-046K,True
2025-12-25 00:00:00+00:00,QQ_diff_launch,62249,63172,13,11.528112566317667,11.756289504565137,9.52096962431491,88.70092852001642,operational,operational,2024-232N,2025-046P,False
2025-12-25 00:00:00+00:00,QQ_diff_launch,62250,63174,13,17.053340725654785,17.275758945711722,9.51513200227893,88.60946058963933,operational,operational,2024-232P,2025-046R,False
2025-12-25 00:00:00+00:00,QQ_diff_launch,62787,66039,1,17.470654888274012,17.470654888274012,5.137963085584923,88.9055455661424,operational,ascent,2025-016C,2025-233G,False
2025-12-25 00:00:00+00:00,QQ_diff_launch,62802,66038,1,19.25113576667948,19.25113576667948,5.115713756709492,88.93177432122303,operational,ascent,2025-016T,2025-233F,False
2025-12-25 00:00:00+00:00,QQ_diff_launch,63172,66035,1,19.932239574615302,19.932239574615302,11.418881474970615,88.41458204460821,operational,ascent,2025-046P,2025-233C,False
2025-12-25 00:00:00+00:00,QQ_same_launch,61554,61561,1,17.085285787758085,17.085285787758085,0.008872466521594872,76.24517533386928,stranded,stranded,2024-185C,2024-185K,False
2025-12-25 00:00:00+00:00,QQ_same_launch,66033,66036,1,15.6313266048937,15.6313266048937,0.00785681115053825,5.186919612728693,ascent,drift,2025-233A,2025-233D,False
2025-12-25 00:00:00+00:00,QQ_same_launch,66034,66039,2,4.277930511534256,5.416072950820002,0.004697128232653951,26.13005295642879,ascent,ascent,2025-233B,2025-233G,False
2025-12-26 00:00:00+00:00,QQ_diff_launch,60385,66043,4,3.35690572483761,7.636208624048253,13.399931325505417,87.64576904730288,drift,drift,2024-140G,2025-233L,False
2025-12-26 00:00:00+00:00,QQ_diff_launch,61561,62240,1,15.633814006902302,15.633814006902302,5.049503557568442,88.90410744823762,stranded,stranded,2024-185K,2024-232D,False
2025-12-26 00:00:00+00:00,QQ_diff_launch,61562,62791,12,12.953076107704797,17.28154007735114,2.783036370455828,88.96890787218814,operational,operational,2024-185L,2025-016G,False
2025-12-26 00:00:00+00:00,QQ_diff_launch,61564,63176,1,17.067981402444143,17.067981402444143,12.73297892783133,87.87955418787269,stranded,operational,2024-185N,2025-046T,False
2025-12-26 00:00:00+00:00,QQ_diff_launch,61564,66033,1,19.30435130157222,19.30435130157222,2.3561642108351792,88.9670442528996,stranded,ascent,2024-185N,2025-233A,False
2025-12-26 00:00:00+00:00,QQ_diff_launch,61564,66045,1,19.39176665383896,19.39176665383896,2.356129038412321,88.96670543356102,stranded,ascent,2024-185N,2025-233N,False
2025-12-26 00:00:00+00:00,QQ_diff_launch,61569,62238,1,18.2470021835209,18.2470021835209,4.957506327858592,88.91607887944356,stranded,operational,2024-185T,2024-232B,False
2025-12-26 00:00:00+00:00,QQ_diff_launch,61569,62793,1,12.533089862288534,12.533089862288534,2.7925809814313145,88.94997358383824,stranded,operational,2024-185T,2025-016J,False
2025-12-26 00:00:00+00:00,QQ_diff_launch,62241,63159,14,14.399197715448159,14.844600137753002,9.499291486982091,88.63165223352829,operational,operational,2024-232E,2025-046A,True
2025-12-26 00:00:00+00:00,QQ_diff_launch,62242,63164,14,7.843166730071185,8.12625413369721,9.495862484833182,88.65082777870316,operational,operational,2024-232F,2025-046F,True
2025-12-26 00:00:00+00:00,QQ_diff_launch,62245,63168,27,15.47953326758324,17.259740167425168,9.53275521437315,88.61140403773645,operational,operational,2024-232J,2025-046K,True
2025-12-26 00:00:00+00:00,QQ_diff_launch,62249,63172,14,12.035581876363205,12.251643367454328,9.520780737897857,88.70342243071354,operational,operational,2024-232N,2025-046P,True
2025-12-26 00:00:00+00:00,QQ_diff_launch,62250,63174,14,17.572333077921844,17.86970033818456,9.515036658508752,88.60685184435886,operational,operational,2024-232P,2025-046R,True
2025-12-26 00:00:00+00:00,QQ_same_launch,66033,66045,27,0.01010178423881929,0.08310942195458967,0.00011271440045319632,32.89954074859231,ascent,ascent,2025-233A,2025-233N,True
2025-12-27 00:00:00+00:00,QQ_diff_launch,61562,62791,27,10.486295538976803,11.701975136064833,2.7796282536914223,88.963084130663,operational,operational,2024-185L,2025-016G,True
2025-12-27 00:00:00+00:00,QQ_diff_launch,61563,63161,4,9.179719131342397,16.93432691000441,12.70295601718648,87.96412059446274,operational,operational,2024-185M,2025-046C,False
2025-12-27 00:00:00+00:00,QQ_diff_launch,61569,63174,1,12.930114677019835,12.930114677019835,12.76555418078576,87.84787958388071,stranded,operational,2024-185T,2025-046R,False
2025-12-27 00:00:00+00:00,QQ_diff_launch,62241,63159,13,15.422191096640121,15.90657421160634,9.499811519514996,88.62599838200522,operational,operational,2024-232E,2025-046A,False
2025-12-27 00:00:00+00:00,QQ_diff_launch,62242,63164,13,7.4196562428028106,7.631904404338504,9.49581593572057,88.65141898650482,operational,operational,2024-232F,2025-046F,False
2025-12-27 00:00:00+00:00,QQ_diff_launch,62245,63168,27,16.247269731463387,16.920946268573193,9.492319805341163,88.71866727890672,operational,operational,2024-232J,2025-046K,True
2025-12-27 00:00:00+00:00,QQ_diff_launch,62249,63172,13,12.457809411585474,12.603268401647917,9.520640613620182,88.70533824162538,operational,operational,2024-232N,2025-046P,False
2025-12-27 00:00:00+00:00,QQ_diff_launch,62250,63174,13,18.287943962592646,18.636807572868676,9.514932118140257,88.60354806727743,operational,operational,2024-232P,2025-046R,False
2025-12-27 00:00:00+00:00,QQ_diff_launch,63169,66039,2,5.5412503729701825,10.368300362023183,11.431028933128651,88.3917936508173,stranded,ascent,2025-046L,2025-233G,False
2025-12-27 00:00:00+00:00,QQ_same_launch,66033,66045,14,1.5029612131303602,8.087437665910295,0.010408700477553637,51.39667170729275,ascent,ascent,2025-233A,2025-233N,True
2025-12-27 00:00:00+00:00,QQ_same_launch,66035,66050,1,13.514544188324269,13.514544188324269,0.006948316292771234,12.466315560320282,ascent,ascent,2025-233C,2025-233T,False
2025-12-28 00:00:00+00:00,QQ_diff_launch,61562,62791,20,10.54752118306005,14.441912143651102,2.779789274280202,88.95334486120063,operational,operational,2024-185L,2025-016G,True
2025-12-28 00:00:00+00:00,QQ_diff_launch,61564,62789,1,17.909667978129228,17.909667978129228,2.8512351321038456,88.95919706161816,stranded,operational,2024-185N,2025-016E,False
2025-12-28 00:00:00+00:00,QQ_diff_launch,61565,62796,8,11.910342175749117,15.036501266164752,2.7953936794278946,88.96203762657171,operational,operational,2024-185P,2025-016M,False
2025-12-28 00:00:00+00:00,QQ_diff_launch,61569,62242,1,10.828197605412853,10.828197605412853,4.986576845602044,88.92542944286448,stranded,operational,2024-185T,2024-232F,False
2025-12-28 00:00:00+00:00,QQ_diff_launch,62241,63159,14,16.4824955437925,17.064468355604877,9.500302545937618,88.62037342648819,operational,operational,2024-232E,2025-046A,True
2025-12-28 00:00:00+00:00,QQ_diff_launch,62242,63164,14,7.017705485596903,7.201827487478478,9.49579612537897,88.65163802753025,operational,operational,2024-232F,2025-046F,True
2025-12-28 00:00:00+00:00,QQ_diff_launch,62245,63168,27,16.751933994657932,16.96591705669146,9.533764510729034,88.61228240789931,operational,operational,2024-232J,2025-046K,True
2025-12-28 00:00:00+00:00,QQ_diff_launch,62249,63172,14,12.77934901992972,12.900798854804137,9.520497999489733,88.70682436046043,operational,operational,2024-232N,2025-046P,True
2025-12-28 00:00:00+00:00,QQ_diff_launch,62250,63174,12,19.114760546285584,19.505851585201356,9.514869315717084,88.6000415522757,operational,operational,2024-232P,2025-046R,False
2025-12-28 00:00:00+00:00,QQ_diff_launch,62798,66035,1,19.916459003226993,19.916459003226993,5.118120660019742,88.90717488480834,operational,ascent,2025-016P,2025-233C,False
2025-12-28 00:00:00+00:00,QQ_same_launch,66044,66046,1,16.811248678374053,16.811248678374053,0.008290383075950486,16.531067691340596,drift,drift,2025-233M,2025-233P,False
2025-12-29 00:00:00+00:00,QQ_diff_launch,60384,66038,1,18.688200088102008,18.688200088102008,12.884451342102468,87.8793915881735,operational,drift,2024-140F,2025-233F,False
2025-12-29 00:00:00+00:00,QQ_diff_launch,60387,61569,1,10.974649297079738,10.974649297079738,13.839673732523336,86.84278515642733,operational,stranded,2024-140J,2024-185T,False
2025-12-29 00:00:00+00:00,QQ_diff_launch,60392,61564,1,19.364993789587967,19.364993789587967,13.82482030223635,86.91551361064653,operational,stranded,2024-140P,2024-185N,False
2025-12-29 00:00:00+00:00,QQ_diff_launch,61562,62791,3,17.729586247849355,18.56172312627648,2.779895063292147,88.94792232666573,operational,operational,2024-185L,2025-016G,False
2025-12-29 00:00:00+00:00,QQ_diff_launch,61563,62802,3,16.174305508294594,19.11764016878549,2.8218928099716214,88.94587333330239,operational,operational,2024-185M,2025-016T,False
2025-12-29 00:00:00+00:00,QQ_diff_launch,61564,62248,1,18.875918157646886,18.875918157646886,4.934364393236687,88.9187028931571,stranded,operational,2024-185N,2024-232M,False
2025-12-29 00:00:00+00:00,QQ_diff_launch,62241,63159,13,17.83291320965834,18.43538253931954,9.500777128196399,88.61423301842453,operational,operational,2024-232E,2025-046A,False
2025-12-29 00:00:00+00:00,QQ_diff_launch,62242,63164,13,6.832507047609832,6.934968145323008,9.495794531420554,88.65107525656904,operational,operational,2024-232F,2025-046F,False
2025-12-29 00:00:00+00:00,QQ_diff_launch,62245,63168,27,16.652358522525986,17.512126428770642,9.49229598516484,88.72355724226104,operational,operational,2024-232J,2025-046K,True
2025-12-29 00:00:00+00:00,QQ_diff_launch,62249,63172,13,12.943005624514429,12.982688703627124,9.520383376304292,88.70750688279053,operational,operational,2024-232N,2025-046P,False
2025-12-29 00:00:00+00:00,QQ_same_launch,66041,66045,1,7.320694656455348,7.320694656455348,0.0038141603849439747,88.29720366465665,ascent,ascent,2025-233J,2025-233N,False
2025-12-30 00:00:00+00:00,QQ_diff_launch,60381,66041,1,18.141477540624358,18.141477540624358,12.869367016834504,87.82647284713636,operational,drift,2024-140C,2025-233J,False
2025-12-30 00:00:00+00:00,QQ_diff_launch,60383,61569,1,12.296199803350497,12.296199803350497,13.840032328838177,86.89211322719473,operational,stranded,2024-140E,2024-185T,False
2025-12-30 00:00:00+00:00,QQ_diff_launch,60387,61565,13,4.6286409090353215,10.195822157383477,13.782275295175866,87.00033030603036,operational,operational,2024-140J,2024-185P,False
2025-12-30 00:00:00+00:00,QQ_diff_launch,60389,61563,7,5.771815301207203,13.550636325410764,13.782021738486364,86.92915256124475,operational,operational,2024-140L,2024-185M,False
2025-12-30 00:00:00+00:00,QQ_diff_launch,60390,66048,1,19.398352145622866,19.398352145622866,12.863499872573826,87.86530744699745,operational,ascent,2024-140M,2025-233R,False
2025-12-30 00:00:00+00:00,QQ_diff_launch,60392,66035,1,19.694754832590192,19.694754832590192,12.86788230545759,87.8429771441579,operational,ascent,2024-140P,2025-233C,False
2025-12-30 00:00:00+00:00,QQ_diff_launch,61569,62798,1,7.325271832558895,7.325271832558895,2.79836329592308,88.95654247538624,stranded,operational,2024-185T,2025-016P,False
2025-12-30 00:00:00+00:00,QQ_diff_launch,61569,63159,1,6.219172022607046,6.219172022607046,12.755035081534231,87.93856548072347,stranded,operational,2024-185T,2025-046A,False
2025-12-30 00:00:00+00:00,QQ_diff_launch,62241,63159,9,19.149391043541346,19.564436350986924,9.501144229778209,88.6093778973348,operational,operational,2024-232E,2025-046A,False
2025-12-30 00:00:00+00:00,QQ_diff_launch,62242,63164,14,6.672768752220112,6.730238393012627,9.495820722754159,88.65037477242765,operational,operational,2024-232F,2025-046F,True
2025-12-30 00:00:00+00:00,QQ_diff_launch,62245,63168,27,16.60829663010399,16.695218942763322,9.534683861677141,88.61201516348972,operational,operational,2024-232J,2025-046K,True
2025-12-30 00:00:00+00:00,QQ_diff_launch,62249,63172,14,12.864453158113898,12.917558787465953,9.520281922462344,88.70752035824691,operational,operational,2024-232N,2025-046P,True
2025-12-30 00:00:00+00:00,QQ_diff_launch,62792,66035,1,13.124710912405774,13.124710912405774,5.117306712072576,88.92072130677346,operational,ascent,2025-016H,2025-233C,False
2025-12-30 00:00:00+00:00,QQ_same_launch,61553,61558,1,14.77527156541501,14.77527156541501,0.012078929012919883,59.780305588123724,stranded,stranded,2024-185B,2024-185G,False
2025-12-30 00:00:00+00:00,QQ_same_launch,66041,66045,1,4.372869835630871,4.372869835630871,0.0025529250072152537,47.907215442662924,drift,ascent,2025-233J,2025-233N,False
2025-12-31 00:00:00+00:00,QQ_diff_launch,60385,61554,1,18.90585751483175,18.90585751483175,14.129868238514755,86.75741169699113,drift,stranded,2024-140G,2024-185C,False
2025-12-31 00:00:00+00:00,QQ_diff_launch,60387,61565,14,6.820878885839642,11.247924960280518,13.83198461151346,86.7936021774753,operational,operational,2024-140J,2024-185P,True
2025-12-31 00:00:00+00:00,QQ_diff_launch,62242,63164,14,6.769542448139676,6.78327835037534,9.495878490091503,88.64861169907677,operational,operational,2024-232F,2025-046F,True
2025-12-31 00:00:00+00:00,QQ_diff_launch,62245,63168,27,16.743788568923097,18.19618848546544,9.492386203612027,88.72634980620516,operational,operational,2024-232J,2025-046K,True
2025-12-31 00:00:00+00:00,QQ_diff_launch,62249,63172,13,12.603001217959802,12.714261390217413,9.520208521761633,88.70708380701744,operational,operational,2024-232N,2025-046P,False
2025-12-31 00:00:00+00:00,QQ_diff_launch,62792,66049,1,19.715757741539626,19.715757741539626,5.121253383823816,88.92317834623329,operational,ascent,2025-016H,2025-233S,False
2025-12-31 00:00:00+00:00,QQ_diff_launch,62795,66045,1,18.236223749238704,18.236223749238704,5.112543993370507,88.90914709769578,operational,ascent,2025-016L,2025-233N,False
2025-12-31 00:00:00+00:00,QQ_diff_launch,62802,66045,1,15.969398986941021,15.969398986941021,5.118361036626917,88.92092326609252,operational,ascent,2025-016T,2025-233N,False
2025-12-31 00:00:00+00:00,QQ_diff_launch,63168,66049,1,18.14205328719636,18.14205328719636,11.407330836672543,88.34817038802015,operational,ascent,2025-046K,2025-233S,False
2025-12-31 00:00:00+00:00,QQ_diff_launch,63169,66036,1,16.232811078284136,16.232811078284136,11.455322382725218,88.43577822564984,stranded,drift,2025-046L,2025-233D,False
2025-12-31 00:00:00+00:00,QQ_diff_launch,63175,66041,1,15.506108523210678,15.506108523210678,11.398880620932779,88.43972359552436,operational,drift,2025-046S,2025-233J,False
2025-12-31 00:00:00+00:00,QQ_same_launch,66035,66048,1,8.078485851776707,8.078485851776707,0.004350562893405816,43.12555003070582,ascent,drift,2025-233C,2025-233R,False
2025-12-31 00:00:00+00:00,QQ_same_launch,66041,66050,1,9.957360493744043,9.957360493744043,0.005615412699432181,64.06871219291448,drift,ascent,2025-233J,2025-233T,False
2025-12-31 00:00:00+00:00,QQ_same_launch,66045,66050,1,9.434504107126617,9.434504107126617,0.004811658142551956,42.245731812488515,ascent,ascent,2025-233N,2025-233T,False
2026-01-01 00:00:00+00:00,QQ_diff_launch,60380,66041,1,14.779122578603333,14.779122578603333,12.87802820646925,87.84367065078106,operational,drift,2024-140B,2025-233J,False
2026-01-01 00:00:00+00:00,QQ_diff_launch,60390,61569,1,14.073573216300142,14.073573216300142,13.839028259620573,86.98415080039678,operational,stranded,2024-140M,2024-185T,False
2026-01-01 00:00:00+00:00,QQ_diff_launch,61557,62240,1,19.403818067296406,19.403818067296406,5.059590299239035,88.9461227214118,stranded,stranded,2024-185F,2024-232D,False
2026-01-01 00:00:00+00:00,QQ_diff_launch,61562,66035,1,16.80901495707113,16.80901495707113,2.4381297426584063,88.9650148015347,operational,ascent,2024-185L,2025-233C,False
2026-01-01 00:00:00+00:00,QQ_diff_launch,61564,62802,1,15.598557536945195,15.598557536945195,2.8517583963157853,88.95459712321609,stranded,operational,2024-185N,2025-016T,False
2026-01-01 00:00:00+00:00,QQ_diff_launch,62239,66050,1,19.239600781387434,19.239600781387434,2.6486730399099057,88.97078820194125,operational,ascent,2024-232C,2025-233T,False
2026-01-01 00:00:00+00:00,QQ_diff_launch,62241,63159,6,19.4453500473339,19.689460975724387,9.4592916017487,88.73492352860684,operational,operational,2024-232E,2025-046A,False
2026-01-01 00:00:00+00:00,QQ_diff_launch,62242,63164,14,6.928776145260435,7.051417163379662,9.495955009699594,88.64648626274202,operational,operational,2024-232F,2025-046F,True
2026-01-01 00:00:00+00:00,QQ_diff_launch,62245,63168,27,16.820549969476673,16.979537334074884,9.535487214854145,88.61086349817037,operational,operational,2024-232J,2025-046K,True
2026-01-01 00:00:00+00:00,QQ_diff_launch,62249,63172,14,12.18821624121,12.38229504448254,9.520144519003171,88.70614038553121,operational,operational,2024-232N,2025-046P,True
2026-01-01 00:00:00+00:00,QQ_diff_launch,63161,66041,1,12.311283533376193,12.311283533376193,11.389623793364851,88.41926371503278,operational,drift,2025-046C,2025-233J,False
2026-01-01 00:00:00+00:00,QQ_diff_launch,63162,66041,1,14.170637254215706,14.170637254215706,11.389555918204127,88.42433936263826,operational,drift,2025-046D,2025-233J,False
2026-01-01 00:00:00+00:00,QQ_diff_launch,63166,66033,1,17.396043289963536,17.396043289963536,11.415695453771077,88.31886953622015,operational,drift,2025-046H,2025-233A,False
2026-01-02 00:00:00+00:00,QQ_diff_launch,60383,66038,1,15.075658039936988,15.075658039936988,12.865065384460946,87.7864583670181,operational,ascent,2024-140E,2025-233F,False
2026-01-02 00:00:00+00:00,QQ_diff_launch,60391,66045,1,17.025987911516093,17.025987911516093,12.858079697575118,87.85243662786033,operational,drift,2024-140N,2025-233N,False
2026-01-02 00:00:00+00:00,QQ_diff_launch,61563,62253,2,8.069795943024454,11.765179847811396,4.961674461608043,88.91976956367608,operational,operational,2024-185M,2024-232S,False
2026-01-02 00:00:00+00:00,QQ_diff_launch,61563,63175,3,12.486288424770782,12.948128058630985,12.687301145873978,87.91110671439128,operational,operational,2024-185M,2025-046S,False
2026-01-02 00:00:00+00:00,QQ_diff_launch,61564,63162,1,15.93893735336711,15.93893735336711,12.72310322268486,87.8861794216903,stranded,operational,2024-185N,2025-046D,False
2026-01-02 00:00:00+00:00,QQ_diff_launch,62241,63159,14,17.97669282679397,18.662697524594765,9.459379666766427,88.7319714110676,operational,operational,2024-232E,2025-046A,True
2026-01-02 00:00:00+00:00,QQ_diff_launch,62242,63164,14,7.273072746172998,7.5159820182501615,9.496072556515482,88.64373806498605,operational,operational,2024-232F,2025-046F,True
2026-01-02 00:00:00+00:00,QQ_diff_launch,62245,63168,27,17.056502125869194,18.18028434634405,9.492563461246208,88.72681817200663,operational,operational,2024-232J,2025-046K,True
2026-01-02 00:00:00+00:00,QQ_diff_launch,62249,63172,13,11.667207141165612,11.904165021851583,9.520106721859047,88.70460980107126,operational,operational,2024-232N,2025-046P,False
2026-01-02 00:00:00+00:00,QQ_diff_launch,62250,66039,1,17.35181797589985,17.35181797589985,2.6510642450736404,88.98634913245947,operational,drift,2024-232P,2025-233G,False
2026-01-02 00:00:00+00:00,QQ_diff_launch,63165,66045,1,15.524233477753418,15.524233477753418,11.392317723225998,88.43756134397505,operational,drift,2025-046G,2025-233N,False
2026-01-02 00:00:00+00:00,QQ_diff_launch,63166,66035,1,12.507246781700447,12.507246781700447,11.410137787436335,88.44179189002432,operational,operational,2025-046H,2025-233C,False
2026-01-02 00:00:00+00:00,QQ_diff_launch,63166,66049,1,15.890849297147374,15.890849297147374,11.414336317376655,88.33026387991553,operational,drift,2025-046H,2025-233S,False
2026-01-02 00:00:00+00:00,QQ_diff_launch,63174,66039,1,17.391097152809124,17.391097152809124,11.411444933575922,88.33070696565485,operational,drift,2025-046R,2025-233G,False
2026-01-03 00:00:00+00:00,QQ_diff_launch,60380,66033,1,11.386784961183823,11.386784961183823,12.87463868174106,87.92834390075558,operational,ascent,2024-140B,2025-233A,False
2026-01-03 00:00:00+00:00,QQ_diff_launch,60383,66038,1,9.268952633775562,9.268952633775562,12.862506609394384,87.81345631420118,operational,operational,2024-140E,2025-233F,False
2026-01-03 00:00:00+00:00,QQ_diff_launch,60386,66041,1,17.273133574288952,17.273133574288952,12.869546484169373,87.78544717154344,operational,drift,2024-140H,2025-233J,False
2026-01-03 00:00:00+00:00,QQ_diff_launch,60389,66048,1,18.390680940086646,18.390680940086646,12.867348936122808,87.77643703885886,operational,drift,2024-140L,2025-233R,False
2026-01-03 00:00:00+00:00,QQ_diff_launch,60396,66045,1,13.614656188418367,13.614656188418367,12.88787869432252,87.83114527353938,operational,drift,2024-140T,2025-233N,False
2026-01-03 00:00:00+00:00,QQ_diff_launch,61564,63165,1,13.465783719736505,13.465783719736505,12.725115114213038,87.96218075229774,stranded,operational,2024-185N,2025-046G,False
2026-01-03 00:00:00+00:00,QQ_diff_launch,62241,63159,13,16.435471939006874,17.149139333702767,9.459524958018235,88.727558806481,operational,operational,2024-232E,2025-046A,False
2026-01-03 00:00:00+00:00,QQ_diff_launch,62241,66038,1,3.289247580682541,3.289247580682541,2.7016319980732586,88.97780151292459,operational,operational,2024-232E,2025-233F,False
2026-01-03 00:00:00+00:00,QQ_diff_launch,62242,63164,13,7.8909248220443935,8.225321355992294,9.496208523346157,88.64054921489557,operational,operational,2024-232F,2025-046F,False
2026-01-03 00:00:00+00:00,QQ_diff_launch,62242,66039,1,13.571434276168628,13.571434276168628,2.6558772766292433,88.98039542212894,operational,drift,2024-232F,2025-233G,False
2026-01-03 00:00:00+00:00,QQ_diff_launch,62243,66043,1,12.914100325838014,12.914100325838014,3.180047394105899,88.98289932049101,stranded,drift,2024-232G,2025-233L,False
2026-01-03 00:00:00+00:00,QQ_diff_launch,62245,63168,27,17.343837593726125,17.73622034865185,9.536180440829444,88.60855943297047,operational,operational,2024-232J,2025-046K,True
2026-01-03 00:00:00+00:00,QQ_diff_launch,62249,63172,14,10.951618327470303,11.291335111322072,9.520103598334465,88.70252410239297,operational,operational,2024-232N,2025-046P,True
2026-01-03 00:00:00+00:00,QQ_diff_launch,63159,66038,1,9.495464426740842,9.495464426740842,11.393744291228886,88.43005333990055,operational,operational,2025-046A,2025-233F,False
2026-01-03 00:00:00+00:00,QQ_diff_launch,63164,66039,1,11.827079111873138,11.827079111873138,11.40102465079769,88.37278754128239,operational,drift,2025-046F,2025-233G,False
2026-01-04 00:00:00+00:00,QQ_diff_launch,60381,61563,2,8.362500362115766,12.901542374092948,13.782564370017923,87.00613527204172,operational,operational,2024-140C,2024-185M,False
2026-01-04 00:00:00+00:00,QQ_diff_launch,60381,66035,1,7.200552109893666,7.200552109893666,12.861535100759005,87.90563067854488,operational,operational,2024-140C,2025-233C,False
2026-01-04 00:00:00+00:00,QQ_diff_launch,60386,61564,1,13.34321226588173,13.34321226588173,13.829464464560205,86.94138601374682,operational,stranded,2024-140H,2024-185N,False
2026-01-04 00:00:00+00:00,QQ_diff_launch,60386,66045,1,13.707100555196336,13.707100555196336,12.86997511061537,87.92939222279072,operational,drift,2024-140H,2025-233N,False
2026-01-04 00:00:00+00:00,QQ_diff_launch,61563,62795,2,4.7878885779533125,8.536916061246899,2.8154479941187933,88.95446638638768,operational,operational,2024-185M,2025-016L,False
2026-01-04 00:00:00+00:00,QQ_diff_launch,61563,66035,1,13.551927612029948,13.551927612029948,2.3740613086900164,88.97006929462403,operational,operational,2024-185M,2025-233C,False
2026-01-04 00:00:00+00:00,QQ_diff_launch,61569,62247,1,16.890143374282925,16.890143374282925,4.973093113582093,88.90301196532045,stranded,operational,2024-185T,2024-232L,False
2026-01-04 00:00:00+00:00,QQ_diff_launch,62241,63159,14,14.718783804418932,15.543983160283553,9.459707600464508,88.72287218686495,operational,operational,2024-232E,2025-046A,True
2026-01-04 00:00:00+00:00,QQ_diff_launch,62242,63164,14,8.675561893027028,9.141213647942294,9.496364071726145,88.63693267439602,operational,operational,2024-232F,2025-046F,True
2026-01-04 00:00:00+00:00,QQ_diff_launch,62245,63168,27,17.490550208071397,17.826914810544103,9.492851579298202,88.72483718820652,operational,operational,2024-232J,2025-046K,True
2026-01-04 00:00:00+00:00,QQ_diff_launch,62249,63172,13,10.232461549345125,10.58557734736235,9.520111622141227,88.70000426420896,operational,operational,2024-232N,2025-046P,False
2026-01-04 00:00:00+00:00,QQ_diff_launch,63159,66039,1,14.594183329989006,14.594183329989006,11.396938077092882,88.34417662529007,operational,drift,2025-046A,2025-233G,False
2026-01-04 00:00:00+00:00,QQ_diff_launch,63162,66033,1,5.215529099564754,5.215529099564754,11.385952589867212,88.38754470382132,operational,ascent,2025-046D,2025-233A,False
2026-01-04 00:00:00+00:00,QQ_same_launch,66033,66048,1,9.135768342652808,9.135768342652808,0.00737055217354073,76.1785874180687,ascent,drift,2025-233A,2025-233R,False
2026-01-05 00:00:00+00:00,QQ_diff_launch,60381,61563,5,9.433573650841993,17.608057202325,13.825063647579173,86.82100672700858,operational,operational,2024-140C,2024-185M,False
2026-01-05 00:00:00+00:00,QQ_diff_launch,60382,66050,1,2.7638015086133003,2.7638015086133003,12.868960508196482,87.85651807652623,operational,operational,2024-140D,2025-233T,False
2026-01-05 00:00:00+00:00,QQ_diff_launch,60385,61557,2,16.412909308288093,17.673933767248776,14.13199206963337,86.88704317865775,drift,stranded,2024-140G,2024-185F,False
2026-01-05 00:00:00+00:00,QQ_diff_launch,60391,66033,2,11.803278706221068,15.834691226044747,12.83359148076487,87.90256280776221,operational,operational,2024-140N,2025-233A,False
2026-01-05 00:00:00+00:00,QQ_diff_launch,60395,61569,1,16.01666429853123,16.01666429853123,13.835015451476398,87.05069313929397,operational,stranded,2024-140S,2024-185T,False
2026-01-05 00:00:00+00:00,QQ_diff_launch,61569,63166,1,12.115353133352496,12.115353133352496,12.765967160074577,87.84411108487234,stranded,operational,2024-185T,2025-046H,False
2026-01-05 00:00:00+00:00,QQ_diff_launch,62241,63159,13,12.997819846390616,13.816248013626776,9.459919109858227,88.71765936405065,operational,operational,2024-232E,2025-046A,False
2026-01-05 00:00:00+00:00,QQ_diff_launch,62242,63164,13,9.7433952061689,10.26466412096209,9.496564775744096,88.63273778840829,operational,operational,2024-232F,2025-046F,False
2026-01-05 00:00:00+00:00,QQ_diff_launch,62245,63168,27,16.981552945132872,18.20103029554654,9.536763336268127,88.60539947216557,operational,operational,2024-232J,2025-046K,True
2026-01-05 00:00:00+00:00,QQ_diff_launch,62249,63172,14,9.31929610767667,9.751920014878156,9.520162086625772,88.6968681233746,operational,operational,2024-232N,2025-046P,True
2026-01-05 00:00:00+00:00,QQ_diff_launch,62251,66034,1,14.3904614744374,14.3904614744374,2.6396648451778972,88.9843705305585,operational,operational,2024-232Q,2025-233B,False
2026-01-05 00:00:00+00:00,QQ_diff_launch,63165,66034,4,14.550271283566895,17.12672853238022,11.36305565763783,88.38604035802209,operational,operational,2025-046G,2025-233B,False
2026-01-05 00:00:00+00:00,QQ_same_launch,66033,66049,1,18.927954372996727,18.927954372996727,0.009828623982303697,52.34397049152071,operational,ascent,2025-233A,2025-233S,False
2026-01-06 00:00:00+00:00,QQ_diff_launch,60381,61569,1,17.968202787531958,17.968202787531958,13.843291961495575,86.68730239533203,operational,stranded,2024-140C,2024-185T,False
2026-01-06 00:00:00+00:00,QQ_diff_launch,60396,66049,1,9.042870672932256,9.042870672932256,12.885308827259703,87.8339951216336,operational,ascent,2024-140T,2025-233S,False
2026-01-06 00:00:00+00:00,QQ_diff_launch,61564,62252,1,18.888346846958648,18.888346846958648,4.929173704301788,88.90873693977186,stranded,operational,2024-185N,2024-232R,False
2026-01-06 00:00:00+00:00,QQ_diff_launch,61569,62795,1,9.189588870507226,9.189588870507226,2.7939320581251157,88.95899495303996,stranded,operational,2024-185T,2025-016L,False
2026-01-06 00:00:00+00:00,QQ_diff_launch,62238,66041,1,19.445977571929173,19.445977571929173,2.637434982891679,88.97358511696359,operational,drift,2024-232B,2025-233J,False
2026-01-06 00:00:00+00:00,QQ_diff_launch,62238,66045,1,19.425575323445454,19.425575323445454,2.637362994375073,88.9853511169383,operational,ascent,2024-232B,2025-233N,False
2026-01-06 00:00:00+00:00,QQ_diff_launch,62241,63159,14,11.022345076477754,11.962860903797514,9.46015840926465,88.71210808307049,operational,operational,2024-232E,2025-046A,True
2026-01-06 00:00:00+00:00,QQ_diff_launch,62242,63164,14,10.878708981600631,11.533824750034912,9.496785552958958,88.62831869454382,operational,operational,2024-232F,2025-046F,True
2026-01-06 00:00:00+00:00,QQ_diff_launch,62245,63168,27,16.22938192713896,16.89963339899931,9.493238823863347,88.72087938917508,operational,operational,2024-232J,2025-046K,True
2026-01-06 00:00:00+00:00,QQ_diff_launch,62249,63172,13,8.372702461843636,8.804237465397462,9.520236952801088,88.69325291092065,operational,operational,2024-232N,2025-046P,False
2026-01-06 00:00:00+00:00,QQ_diff_launch,62251,66033,1,17.10900491220076,17.10900491220076,2.648201199932502,88.98896304978935,operational,operational,2024-232Q,2025-233A,False
2026-01-06 00:00:00+00:00,QQ_diff_launch,63165,66033,1,11.5057235862443,11.5057235862443,11.382625119379819,88.42289051752454,operational,operational,2025-046G,2025-233A,False
2026-01-06 00:00:00+00:00,QQ_diff_launch,63170,66041,1,11.74122111970457,11.74122111970457,11.394199283884346,88.35379777901602,operational,drift,2025-046M,2025-233J,False
2026-01-06 00:00:00+00:00,QQ_same_launch,66033,66034,1,9.462092702794441,9.462092702794441,0.0045707894841202955,1.470924369473773,operational,operational,2025-233A,2025-233B,False
2026-01-07 00:00:00+00:00,QQ_diff_launch,60382,66048,1,2.704665766465351,2.704665766465351,12.870186754036066,87.86825796290799,operational,ascent,2024-140D,2025-233R,False
2026-01-07 00:00:00+00:00,QQ_diff_launch,60385,62240,2,15.127663704328693,17.03548169917078,11.702599824208225,88.3056064426743,drift,stranded,2024-140G,2024-232D,False
2026-01-07 00:00:00+00:00,QQ_diff_launch,60389,61569,1,11.878542869441384,11.878542869441384,13.843387793951502,86.75160697990688,operational,stranded,2024-140L,2024-185T,False
2026-01-07 00:00:00+00:00,QQ_diff_launch,60391,66034,5,11.28283507793616,17.040339334849275,12.813817905082892,87.87199438602582,operational,operational,2024-140N,2025-233B,False
2026-01-07 00:00:00+00:00,QQ_diff_launch,60392,66039,1,7.496562707884147,7.496562707884147,12.863148827672434,87.92185761672758,operational,ascent,2024-140P,2025-233G,False
2026-01-07 00:00:00+00:00,QQ_diff_launch,61560,66043,4,9.49611270771923,11.86603679580993,1.9260569380280965,88.97486190130945,stranded,drift,2024-185J,2025-233L,False
2026-01-07 00:00:00+00:00,QQ_diff_launch,61569,63175,1,11.987297983516136,11.987297983516136,12.751485038615927,87.99702749568094,stranded,operational,2024-185T,2025-046S,False
2026-01-07 00:00:00+00:00,QQ_diff_launch,61569,66035,1,11.616037038684837,11.616037038684837,2.3974899939434327,88.9670048736876,stranded,operational,2024-185T,2025-233C,False
2026-01-07 00:00:00+00:00,QQ_diff_launch,62241,63159,13,8.925683457742132,9.86569613105142,9.460427190150995,88.70553196899185,operational,operational,2024-232E,2025-046A,False
2026-01-07 00:00:00+00:00,QQ_diff_launch,62242,63164,13,12.455076573203877,13.167793612383418,9.497054733078592,88.6226634467056,operational,operational,2024-232F,2025-046F,False
2026-01-07 00:00:00+00:00,QQ_diff_launch,62245,63168,24,15.390172974339668,16.109398661020965,9.493452152670924,88.718201236646,operational,operational,2024-232J,2025-046K,True
2026-01-07 00:00:00+00:00,QQ_diff_launch,62246,66049,1,4.722757324670871,4.722757324670871,2.649024742262157,88.983311651174,operational,ascent,2024-232K,2025-233S,False
2026-01-07 00:00:00+00:00,QQ_diff_launch,62248,66039,1,19.950469996908314,19.950469996908314,2.6512672116894063,88.9612615521215,operational,ascent,2024-232M,2025-233G,False
2026-01-07 00:00:00+00:00,QQ_diff_launch,62249,63172,14,7.23998643222115,7.719197815173347,9.520340777477113,88.68868050820603,operational,operational,2024-232N,2025-046P,True
2026-01-07 00:00:00+00:00,QQ_diff_launch,62250,66041,1,16.957035360489506,16.957035360489506,2.6504377355154913,88.96636203957355,operational,drift,2024-232P,2025-233J,False
2026-01-07 00:00:00+00:00,QQ_diff_launch,62786,66034,4,5.883957098121319,14.062848210579094,5.107500741298287,88.91847503345099,operational,operational,2025-016B,2025-233B,False
2026-01-07 00:00:00+00:00,QQ_diff_launch,62790,66048,1,14.512260788150773,14.512260788150773,5.117534618467543,88.90959634918758,operational,ascent,2025-016F,2025-233R,False
2026-01-07 00:00:00+00:00,QQ_diff_launch,62792,66039,1,16.382183042920147,16.382183042920147,5.1198253401324,88.90041949764696,operational,ascent,2025-016H,2025-233G,False
2026-01-07 00:00:00+00:00,QQ_diff_launch,62800,66049,1,11.195210126605085,11.195210126605085,5.1210024590860606,88.90857659633646,operational,ascent,2025-016R,2025-233S,False
2026-01-07 00:00:00+00:00,QQ_diff_launch,63167,66049,1,11.9199633256409,11.9199633256409,11.4018073425618,88.32774780054385,operational,ascent,2025-046J,2025-233S,False
2026-01-07 00:00:00+00:00,QQ_diff_launch,63171,66045,1,10.249457313796317,10.249457313796317,11.400282881234071,88.43201034547417,operational,ascent,2025-046N,2025-233N,False
2026-01-08 00:00:00+00:00,QQ_diff_launch,60379,66045,1,12.746656729754566,12.746656729754566,12.861344058393431,87.79180330621728,operational,operational,2024-140A,2025-233N,False
2026-01-08 00:00:00+00:00,QQ_diff_launch,60380,61569,1,12.313920271114723,12.313920271114723,13.848825789052208,86.98784634667922,operational,stranded,2024-140B,2024-185T,False
2026-01-08 00:00:00+00:00,QQ_diff_launch,60386,66049,1,13.6420764221278,13.6420764221278,12.863970582480501,87.78496579082268,operational,operational,2024-140H,2025-233S,False
2026-01-08 00:00:00+00:00,QQ_diff_launch,60387,66041,1,7.716565075959542,7.716565075959542,12.864292723578322,87.86248784144485,operational,drift,2024-140J,2025-233J,False
2026-01-08 00:00:00+00:00,QQ_diff_launch,61563,63166,4,8.51624590131165,16.295588028929046,12.724757956552601,87.89152002568574,operational,operational,2024-185M,2025-046H,False
2026-01-08 00:00:00+00:00,QQ_diff_launch,62241,63159,14,6.687753697366462,7.7545283601898625,9.460698418740076,88.69881561538494,operational,operational,2024-232E,2025-046A,True
2026-01-08 00:00:00+00:00,QQ_diff_launch,62242,63164,14,14.006207601269956,14.861023961933725,9.497317602044067,88.61680150803528,operational,operational,2024-232F,2025-046F,True
2026-01-08 00:00:00+00:00,QQ_diff_launch,62245,63168,14,14.313546347109554,14.805521340003256,9.493594025964542,88.71617086651818,operational,operational,2024-232J,2025-046K,True
2026-01-08 00:00:00+00:00,QQ_diff_launch,62249,63172,13,6.357137212972263,6.7447032586111275,9.52045789353286,88.6837834685859,operational,operational,2024-232N,2025-046P,False
2026-01-08 00:00:00+00:00,QQ_diff_launch,62785,66048,1,14.138168942427022,14.138168942427022,5.1346712516280055,88.92109077255483,operational,ascent,2025-016A,2025-233R,False
2026-01-08 00:00:00+00:00,QQ_diff_launch,62791,66039,1,14.816205200864356,14.816205200864356,5.137014476004393,88.91120883437559,operational,excursion,2025-016G,2025-233G,False
2026-01-08 00:00:00+00:00,QQ_diff_launch,62793,66045,2,13.991852787178575,16.518334646060488,5.112092551173844,88.91287088146203,operational,operational,2025-016J,2025-233N,False
2026-01-08 00:00:00+00:00,QQ_diff_launch,63167,66049,1,9.229047248746369,9.229047248746369,11.401368414082116,88.42736432869854,operational,operational,2025-046J,2025-233S,False
2026-01-08 00:00:00+00:00,QQ_diff_launch,63173,66042,1,12.904683802786693,12.904683802786693,11.395575832670552,88.42563441563836,operational,ascent,2025-046Q,2025-233K,False
2026-01-08 00:00:00+00:00,QQ_diff_launch,63174,66045,1,13.148521723693074,13.148521723693074,11.403155555298039,88.44374458308765,operational,operational,2025-046R,2025-233N,False
2026-01-08 00:00:00+00:00,QQ_same_launch,61557,61560,1,17.6304435379533,17.6304435379533,0.03132487779343834,74.74391396348942,stranded,stranded,2024-185F,2024-185J,False
2026-01-08 00:00:00+00:00,QQ_same_launch,61558,61567,1,13.941453384247973,13.941453384247973,0.026059748081766237,88.73083006534682,stranded,stranded,2024-185G,2024-185R,False
2026-01-08 00:00:00+00:00,QQ_same_launch,66048,66050,1,19.054052114933064,19.054052114933064,0.009569128736900455,17.78621368979601,ascent,operational,2025-233R,2025-233T,False
2026-01-09 00:00:00+00:00,QQ_diff_launch,60383,66041,1,11.500129246476977,11.500129246476977,12.866649056270198,87.93438839656253,operational,ascent,2024-140E,2025-233J,False
2026-01-09 00:00:00+00:00,QQ_diff_launch,60394,66039,1,12.711897080982656,12.711897080982656,12.852797783383762,87.79804915983357,operational,operational,2024-140R,2025-233G,False
2026-01-09 00:00:00+00:00,QQ_diff_launch,61562,66039,1,8.313639606586275,8.313639606586275,2.4370081480801553,88.97122296613512,operational,operational,2024-185L,2025-233G,False
2026-01-09 00:00:00+00:00,QQ_diff_launch,61563,62794,2,6.068797973129828,10.88929650188162,2.8120389813824405,88.9637449793766,operational,operational,2024-185M,2025-016K,False
2026-01-09 00:00:00+00:00,QQ_diff_launch,61564,62796,1,19.4665332613885,19.4665332613885,2.8447852986691204,88.95268561488506,stranded,operational,2024-185N,2025-016M,False
2026-01-09 00:00:00+00:00,QQ_diff_launch,61564,62797,1,19.735519593697262,19.735519593697262,2.847509753683721,88.96183178819366,stranded,operational,2024-185N,2025-016N,False
2026-01-09 00:00:00+00:00,QQ_diff_launch,61569,63162,1,7.404090292834271,7.404090292834271,12.743570825179443,87.94422946900934,stranded,operational,2024-185T,2025-046D,False
2026-01-09 00:00:00+00:00,QQ_diff_launch,62241,63159,13,4.462347574304245,5.4468627748413745,9.461016153768853,88.69107527043585,operational,operational,2024-232E,2025-046A,False
2026-01-09 00:00:00+00:00,QQ_diff_launch,62242,63164,13,15.99716854694403,16.883415911788752,9.497642862182044,88.60980111813562,operational,operational,2024-232F,2025-046F,False
2026-01-09 00:00:00+00:00,QQ_diff_launch,62245,63168,13,13.147484985353216,13.663819098442602,9.49385597598776,88.71229897736339,operational,operational,2024-232J,2025-046K,False
2026-01-09 00:00:00+00:00,QQ_diff_launch,62247,66039,1,6.7719858266961825,6.7719858266961825,2.6413801143819367,88.98063603025673,operational,operational,2024-232L,2025-233G,False
2026-01-09 00:00:00+00:00,QQ_diff_launch,62249,63172,14,5.605177953101482,5.8608467249349205,9.520617246920771,88.67796821831445,operational,operational,2024-232N,2025-046P,True
2026-01-09 00:00:00+00:00,QQ_diff_launch,62252,66048,1,4.047314147551329,4.047314147551329,2.646480822004073,88.98152309814549,operational,ascent,2024-232R,2025-233R,False
2026-01-09 00:00:00+00:00,QQ_diff_launch,62253,66035,1,19.302585567166528,19.302585567166528,2.657385680044586,88.98783041825389,operational,operational,2024-232S,2025-233C,False
2026-01-09 00:00:00+00:00,QQ_diff_launch,62254,66049,1,8.566154180595287,8.566154180595287,2.6479564927372707,88.97389748169914,operational,operational,2024-232T,2025-233S,False
2026-01-09 00:00:00+00:00,QQ_diff_launch,63160,66039,2,14.343660569588717,15.80845721240912,11.382814012255778,88.33866586461255,operational,operational,2025-046B,2025-233G,False
2026-01-09 00:00:00+00:00,QQ_diff_launch,63170,66048,1,7.4248175074041365,7.4248175074041365,11.386890841702305,88.4206489861366,operational,ascent,2025-046M,2025-233R,False
2026-01-09 00:00:00+00:00,QQ_diff_launch,63172,66050,1,9.36076329483029,9.36076329483029,11.37401680495099,88.36691146763617,operational,operational,2025-046P,2025-233T,False
2026-01-09 00:00:00+00:00,QQ_diff_launch,63175,66035,2,13.056366447351058,16.334649480030496,11.36906290332049,88.40412485939481,operational,operational,2025-046S,2025-233C,False
2026-01-10 00:00:00+00:00,QQ_diff_launch,60379,66045,1,4.994371375224473,4.994371375224473,12.81314744125096,87.91099642061667,operational,operational,2024-140A,2025-233N,False
2026-01-10 00:00:00+00:00,QQ_diff_launch,60382,66050,2,15.002027848191865,16.103380613787472,12.826787665665957,87.86249771822516,operational,operational,2024-140D,2025-233T,False
2026-01-10 00:00:00+00:00,QQ_diff_launch,60384,66048,1,19.890482997547426,19.890482997547426,12.82821096193396,88.00626856097702,operational,operational,2024-140F,2025-233R,False
2026-01-10 00:00:00+00:00,QQ_diff_launch,60391,61569,1,18.61843988966612,18.61843988966612,13.835159243900645,86.69452772838454,operational,stranded,2024-140N,2024-185T,False
2026-01-10 00:00:00+00:00,QQ_diff_launch,60394,66039,1,3.5643854249752644,3.5643854249752644,12.80988638966223,87.88170625374116,operational,operational,2024-140R,2025-233G,False
2026-01-10 00:00:00+00:00,QQ_diff_launch,60395,61563,5,10.408655440354032,17.29894092838405,13.774220079093864,86.87733693822072,operational,operational,2024-140S,2024-185M,False
2026-01-10 00:00:00+00:00,QQ_diff_launch,61555,66040,1,10.293841156089766,10.293841156089766,2.1908570250943225,88.97348318573135,stranded,drift,2024-185D,2025-233H,False
2026-01-10 00:00:00+00:00,QQ_diff_launch,61564,62241,1,15.111352935277447,15.111352935277447,4.975693033030268,88.91419209503393,stranded,operational,2024-185N,2024-232E,False
2026-01-10 00:00:00+00:00,QQ_diff_launch,61569,62786,1,14.040220852556338,14.040220852556338,2.792784145440509,88.96382484872188,stranded,operational,2024-185T,2025-016B,False
2026-01-10 00:00:00+00:00,QQ_diff_launch,61569,63165,1,8.564985570626137,8.564985570626137,12.745149381852318,87.96281902388482,stranded,operational,2024-185T,2025-046G,False
2026-01-10 00:00:00+00:00,QQ_diff_launch,62241,63159,14,2.459050855334409,3.2324442228228163,9.461346556244983,88.68275287494748,operational,operational,2024-232E,2025-046A,True
2026-01-10 00:00:00+00:00,QQ_diff_launch,62242,63164,12,18.048626090341052,18.9527050094499,9.497959788788677,88.60269147548644,operational,operational,2024-232F,2025-046F,False
2026-01-10 00:00:00+00:00,QQ_diff_launch,62245,63168,14,11.746939104488934,12.38560685709826,9.494160386547732,88.70778736052517,operational,operational,2024-232J,2025-046K,True
2026-01-10 00:00:00+00:00,QQ_diff_launch,62248,66039,1,9.322395610063207,9.322395610063207,2.6395570664788224,88.98336309816112,operational,operational,2024-232M,2025-233G,False
2026-01-10 00:00:00+00:00,QQ_diff_launch,62249,63172,13,5.418484475778162,5.43850169107532,9.520787984387741,88.67136074727627,operational,operational,2024-232N,2025-046P,False
2026-01-10 00:00:00+00:00,QQ_diff_launch,62790,66050,2,13.29848071196595,16.081660693645667,5.112131723254174,88.91937847523589,operational,operational,2025-016F,2025-233T,False
2026-01-10 00:00:00+00:00,QQ_diff_launch,62791,66039,2,13.617806259590688,14.700017709599571,5.132002350147809,88.93041246576907,operational,operational,2025-016G,2025-233G,False
2026-01-10 00:00:00+00:00,QQ_same_launch,61557,61568,1,15.394821799732933,15.394821799732933,0.03923571897908247,84.33005449762499,stranded,stranded,2024-185F,2024-185S,False
2026-01-11 00:00:00+00:00,QQ_diff_launch,60381,66035,2,14.699445468826903,16.96805325019623,12.823892711556745,87.91480847267911,operational,operational,2024-140C,2025-233C,False
2026-01-11 00:00:00+00:00,QQ_diff_launch,60393,66041,1,3.4225329061275,3.4225329061275,12.861744957867344,87.89745028346363,operational,operational,2024-140Q,2025-233J,False
2026-01-11 00:00:00+00:00,QQ_diff_launch,61564,63173,1,15.974361414729824,15.974361414729824,12.732474100642868,87.91864203335385,stranded,operational,2024-185N,2025-046Q,False
2026-01-11 00:00:00+00:00,QQ_diff_launch,61564,66041,1,17.32405020440635,17.32405020440635,2.349088979465,88.96567525814442,stranded,operational,2024-185N,2025-233J,False
2026-01-11 00:00:00+00:00,QQ_diff_launch,61569,62246,1,10.031372092073527,10.031372092073527,4.978814054950456,88.93471104651798,stranded,operational,2024-185T,2024-232K,False
2026-01-11 00:00:00+00:00,QQ_diff_launch,62241,63159,13,2.214049983942144,2.303693578291344,9.461700340294042,88.67380745265166,operational,operational,2024-232E,2025-046A,False
2026-01-11 00:00:00+00:00,QQ_diff_launch,62245,63168,13,10.365655334184709,10.99458641024857,9.494466357462873,88.70265797976668,operational,operational,2024-232J,2025-046K,False
2026-01-11 00:00:00+00:00,QQ_diff_launch,62249,63172,14,5.46128008602541,5.723086636484966,9.521002428835773,88.66435573692613,operational,operational,2024-232N,2025-046P,True
2026-01-11 00:00:00+00:00,QQ_diff_launch,62795,66035,3,5.191785710653319,10.998257310804906,5.107488654860824,88.90854892771307,operational,operational,2025-016L,2025-233C,False
2026-01-11 00:00:00+00:00,QQ_diff_launch,62799,66048,2,3.9105942243392953,11.117026355111156,5.101199413801211,88.92253125805772,operational,operational,2025-016Q,2025-233R,False
2026-01-12 00:00:00+00:00,QQ_diff_launch,60386,61569,1,16.160981339499724,16.160981339499724,13.844456879070131,87.05636599369073,operational,stranded,2024-140H,2024-185T,False
2026-01-12 00:00:00+00:00,QQ_diff_launch,60392,66042,1,14.611500521105599,14.611500521105599,12.853275244203296,87.95386325805119,operational,operational,2024-140P,2025-233K,False
2026-01-12 00:00:00+00:00,QQ_diff_launch,61563,66039,2,2.8937082115013566,5.393465533348439,2.375910479048108,88.96926976087305,operational,operational,2024-185M,2025-233G,False
2026-01-12 00:00:00+00:00,QQ_diff_launch,62239,66034,1,17.768921264112347,17.768921264112347,2.6392879531602307,88.98184402082002,operational,operational,2024-232C,2025-233B,False
2026-01-12 00:00:00+00:00,QQ_diff_launch,62241,63159,14,2.919075233210953,4.005815235304721,9.462082263376086,88.66427096889399,operational,operational,2024-232E,2025-046A,True
2026-01-12 00:00:00+00:00,QQ_diff_launch,62245,63168,14,8.86811939377877,9.549666435881463,9.494819357503744,88.69700032189093,operational,operational,2024-232J,2025-046K,True
2026-01-12 00:00:00+00:00,QQ_diff_launch,62249,63172,13,6.252975152388034,6.849215741276977,9.521219115175226,88.6563214442043,operational,operational,2024-232N,2025-046P,False
2026-01-12 00:00:00+00:00,QQ_diff_launch,62255,66041,2,9.391048458481718,13.991464783092397,2.6873566690926394,88.97121913660804,operational,operational,2024-232U,2025-233J,False
2026-01-12 00:00:00+00:00,QQ_diff_launch,62792,66042,2,16.22778961938444,17.751639215907296,5.127746823589644,88.93473986391783,operational,operational,2025-016H,2025-233K,False
2026-01-12 00:00:00+00:00,QQ_diff_launch,62799,66048,4,4.67078741166144,9.320315854334977,5.1007624716541855,88.91710129691381,operational,operational,2025-016Q,2025-233R,False
2026-01-12 00:00:00+00:00,QQ_diff_launch,63173,66041,1,19.395276251446543,19.395276251446543,11.394868422752277,88.29598586323692,operational,operational,2025-046Q,2025-233J,False
2026-01-12 00:00:00+00:00,QQ_same_launch,66049,66050,1,4.213492781875277,4.213492781875277,0.0017409611176489681,60.76650586939041,operational,operational,2025-233S,2025-233T,False
2026-01-13 00:00:00+00:00,QQ_diff_launch,60382,61569,1,18.593687975743045,18.593687975743045,13.846868625044698,87.07085617179796,operational,stranded,2024-140D,2024-185T,False
2026-01-13 00:00:00+00:00,QQ_diff_launch,60394,61564,1,11.890036394560772,11.890036394560772,13.822161773774924,86.89074903961819,operational,stranded,2024-140R,2024-185N,False
2026-01-13 00:00:00+00:00,QQ_diff_launch,61555,66047,1,19.769062131000094,19.769062131000094,2.1919401115632833,88.97184637155432,stranded,drift,2024-185D,2025-233Q,False
2026-01-13 00:00:00+00:00,QQ_diff_launch,61559,66040,1,19.093923324039622,19.093923324039622,2.260107002250628,88.97685516472387,stranded,drift,2024-185H,2025-233H,False
2026-01-13 00:00:00+00:00,QQ_diff_launch,61560,62240,1,13.297312736413899,13.297312736413899,5.040145971168875,88.91501628904123,stranded,stranded,2024-185J,2024-232D,False
2026-01-13 00:00:00+00:00,QQ_diff_launch,61564,62791,1,19.947643586936803,19.947643586936803,2.8734953238494225,88.95676707382513,stranded,operational,2024-185N,2025-016G,False
2026-01-13 00:00:00+00:00,QQ_diff_launch,61569,66050,1,19.7866168250726,19.7866168250726,2.3985995478895137,88.96334049654872,stranded,operational,2024-185T,2025-233T,False
2026-01-13 00:00:00+00:00,QQ_diff_launch,62241,63159,13,5.525019448037589,6.8133605882505694,9.462498319981012,88.65387726180451,operational,operational,2024-232E,2025-046A,False
2026-01-13 00:00:00+00:00,QQ_diff_launch,62245,63168,13,7.548026788548879,8.115847311046828,9.495179999848855,88.69071848622903,operational,operational,2024-232J,2025-046K,False
2026-01-13 00:00:00+00:00,QQ_diff_launch,62249,63172,14,7.684207723692502,8.581676240263253,9.521486083704366,88.64792560434195,operational,operational,2024-232N,2025-046P,True
2026-01-13 00:00:00+00:00,QQ_diff_launch,62254,66050,1,19.931923717670326,19.931923717670326,2.6405956014963454,88.96595883285441,operational,operational,2024-232T,2025-233T,False
2026-01-13 00:00:00+00:00,QQ_diff_launch,63162,66034,3,12.48957665533043,18.05835068804199,11.350987464305323,88.38966434017333,operational,operational,2025-046D,2025-233B,False
2026-01-13 00:00:00+00:00,QQ_diff_launch,63169,66044,1,8.92774886011551,8.92774886011551,11.44448274339128,88.4143707217462,stranded,drift,2025-046L,2025-233M,False
2026-01-14 00:00:00+00:00,QQ_diff_launch,61563,62247,1,12.78840830354482,12.78840830354482,4.929972577145296,88.93166872181847,operational,operational,2024-185M,2024-232L,False
2026-01-14 00:00:00+00:00,QQ_diff_launch,61563,63160,4,5.890480708041497,10.629373984664312,12.71808073952283,87.92838485260884,operational,operational,2024-185M,2025-046B,False
2026-01-14 00:00:00+00:00,QQ_diff_launch,61564,63166,1,16.279203321028845,16.279203321028845,12.737773409546083,87.97193445667138,stranded,operational,2024-185N,2025-046H,False
2026-01-14 00:00:00+00:00,QQ_diff_launch,61565,62242,7,13.095663499920109,15.274328474064653,4.9582821724693895,88.92588477187817,operational,operational,2024-185P,2024-232F,False
2026-01-14 00:00:00+00:00,QQ_diff_launch,62241,63159,14,8.35882202399699,9.85674136750335,9.462909371246754,88.64335889589597,operational,operational,2024-232E,2025-046A,True
2026-01-14 00:00:00+00:00,QQ_diff_launch,62245,63168,14,6.4173849954235065,6.874875573512568,9.495565967997283,88.68423472313711,operational,operational,2024-232J,2025-046K,True
2026-01-14 00:00:00+00:00,QQ_diff_launch,62249,63172,13,9.75541435312089,10.750409127811194,9.521750267064318,88.63887854631268,operational,operational,2024-232N,2025-046P,False
2026-01-14 00:00:00+00:00,QQ_diff_launch,62788,66034,1,8.560270262390663,8.560270262390663,5.104854612019891,88.90184578245747,operational,operational,2025-016D,2025-233B,False
2026-01-14 00:00:00+00:00,QQ_diff_launch,62801,66050,2,4.2180272404563635,11.057598839122932,5.112906282264413,88.92726085518935,operational,operational,2025-016S,2025-233T,False
2026-01-14 00:00:00+00:00,QQ_same_launch,61552,61556,2,14.95653299923007,16.26231429030132,0.029801948928972304,77.5393055668873,stranded,stranded,2024-185A,2024-185E,False
2026-01-14 00:00:00+00:00,QQ_same_launch,61562,61563,3,11.32955971750591,16.810960612152385,0.060422174434060665,88.03642335825523,operational,operational,2024-185L,2024-185M,False
2026-01-15 00:00:00+00:00,QQ_diff_launch,60380,66034,2,16.93864459521605,17.883934614249704,12.833318075406204,87.88777678391007,operational,operational,2024-140B,2025-233B,False
2026-01-15 00:00:00+00:00,QQ_diff_launch,60386,66050,1,16.54306682356322,16.54306682356322,12.819237413110345,87.90580366353399,operational,operational,2024-140H,2025-233T,False
2026-01-15 00:00:00+00:00,QQ_diff_launch,61563,62791,3,9.77101272146667,16.26799898049387,2.840665127709696,88.95590911162684,operational,operational,2024-185M,2025-016G,False
2026-01-15 00:00:00+00:00,QQ_diff_launch,61564,63175,1,15.48213606044103,15.48213606044103,12.722414875488482,87.9372386277261,stranded,operational,2024-185N,2025-046S,False
2026-01-15 00:00:00+00:00,QQ_diff_launch,61565,63164,17,8.587780275407585,12.645555035532109,12.706726041700772,87.93738025416542,operational,operational,2024-185P,2025-046F,True
2026-01-15 00:00:00+00:00,QQ_diff_launch,61568,66043,2,6.73108050199357,12.865925676839838,1.9155273916998685,88.97184643933319,stranded,drift,2024-185S,2025-233L,False
2026-01-15 00:00:00+00:00,QQ_diff_launch,61569,62252,1,9.98305930593969,9.98305930593969,4.975104849463358,88.91039271903503,stranded,operational,2024-185T,2024-232R,False
2026-01-15 00:00:00+00:00,QQ_diff_launch,61569,66048,1,17.471596610912766,17.471596610912766,2.3989941723701182,88.96241574599867,stranded,operational,2024-185T,2025-233R,False
2026-01-15 00:00:00+00:00,QQ_diff_launch,62241,63159,13,11.708728521783662,13.172636648576374,9.46336992832249,88.63189135791714,operational,operational,2024-232E,2025-046A,False
2026-01-15 00:00:00+00:00,QQ_diff_launch,62245,63168,13,5.848855377754771,5.986258534056316,9.49599602212842,88.67685647462795,operational,operational,2024-232J,2025-046K,False
2026-01-15 00:00:00+00:00,QQ_diff_launch,62249,63172,14,11.984046772347693,13.17888454984995,9.522082817329046,88.62949429471058,operational,operational,2024-232N,2025-046P,True
2026-01-15 00:00:00+00:00,QQ_diff_launch,62788,66034,3,11.719896854906033,12.835062184926507,5.103574770497067,88.92902298906642,operational,operational,2025-016D,2025-233B,False
2026-01-15 00:00:00+00:00,QQ_diff_launch,63170,66048,3,14.534924945432582,15.568777483680076,11.356128008602766,88.39618630578354,operational,operational,2025-046M,2025-233R,False
2026-01-16 00:00:00+00:00,QQ_diff_launch,60380,61564,1,17.665364470685283,17.665364470685283,13.833048329664349,86.74890688440561,operational,stranded,2024-140B,2024-185N,False
2026-01-16 00:00:00+00:00,QQ_diff_launch,60389,61564,1,18.543882915197987,18.543882915197987,13.82852977639809,86.73139219580368,operational,stranded,2024-140L,2024-185N,False
2026-01-16 00:00:00+00:00,QQ_diff_launch,60394,61563,4,11.552566440798259,16.079086468413543,13.776724230196574,86.88540964895724,operational,operational,2024-140R,2024-185M,False
2026-01-16 00:00:00+00:00,QQ_diff_launch,61566,66037,2,2.1165120547486937,7.269687668405092,2.155916626621664,88.97146886642564,drift,ascent,2024-185Q,2025-233E,False
2026-01-16 00:00:00+00:00,QQ_diff_launch,62241,63159,14,14.935201692854994,16.591433285192338,9.46385210004593,88.6200357863527,operational,operational,2024-232E,2025-046A,True
2026-01-16 00:00:00+00:00,QQ_diff_launch,62245,63168,14,5.799366722816528,5.880775602630342,9.496429325798964,88.66919105181324,operational,operational,2024-232J,2025-046K,True
2026-01-16 00:00:00+00:00,QQ_diff_launch,62249,63172,13,14.722938152215036,15.935311652309265,9.522420645461878,88.61898198763042,operational,operational,2024-232N,2025-046P,False
2026-01-16 00:00:00+00:00,QQ_diff_launch,63167,66050,1,11.204553375391965,11.204553375391965,11.371059822867446,88.3453098887028,operational,operational,2025-046J,2025-233T,False
2026-01-16 00:00:00+00:00,QQ_same_launch,66036,66046,1,15.155703735362811,15.155703735362811,0.007403051428216631,45.198626028969244,ascent,ascent,2025-233D,2025-233P,False
2026-01-17 00:00:00+00:00,QQ_diff_launch,60391,61564,1,12.605465818026511,12.605465818026511,13.820308735073425,86.86315527055226,operational,stranded,2024-140N,2024-185N,False
2026-01-17 00:00:00+00:00,QQ_diff_launch,61564,62786,1,19.533100167048826,19.533100167048826,2.847145038596272,88.95512442512289,stranded,operational,2024-185N,2025-016B,False
2026-01-17 00:00:00+00:00,QQ_diff_launch,62240,66043,2,1.9914045779066232,8.059564904550374,3.182052596691165,88.9773236384205,stranded,drift,2024-232D,2025-233L,False
2026-01-17 00:00:00+00:00,QQ_diff_launch,62241,63159,6,18.592399564725035,19.254319683503667,9.464221365401267,88.61078094886739,operational,operational,2024-232E,2025-046A,False
2026-01-17 00:00:00+00:00,QQ_diff_launch,62245,63168,13,6.217801105671573,6.700368889962011,9.49689340059408,88.66095115886863,operational,operational,2024-232J,2025-046K,False
2026-01-17 00:00:00+00:00,QQ_diff_launch,62249,63172,12,17.417092188995284,18.605710890463193,9.522776240311956,88.60905382841223,operational,operational,2024-232N,2025-046P,False
2026-01-18 00:00:00+00:00,QQ_diff_launch,60388,61569,1,3.191544432520265,3.191544432520265,13.865583148381008,86.83505063386238,operational,stranded,2024-140K,2024-185T,False
2026-01-18 00:00:00+00:00,QQ_diff_launch,61563,66042,2,8.8500265993369,8.934365910675886,2.385912661498092,88.9696699963564,operational,operational,2024-185M,2025-233K,False
2026-01-18 00:00:00+00:00,QQ_diff_launch,62245,63168,14,7.444947217200863,8.297808708580478,9.497389614325103,88.65223457323305,operational,operational,2024-232J,2025-046K,True
2026-01-19 00:00:00+00:00,QQ_diff_launch,61563,62248,1,15.216996844695966,15.216996844695966,4.936812149326081,88.9135417917567,operational,operational,2024-185M,2024-232M,False
2026-01-19 00:00:00+00:00,QQ_diff_launch,61569,62242,1,14.06950889586526,14.06950889586526,4.9787055790667605,88.90328056519792,stranded,operational,2024-185T,2024-232F,False
2026-01-19 00:00:00+00:00,QQ_diff_launch,61569,63164,1,19.586486983606864,19.586486983606864,12.747305808945965,88.03882907868582,stranded,operational,2024-185T,2025-046F,False
2026-01-19 00:00:00+00:00,QQ_diff_launch,61569,63169,1,19.54429323934999,19.54429323934999,12.760784522689592,87.88577689551289,stranded,stranded,2024-185T,2025-046L,False
2026-01-19 00:00:00+00:00,QQ_diff_launch,62245,63168,13,9.38548737666067,10.380962591731704,9.497885583756894,88.64304145365709,operational,operational,2024-232J,2025-046K,False
2026-01-20 00:00:00+00:00,QQ_diff_launch,60384,61564,1,17.623868566799384,17.623868566799384,13.836472964736059,86.74047482416249,operational,stranded,2024-140F,2024-185N,False
2026-01-20 00:00:00+00:00,QQ_diff_launch,60385,61554,1,12.951532571074571,12.951532571074571,14.12295984115983,86.77196642117046,drift,stranded,2024-140G,2024-185C,False
2026-01-20 00:00:00+00:00,QQ_diff_launch,60394,66046,1,13.587861331953336,13.587861331953336,12.857626726033647,87.91265851892827,operational,ascent,2024-140R,2025-233P,False
2026-01-20 00:00:00+00:00,QQ_diff_launch,61561,62243,1,13.87351281618047,13.87351281618047,5.02308952595466,88.90549543040893,stranded,stranded,2024-185K,2024-232G,False
2026-01-20 00:00:00+00:00,QQ_diff_launch,61565,62797,6,4.470081790593923,9.384336187523727,2.7960109364803523,88.95556640193107,operational,operational,2024-185P,2025-016N,False
2026-01-20 00:00:00+00:00,QQ_diff_launch,61569,63176,1,11.102797480351743,11.102797480351743,12.74398871519671,87.93398342224609,stranded,operational,2024-185T,2025-046T,False
2026-01-20 00:00:00+00:00,QQ_diff_launch,62245,63168,14,11.629193827432823,12.88682773508021,9.498429598948764,88.63306680522872,operational,operational,2024-232J,2025-046K,True
2026-01-20 00:00:00+00:00,QQ_same_launch,66036,66044,1,6.824655031915678,6.824655031915678,0.0033245505866266404,16.096724450439755,ascent,ascent,2025-233D,2025-233M,False
2026-01-21 00:00:00+00:00,QQ_diff_launch,60379,66045,1,18.126100346380937,18.126100346380937,12.805642956040955,87.98626888708685,operational,operational,2024-140A,2025-233N,False
2026-01-21 00:00:00+00:00,QQ_diff_launch,60383,61569,1,19.24141370396655,19.24141370396655,13.84231817987858,86.6597481903479,operational,stranded,2024-140E,2024-185T,False
2026-01-21 00:00:00+00:00,QQ_diff_launch,60386,66049,1,17.15224466104374,17.15224466104374,12.80484420364848,87.96852747608739,operational,operational,2024-140H,2025-233S,False
2026-01-21 00:00:00+00:00,QQ_diff_launch,60392,61563,3,14.068438747442006,17.74631110734581,13.778933910837452,86.89548701353839,operational,operational,2024-140P,2024-185M,False
2026-01-21 00:00:00+00:00,QQ_diff_launch,60394,66036,1,12.04388435390591,12.04388435390591,12.850742274429468,87.79949623207192,operational,ascent,2024-140R,2025-233D,False
2026-01-21 00:00:00+00:00,QQ_diff_launch,60395,66035,1,10.897053606306718,10.897053606306718,12.797067276816387,87.90616296308791,operational,operational,2024-140S,2025-233C,False
2026-01-21 00:00:00+00:00,QQ_diff_launch,61562,66036,1,11.486586878981813,11.486586878981813,2.4424166140532857,88.96889824504254,operational,ascent,2024-185L,2025-233D,False
2026-01-21 00:00:00+00:00,QQ_diff_launch,61563,62792,2,6.337497885674226,10.72290332997667,2.8211703116150604,88.95802021961951,operational,operational,2024-185M,2025-016H,False
2026-01-21 00:00:00+00:00,QQ_diff_launch,61565,62797,2,5.289976346951004,9.19407228053367,2.797291073573998,88.9647852286971,operational,operational,2024-185P,2025-016N,False
2026-01-21 00:00:00+00:00,QQ_diff_launch,62245,63168,13,14.651865121056538,16.003505124796227,9.498984838396145,88.62112421382344,operational,operational,2024-232J,2025-046K,False
2026-01-21 00:00:00+00:00,QQ_diff_launch,62248,66044,1,13.52306694672825,13.52306694672825,2.6400038432945663,88.98573426696672,operational,ascent,2024-232M,2025-233M,False
2026-01-21 00:00:00+00:00,QQ_diff_launch,62254,66049,1,12.739437221288545,12.739437221288545,2.63749296073213,88.98550401973233,operational,operational,2024-232T,2025-233S,False
2026-01-21 00:00:00+00:00,QQ_diff_launch,63161,66034,1,16.665452480547586,16.665452480547586,11.34964752607748,88.46067661736245,operational,operational,2025-046C,2025-233B,False
2026-01-21 00:00:00+00:00,QQ_same_launch,66042,66044,2,2.0088585884234207,7.638565709332423,0.00966202938398373,41.69510195465567,operational,ascent,2025-233K,2025-233M,False
2026-01-22 00:00:00+00:00,QQ_diff_launch,60379,61564,1,9.51294601694744,9.51294601694744,13.828720231574883,86.97319722221607,operational,stranded,2024-140A,2024-185N,False
2026-01-22 00:00:00+00:00,QQ_diff_launch,60393,61569,1,9.90383315229826,9.90383315229826,13.840039692951274,86.9770412546469,operational,stranded,2024-140Q,2024-185T,False
2026-01-22 00:00:00+00:00,QQ_diff_launch,60395,66035,1,9.493014070431974,9.493014070431974,12.798531159292281,87.8478606506315,operational,operational,2024-140S,2025-233C,False
2026-01-22 00:00:00+00:00,QQ_diff_launch,60395,66044,1,7.034635496314346,7.034635496314346,12.852155433026399,87.84814274144092,operational,ascent,2024-140S,2025-233M,False
2026-01-22 00:00:00+00:00,QQ_diff_launch,61564,62250,1,10.325594306952036,10.325594306952036,4.922838308473851,88.92606367167424,stranded,operational,2024-185N,2024-232P,False
2026-01-22 00:00:00+00:00,QQ_diff_launch,61564,63174,1,19.188931793003928,19.188931793003928,12.730695537588366,87.88977170750674,stranded,operational,2024-185N,2025-046R,False
2026-01-22 00:00:00+00:00,QQ_diff_launch,61569,63173,1,12.089406026935853,12.089406026935853,12.750430902057499,87.94185852503617,stranded,operational,2024-185T,2025-046Q,False
2026-01-22 00:00:00+00:00,QQ_diff_launch,62245,63168,9,17.864732041381604,18.877936382270182,9.499433832691858,88.61029532590763,operational,operational,2024-232J,2025-046K,False
2026-01-22 00:00:00+00:00,QQ_diff_launch,62246,66050,1,17.67763908114335,17.67763908114335,2.638503276157813,88.99112208957044,operational,operational,2024-232K,2025-233T,False
2026-01-22 00:00:00+00:00,QQ_diff_launch,63166,66036,1,16.06746104804779,16.06746104804779,11.401299700623657,88.36700985152011,operational,ascent,2025-046H,2025-233D,False
2026-01-23 00:00:00+00:00,QQ_diff_launch,60381,66044,1,9.339034378585424,9.339034378585424,12.863050363632585,87.92941424390489,operational,drift,2024-140C,2025-233M,False
2026-01-23 00:00:00+00:00,QQ_diff_launch,60388,61564,1,18.14094459161319,18.14094459161319,13.849511813733406,87.0193045490755,operational,stranded,2024-140K,2024-185N,False
2026-01-23 00:00:00+00:00,QQ_diff_launch,60388,61565,21,13.298543996140394,16.113988884612684,13.815650467471004,86.84492901326192,operational,operational,2024-140K,2024-185P,True
2026-01-23 00:00:00+00:00,QQ_diff_launch,60389,66036,1,18.064829920325927,18.064829920325927,12.854057986080544,87.93652734588693,operational,ascent,2024-140L,2025-233D,False
2026-01-23 00:00:00+00:00,QQ_diff_launch,60390,61569,1,8.950692483563708,8.950692483563708,13.838952677134284,86.78345614038011,operational,stranded,2024-140M,2024-185T,False
2026-01-23 00:00:00+00:00,QQ_diff_launch,60391,66046,1,12.246499281558997,12.246499281558997,12.846443918059954,87.8045447641381,operational,ascent,2024-140N,2025-233P,False
2026-01-23 00:00:00+00:00,QQ_diff_launch,61569,63168,1,12.122823851479598,12.122823851479598,12.748646161513225,87.93883718447357,stranded,operational,2024-185T,2025-046K,False
2026-01-23 00:00:00+00:00,QQ_diff_launch,62239,63162,13,16.491331187323855,18.10588232005161,9.533714661972407,88.7189394995546,operational,operational,2024-232C,2025-046D,False
2026-01-23 00:00:00+00:00,QQ_diff_launch,62802,66036,2,9.94734182345156,13.255109018158056,5.121278997048517,88.9164617503641,operational,ascent,2025-016T,2025-233D,False
2026-01-23 00:00:00+00:00,QQ_diff_launch,63165,66046,1,7.635359553025733,7.635359553025733,11.365924842198154,88.4037356758913,operational,ascent,2025-046G,2025-233P,False
2026-01-23 00:00:00+00:00,QQ_same_launch,61560,61568,4,4.751645351359574,10.000996589502146,0.012764953841418316,67.60642058429312,stranded,stranded,2024-185J,2024-185S,False
2026-01-24 00:00:00+00:00,QQ_diff_launch,60383,61564,1,17.3410078552328,17.3410078552328,13.827441372779942,86.7461881038899,operational,stranded,2024-140E,2024-185N,False
2026-01-24 00:00:00+00:00,QQ_diff_launch,60392,61569,1,7.33151866704383,7.33151866704383,13.841474109978028,86.95584093138477,operational,stranded,2024-140P,2024-185T,False
2026-01-24 00:00:00+00:00,QQ_diff_launch,61557,62243,3,9.210243802605598,13.297126525115475,5.055962195477142,88.92048945614773,stranded,stranded,2024-185F,2024-232G,False
2026-01-24 00:00:00+00:00,QQ_diff_launch,62239,63162,14,12.947374703250143,14.434164848136003,9.533474436224914,88.70340190871582,operational,operational,2024-232C,2025-046D,True
2026-01-24 00:00:00+00:00,QQ_same_launch,66033,66050,1,19.915540994724243,19.915540994724243,0.0071050181880472595,41.109178563133675,operational,operational,2025-233A,2025-233T,False
2026-01-25 00:00:00+00:00,QQ_diff_launch,60391,66036,1,4.525858975299764,4.525858975299764,12.848923807046775,87.8518241638088,operational,excursion,2024-140N,2025-233D,False
2026-01-25 00:00:00+00:00,QQ_diff_launch,60393,61564,1,12.491490380764274,12.491490380764274,13.824791359186634,86.8847388923668,operational,stranded,2024-140Q,2024-185N,False
2026-01-25 00:00:00+00:00,QQ_diff_launch,60394,61569,1,3.2392881138296765,3.2392881138296765,13.836291860254414,86.85662313483381,operational,stranded,2024-140R,2024-185T,False
2026-01-25 00:00:00+00:00,QQ_diff_launch,60396,66050,1,12.217640103923117,12.217640103923117,12.829880072872072,87.80281561180145,operational,excursion,2024-140T,2025-233T,False
2026-01-25 00:00:00+00:00,QQ_diff_launch,61563,62245,1,16.343689517317323,16.343689517317323,4.953655308317371,88.90806465841395,operational,operational,2024-185M,2024-232J,False
2026-01-25 00:00:00+00:00,QQ_diff_launch,61563,63168,4,3.676528301513293,11.506336422119276,12.717807026898054,87.91840527727646,operational,operational,2024-185M,2025-046K,False
2026-01-25 00:00:00+00:00,QQ_diff_launch,62239,63162,13,10.85063618186979,11.598775196399657,9.533212219608313,88.68715284453641,operational,operational,2024-232C,2025-046D,False
2026-01-25 00:00:00+00:00,QQ_diff_launch,62255,63173,5,18.98417358805798,19.423402258139532,9.515801925470164,88.73177749329069,operational,operational,2024-232U,2025-046Q,False
2026-01-25 00:00:00+00:00,QQ_diff_launch,63162,66044,1,13.773865939139199,13.773865939139199,11.372140480127616,88.38988526742465,operational,drift,2025-046D,2025-233M,False
2026-01-26 00:00:00+00:00,QQ_diff_launch,60390,61564,1,18.066206447164237,18.066206447164237,13.824037836659391,87.06374855895454,operational,stranded,2024-140M,2024-185N,False
2026-01-26 00:00:00+00:00,QQ_diff_launch,60396,66044,1,11.507963434544399,11.507963434544399,12.878170803171766,87.79407981019159,operational,drift,2024-140T,2025-233M,False
2026-01-26 00:00:00+00:00,QQ_diff_launch,61563,62789,2,6.086940397917303,9.118613033053453,2.8209025975211857,88.95220691055391,operational,operational,2024-185M,2025-016E,False
2026-01-26 00:00:00+00:00,QQ_diff_launch,61564,62245,1,15.515011819810768,15.515011819810768,4.940283053586194,88.93549948581503,stranded,operational,2024-185N,2024-232J,False
2026-01-26 00:00:00+00:00,QQ_diff_launch,61569,62247,1,9.611519171711336,9.611519171711336,4.964553682534,88.91001571889059,stranded,operational,2024-185T,2024-232L,False
2026-01-26 00:00:00+00:00,QQ_diff_launch,61569,66039,1,19.879395317621658,19.879395317621658,2.3968994604822003,88.97212280429422,stranded,operational,2024-185T,2025-233G,False
2026-01-26 00:00:00+00:00,QQ_diff_launch,62239,63162,14,10.48867560980878,10.57310848187982,9.53293239501078,88.67014808334795,operational,operational,2024-232C,2025-046D,True
2026-01-26 00:00:00+00:00,QQ_diff_launch,62255,63173,13,15.985986617556165,17.33985738086489,9.515749351832248,88.72511716677847,operational,operational,2024-232U,2025-046Q,False
2026-01-26 00:00:00+00:00,QQ_diff_launch,63165,66044,1,15.91536237517142,15.91536237517142,11.373999235308963,88.35314445991087,operational,drift,2025-046G,2025-233M,False
2026-01-26 00:00:00+00:00,QQ_same_launch,66033,66044,1,14.30023175446108,14.30023175446108,0.01111779174416883,81.28980606653947,operational,drift,2025-233A,2025-233M,False
2026-01-27 00:00:00+00:00,QQ_diff_launch,60384,66046,1,15.040523356680465,15.040523356680465,12.829157065308346,87.76691294335826,operational,operational,2024-140F,2025-233P,False
2026-01-27 00:00:00+00:00,QQ_diff_launch,60390,61563,4,10.999205458958377,15.693197019578525,13.78181374969804,86.89257847326553,operational,operational,2024-140M,2024-185M,False
2026-01-27 00:00:00+00:00,QQ_diff_launch,60391,66036,1,11.284354267098166,11.284354267098166,12.806625833885889,87.80269563511646,operational,operational,2024-140N,2025-233D,False
2026-01-27 00:00:00+00:00,QQ_diff_launch,60392,61564,1,14.694769143405502,14.694769143405502,13.82664933122358,87.03631937691095,operational,stranded,2024-140P,2024-185N,False
2026-01-27 00:00:00+00:00,QQ_diff_launch,60395,61569,1,4.214620516764594,4.214620516764594,13.833941150556303,86.93132555596888,operational,stranded,2024-140S,2024-185T,False
2026-01-27 00:00:00+00:00,QQ_diff_launch,62239,63162,26,10.940309363250313,14.210604090204875,9.515769077703222,88.68185798858177,operational,operational,2024-232C,2025-046D,True
2026-01-27 00:00:00+00:00,QQ_diff_launch,62251,66036,1,10.731613860246767,10.731613860246767,2.6269595329485647,88.98495306063201,operational,operational,2024-232Q,2025-233D,False
2026-01-27 00:00:00+00:00,QQ_diff_launch,62255,63173,14,12.618223833011717,14.12813264648744,9.515649924841107,88.71462139774243,operational,operational,2024-232U,2025-046Q,True
2026-01-27 00:00:00+00:00,QQ_diff_launch,63165,66036,1,4.199782035960679,4.199782035960679,11.350926338237509,88.39443060927167,operational,operational,2025-046G,2025-233D,False
2026-01-28 00:00:00+00:00,QQ_diff_launch,60381,61569,1,7.516946735624441,7.516946735624441,13.840847733607823,86.94376002625862,operational,stranded,2024-140C,2024-185T,False
2026-01-28 00:00:00+00:00,QQ_diff_launch,60395,61564,1,10.682669773838649,10.682669773838649,13.819142425317514,86.90667360808314,operational,stranded,2024-140S,2024-185N,False
2026-01-28 00:00:00+00:00,QQ_diff_launch,61569,62795,1,17.578853827394205,17.578853827394205,2.795650532559681,88.9491656774714,stranded,operational,2024-185T,2025-016L,False
2026-01-28 00:00:00+00:00,QQ_diff_launch,61569,63175,2,18.81758699729014,19.304633117161142,12.728332805176288,87.96578328019291,stranded,operational,2024-185T,2025-046S,False
2026-01-28 00:00:00+00:00,QQ_diff_launch,62239,63162,27,11.87941677830659,14.166855662536943,9.532207272517097,88.64241022175996,operational,operational,2024-232C,2025-046D,True
2026-01-28 00:00:00+00:00,QQ_diff_launch,62255,63173,13,9.499675263700865,10.873603102223802,9.515563218006392,88.70365041968371,operational,operational,2024-232U,2025-046Q,False
2026-01-29 00:00:00+00:00,QQ_diff_launch,60379,66046,1,18.566258788081033,18.566258788081033,12.856638492789129,87.98696218071758,operational,operational,2024-140A,2025-233P,False
2026-01-29 00:00:00+00:00,QQ_diff_launch,60389,61569,1,17.181052818765448,17.181052818765448,13.84055543220842,87.04908977428455,operational,stranded,2024-140L,2024-185T,False
2026-01-29 00:00:00+00:00,QQ_diff_launch,61562,63160,18,14.761332112187201,17.49546880326146,12.739407058578625,87.79835698525015,operational,operational,2024-185L,2025-046B,True
2026-01-29 00:00:00+00:00,QQ_diff_launch,61563,66041,2,4.024557776056982,8.224681320056007,2.3727618050875883,88.9693535583883,operational,operational,2024-185M,2025-233J,False
2026-01-29 00:00:00+00:00,QQ_diff_launch,61564,62253,1,19.539777309451303,19.539777309451303,4.934683623738448,88.9406414844937,stranded,operational,2024-185N,2024-232S,False
2026-01-29 00:00:00+00:00,QQ_diff_launch,62239,63162,22,11.410318875317323,11.787855966284878,9.500287061909862,88.65999664183462,operational,operational,2024-232C,2025-046D,True
2026-01-29 00:00:00+00:00,QQ_diff_launch,62252,66044,1,17.546138936061237,17.546138936061237,2.6362136859351835,88.98949600965823,operational,ascent,2024-232R,2025-233M,False
2026-01-29 00:00:00+00:00,QQ_diff_launch,62255,63173,14,6.324485925862592,7.681709724690382,9.515473656677564,88.69202130657334,operational,operational,2024-232U,2025-046Q,True
2026-01-29 00:00:00+00:00,QQ_diff_launch,62793,66046,1,10.48895608646542,10.48895608646542,5.121432344088048,88.92222874423267,operational,operational,2025-016J,2025-233P,False
2026-01-29 00:00:00+00:00,QQ_diff_launch,63170,66044,1,16.639874229197027,16.639874229197027,11.375674068113668,88.40656952382633,operational,ascent,2025-046M,2025-233M,False
2026-01-29 00:00:00+00:00,QQ_same_launch,66033,66036,5,7.079949187448535,12.46713017336011,0.015953168106046276,53.812375025265155,operational,operational,2025-233A,2025-233D,False
2026-01-30 00:00:00+00:00,QQ_diff_launch,60380,61569,1,16.447055872819057,16.447055872819057,13.843645813628209,86.68956851789845,operational,stranded,2024-140B,2024-185T,False
2026-01-30 00:00:00+00:00,QQ_diff_launch,60393,66047,1,11.329995254544666,11.329995254544666,12.847509977960751,87.82104661144683,operational,ascent,2024-140Q,2025-233Q,False
2026-01-30 00:00:00+00:00,QQ_diff_launch,61562,63160,27,8.248610475959808,11.61277687948519,12.73939665737176,87.84613520614808,operational,operational,2024-185L,2025-046B,True
2026-01-30 00:00:00+00:00,QQ_diff_launch,61569,62788,1,17.58258928648553,17.58258928648553,2.791594425164592,88.95464883628844,stranded,operational,2024-185T,2025-016D,False
2026-01-30 00:00:00+00:00,QQ_diff_launch,61569,63161,1,15.592120669371482,15.592120669371482,12.730312447070457,87.92871201891806,stranded,operational,2024-185T,2025-046C,False
2026-01-30 00:00:00+00:00,QQ_diff_launch,61569,66034,1,12.591843232934767,12.591843232934767,2.395214477924882,88.96664986299643,stranded,operational,2024-185T,2025-233B,False
2026-01-30 00:00:00+00:00,QQ_diff_launch,62238,66046,1,7.275018675008782,7.275018675008782,2.6151278498840673,88.98453361024612,operational,operational,2024-232B,2025-233P,False
2026-01-30 00:00:00+00:00,QQ_diff_launch,62239,63162,13,12.403810870126872,14.025746190425595,9.500775405429001,88.64218076916733,operational,operational,2024-232C,2025-046D,False
2026-01-30 00:00:00+00:00,QQ_diff_launch,62245,66040,1,15.091720835114918,15.091720835114918,2.6337188407070125,88.96618085722851,operational,ascent,2024-232J,2025-233H,False
2026-01-30 00:00:00+00:00,QQ_diff_launch,62255,63173,13,4.364265804061169,5.019377292277601,9.515400704568679,88.6799971794776,operational,operational,2024-232U,2025-046Q,False
2026-01-30 00:00:00+00:00,QQ_diff_launch,63170,66044,2,6.582462873337607,10.42251649451028,11.361570599766196,88.37599744204579,operational,operational,2025-046M,2025-233M,False
2026-01-30 00:00:00+00:00,QQ_same_launch,66044,66048,1,17.9447142292168,17.9447142292168,0.014918988335704533,75.21084523808032,operational,operational,2025-233M,2025-233R,False
2026-01-31 00:00:00+00:00,QQ_diff_launch,60385,61557,1,14.316269549196921,14.316269549196921,14.145799112900873,86.56206798644432,drift,stranded,2024-140G,2024-185F,False
2026-01-31 00:00:00+00:00,QQ_diff_launch,60390,66047,1,17.566908566816196,17.566908566816196,12.836602120502807,87.86754095030696,operational,ascent,2024-140M,2025-233Q,False
2026-01-31 00:00:00+00:00,QQ_diff_launch,60391,61569,1,15.847206411549543,15.847206411549543,13.832904868947335,87.05275476521629,operational,stranded,2024-140N,2024-185T,False
2026-01-31 00:00:00+00:00,QQ_diff_launch,61562,62247,9,16.175441294962457,16.73610693602692,4.982200858174277,88.91605633913682,operational,operational,2024-185L,2024-232L,False
2026-01-31 00:00:00+00:00,QQ_diff_launch,61562,63160,27,6.942189938843204,7.415912830696114,12.756989436312733,87.90291927804289,operational,operational,2024-185L,2025-046B,True
2026-01-31 00:00:00+00:00,QQ_diff_launch,61563,62255,2,10.298815774251233,13.624980806644515,4.981232444044261,88.91889766200873,operational,operational,2024-185M,2024-232U,False
2026-01-31 00:00:00+00:00,QQ_diff_launch,61563,63173,5,3.942528228731014,13.166957758742207,12.72732239320298,87.92167309024248,operational,operational,2024-185M,2025-046Q,False
2026-01-31 00:00:00+00:00,QQ_diff_launch,62239,63162,14,15.475065145934833,16.350533661453902,9.501574615593626,88.63012195731852,operational,operational,2024-232C,2025-046D,True
2026-01-31 00:00:00+00:00,QQ_diff_launch,62251,66036,1,18.495996355369506,18.495996355369506,2.6277151416380886,88.97334060872204,operational,operational,2024-232Q,2025-233D,False
2026-01-31 00:00:00+00:00,QQ_diff_launch,62255,63173,14,4.215046732494534,4.344247344138527,9.515318758005563,88.66765892583919,operational,operational,2024-232U,2025-046Q,True
2026-01-31 00:00:00+00:00,QQ_diff_launch,63165,66036,4,9.729579554463857,11.810091264965608,11.359034382897903,88.40139013238993,operational,operational,2025-046G,2025-233D,False
2026-02-01 00:00:00+00:00,QQ_diff_launch,60385,62243,1,16.983823987910334,16.983823987910334,11.712080083469155,88.28788454316764,drift,stranded,2024-140G,2024-232G,False
2026-02-01 00:00:00+00:00,QQ_diff_launch,60396,61564,1,14.587207045543694,14.587207045543694,13.835643634650506,86.88078970233734,operational,stranded,2024-140T,2024-185N,False
2026-02-01 00:00:00+00:00,QQ_diff_launch,61561,62240,1,8.518275220789935,8.518275220789935,5.026185364701438,88.93066290238814,stranded,stranded,2024-185K,2024-232D,False
2026-02-01 00:00:00+00:00,QQ_diff_launch,61562,62247,11,16.21935769900502,17.761740546519093,4.994593658613077,88.91449590571628,operational,operational,2024-185L,2024-232L,False
2026-02-01 00:00:00+00:00,QQ_diff_launch,61562,63160,27,7.2996025186844244,10.158480635657487,12.739290036509805,87.95900449966986,operational,operational,2024-185L,2025-046B,True
2026-02-01 00:00:00+00:00,QQ_diff_launch,61563,62787,2,6.913961508619302,7.955665624609074,2.833034569301189,88.95680663185837,operational,operational,2024-185M,2025-016C,False
2026-02-01 00:00:00+00:00,QQ_diff_launch,61565,66045,10,6.134934994472414,11.205058560961543,2.3908741432483067,88.97076284497027,operational,operational,2024-185P,2025-233N,False
2026-02-01 00:00:00+00:00,QQ_diff_launch,61569,63165,1,17.91087703909004,17.91087703909004,12.715831782988165,87.94868386778855,stranded,operational,2024-185T,2025-046G,False
2026-02-01 00:00:00+00:00,QQ_diff_launch,62239,63162,13,17.156902407195176,17.972640575946212,9.502266412385628,88.62271735844044,operational,operational,2024-232C,2025-046D,False
2026-02-01 00:00:00+00:00,QQ_diff_launch,62247,66040,1,19.134736996516864,19.134736996516864,2.599288852796081,88.96191342976567,operational,operational,2024-232L,2025-233H,False
2026-02-01 00:00:00+00:00,QQ_diff_launch,62255,63173,13,5.247270494359209,6.421512910763139,9.515247663889538,88.65480520260157,operational,operational,2024-232U,2025-046Q,False
2026-02-01 00:00:00+00:00,QQ_diff_launch,62786,66036,1,12.011434008069811,12.011434008069811,5.111060659777937,88.89555912163682,operational,operational,2025-016B,2025-233D,False
2026-02-01 00:00:00+00:00,QQ_same_launch,61564,61569,1,17.66415109314641,17.66415109314641,0.05678895726518669,86.26695327705876,stranded,stranded,2024-185N,2024-185T,False
2026-02-02 00:00:00+00:00,QQ_diff_launch,60386,61564,1,13.796679831890494,13.796679831890494,13.82535085958466,86.97402109414095,operational,stranded,2024-140H,2024-185N,False
2026-02-02 00:00:00+00:00,QQ_diff_launch,60391,66036,2,16.638674658594812,17.562209429457635,12.81385221585686,87.8639475984153,operational,operational,2024-140N,2025-233D,False
2026-02-02 00:00:00+00:00,QQ_diff_launch,60393,61563,6,8.349077935164198,15.66695121674099,13.803180379882459,86.87174894482246,operational,operational,2024-140Q,2024-185M,False
2026-02-02 00:00:00+00:00,QQ_diff_launch,60396,61569,1,17.749491975585862,17.749491975585862,13.849567579608914,87.03594270751454,operational,stranded,2024-140T,2024-185T,False
2026-02-02 00:00:00+00:00,QQ_diff_launch,61562,62247,12,15.317552339462232,15.926746490288442,4.994407676312403,88.92659057128188,operational,operational,2024-185L,2024-232L,False
2026-02-02 00:00:00+00:00,QQ_diff_launch,61562,63160,22,11.964611296010037,16.304201223339085,12.757010084519875,88.0081887779838,operational,operational,2024-185L,2025-046B,True
2026-02-02 00:00:00+00:00,QQ_diff_launch,61564,62254,1,14.233590751826696,14.233590751826696,4.9192457051932585,88.920800725761,stranded,operational,2024-185N,2024-232T,False
2026-02-02 00:00:00+00:00,QQ_diff_launch,61565,66044,7,2.0521683854214468,10.094059465534187,2.4020386521745225,88.96998645451649,operational,operational,2024-185P,2025-233M,False
2026-02-02 00:00:00+00:00,QQ_diff_launch,61569,62246,1,6.888313894925455,6.888313894925455,4.9687870073554175,88.92723975764892,stranded,operational,2024-185T,2024-232K,False
2026-02-02 00:00:00+00:00,QQ_diff_launch,61569,66050,1,13.00881215640008,13.00881215640008,2.395567298641487,88.96747031215057,stranded,operational,2024-185T,2025-233T,False
2026-02-02 00:00:00+00:00,QQ_diff_launch,62239,63162,7,18.982840075358055,19.432043634045108,9.502816707088531,88.61638416653658,operational,operational,2024-232C,2025-046D,False
2026-02-02 00:00:00+00:00,QQ_diff_launch,62255,63173,24,8.084831762236147,11.082515214646737,9.515144201015072,88.64635741096194,operational,operational,2024-232U,2025-046Q,True
2026-02-02 00:00:00+00:00,QQ_diff_launch,62786,66036,2,13.40547550748382,14.873436960359204,5.111782655494185,88.92768005024608,operational,operational,2025-016B,2025-233D,False
2026-02-02 00:00:00+00:00,QQ_diff_launch,62791,66040,1,5.637750046568522,5.637750046568522,5.158238313173517,88.91048027713046,operational,operational,2025-016G,2025-233H,False
2026-02-02 00:00:00+00:00,QQ_same_launch,61553,61558,1,13.625307286520698,13.625307286520698,0.011021791547100432,78.90317125463915,stranded,stranded,2024-185B,2024-185G,False
2026-02-03 00:00:00+00:00,QQ_diff_launch,60381,66047,1,8.170553564934162,8.170553564934162,12.850688719252691,87.90489167546859,operational,drift,2024-140C,2025-233Q,False
2026-02-03 00:00:00+00:00,QQ_diff_launch,60382,61564,1,16.195579651474493,16.195579651474493,13.827134078167933,86.93797124280819,operational,stranded,2024-140D,2024-185N,False
2026-02-03 00:00:00+00:00,QQ_diff_launch,60386,61569,1,12.811102944233328,12.811102944233328,13.839064818315643,86.73976857582385,operational,stranded,2024-140H,2024-185T,False
2026-02-03 00:00:00+00:00,QQ_diff_launch,60389,66047,1,17.118609741737757,17.118609741737757,12.850764642529885,87.98203008008332,operational,drift,2024-140L,2025-233Q,False
2026-02-03 00:00:00+00:00,QQ_diff_launch,61562,63160,2,19.270251703732878,19.541904258698757,12.757024389028858,88.03214478270434,operational,operational,2024-185L,2025-046B,False
2026-02-03 00:00:00+00:00,QQ_diff_launch,61569,62801,1,18.08591333929788,18.08591333929788,2.799900613811577,88.95549542999571,stranded,operational,2024-185T,2025-016S,False
2026-02-03 00:00:00+00:00,QQ_diff_launch,61569,63167,2,18.468154321916852,18.889453650245702,12.738290154403582,87.90066384692287,stranded,operational,2024-185T,2025-046J,False
2026-02-03 00:00:00+00:00,QQ_diff_launch,62255,63173,27,11.858859217422115,13.986864938204208,9.4956045559865,88.70536677744893,operational,operational,2024-232U,2025-046Q,True
2026-02-03 00:00:00+00:00,QQ_diff_launch,63160,66040,3,10.532753039933779,12.638783437008188,11.36670644770386,88.41995975482581,operational,operational,2025-046B,2025-233H,False
2026-02-04 00:00:00+00:00,QQ_diff_launch,60382,61569,1,8.644446283979152,8.644446283979152,13.84069888625245,86.90497252798927,operational,stranded,2024-140D,2024-185T,False
2026-02-04 00:00:00+00:00,QQ_diff_launch,61563,66038,2,7.426771367814738,11.199810303643822,2.3696525223136224,88.97144714739557,operational,operational,2024-185M,2025-233F,False
2026-02-04 00:00:00+00:00,QQ_diff_launch,61569,63172,1,17.111854275546303,17.111854275546303,12.7352413525345,87.92030678511546,stranded,operational,2024-185T,2025-046P,False
2026-02-04 00:00:00+00:00,QQ_diff_launch,62248,66040,1,19.952708532901777,19.952708532901777,2.6055874159925487,88.96639988422137,operational,operational,2024-232M,2025-233H,False
2026-02-04 00:00:00+00:00,QQ_diff_launch,62255,63173,27,8.573458078038598,15.670898857126112,9.515015042854895,88.61979438920059,operational,operational,2024-232U,2025-046Q,True
2026-02-04 00:00:00+00:00,QQ_diff_launch,62791,66040,1,10.625529502342173,10.625529502342173,5.155024329618715,88.91142713208133,operational,operational,2025-016G,2025-233H,False
2026-02-04 00:00:00+00:00,QQ_diff_launch,63174,66044,2,5.3209279177486035,10.44805098840487,11.376389921154924,88.37892880108218,operational,operational,2025-046R,2025-233M,False
2026-02-04 00:00:00+00:00,QQ_same_launch,61558,61567,1,14.954313675901465,14.954313675901465,0.027597225570358295,87.0260124879179,stranded,stranded,2024-185G,2024-185R,False
2026-02-05 00:00:00+00:00,QQ_diff_launch,60379,66044,1,7.5465984109368485,7.5465984109368485,12.81028654716665,87.82312322249331,operational,operational,2024-140A,2025-233M,False
2026-02-05 00:00:00+00:00,QQ_diff_launch,60384,61569,1,7.526859384859198,7.526859384859198,13.846327654025407,86.85767139053279,operational,stranded,2024-140F,2024-185T,False
2026-02-05 00:00:00+00:00,QQ_diff_launch,60392,66040,1,19.44387214728742,19.44387214728742,12.795426841363831,87.99347260911564,operational,operational,2024-140P,2025-233H,False
2026-02-05 00:00:00+00:00,QQ_diff_launch,61563,62241,2,8.355305086864242,12.349791959516129,4.985208183046321,88.92566070028423,operational,operational,2024-185M,2024-232E,False
2026-02-05 00:00:00+00:00,QQ_diff_launch,61563,63159,4,6.9206080953127165,9.73480578449217,12.711013490627337,87.91721663101603,operational,operational,2024-185M,2025-046A,False
2026-02-05 00:00:00+00:00,QQ_diff_launch,61568,62243,1,14.62634067135277,14.62634067135277,5.007574287189238,88.94051887713452,stranded,stranded,2024-185S,2024-232G,False
2026-02-05 00:00:00+00:00,QQ_diff_launch,62250,66044,1,13.750166686512289,13.750166686512289,2.6269323074450206,88.96529705478676,operational,operational,2024-232P,2025-233M,False
2026-02-05 00:00:00+00:00,QQ_diff_launch,62255,63173,14,6.59235727006532,7.000288840328364,9.496289357468516,88.67899017323357,operational,operational,2024-232U,2025-046Q,True
2026-02-05 00:00:00+00:00,QQ_diff_launch,63174,66044,2,10.609581676837115,15.144463187242312,11.374853118549552,88.38259246278969,operational,operational,2025-046R,2025-233M,False
2026-02-05 00:00:00+00:00,QQ_same_launch,61557,61560,1,13.315328372646965,13.315328372646965,0.032277567103817635,84.51763868040582,stranded,stranded,2024-185F,2024-185J,False
2026-02-05 00:00:00+00:00,QQ_same_launch,66044,66045,2,1.6383220957094253,7.275593589331471,0.011052321293118705,57.26670232372891,operational,operational,2025-233M,2025-233N,False
2026-02-06 00:00:00+00:00,QQ_diff_launch,60392,66040,1,18.110544104155522,18.110544104155522,12.795582873982303,87.97927069156631,operational,operational,2024-140P,2025-233H,False
2026-02-06 00:00:00+00:00,QQ_diff_launch,61565,63174,7,3.3921355179576316,8.73122602210522,12.73790044464375,87.97656887357202,operational,operational,2024-185P,2025-046R,False
2026-02-06 00:00:00+00:00,QQ_diff_launch,61569,62252,1,8.274732373381019,8.274732373381019,4.965184723647137,88.92784366766539,stranded,operational,2024-185T,2024-232R,False
2026-02-06 00:00:00+00:00,QQ_diff_launch,61569,66048,1,13.449873351644525,13.449873351644525,2.3955404582887754,88.96384169311135,stranded,operational,2024-185T,2025-233R,False
2026-02-06 00:00:00+00:00,QQ_diff_launch,62246,66047,1,13.244869114029424,13.244869114029424,2.6136716726449203,88.98618638783212,operational,drift,2024-232K,2025-233Q,False
2026-02-06 00:00:00+00:00,QQ_diff_launch,62248,66040,1,9.330546393428042,9.330546393428042,2.6055473270993206,88.9741197350683,operational,operational,2024-232M,2025-233H,False
2026-02-06 00:00:00+00:00,QQ_diff_launch,62255,63173,13,6.608414966115204,7.270095218701709,9.49674679634492,88.6607212259317,operational,operational,2024-232U,2025-046Q,False
2026-02-06 00:00:00+00:00,QQ_diff_launch,62800,66047,1,18.418428637243128,18.418428637243128,5.151364537713449,88.89857527374618,operational,drift,2025-016R,2025-233Q,False
2026-02-06 00:00:00+00:00,QQ_same_launch,66040,66042,2,15.484842474080263,16.931461763120897,0.028346991635341965,75.2935313372754,operational,operational,2025-233H,2025-233K,False
2026-02-07 00:00:00+00:00,QQ_diff_launch,60383,61563,4,8.606045784610941,14.1127425637154,13.80328207118134,86.92041096180665,operational,operational,2024-140E,2024-185M,False
2026-02-07 00:00:00+00:00,QQ_diff_launch,60386,66047,1,12.897620129807011,12.897620129807011,12.850069370291324,87.82608520301443,operational,ascent,2024-140H,2025-233Q,False
2026-02-07 00:00:00+00:00,QQ_diff_launch,60387,61564,1,15.694190782169105,15.694190782169105,13.8202184084213,86.90893114767036,operational,stranded,2024-140J,2024-185N,False
2026-02-07 00:00:00+00:00,QQ_diff_launch,61563,62798,2,5.4425862642788125,8.960115214022224,2.819846981307477,88.95163930346645,operational,operational,2024-185M,2025-016P,False
2026-02-07 00:00:00+00:00,QQ_diff_launch,61565,62250,8,11.537894649611143,14.58198927440078,4.956468619650325,88.92495178542538,operational,operational,2024-185P,2024-232P,False
2026-02-07 00:00:00+00:00,QQ_diff_launch,61565,63174,12,2.013321238752494,10.207996027337959,12.727346812240565,87.87061745793332,operational,operational,2024-185P,2025-046R,False
2026-02-07 00:00:00+00:00,QQ_diff_launch,61569,62799,1,16.449697771403393,16.449697771403393,2.7889621860984706,88.9582328768446,stranded,operational,2024-185T,2025-016Q,False
2026-02-07 00:00:00+00:00,QQ_diff_launch,62255,63173,14,8.925060440955884,10.966186278350497,9.497192197523896,88.64142923082039,operational,operational,2024-232U,2025-046Q,True
2026-02-07 00:00:00+00:00,QQ_same_launch,66047,66049,1,17.60076852509206,17.60076852509206,0.03430335534382182,87.79615470878777,ascent,operational,2025-233Q,2025-233S,False
2026-02-08 00:00:00+00:00,QQ_diff_launch,60379,61569,1,7.4594146826568615,7.4594146826568615,13.839526462948523,86.9437950577129,operational,stranded,2024-140A,2024-185T,False
2026-02-08 00:00:00+00:00,QQ_diff_launch,60383,61563,1,15.687885215044423,15.687885215044423,13.78399706277595,86.73570030595108,operational,operational,2024-140E,2024-185M,False
2026-02-08 00:00:00+00:00,QQ_diff_launch,60385,61554,1,14.255417541211452,14.255417541211452,14.135812138971978,86.64073235171384,drift,stranded,2024-140G,2024-185C,False
2026-02-08 00:00:00+00:00,QQ_diff_launch,60388,66037,1,16.67143501232829,16.67143501232829,12.865512449302313,87.83497981143461,operational,ascent,2024-140K,2025-233E,False
2026-02-08 00:00:00+00:00,QQ_diff_launch,60392,66040,2,11.824206119729423,15.765919503234098,12.822159083109678,87.90309385035621,operational,operational,2024-140P,2025-233H,False
2026-02-08 00:00:00+00:00,QQ_diff_launch,61569,63174,1,18.387063674324203,18.387063674324203,12.746900753342473,87.90975327008489,stranded,operational,2024-185T,2025-046R,False
2026-02-08 00:00:00+00:00,QQ_diff_launch,62242,66044,2,16.063271248820104,16.482526880688425,2.6353795664085387,88.98198811863628,operational,operational,2024-232F,2025-233M,False
2026-02-08 00:00:00+00:00,QQ_diff_launch,62255,63173,13,13.71111274172545,16.03167447509818,9.49765166309109,88.62110034128908,operational,operational,2024-232U,2025-046Q,False
2026-02-08 00:00:00+00:00,QQ_diff_launch,62792,66040,1,9.649119467646438,9.649119467646438,5.135974795035887,88.92313278669258,operational,operational,2025-016H,2025-233H,False
2026-02-08 00:00:00+00:00,QQ_diff_launch,63164,66044,4,4.97408086044799,11.778552482552819,11.37037648961256,88.39068713908932,operational,operational,2025-046F,2025-233M,False
2026-02-08 00:00:00+00:00,QQ_same_launch,61565,61569,1,19.716046773627006,19.716046773627006,0.010767813235957973,49.105752532018506,operational,stranded,2024-185P,2024-185T,False
2026-02-09 00:00:00+00:00,QQ_diff_launch,60392,66040,1,18.390476936583564,18.390476936583564,12.806412268004191,87.76613425983774,operational,operational,2024-140P,2025-233H,False
2026-02-09 00:00:00+00:00,QQ_diff_launch,61569,62242,1,10.16876841968031,10.16876841968031,4.967795518280267,88.91786359418272,stranded,operational,2024-185T,2024-232F,False
2026-02-09 00:00:00+00:00,QQ_diff_launch,62255,63173,14,17.14699324996005,18.164111441692512,9.498126184779462,88.61322335151735,operational,operational,2024-232U,2025-046Q,True
2026-02-10 00:00:00+00:00,QQ_diff_launch,60387,61569,1,14.66420732456389,14.66420732456389,13.832719517027442,87.00551914484127,operational,stranded,2024-140J,2024-185T,False
2026-02-10 00:00:00+00:00,QQ_diff_launch,61569,63176,1,19.192329826236094,19.192329826236094,12.723380919627338,87.8199241028305,stranded,operational,2024-185T,2025-046T,False
2026-02-10 00:00:00+00:00,QQ_diff_launch,62242,66044,1,4.782194967332141,4.782194967332141,2.6310576436845428,88.97917928954388,operational,operational,2024-232F,2025-233M,False
2026-02-10 00:00:00+00:00,QQ_diff_launch,62255,63173,13,17.905719461693344,18.344092082924238,9.498542213355268,88.6129308876813,operational,operational,2024-232U,2025-046Q,False
2026-02-10 00:00:00+00:00,QQ_diff_launch,62790,66047,1,15.688948805031474,15.688948805031474,5.1297158387148825,88.9259036426644,operational,operational,2025-016F,2025-233Q,False
2026-02-10 00:00:00+00:00,QQ_diff_launch,63164,66044,1,17.35152964873998,17.35152964873998,11.365626008614967,88.43274808787429,operational,operational,2025-046F,2025-233M,False
2026-02-11 00:00:00+00:00,QQ_diff_launch,60383,61569,1,12.524257530762217,12.524257530762217,13.837298000450359,86.9766459888134,operational,stranded,2024-140E,2024-185T,False
2026-02-11 00:00:00+00:00,QQ_diff_launch,60394,61564,1,16.658207690639113,16.658207690639113,13.818427752867537,86.91901253075251,operational,stranded,2024-140R,2024-185N,False
2026-02-11 00:00:00+00:00,QQ_diff_launch,61563,62244,2,9.30694978099824,10.422953801178926,4.933311293498653,88.92792092693068,operational,operational,2024-185M,2024-232H,False
2026-02-11 00:00:00+00:00,QQ_diff_launch,61563,63176,4,7.47747086873694,9.376824692646899,12.711607994802261,87.91343936572876,operational,operational,2024-185M,2025-046T,False
2026-02-11 00:00:00+00:00,QQ_diff_launch,62253,63175,17,14.244484551835848,17.324686350378574,9.521390679172315,88.6316388750243,operational,operational,2024-232S,2025-046S,True
2026-02-11 00:00:00+00:00,QQ_diff_launch,62255,63173,14,18.94766802216673,19.464236138379956,9.498976432764486,88.60904439452912,operational,operational,2024-232U,2025-046Q,True
2026-02-12 00:00:00+00:00,QQ_diff_launch,60393,61569,1,12.313676969575347,12.313676969575347,13.833482342583045,86.84213915380802,operational,stranded,2024-140Q,2024-185T,False
2026-02-12 00:00:00+00:00,QQ_diff_launch,61563,62796,2,5.0329517779202,10.383208786187062,2.811246390350822,88.94724986486514,operational,operational,2024-185M,2025-016M,False
2026-02-12 00:00:00+00:00,QQ_diff_launch,61565,62793,1,19.344836393963757,19.344836393963757,2.7933620162963653,88.94000007439998,operational,operational,2024-185P,2025-016J,False
2026-02-12 00:00:00+00:00,QQ_diff_launch,61569,63159,1,10.89652916761358,10.89652916761358,12.723510748864348,87.93312470904576,stranded,operational,2024-185T,2025-046A,False
2026-02-12 00:00:00+00:00,QQ_diff_launch,62251,63165,6,16.418249875465406,17.8618482555581,9.529957007290598,88.62613434386648,operational,operational,2024-232Q,2025-046G,False
2026-02-12 00:00:00+00:00,QQ_diff_launch,62253,63175,13,16.609922599729373,16.67289631012335,9.52102924058032,88.63442729489188,operational,operational,2024-232S,2025-046S,False
2026-02-12 00:00:00+00:00,QQ_diff_launch,63168,66040,1,17.60180006958977,17.60180006958977,11.357889021540755,88.35024097665394,operational,operational,2025-046K,2025-233H,False
2026-02-13 00:00:00+00:00,QQ_diff_launch,60387,61563,6,2.5626806282784527,11.376678201307701,13.800204780870253,86.90719114687616,operational,operational,2024-140J,2024-185M,False
2026-02-13 00:00:00+00:00,QQ_diff_launch,61564,63175,1,17.72180473322241,17.72180473322241,12.699353337943352,87.91968354137491,stranded,operational,2024-185N,2025-046S,False
2026-02-13 00:00:00+00:00,QQ_diff_launch,61565,62793,9,8.131688073146428,12.529188380531481,2.7984810870248173,88.95518893780326,operational,operational,2024-185P,2025-016J,False
2026-02-13 00:00:00+00:00,QQ_diff_launch,61569,62255,1,14.051940463922769,14.051940463922769,5.002267666294325,88.91259153947134,stranded,operational,2024-185T,2024-232U,False
2026-02-13 00:00:00+00:00,QQ_diff_launch,61569,62787,1,14.965175496707676,14.965175496707676,2.82087361584026,88.94875461445193,stranded,operational,2024-185T,2025-016C,False
2026-02-13 00:00:00+00:00,QQ_diff_launch,61569,66041,1,17.457116025545428,17.457116025545428,2.3907568003632456,88.96073332891318,stranded,operational,2024-185T,2025-233J,False
2026-02-13 00:00:00+00:00,QQ_diff_launch,62242,66044,1,11.476477654041267,11.476477654041267,2.6302928678838358,88.98005756839565,operational,operational,2024-232F,2025-233M,False
2026-02-13 00:00:00+00:00,QQ_diff_launch,62251,63165,19,12.372409770814325,14.12608452180135,9.529606159463812,88.64706441966791,operational,operational,2024-232Q,2025-046G,True
2026-02-13 00:00:00+00:00,QQ_diff_launch,62253,63175,14,16.284035519499184,16.404502895956295,9.520625915946972,88.63509284721542,operational,operational,2024-232S,2025-046S,True
2026-02-14 00:00:00+00:00,QQ_diff_launch,61569,62789,1,17.662892991743092,17.662892991743092,2.809292037652631,88.96077888183633,stranded,operational,2024-185T,2025-016E,False
2026-02-14 00:00:00+00:00,QQ_diff_launch,61569,66040,1,18.35939226155764,18.35939226155764,2.418406530804174,88.96313202906529,stranded,operational,2024-185T,2025-233H,False
2026-02-14 00:00:00+00:00,QQ_diff_launch,62251,63165,27,12.411397179975143,14.149398670086272,9.515292478367334,88.65692023160625,operational,operational,2024-232Q,2025-046G,True
2026-02-14 00:00:00+00:00,QQ_diff_launch,62253,63175,13,16.106146615920167,16.20772092970451,9.520276591808143,88.63517016258294,operational,operational,2024-232S,2025-046S,False
2026-02-14 00:00:00+00:00,QQ_diff_launch,62253,66037,2,13.275129044433964,15.91198005635229,2.5887480681745823,88.9782840199344,operational,operational,2024-232S,2025-233E,False
2026-02-14 00:00:00+00:00,QQ_diff_launch,63175,66037,2,7.511788749242435,12.347122522202387,11.326900730685693,88.38639459905936,operational,operational,2025-046S,2025-233E,False
2026-02-15 00:00:00+00:00,QQ_diff_launch,60379,61565,15,12.347310119616294,14.98531704315587,13.826085799787863,86.94925465191915,operational,operational,2024-140A,2024-185P,True
2026-02-15 00:00:00+00:00,QQ_diff_launch,60392,61569,1,15.995112261168735,15.995112261168735,13.834444350979703,86.73329790792094,operational,stranded,2024-140P,2024-185T,False
2026-02-15 00:00:00+00:00,QQ_diff_launch,61561,66043,1,10.441266349161989,10.441266349161989,1.9206105264238618,88.97260887333258,stranded,drift,2024-185K,2025-233L,False
2026-02-15 00:00:00+00:00,QQ_diff_launch,61563,66044,2,8.987092226257467,11.587380700505031,2.38070615037044,88.96157757746747,operational,operational,2024-185M,2025-233M,False
2026-02-15 00:00:00+00:00,QQ_diff_launch,61569,62248,1,15.50492332609315,15.50492332609315,4.962055093841245,88.9322393535292,stranded,operational,2024-185T,2024-232M,False
2026-02-15 00:00:00+00:00,QQ_diff_launch,62244,63176,9,15.70588073366251,17.59197041570307,9.53945168476776,88.62197118792126,operational,operational,2024-232H,2025-046T,False
2026-02-15 00:00:00+00:00,QQ_diff_launch,62251,63165,27,11.9776910065824,12.139010419686665,9.528815399222758,88.67419579329406,operational,operational,2024-232Q,2025-046G,True
2026-02-15 00:00:00+00:00,QQ_diff_launch,62253,63175,14,16.180790885062518,16.19626856213253,9.519951963793254,88.634134731616,operational,operational,2024-232S,2025-046S,True
2026-02-15 00:00:00+00:00,QQ_same_launch,66037,66042,21,7.301039125683689e-05,0.0207981109180516,1.603314331614301e-05,37.26064510729381,operational,operational,2025-233E,2025-233K,True
2026-02-16 00:00:00+00:00,QQ_diff_launch,60379,61565,10,10.046572909923459,12.067779599132614,13.79496965901973,86.80766619979704,operational,operational,2024-140A,2024-185P,False
2026-02-16 00:00:00+00:00,QQ_diff_launch,61563,63164,1,16.526639720152634,16.526639720152634,12.717363531307141,88.03238438631784,operational,operational,2024-185M,2025-046F,False
2026-02-16 00:00:00+00:00,QQ_diff_launch,62244,63176,14,11.138443019912838,12.74716546253864,9.53920420898324,88.64646796421297,operational,operational,2024-232H,2025-046T,True
2026-02-16 00:00:00+00:00,QQ_diff_launch,62251,63165,27,11.782581499466863,19.06772366694992,9.516932943451488,88.61776740900314,operational,operational,2024-232Q,2025-046G,True
2026-02-16 00:00:00+00:00,QQ_diff_launch,62253,63175,13,16.166092369788796,16.172622936361723,9.51962625542902,88.63306753500657,operational,operational,2024-232S,2025-046S,False
2026-02-17 00:00:00+00:00,QQ_diff_launch,61561,62243,1,10.446386295366898,10.446386295366898,5.010910817097305,88.93761726250897,stranded,stranded,2024-185K,2024-232G,False
2026-02-17 00:00:00+00:00,QQ_diff_launch,61563,62242,3,9.480561162295297,13.129073735260526,4.9346411633031275,88.93243939553203,operational,operational,2024-185M,2024-232F,False
2026-02-17 00:00:00+00:00,QQ_diff_launch,61563,63164,4,4.217068823145745,14.693984082251035,12.712881371998279,87.90901377467591,operational,operational,2024-185M,2025-046F,False
2026-02-17 00:00:00+00:00,QQ_diff_launch,61569,62794,1,15.418729123494474,15.418729123494474,2.800308158657378,88.95938188438066,stranded,operational,2024-185T,2025-016K,False
2026-02-17 00:00:00+00:00,QQ_diff_launch,61569,63160,1,18.4280219389692,18.4280219389692,12.747665047955786,87.8399277403071,stranded,operational,2024-185T,2025-046B,False
2026-02-17 00:00:00+00:00,QQ_diff_launch,61569,66039,1,15.996918613720457,15.996918613720457,2.389961907404903,88.96287225397168,stranded,operational,2024-185T,2025-233G,False
2026-02-17 00:00:00+00:00,QQ_diff_launch,62244,63176,13,12.248659301345118,12.271592540273572,9.538899547518392,88.64750154270753,operational,operational,2024-232H,2025-046T,False
2026-02-17 00:00:00+00:00,QQ_diff_launch,62251,63165,17,11.525144758801119,11.665520995430354,9.528301527400712,88.67899725675909,operational,operational,2024-232Q,2025-046G,True
2026-02-17 00:00:00+00:00,QQ_diff_launch,62253,63175,14,16.211939169516555,16.279222460977508,9.519320909609426,88.63135845186751,operational,operational,2024-232S,2025-046S,True
2026-02-18 00:00:00+00:00,QQ_diff_launch,60388,61563,3,3.013285641881993,8.2662352358382,13.837380139400318,86.9310067536339,operational,operational,2024-140K,2024-185M,False
2026-02-18 00:00:00+00:00,QQ_diff_launch,61563,62797,2,8.039009969406695,11.127630937969052,2.813410842921529,88.94544915489269,operational,operational,2024-185M,2025-016N,False
2026-02-18 00:00:00+00:00,QQ_diff_launch,61569,63166,1,11.505482129810247,11.505482129810247,12.735728117248758,87.95534887211119,stranded,operational,2024-185T,2025-046H,False
2026-02-18 00:00:00+00:00,QQ_diff_launch,62243,66043,1,12.820866343604925,12.820866343604925,3.166691710552936,88.98369179019562,stranded,drift,2024-232G,2025-233L,False
2026-02-18 00:00:00+00:00,QQ_diff_launch,62244,63176,14,12.228264066875582,12.22925827811088,9.53867850026273,88.6455378238421,operational,operational,2024-232H,2025-046T,True
2026-02-18 00:00:00+00:00,QQ_diff_launch,62251,63165,13,11.253147510354571,11.377355749706139,9.528042612444445,88.68035426329334,operational,operational,2024-232Q,2025-046G,False
2026-02-18 00:00:00+00:00,QQ_diff_launch,62253,63175,13,16.32841164705735,16.419324722174665,9.5190442738941,88.62940852914832,operational,operational,2024-232S,2025-046S,False
2026-02-18 00:00:00+00:00,QQ_diff_launch,63175,66037,1,12.951997088628643,12.951997088628643,11.324953135267185,88.36423255201876,operational,operational,2025-046S,2025-233E,False
2026-02-19 00:00:00+00:00,QQ_diff_launch,60385,62240,1,1.6632010066838079,1.6632010066838079,11.702214026650337,88.35297400068944,drift,stranded,2024-140G,2024-232D,False
2026-02-19 00:00:00+00:00,QQ_diff_launch,60388,61563,4,6.748926685229333,12.666620428078005,13.81692879084261,86.79751266937517,operational,operational,2024-140K,2024-185M,False
2026-02-19 00:00:00+00:00,QQ_diff_launch,61569,62253,2,17.522268709845513,18.549970209729576,4.96798307708917,88.9196452506396,stranded,operational,2024-185T,2024-232S,False
2026-02-19 00:00:00+00:00,QQ_diff_launch,62244,63176,13,10.536559220357056,10.853170037080305,9.538463764317274,88.65253537678413,operational,operational,2024-232H,2025-046T,False
2026-02-19 00:00:00+00:00,QQ_diff_launch,62249,66047,1,15.880314776266102,15.880314776266102,2.602570469977524,88.98045907872563,operational,operational,2024-232N,2025-233Q,False
2026-02-19 00:00:00+00:00,QQ_diff_launch,62251,63165,14,10.895815072398388,11.063718539685045,9.527773986490153,88.68102685107098,operational,operational,2024-232Q,2025-046G,True
2026-02-19 00:00:00+00:00,QQ_diff_launch,62253,63175,14,16.583788898663002,16.742850941757816,9.518776583144696,88.62656036577731,operational,operational,2024-232S,2025-046S,True
2026-02-19 00:00:00+00:00,QQ_same_launch,61554,61561,1,11.345433230675345,11.345433230675345,0.0012676259253812385,7.358822326220904,stranded,stranded,2024-185C,2024-185K,False
2026-02-20 00:00:00+00:00,QQ_diff_launch,60389,61569,1,17.641492256841484,17.641492256841484,13.833166790790571,86.7835292206975,operational,stranded,2024-140L,2024-185T,False
2026-02-20 00:00:00+00:00,QQ_diff_launch,61554,66043,1,10.67272564123659,10.67272564123659,1.9231781973474023,88.9657299882423,stranded,drift,2024-185C,2025-233L,False
2026-02-20 00:00:00+00:00,QQ_diff_launch,61569,62802,1,9.25987330884181,9.25987330884181,2.8085869922750124,88.94984449530337,stranded,operational,2024-185T,2025-016T,False
2026-02-20 00:00:00+00:00,QQ_diff_launch,62244,63176,14,9.949391647519947,10.251280581794942,9.538249917436797,88.65404437302354,operational,operational,2024-232H,2025-046T,True
2026-02-20 00:00:00+00:00,QQ_diff_launch,62251,63165,13,10.479666475089306,10.665422224415018,9.527535611498246,88.68103767667439,operational,operational,2024-232Q,2025-046G,False
2026-02-20 00:00:00+00:00,QQ_diff_launch,62253,63175,13,16.997784658019185,17.210706236879407,9.518563810891303,88.62326437386972,operational,operational,2024-232S,2025-046S,False
2026-02-21 00:00:00+00:00,QQ_diff_launch,60380,61569,1,16.561671935278557,16.561671935278557,13.812422012382031,86.93109505013736,operational,stranded,2024-140B,2024-185T,False
2026-02-21 00:00:00+00:00,QQ_diff_launch,61563,66045,2,8.002874023724083,11.057605818847254,2.368004857184366,88.96184985672008,operational,operational,2024-185M,2025-233N,False
2026-02-21 00:00:00+00:00,QQ_diff_launch,62244,63176,13,9.387911823756351,9.64694448513028,9.538062284185182,88.65527518045455,operational,operational,2024-232H,2025-046T,False
2026-02-21 00:00:00+00:00,QQ_diff_launch,62251,63165,14,9.965176867580167,10.200827918778362,9.527329245662283,88.68068372312378,operational,operational,2024-232Q,2025-046G,True
2026-02-21 00:00:00+00:00,QQ_diff_launch,62253,63175,14,17.511039012277237,17.81058661934687,9.518368292337948,88.61946568049265,operational,operational,2024-232S,2025-046S,True
2026-02-22 00:00:00+00:00,QQ_diff_launch,60391,61569,2,16.24896154132257,17.805999860411134,13.81176719388069,86.82503855132191,operational,stranded,2024-140N,2024-185T,False
2026-02-22 00:00:00+00:00,QQ_diff_launch,61554,62243,2,11.449138289508253,14.431274360966949,5.015322167847359,88.9146472599351,stranded,stranded,2024-185C,2024-232G,False
2026-02-22 00:00:00+00:00,QQ_diff_launch,61563,62250,3,5.324509595500053,12.663900541813996,4.938037593737094,88.92462533909504,operational,operational,2024-185M,2024-232P,False
2026-02-22 00:00:00+00:00,QQ_diff_launch,61563,63174,4,5.702819397217908,13.025925990008432,12.721605205178864,87.91975416496182,operational,operational,2024-185M,2025-046R,False
2026-02-22 00:00:00+00:00,QQ_diff_launch,62244,63176,14,8.87219566968017,9.126818095861662,9.537907958607734,88.65566555210566,operational,operational,2024-232H,2025-046T,True
2026-02-22 00:00:00+00:00,QQ_diff_launch,62251,63165,13,9.429757362452422,9.669987918161894,9.527129114631183,88.67981571932594,operational,operational,2024-232Q,2025-046G,False
2026-02-22 00:00:00+00:00,QQ_diff_launch,62253,63175,13,18.234769609110813,18.573457701099045,9.51819332281236,88.61520061111743,operational,operational,2024-232S,2025-046S,False
2026-02-23 00:00:00+00:00,QQ_diff_launch,60396,61569,1,14.408463388857578,14.408463388857578,13.818859840145612,86.77990676618008,operational,stranded,2024-140T,2024-185T,False
2026-02-23 00:00:00+00:00,QQ_diff_launch,61569,66033,1,18.369469910971823,18.369469910971823,2.381589914563468,88.9671710436145,stranded,operational,2024-185T,2025-233A,False
2026-02-23 00:00:00+00:00,QQ_diff_launch,62244,63176,13,8.436194885146298,8.648429451326983,9.537774747326091,88.65558594047616,operational,operational,2024-232H,2025-046T,False
2026-02-23 00:00:00+00:00,QQ_diff_launch,62251,63165,14,8.759125309854586,9.051577223078471,9.526941881057006,88.67832932638146,operational,operational,2024-232Q,2025-046G,True
2026-02-23 00:00:00+00:00,QQ_diff_launch,62253,63175,14,19.048859637802725,19.485102917713505,9.518045434033075,88.61043584837387,operational,operational,2024-232S,2025-046S,True
2026-02-24 00:00:00+00:00,QQ_diff_launch,60379,61563,7,4.860257820908624,8.604391404530501,13.818271507355542,86.94734306034036,operational,operational,2024-140A,2024-185M,False
2026-02-24 00:00:00+00:00,QQ_diff_launch,61563,62793,2,5.344817672718266,8.871141244503312,2.8142600340037083,88.95201678099147,operational,operational,2024-185M,2025-016J,False
2026-02-24 00:00:00+00:00,QQ_diff_launch,61565,66046,9,2.8545481415227427,9.532772336145353,2.3979920368478975,88.9702991348262,operational,operational,2024-185P,2025-233P,False
2026-02-24 00:00:00+00:00,QQ_diff_launch,61567,63163,1,18.138763137673916,18.138763137673916,12.802047600407812,88.03598791739053,stranded,stranded,2024-185R,2025-046E,False
2026-02-24 00:00:00+00:00,QQ_diff_launch,61569,63167,1,14.224990637866885,14.224990637866885,12.731197793440714,87.82762855697305,stranded,operational,2024-185T,2025-046J,False
2026-02-24 00:00:00+00:00,QQ_diff_launch,61569,66050,1,16.09016626817989,16.09016626817989,2.3888076408804664,88.9648599800646,stranded,operational,2024-185T,2025-233T,False
2026-02-24 00:00:00+00:00,QQ_diff_launch,62244,63176,14,7.966713468807831,8.17969181622438,9.537659738863624,88.65545461314716,operational,operational,2024-232H,2025-046T,True
2026-02-24 00:00:00+00:00,QQ_diff_launch,62251,63165,13,8.135189420701913,8.420085338849256,9.526794764572621,88.67650756577488,operational,operational,2024-232Q,2025-046G,False
2026-02-25 00:00:00+00:00,QQ_diff_launch,60379,61563,1,16.85586818678153,16.85586818678153,13.787227530559024,86.70025128283538,operational,operational,2024-140A,2024-185M,False
2026-02-25 00:00:00+00:00,QQ_diff_launch,62244,63176,13,7.610231203513456,7.779749335382604,9.537566239613817,88.65468917480935,operational,operational,2024-232H,2025-046T,False
2026-02-25 00:00:00+00:00,QQ_diff_launch,62251,63165,14,7.447040752201984,7.7583593777740685,9.526672151111592,88.67448913640963,operational,operational,2024-232Q,2025-046G,True
2026-02-26 00:00:00+00:00,QQ_diff_launch,60382,61569,1,17.007327377722866,17.007327377722866,13.811101913150303,86.72717289220115,operational,stranded,2024-140D,2024-185T,False
2026-02-26 00:00:00+00:00,QQ_diff_launch,60385,61557,2,15.187149192329763,16.162843078589262,14.132989525043794,86.6119601436167,drift,stranded,2024-140G,2024-185F,False
2026-02-26 00:00:00+00:00,QQ_diff_launch,61563,66046,3,11.098696491092383,17.101475037648445,2.376928798692224,88.97080821939983,operational,operational,2024-185M,2025-233P,False
2026-02-26 00:00:00+00:00,QQ_diff_launch,61564,63166,1,18.686812344161602,18.686812344161602,12.709472982813457,87.84331922986969,stranded,operational,2024-185N,2025-046H,False
2026-02-26 00:00:00+00:00,QQ_diff_launch,61569,63172,1,19.129001063101278,19.129001063101278,12.733863579728258,87.7941721028774,stranded,operational,2024-185T,2025-046P,False
2026-02-26 00:00:00+00:00,QQ_diff_launch,62244,63176,14,7.321693442307429,7.450631793523365,9.537501645136917,88.65363792566869,operational,operational,2024-232H,2025-046T,True
2026-02-26 00:00:00+00:00,QQ_diff_launch,62251,63165,13,6.801853310266137,7.079612290793852,9.526586347460482,88.67194987408287,operational,operational,2024-232Q,2025-046G,False
2026-02-26 00:00:00+00:00,QQ_diff_launch,62253,66037,1,11.048219309059814,11.048219309059814,2.5900344574088336,88.984225982072,operational,operational,2024-232S,2025-233E,False
2026-02-26 00:00:00+00:00,QQ_diff_launch,63175,66037,1,19.78075204532629,19.78075204532629,11.331971487070604,88.48055411042671,operational,operational,2025-046S,2025-233E,False
2026-02-27 00:00:00+00:00,QQ_diff_launch,61569,62785,1,9.830368751029745,9.830368751029745,2.825929040032968,88.94455355675927,stranded,operational,2024-185T,2025-016A,False
2026-02-27 00:00:00+00:00,QQ_diff_launch,61569,66047,1,18.983041543085054,18.983041543085054,2.4204825418919116,88.96217653314818,stranded,operational,2024-185T,2025-233Q,False
2026-02-27 00:00:00+00:00,QQ_diff_launch,62244,63176,13,7.136762980385102,7.204137124073311,9.537457576601469,88.65235612410979,operational,operational,2024-232H,2025-046T,False
2026-02-27 00:00:00+00:00,QQ_diff_launch,62251,63165,14,6.20963851769046,6.467240007009874,9.526518712934621,88.66907067270242,operational,operational,2024-232Q,2025-046G,True
2026-02-27 00:00:00+00:00,QQ_same_launch,61557,61568,1,17.260612782472535,17.260612782472535,0.04390446801857829,86.25604822709111,stranded,stranded,2024-185F,2024-185S,False
2026-02-27 00:00:00+00:00,QQ_same_launch,61563,61565,3,5.549360982386727,11.557679005796786,0.021767459081810884,75.16906579296976,operational,operational,2024-185M,2024-185P,False
2026-02-28 00:00:00+00:00,QQ_diff_launch,60385,61554,1,18.404846804261993,18.404846804261993,14.09105244872935,86.80167912627391,drift,stranded,2024-140G,2024-185C,False
2026-02-28 00:00:00+00:00,QQ_diff_launch,61563,62238,2,2.587576459401118,5.184747184831846,4.920559617098396,88.92859300952435,operational,operational,2024-185M,2024-232B,False
2026-02-28 00:00:00+00:00,QQ_diff_launch,61563,63171,4,7.223597312114354,15.548336128654222,12.724469852161047,87.91647818100023,operational,operational,2024-185M,2025-046N,False
2026-02-28 00:00:00+00:00,QQ_diff_launch,61569,62799,1,8.097055106802523,8.097055106802523,2.793338408296984,88.94616020252667,stranded,operational,2024-185T,2025-016Q,False
2026-02-28 00:00:00+00:00,QQ_diff_launch,61569,63170,1,8.311370940236069,8.311370940236069,12.719587463104192,87.96314365397652,stranded,operational,2024-185T,2025-046M,False
2026-02-28 00:00:00+00:00,QQ_diff_launch,61569,66048,1,18.05888879014434,18.05888879014434,2.388982295447367,88.96234386398385,stranded,operational,2024-185T,2025-233R,False
2026-02-28 00:00:00+00:00,QQ_diff_launch,62244,63176,14,7.053015009844068,7.058710758524381,9.537457071892444,88.65077907542185,operational,operational,2024-232H,2025-046T,True
2026-02-28 00:00:00+00:00,QQ_diff_launch,62251,63165,13,5.809866399069803,5.969546808721877,9.526483316816577,88.66590396183985,operational,operational,2024-232Q,2025-046G,False
2026-03-01 00:00:00+00:00,QQ_diff_launch,60379,61569,1,13.277717916020011,13.277717916020011,13.8036347686303,86.82469722871473,operational,stranded,2024-140A,2024-185T,False
2026-03-01 00:00:00+00:00,QQ_diff_launch,61563,62799,1,15.893021598963786,15.893021598963786,2.8058433055583345,88.94169199890132,operational,operational,2024-185M,2025-016Q,False
2026-03-01 00:00:00+00:00,QQ_diff_launch,61569,63171,1,8.590122195732238,8.590122195732238,12.72584023670117,87.9509468355016,stranded,operational,2024-185T,2025-046N,False
2026-03-01 00:00:00+00:00,QQ_diff_launch,61569,66046,1,17.429936986684865,17.429936986684865,2.3980690028234006,88.96474827918473,stranded,operational,2024-185T,2025-233P,False
2026-03-01 00:00:00+00:00,QQ_diff_launch,62244,63176,13,7.065785893445501,7.12801068136491,9.537483111233641,88.64863927480027,operational,operational,2024-232H,2025-046T,False
2026-03-01 00:00:00+00:00,QQ_diff_launch,62251,63165,14,5.59671929861782,5.642676738890403,9.526475147078077,88.66251849156305,operational,operational,2024-232Q,2025-046G,True
2026-03-01 00:00:00+00:00,QQ_same_launch,61565,61569,1,17.91144287266205,17.91144287266205,0.009081383498988663,53.23573937187711,operational,stranded,2024-185P,2024-185T,False
2026-03-02 00:00:00+00:00,QQ_diff_launch,61563,62799,1,9.070661832552776,9.070661832552776,2.794559278228827,88.95540343348095,operational,operational,2024-185M,2025-016Q,False
2026-03-02 00:00:00+00:00,QQ_diff_launch,61565,62238,9,0.40993011518911976,7.942346374373736,4.944561446830523,88.92841236107922,operational,operational,2024-185P,2024-232B,False
2026-03-02 00:00:00+00:00,QQ_diff_launch,61565,63171,16,7.29645134438298,11.532881540161505,12.733556150415769,87.93415026006926,operational,operational,2024-185P,2025-046N,True
2026-03-02 00:00:00+00:00,QQ_diff_launch,61569,66045,1,17.54422257590094,17.54422257590094,2.378762432843589,88.96805084458015,stranded,operational,2024-185T,2025-233N,False
2026-03-02 00:00:00+00:00,QQ_diff_launch,62244,63176,14,7.189942833845117,7.35569550627289,9.537532516120393,88.6461998053706,operational,operational,2024-232H,2025-046T,True
2026-03-02 00:00:00+00:00,QQ_diff_launch,62251,63165,13,5.577176347757497,5.63180092156996,9.526517571357786,88.65855276537688,operational,operational,2024-232Q,2025-046G,False
2026-03-03 00:00:00+00:00,QQ_diff_launch,60388,61569,1,6.961594165984364,6.961594165984364,13.832953823392158,86.84606355786865,operational,stranded,2024-140K,2024-185T,False
2026-03-03 00:00:00+00:00,QQ_diff_launch,61564,63169,1,6.712541011078113,6.712541011078113,12.760234815130298,87.9552765634046,stranded,stranded,2024-185N,2025-046L,False
2026-03-03 00:00:00+00:00,QQ_diff_launch,61565,62238,1,15.708070111414228,15.708070111414228,4.933861588666607,88.90580309403003,operational,operational,2024-185P,2024-232B,False
2026-03-03 00:00:00+00:00,QQ_diff_launch,61565,63171,2,13.314381491770266,14.957608229872658,12.722606544202057,87.83752493511007,operational,operational,2024-185P,2025-046N,False
2026-03-03 00:00:00+00:00,QQ_diff_launch,62244,63176,13,7.585775667326977,7.85091615177707,9.537618750753039,88.64322292665334,operational,operational,2024-232H,2025-046T,False
2026-03-03 00:00:00+00:00,QQ_diff_launch,62251,63165,14,5.757745006469537,6.005190326756544,9.526569112091387,88.65419315342864,operational,operational,2024-232Q,2025-046G,True
2026-03-04 00:00:00+00:00,QQ_diff_launch,60385,62243,1,11.124051573776931,11.124051573776931,11.698581926519006,88.41281570823783,drift,stranded,2024-140G,2024-232G,False
2026-03-04 00:00:00+00:00,QQ_diff_launch,60387,61569,1,10.242740633317183,10.242740633317183,13.804342019053005,86.94404157719595,operational,stranded,2024-140J,2024-185T,False
2026-03-04 00:00:00+00:00,QQ_diff_launch,61563,63170,3,10.444212382553012,15.11202524311298,12.716409227090441,87.92107631791008,operational,operational,2024-185M,2025-046M,False
2026-03-04 00:00:00+00:00,QQ_diff_launch,61563,66048,2,2.9009881357661382,4.458724821397763,2.369069128953511,88.96703339235093,operational,operational,2024-185M,2025-233R,False
2026-03-04 00:00:00+00:00,QQ_diff_launch,61564,62785,1,19.13769061614831,19.13769061614831,2.882969431408249,88.956842794469,stranded,operational,2024-185N,2025-016A,False
2026-03-04 00:00:00+00:00,QQ_diff_launch,61569,62244,1,9.465602753640603,9.465602753640603,4.9387903310763575,88.92906590119264,stranded,operational,2024-185T,2024-232H,False
2026-03-04 00:00:00+00:00,QQ_diff_launch,62244,63176,14,8.17760744091915,8.576126403632028,9.537720274086116,88.63980110553969,operational,operational,2024-232H,2025-046T,True
2026-03-04 00:00:00+00:00,QQ_diff_launch,62251,63165,13,6.371848112281604,6.78394812413552,9.526659436395068,88.64934613024742,operational,operational,2024-232Q,2025-046G,False
2026-03-05 00:00:00+00:00,QQ_diff_launch,60383,61569,1,13.073777085065803,13.073777085065803,13.805524908024783,86.76622596215408,operational,stranded,2024-140E,2024-185T,False
2026-03-05 00:00:00+00:00,QQ_diff_launch,61560,62240,1,9.154878316251098,9.154878316251098,5.007518122479874,88.91871167561291,stranded,stranded,2024-185J,2024-232D,False
2026-03-05 00:00:00+00:00,QQ_diff_launch,61562,66039,14,2.4735053919626813,10.908827749300935,2.419379555179306,88.96045061941876,operational,operational,2024-185L,2025-233G,True
2026-03-05 00:00:00+00:00,QQ_diff_launch,61563,62252,1,15.821288910933688,15.821288910933688,4.933745594289639,88.94155563534366,operational,operational,2024-185M,2024-232R,False
2026-03-05 00:00:00+00:00,QQ_diff_launch,61564,63171,1,19.79448682107132,19.79448682107132,12.698839296704516,87.83184435076457,stranded,operational,2024-185N,2025-046N,False
2026-03-05 00:00:00+00:00,QQ_diff_launch,61568,62243,2,12.473605056821892,13.066318430187586,4.9984705483711,88.91982439810478,stranded,stranded,2024-185S,2024-232G,False
2026-03-05 00:00:00+00:00,QQ_diff_launch,62244,63176,13,9.075580111087556,9.548695869253748,9.537874598473895,88.63567813396546,operational,operational,2024-232H,2025-046T,False
2026-03-05 00:00:00+00:00,QQ_diff_launch,62251,63165,14,7.331553673403259,7.94373026947447,9.526792145237527,88.643868125095,operational,operational,2024-232Q,2025-046G,True
2026-03-05 00:00:00+00:00,QQ_same_launch,61552,61556,2,14.271879098415743,16.088077729431244,0.03293339046066014,80.49837121674597,stranded,stranded,2024-185A,2024-185E,False
2026-03-06 00:00:00+00:00,QQ_diff_launch,60393,61569,1,16.45698020347466,16.45698020347466,13.806219160809425,86.70734522028648,operational,stranded,2024-140Q,2024-185T,False
2026-03-06 00:00:00+00:00,QQ_diff_launch,60394,62791,1,17.874411004889005,17.874411004889005,14.4812974939204,83.12099480656181,operational,excursion,2024-140R,2025-016G,False
2026-03-06 00:00:00+00:00,QQ_diff_launch,61562,66039,19,1.3725992818823018,11.424975673354597,2.4190633589702624,88.96695685081467,operational,operational,2024-185L,2025-233G,True
2026-03-06 00:00:00+00:00,QQ_diff_launch,61563,62252,1,17.881513270742857,17.881513270742857,4.933659061224529,88.90267604741763,operational,operational,2024-185M,2024-232R,False
2026-03-06 00:00:00+00:00,QQ_diff_launch,61564,63174,1,13.962864163649215,13.962864163649215,12.702681675158564,87.91850715617285,stranded,operational,2024-185N,2025-046R,False
2026-03-06 00:00:00+00:00,QQ_diff_launch,62244,63176,14,10.192613854053882,10.787456551049056,9.538039017746026,88.63100418206221,operational,operational,2024-232H,2025-046T,True
2026-03-06 00:00:00+00:00,QQ_diff_launch,62248,62791,1,13.279176964199426,13.279176964199426,7.514446297980935,88.84068992951711,operational,excursion,2024-232M,2025-016G,False
2026-03-06 00:00:00+00:00,QQ_diff_launch,62251,63165,13,8.775013725787572,9.460681888203833,9.526941590044121,88.63777535218425,operational,operational,2024-232Q,2025-046G,False
2026-03-06 00:00:00+00:00,QQ_diff_launch,62791,63160,1,8.245038631588697,8.245038631588697,13.893788892257687,86.77473290740984,excursion,operational,2025-016G,2025-046B,False
2026-03-07 00:00:00+00:00,QQ_diff_launch,60388,61564,1,13.16352943217696,13.16352943217696,13.81725017434971,86.91637045579581,operational,stranded,2024-140K,2024-185N,False
2026-03-07 00:00:00+00:00,QQ_diff_launch,60390,61569,1,12.640810555440657,12.640810555440657,13.804021150348714,86.97071372746159,operational,stranded,2024-140M,2024-185T,False
2026-03-07 00:00:00+00:00,QQ_diff_launch,61557,62240,2,4.113821087740751,6.3684660703991165,5.043817142158646,88.91965928919814,stranded,stranded,2024-185F,2024-232D,False
2026-03-07 00:00:00+00:00,QQ_diff_launch,61562,66039,16,2.137501652089791,5.936854777005094,2.425083363870392,88.96575017888705,operational,operational,2024-185L,2025-233G,True
2026-03-07 00:00:00+00:00,QQ_diff_launch,61563,62785,2,6.397992969306804,12.069011076904875,2.832489987339275,88.94491774214956,operational,operational,2024-185M,2025-016A,False
2026-03-07 00:00:00+00:00,QQ_diff_launch,62244,63176,13,11.61531432078006,12.254028069211156,9.538236803930053,88.6257176483031,operational,operational,2024-232H,2025-046T,False
2026-03-07 00:00:00+00:00,QQ_diff_launch,62251,63165,14,10.327870531992264,11.16552257563291,9.5271465038039,88.63122806827693,operational,operational,2024-232Q,2025-046G,True
2026-03-07 00:00:00+00:00,QQ_diff_launch,63170,66048,6,15.855766580949782,17.79022948897634,11.378596723836825,88.3139181803468,operational,operational,2025-046M,2025-233R,False
2026-03-08 00:00:00+00:00,QQ_diff_launch,60384,61563,6,7.180196525571106,14.218012127703348,13.813407190131809,86.86417324049589,operational,operational,2024-140F,2024-185M,False
2026-03-08 00:00:00+00:00,QQ_diff_launch,61562,66039,9,7.878525567031075,13.371400414012799,2.425000689808326,88.96993545876892,operational,operational,2024-185L,2025-233G,False
2026-03-08 00:00:00+00:00,QQ_diff_launch,61565,62799,1,19.072358683005262,19.072358683005262,2.7853901187210997,88.93714960143505,operational,operational,2024-185P,2025-016Q,False
2026-03-08 00:00:00+00:00,QQ_diff_launch,61569,62245,1,7.160396833456469,7.160396833456469,4.959819879633247,88.9206686169716,stranded,operational,2024-185T,2024-232J,False
2026-03-08 00:00:00+00:00,QQ_diff_launch,61569,62789,1,9.996056413504931,9.996056413504931,2.8135360918186927,88.95423635706474,stranded,operational,2024-185T,2025-016E,False
2026-03-08 00:00:00+00:00,QQ_diff_launch,61569,63168,1,7.969956619037256,7.969956619037256,12.722871967736676,87.94445655610237,stranded,operational,2024-185T,2025-046K,False
2026-03-08 00:00:00+00:00,QQ_diff_launch,61569,66040,1,17.509862546482665,17.509862546482665,2.4096623807343502,88.96193017980693,stranded,operational,2024-185T,2025-233H,False
2026-03-08 00:00:00+00:00,QQ_diff_launch,62244,63176,14,13.063617973171059,13.82769204727452,9.538480405323995,88.62006248887634,operational,operational,2024-232H,2025-046T,True
2026-03-08 00:00:00+00:00,QQ_diff_launch,62251,63165,13,12.25988910075089,13.119243413318896,9.527359515542875,88.62416776372925,operational,operational,2024-232Q,2025-046G,False
2026-03-08 00:00:00+00:00,QQ_diff_launch,63170,66048,17,10.281921522562596,12.592348634303494,11.378800811340131,88.34887373937515,operational,operational,2025-046M,2025-233R,True
2026-03-08 00:00:00+00:00,QQ_same_launch,61553,61558,1,14.475610943684753,14.475610943684753,0.009248744001338615,27.524459424994138,stranded,stranded,2024-185B,2024-185G,False
2026-03-09 00:00:00+00:00,QQ_diff_launch,60393,61564,1,19.449690106610312,19.449690106610312,13.79036535857789,87.0469099698515,operational,stranded,2024-140Q,2024-185N,False
2026-03-09 00:00:00+00:00,QQ_diff_launch,61564,63173,1,19.224865481277664,19.224865481277664,12.697807310630694,88.01063010090186,stranded,operational,2024-185N,2025-046Q,False
2026-03-09 00:00:00+00:00,QQ_diff_launch,61565,62799,8,10.193485771415299,13.443945836134272,2.7739085866038495,88.95275655553809,operational,operational,2024-185P,2025-016Q,False
2026-03-09 00:00:00+00:00,QQ_diff_launch,62244,63176,13,14.817356265327074,15.589460841133555,9.538759180681334,88.61381160367361,operational,operational,2024-232H,2025-046T,False
2026-03-09 00:00:00+00:00,QQ_diff_launch,62251,63165,14,14.191293131476657,15.191999778554703,9.527623322086821,88.61668940814607,operational,operational,2024-232Q,2025-046G,True
2026-03-09 00:00:00+00:00,QQ_diff_launch,63170,66048,27,10.07510969054096,12.772421405476292,11.379073354646264,88.39025721808183,operational,operational,2025-046M,2025-233R,True
2026-03-09 00:00:00+00:00,QQ_same_launch,61554,61557,2,2.780162596839326,6.1941101168195,0.028746081536392614,87.00864904285089,stranded,stranded,2024-185C,2024-185F,False
2026-03-09 00:00:00+00:00,QQ_same_launch,61554,61561,1,10.542451447933821,10.542451447933821,0.005131865941247789,71.44690517400461,stranded,stranded,2024-185C,2024-185K,False
2026-03-09 00:00:00+00:00,QQ_same_launch,61557,61561,1,13.788238818886187,13.788238818886187,0.033360347700860125,86.11782065110829,stranded,stranded,2024-185F,2024-185K,False
2026-03-10 00:00:00+00:00,QQ_diff_launch,60394,61569,1,8.63458073481217,8.63458073481217,13.80044935680737,86.93046142852697,operational,stranded,2024-140R,2024-185T,False
2026-03-10 00:00:00+00:00,QQ_diff_launch,61561,62240,1,11.341886493975695,11.341886493975695,5.022887507607243,88.9133159668724,stranded,stranded,2024-185K,2024-232D,False
2026-03-10 00:00:00+00:00,QQ_diff_launch,61563,66047,3,12.635672849806488,15.809726343627139,2.395259945142666,88.97209151318039,operational,operational,2024-185M,2025-233Q,False
2026-03-10 00:00:00+00:00,QQ_diff_launch,62244,63176,14,16.539841566825007,17.42462793790029,9.539062847829143,88.60745944961633,operational,operational,2024-232H,2025-046T,True
2026-03-10 00:00:00+00:00,QQ_diff_launch,62251,63165,13,16.440590082264496,17.429500300721376,9.52792568412459,88.60865913834202,operational,operational,2024-232Q,2025-046G,False
2026-03-10 00:00:00+00:00,QQ_diff_launch,63170,66048,17,9.50885615478941,10.511485401149528,11.365998977613588,88.4047436937875,operational,operational,2025-046M,2025-233R,True
2026-03-11 00:00:00+00:00,QQ_diff_launch,60395,61569,1,6.463182660051704,6.463182660051704,13.799230435232857,86.92132604186305,operational,stranded,2024-140S,2024-185T,False
2026-03-11 00:00:00+00:00,QQ_diff_launch,61563,62249,2,19.1155798665209,19.22837444066316,4.932320767146052,88.92425705361228,operational,operational,2024-185M,2024-232N,False
2026-03-11 00:00:00+00:00,QQ_diff_launch,61563,63172,5,6.845222524625177,16.690196253045695,12.73824435391697,87.91511078781757,operational,operational,2024-185M,2025-046P,False
2026-03-11 00:00:00+00:00,QQ_diff_launch,61569,63166,1,9.908882652232647,9.908882652232647,12.728924182793971,87.85635634958801,stranded,operational,2024-185T,2025-046H,False
2026-03-11 00:00:00+00:00,QQ_diff_launch,62244,63176,11,18.48582472028772,19.195440691281526,9.539357221565327,88.60121924294076,operational,operational,2024-232H,2025-046T,False
2026-03-11 00:00:00+00:00,QQ_diff_launch,62251,63165,9,18.58907180240505,19.263101977788907,9.52820744936461,88.60215204876889,operational,operational,2024-232Q,2025-046G,False
2026-03-12 00:00:00+00:00,QQ_diff_launch,60381,61569,1,14.311914289083534,14.311914289083534,13.808111672133242,87.00843870757922,operational,stranded,2024-140C,2024-185T,False
2026-03-12 00:00:00+00:00,QQ_diff_launch,60395,61564,1,18.107151350755196,18.107151350755196,13.783469143692592,86.7687390039026,operational,stranded,2024-140S,2024-185N,False
2026-03-12 00:00:00+00:00,QQ_diff_launch,61564,62791,1,19.913625468246234,19.913625468246234,2.8927956110403135,88.94645228526993,stranded,operational,2024-185N,2025-016G,False
2026-03-12 00:00:00+00:00,QQ_diff_launch,61569,62795,1,11.391780456688394,11.391780456688394,2.8065748580257894,88.94399420834742,stranded,operational,2024-185T,2025-016L,False
2026-03-12 00:00:00+00:00,QQ_diff_launch,61569,66035,1,15.169108258344245,15.169108258344245,2.373137927936896,88.96476359098422,stranded,operational,2024-185T,2025-233C,False
2026-03-13 00:00:00+00:00,QQ_diff_launch,60379,62793,2,8.665748916333602,13.245292623712562,14.482125558867239,82.85482065195453,operational,operational,2024-140A,2025-016J,False
2026-03-13 00:00:00+00:00,QQ_diff_launch,60382,61563,5,11.06962985334778,17.329833832914744,13.819774869254152,86.92120179409007,operational,operational,2024-140D,2024-185M,False
2026-03-13 00:00:00+00:00,QQ_diff_launch,61563,62790,2,13.880723900763709,14.225022205338622,2.812849315730538,88.93954072509356,operational,operational,2024-185M,2025-016F,False
2026-03-13 00:00:00+00:00,QQ_diff_launch,61569,63175,1,14.119048609580412,14.119048609580412,12.714185198355564,87.8289552183107,stranded,operational,2024-185T,2025-046S,False
2026-03-14 00:00:00+00:00,QQ_diff_launch,61569,62802,1,6.12001179683129,6.12001179683129,2.812295357536029,88.94738451436663,stranded,operational,2024-185T,2025-016T,False
2026-03-14 00:00:00+00:00,QQ_diff_launch,62252,63170,8,1.2628532261194134,9.046003317015543,9.534263856820868,88.66407438819755,operational,operational,2024-232R,2025-046M,False
2026-03-15 00:00:00+00:00,QQ_diff_launch,60380,61569,1,14.379413971501252,14.379413971501252,13.81313256692683,86.69744716301196,operational,stranded,2024-140B,2024-185T,False
2026-03-15 00:00:00+00:00,QQ_diff_launch,62252,63170,10,2.34790457118206,11.53395612124897,9.532611294798915,88.67311990190572,operational,operational,2024-232R,2025-046M,False
2026-03-15 00:00:00+00:00,QQ_same_launch,61564,61569,1,10.176947444524771,10.176947444524771,0.056776643592121964,88.93714756616939,stranded,stranded,2024-185N,2024-185T,False
2026-03-16 00:00:00+00:00,QQ_diff_launch,60385,61568,17,10.862356546166104,14.682484689706795,14.153591803819497,86.75078237900888,drift,stranded,2024-140G,2024-185S,True
2026-03-16 00:00:00+00:00,QQ_diff_launch,60396,61564,1,10.31713111323538,10.31713111323538,13.803861222631216,86.89622887767472,operational,stranded,2024-140T,2024-185N,False
2026-03-16 00:00:00+00:00,QQ_diff_launch,61563,66049,2,11.221918727543413,11.248283844442694,2.3644330680450416,88.97171583628365,operational,operational,2024-185M,2025-233S,False
2026-03-16 00:00:00+00:00,QQ_diff_launch,61569,62786,1,11.71049957473739,11.71049957473739,2.8044203513485444,88.94200946109223,stranded,operational,2024-185T,2025-016B,False
2026-03-16 00:00:00+00:00,QQ_diff_launch,61569,63165,1,16.909734360649157,16.909734360649157,12.707754709668068,87.81457182235378,stranded,operational,2024-185T,2025-046G,False
2026-03-17 00:00:00+00:00,QQ_diff_launch,60386,61564,1,11.423359925742526,11.423359925742526,13.792662298310525,86.98342235753147,operational,stranded,2024-140H,2024-185N,False
2026-03-17 00:00:00+00:00,QQ_diff_launch,61563,62254,1,12.749229874064957,12.749229874064957,4.931257568176883,88.9329416278791,operational,operational,2024-185M,2024-232T,False
2026-03-17 00:00:00+00:00,QQ_diff_launch,61564,62254,1,15.499145480912588,15.499145480912588,4.8856313049154485,88.93963443832828,stranded,operational,2024-185N,2024-232T,False
2026-03-18 00:00:00+00:00,QQ_diff_launch,60386,61569,1,4.7957519660834445,4.7957519660834445,13.808372816346877,86.81400783545304,operational,stranded,2024-140H,2024-185T,False
2026-03-18 00:00:00+00:00,QQ_diff_launch,61563,62801,3,9.202823856224649,18.896031246266627,2.8213321348155485,88.95711694914027,operational,operational,2024-185M,2025-016S,False
2026-03-18 00:00:00+00:00,QQ_diff_launch,62785,63170,12,17.733264398105476,18.91220794421854,13.891792890044727,86.71507289918553,operational,operational,2025-016A,2025-046M,False
2026-03-19 00:00:00+00:00,QQ_diff_launch,60386,61563,3,13.843302682349437,17.744189937391837,13.813405970909377,86.87735789664399,operational,operational,2024-140H,2024-185M,False
2026-03-19 00:00:00+00:00,QQ_diff_launch,61564,62785,1,18.45070604779498,18.45070604779498,2.88507137915852,88.94895760185383,stranded,operational,2024-185N,2025-016A,False
2026-03-19 00:00:00+00:00,QQ_diff_launch,61569,66049,1,19.468522938311725,19.468522938311725,2.3731828683931577,88.97122033292648,stranded,operational,2024-185T,2025-233S,False
2026-03-19 00:00:00+00:00,QQ_diff_launch,62785,63170,9,16.870906470707826,17.258495055792974,13.844630501253011,86.7900031886083,operational,operational,2025-016A,2025-046M,False
2026-03-20 00:00:00+00:00,QQ_diff_launch,60379,61564,1,12.888278009783479,12.888278009783479,13.791898602496193,87.01094526992041,operational,stranded,2024-140A,2024-185N,False
2026-03-20 00:00:00+00:00,QQ_diff_launch,60385,61554,1,19.164903956212918,19.164903956212918,14.089029493523311,86.55758106392472,drift,stranded,2024-140G,2024-185C,False
2026-03-20 00:00:00+00:00,QQ_diff_launch,61564,62250,1,15.000219290704466,15.000219290704466,4.881749638246013,88.9136222186446,stranded,operational,2024-185N,2024-232P,False
2026-03-20 00:00:00+00:00,QQ_diff_launch,61564,63174,1,17.60754250806662,17.60754250806662,12.696026208908897,87.87415465233578,stranded,operational,2024-185N,2025-046R,False
2026-03-20 00:00:00+00:00,QQ_diff_launch,61565,66048,10,3.6197480901973966,10.709549991212398,2.3865765028329555,88.97171143311243,operational,operational,2024-185P,2025-233R,False
2026-03-21 00:00:00+00:00,QQ_diff_launch,60384,61569,1,16.940427065444496,16.940427065444496,13.815674806305694,87.03218405941861,operational,stranded,2024-140F,2024-185T,False
2026-03-21 00:00:00+00:00,QQ_diff_launch,60384,63170,2,12.267597094273333,14.904708209442926,2.66978754509244,88.96143039339144,operational,operational,2024-140F,2025-046M,False
2026-03-21 00:00:00+00:00,QQ_diff_launch,60388,61564,1,12.04349694627453,12.04349694627453,13.814247798338604,86.92863857928094,operational,stranded,2024-140K,2024-185N,False
2026-03-21 00:00:00+00:00,QQ_diff_launch,61563,63167,4,8.38162144821548,11.021249195631778,12.720217819171413,87.89927149093708,operational,operational,2024-185M,2025-046J,False
2026-03-21 00:00:00+00:00,QQ_diff_launch,61563,66050,3,10.791021190101691,14.078960347422715,2.3675768859099033,88.9715211782133,operational,operational,2024-185M,2025-233T,False
2026-03-21 00:00:00+00:00,QQ_diff_launch,61569,62252,1,11.395706793246912,11.395706793246912,4.93320557029704,88.93816125068888,stranded,operational,2024-185T,2024-232R,False
2026-03-21 00:00:00+00:00,QQ_diff_launch,61569,63170,1,10.636132553426872,10.636132553426872,12.707774878646847,87.95110220626884,stranded,operational,2024-185T,2025-046M,False
2026-03-21 00:00:00+00:00,QQ_same_launch,61565,61569,1,17.08843324078091,17.08843324078091,0.01103126644767542,49.786290628856875,operational,stranded,2024-185P,2024-185T,False
2026-03-22 00:00:00+00:00,QQ_diff_launch,60384,63170,12,5.373933369796961,10.921557851540104,2.66831007860788,88.95101553583905,operational,operational,2024-140F,2025-046M,False
2026-03-23 00:00:00+00:00,QQ_diff_launch,60379,61569,1,11.218916630851814,11.218916630851814,13.807748547886197,86.74190772732929,operational,stranded,2024-140A,2024-185T,False
2026-03-23 00:00:00+00:00,QQ_diff_launch,60393,61564,1,13.383456117463085,13.383456117463085,13.789229201051594,86.98230449848404,operational,stranded,2024-140Q,2024-185N,False
2026-03-23 00:00:00+00:00,QQ_diff_launch,61563,62246,1,12.533648990188423,12.533648990188423,4.928599455021998,88.92980827679375,operational,operational,2024-185M,2024-232K,False
2026-03-23 00:00:00+00:00,QQ_same_launch,61560,61561,1,2.5000916026566613,2.5000916026566613,0.001097353524261813,29.77227054164287,stranded,stranded,2024-185J,2024-185K,False
2026-03-24 00:00:00+00:00,QQ_diff_launch,60385,61557,1,7.0773201752837505,7.0773201752837505,14.109565825997851,86.63810914524609,drift,stranded,2024-140G,2024-185F,False
2026-03-24 00:00:00+00:00,QQ_diff_launch,60388,61569,1,5.116133970288123,5.116133970288123,13.828479722547547,86.86708162296318,operational,stranded,2024-140K,2024-185T,False
2026-03-24 00:00:00+00:00,QQ_diff_launch,60390,61564,1,16.88819322501444,16.88819322501444,13.788484741508046,87.0453815690763,operational,stranded,2024-140M,2024-185N,False
2026-03-24 00:00:00+00:00,QQ_diff_launch,61563,62800,2,9.84243959856605,11.153672285422118,2.817499874367968,88.95092686571641,operational,operational,2024-185M,2025-016R,False
2026-03-24 00:00:00+00:00,QQ_diff_launch,61564,62245,1,12.951999963604043,12.951999963604043,4.898643843165557,88.93640008112138,stranded,operational,2024-185N,2024-232J,False
2026-03-24 00:00:00+00:00,QQ_diff_launch,61569,62797,1,14.81333550571207,14.81333550571207,2.807652204138307,88.9560361307916,stranded,operational,2024-185T,2025-016N,False
2026-03-25 00:00:00+00:00,QQ_diff_launch,60387,61569,1,3.2866742490654333,3.2866742490654333,13.803999388503899,86.90749048445986,operational,stranded,2024-140J,2024-185T,False
2026-03-25 00:00:00+00:00,QQ_diff_launch,60392,61564,1,13.32929685618675,13.32929685618675,13.791364629939482,87.01641625655289,operational,stranded,2024-140P,2024-185N,False
2026-03-25 00:00:00+00:00,QQ_diff_launch,60396,61563,4,12.135529093628504,16.41071885893038,13.828637330462298,86.87982405612232,operational,operational,2024-140T,2024-185M,False
2026-03-25 00:00:00+00:00,QQ_diff_launch,61565,62252,4,14.844525862782982,16.674600958114233,4.946726204365136,88.93661888497985,operational,operational,2024-185P,2024-232R,False
2026-03-25 00:00:00+00:00,QQ_diff_launch,61569,62242,1,4.759301963642851,4.759301963642851,4.936242833762259,88.93102001214407,stranded,operational,2024-185T,2024-232F,False
2026-03-25 00:00:00+00:00,QQ_diff_launch,61569,63164,1,16.495462579665457,16.495462579665457,12.710035315968495,88.00399223626235,stranded,operational,2024-185T,2025-046F,False
2026-03-25 00:00:00+00:00,QQ_diff_launch,63167,66050,12,10.680449951927397,15.333993943733173,11.403824206380708,88.30538377749599,operational,operational,2025-046J,2025-233T,False
2026-03-26 00:00:00+00:00,QQ_diff_launch,61565,62252,3,16.63438279692532,17.39574201877195,4.937364273739826,88.92308154844919,operational,operational,2024-185P,2024-232R,False
2026-03-26 00:00:00+00:00,QQ_diff_launch,61569,63176,1,19.65661172338199,19.65661172338199,12.706949969651632,87.80837467942101,stranded,operational,2024-185T,2025-046T,False
2026-03-26 00:00:00+00:00,QQ_diff_launch,63167,66050,13,0.5509079742808719,4.700848954880763,11.404370868330295,88.35670749982305,operational,operational,2025-046J,2025-233T,False
2026-03-27 00:00:00+00:00,QQ_diff_launch,61563,66033,2,10.389280673477202,11.893884481121976,2.360392882473505,88.96789683563534,operational,operational,2024-185M,2025-233A,False
2026-03-27 00:00:00+00:00,QQ_diff_launch,63167,66050,20,1.40356854582016,9.419333077601255,11.404807600495452,88.39926515536857,operational,operational,2025-046J,2025-233T,True
2026-03-28 00:00:00+00:00,QQ_diff_launch,60389,61564,1,17.291138860387886,17.291138860387886,13.792343388829266,87.0397525029686,operational,stranded,2024-140L,2024-185N,False
2026-03-28 00:00:00+00:00,QQ_diff_launch,61563,62251,1,19.090795406806436,19.090795406806436,4.923351823182318,88.91131333456227,operational,operational,2024-185M,2024-232Q,False
2026-03-28 00:00:00+00:00,QQ_diff_launch,61563,63165,4,4.792877712777057,12.563755040818158,12.706207222660481,87.91252210946433,operational,operational,2024-185M,2025-046G,False
2026-03-28 00:00:00+00:00,QQ_diff_launch,61564,62253,1,13.57841174873837,13.57841174873837,4.893178945562486,88.93854938332275,stranded,operational,2024-185N,2024-232S,False
2026-03-28 00:00:00+00:00,QQ_diff_launch,61567,63163,1,16.902140544905354,16.902140544905354,12.83866004610205,87.85628679561798,stranded,stranded,2024-185R,2025-046E,False
2026-03-28 00:00:00+00:00,QQ_diff_launch,61569,62255,1,11.012614238333525,11.012614238333525,4.968301973092401,88.92339097658561,stranded,operational,2024-185T,2024-232U,False
2026-03-28 00:00:00+00:00,QQ_diff_launch,61569,63173,1,12.93713080685773,12.93713080685773,12.713639833665463,87.93832188364644,stranded,operational,2024-185T,2025-046Q,False
2026-03-28 00:00:00+00:00,QQ_diff_launch,63167,66050,22,3.219250213510398,12.062835129904974,11.37670886412183,88.3539740292508,operational,operational,2025-046J,2025-233T,True
2026-03-28 00:00:00+00:00,QQ_same_launch,61554,61560,1,17.991157998897734,17.991157998897734,0.010907153205602812,37.66281564762303,stranded,stranded,2024-185C,2024-185J,False
2026-03-29 00:00:00+00:00,QQ_diff_launch,60380,61564,1,19.157111115978,19.157111115978,13.794820727755567,87.04758075224704,operational,stranded,2024-140B,2024-185N,False
2026-03-29 00:00:00+00:00,QQ_diff_launch,60390,61569,1,3.1547105220614537,3.1547105220614537,13.803474689742487,86.8481101079383,operational,stranded,2024-140M,2024-185T,False
2026-03-29 00:00:00+00:00,QQ_diff_launch,61568,66043,2,8.294381758827756,12.675889642335889,1.8941080518134337,88.97612869363348,stranded,drift,2024-185S,2025-233L,False
2026-03-29 00:00:00+00:00,QQ_diff_launch,63167,66050,13,1.1974254424092654,3.1625910991624986,11.376458483786049,88.39230090656365,operational,operational,2025-046J,2025-233T,False
2026-03-30 00:00:00+00:00,QQ_diff_launch,60391,61563,4,11.552407752449692,16.03886730725307,13.811379073861564,86.907320247895,operational,operational,2024-140N,2024-185M,False
2026-03-30 00:00:00+00:00,QQ_diff_launch,60392,61569,1,11.909909717191233,11.909909717191233,13.806244211832794,86.9947393998729,operational,stranded,2024-140P,2024-185T,False
2026-03-30 00:00:00+00:00,QQ_diff_launch,60396,61564,1,13.49392774994774,13.49392774994774,13.80092100295233,86.80723790579093,operational,stranded,2024-140T,2024-185N,False
2026-03-30 00:00:00+00:00,QQ_diff_launch,61563,62786,2,9.189061873660668,9.32159728268838,2.806159772516731,88.95036940777064,operational,operational,2024-185M,2025-016B,False
2026-03-30 00:00:00+00:00,QQ_diff_launch,61569,63168,1,16.10798215800411,16.10798215800411,12.711766958434918,87.84499165591167,stranded,operational,2024-185T,2025-046K,False
2026-03-30 00:00:00+00:00,QQ_diff_launch,63167,66050,13,9.109577049461551,14.273508748855635,11.376210151862711,88.44507829679567,operational,operational,2025-046J,2025-233T,False
2026-03-31 00:00:00+00:00,QQ_diff_launch,60386,61564,1,9.617976250999622,9.617976250999622,13.790549831293697,86.89741594405993,operational,stranded,2024-140H,2024-185N,False
