t0,pair_type,NORAD_CAT_ID_1,NORAD_CAT_ID_2,passes,d_min_km,d_med_km,v_rel_kms,abs_lat_deg,STATE_1,STATE_2,OBJECT_ID_1,OBJECT_ID_2,persistent
2024-08-15 00:00:00+00:00,QQ_same_launch,60379,60389,14,18.07830930521765,19.027914575721837,0.019713222226787994,72.04512188962313,drift,drift,2024-140A,2024-140L,True
2024-08-15 00:00:00+00:00,QQ_same_launch,60381,60382,1,19.900487759125262,19.900487759125262,0.02063482921712617,76.27631732990427,drift,drift,2024-140C,2024-140D,False
2024-08-15 00:00:00+00:00,QQ_same_launch,60383,60384,15,14.266536763916845,14.936301159761628,0.015478837038863625,75.6112632722932,drift,drift,2024-140E,2024-140F,True
2024-08-15 00:00:00+00:00,QQ_same_launch,60383,60385,2,19.941319491391063,19.944561003433606,0.02068291394662184,74.26964945454725,drift,drift,2024-140E,2024-140G,False
2024-08-15 00:00:00+00:00,QQ_same_launch,60384,60385,16,5.547727025585655,6.624271748858398,0.006938727916520487,87.67312304775946,drift,drift,2024-140F,2024-140G,True
2024-08-15 00:00:00+00:00,QQ_same_launch,60384,60386,15,16.139644970779926,17.07002318915374,0.017695363709765186,72.61649725322438,drift,drift,2024-140F,2024-140H,True
2024-08-15 00:00:00+00:00,QQ_same_launch,60385,60386,15,9.886111331320345,10.187951346763807,0.01062674182012769,79.40754187188399,drift,drift,2024-140G,2024-140H,True
2024-08-15 00:00:00+00:00,QQ_same_launch,60385,60387,15,16.642754720009563,17.132782873796028,0.017799625334601735,58.48387581122965,drift,drift,2024-140G,2024-140J,True
2024-08-15 00:00:00+00:00,QQ_same_launch,60386,60387,15,6.6966374850275185,6.858382994549736,0.007141997648817901,39.10653040013458,drift,drift,2024-140H,2024-140J,True
2024-08-15 00:00:00+00:00,QQ_same_launch,60386,60388,12,16.954450978151087,18.43575627563832,0.01908991727359743,65.50683180700979,drift,drift,2024-140H,2024-140K,False
2024-08-15 00:00:00+00:00,QQ_same_launch,60387,60388,15,9.752589883431364,11.869835192698773,0.012321823458108774,67.22308071154528,drift,drift,2024-140J,2024-140K,True
2024-08-15 00:00:00+00:00,QQ_same_launch,60387,60389,15,13.272181126700092,14.642266041459362,0.0152466461397466,45.470412568240015,drift,drift,2024-140J,2024-140L,True
2024-08-15 00:00:00+00:00,QQ_same_launch,60388,60389,15,2.033023767284742,2.765036992922821,0.0029134058029843955,29.323063625531713,drift,drift,2024-140K,2024-140L,True
2024-08-15 00:00:00+00:00,QQ_same_launch,60390,60391,15,6.237919798508572,6.570017352638345,0.0068308888853845645,53.22507073109611,drift,drift,2024-140M,2024-140N,True
2024-08-15 00:00:00+00:00,QQ_same_launch,60392,60393,15,10.069670799570536,10.479853638500416,0.0108503540130743,84.30654232238011,drift,drift,2024-140P,2024-140Q,True
2024-08-15 00:00:00+00:00,QQ_same_launch,60394,60395,15,9.216203446706995,9.757529566015071,0.010134943306968229,56.8977709165885,drift,drift,2024-140R,2024-140S,True
2024-08-15 00:00:00+00:00,QQ_same_launch,60395,60396,15,17.276843859719236,18.275256072022973,0.018929411567796307,76.0835540313959,drift,drift,2024-140S,2024-140T,True
2024-08-18 00:00:00+00:00,QQ_same_launch,60383,60384,15,17.99060406304582,18.504863930923403,0.019243798232765615,61.6903309501307,drift,drift,2024-140E,2024-140F,True
2024-08-18 00:00:00+00:00,QQ_same_launch,60384,60385,15,13.757410249426776,15.160822677458363,0.015820272057882032,65.71697819598873,drift,drift,2024-140F,2024-140G,True
2024-08-18 00:00:00+00:00,QQ_same_launch,60385,60386,15,6.524351204182536,7.251180528696339,0.007632199790212772,83.01992347934899,drift,drift,2024-140G,2024-140H,True
2024-08-18 00:00:00+00:00,QQ_same_launch,60385,60387,15,13.851966702162693,14.470043987105903,0.01505668436151123,59.732940080360834,drift,drift,2024-140G,2024-140J,True
2024-08-18 00:00:00+00:00,QQ_same_launch,60386,60387,16,6.974665819362734,7.011521724291024,0.007351108942626033,30.337091006273567,drift,drift,2024-140H,2024-140J,True
2024-08-18 00:00:00+00:00,QQ_same_launch,60388,60389,16,0.6018281835376555,1.3199435403110784,0.0014424714685672218,41.03584974609253,drift,drift,2024-140K,2024-140L,True
2024-08-18 00:00:00+00:00,QQ_same_launch,60390,60391,15,8.03711494250986,8.29909342469378,0.008682072891528558,53.652796144011106,drift,drift,2024-140M,2024-140N,True
2024-08-18 00:00:00+00:00,QQ_same_launch,60392,60393,15,12.058422317721213,12.296046799466223,0.012794718111561009,73.51285817921683,drift,drift,2024-140P,2024-140Q,True
2024-08-18 00:00:00+00:00,QQ_same_launch,60394,60395,15,12.58272990018418,13.124302066279146,0.013666824187919948,2.8814235109370823,drift,drift,2024-140R,2024-140S,True
2024-08-21 00:00:00+00:00,QQ_same_launch,60381,60388,1,1.2390585874904514,1.2390585874904514,0.0007335312319870721,45.7307950842273,drift,drift,2024-140C,2024-140K,False
2024-08-21 00:00:00+00:00,QQ_same_launch,60382,60388,1,0.9736822548319802,0.9736822548319802,0.0004467389874838223,37.68311544074755,drift,drift,2024-140D,2024-140K,False
2024-08-21 00:00:00+00:00,QQ_same_launch,60385,60386,16,0.8770853215506392,1.9343099826859742,0.0021551456316129605,86.97713920110084,drift,drift,2024-140G,2024-140H,True
2024-08-21 00:00:00+00:00,QQ_same_launch,60385,60387,16,8.1402916451145,9.14062273676969,0.009581437687771019,75.21790006144693,drift,drift,2024-140G,2024-140J,True
2024-08-21 00:00:00+00:00,QQ_same_launch,60386,60387,15,7.041516605186318,7.087343495164709,0.00739444917528134,24.64280624434568,drift,drift,2024-140H,2024-140J,True
2024-08-21 00:00:00+00:00,QQ_same_launch,60390,60391,15,10.401695785334542,10.785392876720962,0.01122932531978121,87.27541165032912,drift,drift,2024-140M,2024-140N,True
2024-08-21 00:00:00+00:00,QQ_same_launch,60392,60393,15,14.109548059437039,14.425786986156217,0.014986287313374707,37.43727708747204,drift,drift,2024-140P,2024-140Q,True
2024-08-21 00:00:00+00:00,QQ_same_launch,60394,60395,16,15.736660211903024,16.107409354763128,0.016698838553732727,78.83810284350218,drift,drift,2024-140R,2024-140S,True
2024-08-24 00:00:00+00:00,QQ_same_launch,60385,60386,15,3.457329002176607,4.719041061153156,0.004990130187363798,82.5084460405443,drift,drift,2024-140G,2024-140H,True
2024-08-24 00:00:00+00:00,QQ_same_launch,60385,60387,15,1.4289369431297618,2.570635167902719,0.00275752037514423,68.87340731332047,drift,drift,2024-140G,2024-140J,True
2024-08-24 00:00:00+00:00,QQ_same_launch,60386,60387,15,7.433609504503115,7.547423967883613,0.007827108345917539,31.899351558347885,drift,drift,2024-140H,2024-140J,True
2024-08-24 00:00:00+00:00,QQ_same_launch,60390,60391,16,11.25013497947333,11.348703920926479,0.011782486396855493,54.738857299407144,drift,drift,2024-140M,2024-140N,True
2024-08-24 00:00:00+00:00,QQ_same_launch,60392,60393,15,16.186558827721257,16.7112091178106,0.017290909204965895,73.74942098070011,drift,drift,2024-140P,2024-140Q,True
2024-08-24 00:00:00+00:00,QQ_same_launch,60394,60395,5,19.59513963744604,19.780877415704214,0.020612663928384338,78.93085572250807,drift,drift,2024-140R,2024-140S,False
2024-08-27 00:00:00+00:00,QQ_same_launch,60381,60395,1,5.75567782667569,5.75567782667569,0.005492994390204342,87.93016273229321,drift,drift,2024-140C,2024-140S,False
2024-08-27 00:00:00+00:00,QQ_same_launch,60385,60386,15,12.455047644791142,14.175942153598653,0.014780374238573112,59.53967069547842,drift,drift,2024-140G,2024-140H,True
2024-08-27 00:00:00+00:00,QQ_same_launch,60385,60387,16,4.284720570332904,5.766566417735831,0.006081833353473804,87.04836686476395,drift,drift,2024-140G,2024-140J,True
2024-08-27 00:00:00+00:00,QQ_same_launch,60386,60387,15,8.046732135085696,8.170858565880115,0.0084966817029644,34.00968936861146,drift,drift,2024-140H,2024-140J,True
2024-08-27 00:00:00+00:00,QQ_same_launch,60390,60391,16,4.758583849295754,5.454143366787349,0.005715186203326341,27.535433046279312,drift,drift,2024-140M,2024-140N,True
2024-08-30 00:00:00+00:00,QQ_same_launch,60385,60387,7,17.746641308489647,18.585372007496378,0.01941933912812602,75.44527849615025,drift,drift,2024-140G,2024-140J,False
2024-08-30 00:00:00+00:00,QQ_same_launch,60385,60389,1,19.928110936581085,19.928110936581085,0.020719751347126347,86.55591939252112,drift,drift,2024-140G,2024-140L,False
2024-08-30 00:00:00+00:00,QQ_same_launch,60386,60387,15,10.913969957260866,11.707553304041925,0.01216501664087007,73.47756323497597,drift,drift,2024-140H,2024-140J,True
2024-08-30 00:00:00+00:00,QQ_same_launch,60390,60391,15,7.14155630343047,7.960885684127843,0.008281883846991234,70.46409574697688,drift,drift,2024-140M,2024-140N,True
2024-09-02 00:00:00+00:00,QQ_same_launch,60379,60394,1,1.5217904935990805,1.5217904935990805,0.0007282019577890753,71.94581029558162,drift,drift,2024-140A,2024-140R,False
2024-09-02 00:00:00+00:00,QQ_same_launch,60384,60394,1,1.4917635574043693,1.4917635574043693,0.0007184784837064565,49.996151876673814,drift,drift,2024-140F,2024-140R,False
2024-09-02 00:00:00+00:00,QQ_same_launch,60385,60389,15,5.111321769061519,7.789780449731455,0.008121713277436125,77.28506130613637,drift,drift,2024-140G,2024-140L,True
2024-09-02 00:00:00+00:00,QQ_same_launch,60385,60394,1,1.54911459566894,1.54911459566894,0.0007392901169715795,69.00710315862848,drift,drift,2024-140G,2024-140R,False
2024-09-02 00:00:00+00:00,QQ_same_launch,60386,60387,16,12.420103107821044,13.357075556831393,0.013841486962300613,55.361586032270786,drift,drift,2024-140H,2024-140J,True
2024-09-02 00:00:00+00:00,QQ_same_launch,60386,60394,1,1.647442538916371,1.647442538916371,0.0008723968823325272,88.6653968132037,drift,drift,2024-140H,2024-140R,False
2024-09-02 00:00:00+00:00,QQ_same_launch,60387,60394,1,1.5731026038196996,1.5731026038196996,0.0007862160623249333,64.1264191950151,drift,drift,2024-140J,2024-140R,False
2024-09-02 00:00:00+00:00,QQ_same_launch,60389,60394,1,1.7786007541280247,1.7786007541280247,0.000996359506833052,47.88009534990626,drift,drift,2024-140L,2024-140R,False
2024-09-02 00:00:00+00:00,QQ_same_launch,60390,60391,15,8.907249795551992,9.237996153596827,0.009645764255216615,40.3357091038369,drift,drift,2024-140M,2024-140N,True
2024-09-02 00:00:00+00:00,QQ_same_launch,60390,60392,1,0.7716004828080968,0.7716004828080968,0.00040604836330040967,75.73413869040411,drift,drift,2024-140M,2024-140P,False
2024-09-02 00:00:00+00:00,QQ_same_launch,60391,60392,1,0.7662104910296362,0.7662104910296362,0.00040358972439216825,5.439409893519918,drift,drift,2024-140N,2024-140P,False
2024-09-05 00:00:00+00:00,QQ_same_launch,60379,60390,1,3.0137981445553175,3.0137981445553175,0.002935135849390814,55.120617208539294,drift,drift,2024-140A,2024-140M,False
2024-09-05 00:00:00+00:00,QQ_same_launch,60385,60389,15,6.640980672932073,9.978619167837298,0.010420538346683408,35.85130461819337,drift,drift,2024-140G,2024-140L,True
2024-09-05 00:00:00+00:00,QQ_same_launch,60386,60387,15,14.330327222876944,15.585832519678666,0.016219099518947445,6.534895827248799,drift,drift,2024-140H,2024-140J,True
2024-09-08 00:00:00+00:00,QQ_same_launch,60381,60390,1,1.4004509939022967,1.4004509939022967,0.0007669118960778447,16.550937576195754,drift,drift,2024-140C,2024-140M,False
2024-09-08 00:00:00+00:00,QQ_same_launch,60381,60391,1,1.5677811605576344,1.5677811605576344,0.0008416630631063128,31.515412121425975,drift,drift,2024-140C,2024-140N,False
2024-09-08 00:00:00+00:00,QQ_same_launch,60381,60393,1,1.8151276779039769,1.8151276779039769,0.001025412395425456,22.90036158851864,drift,drift,2024-140C,2024-140Q,False
2024-09-08 00:00:00+00:00,QQ_same_launch,60382,60390,1,1.3220848558380234,1.3220848558380234,0.000674005604450255,29.035866841999216,drift,drift,2024-140D,2024-140M,False
2024-09-08 00:00:00+00:00,QQ_same_launch,60382,60391,1,1.5233371502030402,1.5233371502030402,0.0007943837684289644,76.01756046936995,drift,drift,2024-140D,2024-140N,False
2024-09-08 00:00:00+00:00,QQ_same_launch,60382,60393,1,1.7512651089966738,1.7512651089966738,0.0009519597757348035,54.489245389373,drift,drift,2024-140D,2024-140Q,False
2024-09-08 00:00:00+00:00,QQ_same_launch,60386,60387,15,16.510062860681487,16.928017192509056,0.017527742497474897,88.61679997224236,drift,drift,2024-140H,2024-140J,True
2024-09-08 00:00:00+00:00,QQ_same_launch,60390,60391,3,15.125150397502491,16.863004559604263,0.017588387770423698,24.244789893608967,drift,drift,2024-140M,2024-140N,False
2024-09-08 00:00:00+00:00,QQ_same_launch,60390,60393,1,2.973114910334416,2.973114910334416,0.0032552420414249965,38.33314569413888,drift,drift,2024-140M,2024-140Q,False
2024-09-08 00:00:00+00:00,QQ_same_launch,60391,60393,15,0.22244667096200937,4.53125848415599,0.004980115642010715,57.37322744514021,drift,drift,2024-140N,2024-140Q,True
2024-09-11 00:00:00+00:00,QQ_same_launch,60379,60385,15,8.67315664769631,12.59293104077356,0.013052722372917044,71.18057945088349,drift,drift,2024-140A,2024-140G,True
2024-09-11 00:00:00+00:00,QQ_same_launch,60386,60387,6,19.606151887313384,19.792514387812364,0.02047703340809731,87.50507617881314,drift,drift,2024-140H,2024-140J,False
2024-09-14 00:00:00+00:00,QQ_same_launch,60379,60385,1,8.5488676000518,8.5488676000518,0.008891160858623213,30.78796730329498,drift,drift,2024-140A,2024-140G,False
2024-09-14 00:00:00+00:00,QQ_same_launch,60382,60383,1,1.5246448193882327,1.5246448193882327,0.0010160025801104699,20.761442456818745,drift,drift,2024-140D,2024-140E,False
2024-09-17 00:00:00+00:00,QQ_same_launch,60384,60387,1,0.382226971812985,0.382226971812985,3.175187787824486e-05,24.094331910254102,drift,drift,2024-140F,2024-140J,False
2024-09-17 00:00:00+00:00,QQ_same_launch,60394,60395,1,4.843082124316772,4.843082124316772,0.0025322033047367365,66.64265799002732,drift,drift,2024-140R,2024-140S,False
2024-09-20 00:00:00+00:00,QQ_same_launch,60379,60382,1,2.1702251356247775,2.1702251356247775,0.0012998102098445636,70.89678835378707,drift,drift,2024-140A,2024-140D,False
2024-09-20 00:00:00+00:00,QQ_same_launch,60382,60389,1,3.085957169821443,3.085957169821443,0.00204160770547719,16.746093462361422,drift,drift,2024-140D,2024-140L,False
2024-09-20 00:00:00+00:00,QQ_same_launch,60386,60387,1,2.8189217260001107,2.8189217260001107,0.0015207693057617128,77.8390772200683,drift,ascent,2024-140H,2024-140J,False
2024-09-23 00:00:00+00:00,QQ_same_launch,60381,60387,1,5.651748519792133,5.651748519792133,0.0029636227747184478,43.336510609373214,drift,ascent,2024-140C,2024-140J,False
2024-09-23 00:00:00+00:00,QQ_same_launch,60387,60391,1,5.295167412214406,5.295167412214406,0.0020518042510078733,5.721997041818791,ascent,drift,2024-140J,2024-140N,False
2024-09-26 00:00:00+00:00,QQ_same_launch,60379,60390,1,6.020828149801517,6.020828149801517,0.0034959969218689617,66.8923172284921,ascent,drift,2024-140A,2024-140M,False
2024-09-26 00:00:00+00:00,QQ_same_launch,60380,60395,1,13.95871375673694,13.95871375673694,0.013789904855235586,76.16971232503634,drift,drift,2024-140B,2024-140S,False
2024-09-26 00:00:00+00:00,QQ_same_launch,60381,60391,1,2.589027286953032,2.589027286953032,0.0015058418516495687,25.993748235424377,drift,drift,2024-140C,2024-140N,False
2024-09-26 00:00:00+00:00,QQ_same_launch,60392,60393,2,2.454762835857723,7.784528447936662,0.008157205438623926,40.47818828718722,drift,drift,2024-140P,2024-140Q,False
2024-09-29 00:00:00+00:00,QQ_same_launch,60382,60384,1,2.3087031535511358,2.3087031535511358,0.0012341296331586536,79.59285094879122,drift,drift,2024-140D,2024-140F,False
2024-09-29 00:00:00+00:00,QQ_same_launch,60383,60392,1,17.601051848680907,17.601051848680907,0.008349373166059581,32.62527501156866,drift,ascent,2024-140E,2024-140P,False
2024-09-29 00:00:00+00:00,QQ_same_launch,60383,60393,1,18.200792876683483,18.200792876683483,0.009075483806130316,53.55402797387943,drift,drift,2024-140E,2024-140Q,False
2024-10-02 00:00:00+00:00,QQ_same_launch,60381,60395,1,10.830173387992657,10.830173387992657,0.005925230460513798,49.224300869819054,drift,ascent,2024-140C,2024-140S,False
2024-10-05 00:00:00+00:00,QQ_same_launch,60381,60393,1,9.116295623229398,9.116295623229398,0.003639228589352068,11.261736986912105,ascent,drift,2024-140C,2024-140Q,False
2024-10-05 00:00:00+00:00,QQ_same_launch,60385,60396,1,3.9761415231596344,3.9761415231596344,0.0022896178310280253,85.84192281323413,drift,ascent,2024-140G,2024-140T,False
2024-10-08 00:00:00+00:00,QQ_same_launch,60381,60388,1,13.837760169584131,13.837760169584131,0.007180474124414005,2.105161452891912,drift,drift,2024-140C,2024-140K,False
2024-10-08 00:00:00+00:00,QQ_same_launch,60382,60384,1,2.7407753648893425,2.7407753648893425,0.0012430191102246139,41.95437182307649,drift,drift,2024-140D,2024-140F,False
2024-10-08 00:00:00+00:00,QQ_same_launch,60386,60394,1,14.072441326265558,14.072441326265558,0.007504449939759591,49.16529464544843,ascent,drift,2024-140H,2024-140R,False
2024-10-14 00:00:00+00:00,QQ_same_launch,60381,60394,1,19.915629266366352,19.915629266366352,0.011534834281920257,87.53896969673383,ascent,ascent,2024-140C,2024-140R,False
2024-10-14 00:00:00+00:00,QQ_same_launch,60383,60387,1,8.691549853268883,8.691549853268883,0.004873019131566101,46.13301732922514,ascent,ascent,2024-140E,2024-140J,False
2024-10-20 00:00:00+00:00,QQ_same_launch,60381,60394,1,12.783524128055687,12.783524128055687,0.0058269363012551575,87.16151824922345,ascent,drift,2024-140C,2024-140R,False
2024-10-20 00:00:00+00:00,QQ_same_launch,60392,60393,1,15.262889543950505,15.262889543950505,0.006556041758571434,18.19819674571167,ascent,ascent,2024-140P,2024-140Q,False
2024-10-20 00:00:00+00:00,QQ_same_launch,60395,60396,1,14.49205451207586,14.49205451207586,0.0075507009101946874,29.262476639440454,ascent,ascent,2024-140S,2024-140T,False
2024-10-23 00:00:00+00:00,QQ_same_launch,60383,60386,1,12.761229819812932,12.761229819812932,0.004357242670935521,7.682863005851289,ascent,drift,2024-140E,2024-140H,False
2024-10-23 00:00:00+00:00,QQ_same_launch,60383,60393,1,18.482144289663456,18.482144289663456,0.009519870697533423,55.47051047104273,ascent,ascent,2024-140E,2024-140Q,False
2024-10-26 00:00:00+00:00,QQ_same_launch,60380,60385,1,18.893006381983348,18.893006381983348,0.009591020332713132,88.92126436562967,ascent,drift,2024-140B,2024-140G,False
2024-10-26 00:00:00+00:00,QQ_same_launch,60383,60386,1,6.615932358791628,6.615932358791628,0.004211353053050966,78.83383303044512,ascent,drift,2024-140E,2024-140H,False
2024-10-26 00:00:00+00:00,QQ_same_launch,60389,60395,20,0.12454660546761771,0.3535476160872081,0.0003698914352243725,46.022030289433914,ascent,ascent,2024-140L,2024-140S,True
2024-10-26 00:00:00+00:00,QQ_same_launch,60393,60396,1,14.2048547912252,14.2048547912252,0.007518719027623613,54.58146114902773,drift,drift,2024-140Q,2024-140T,False
2024-10-29 00:00:00+00:00,QQ_same_launch,60389,60395,1,0.5466297223442658,0.5466297223442658,0.0003140578770905961,14.21564244083113,ascent,drift,2024-140L,2024-140S,False
2024-11-01 00:00:00+00:00,QQ_same_launch,60380,60396,1,5.496264486133828,5.496264486133828,0.002526291038281038,47.684840190005886,ascent,drift,2024-140B,2024-140T,False
2024-11-07 00:00:00+00:00,QQ_same_launch,60379,60386,1,9.372915993894859,9.372915993894859,0.004730952406657942,78.42222205561484,ascent,ascent,2024-140A,2024-140H,False
2024-11-10 00:00:00+00:00,QQ_same_launch,60384,60396,1,14.922419703567124,14.922419703567124,0.00813108263599996,18.609721155074688,ascent,ascent,2024-140F,2024-140T,False
2024-11-13 00:00:00+00:00,QQ_same_launch,60389,60391,1,18.499630354792455,18.499630354792455,0.01292265086947178,73.97599694151505,ascent,ascent,2024-140L,2024-140N,False
2024-11-13 00:00:00+00:00,QQ_same_launch,61553,61569,1,3.454929417555817,3.454929417555817,0.0016231978698051535,53.031623904507526,drift,drift,2024-185B,2024-185T,False
2024-11-13 00:00:00+00:00,QQ_same_launch,61555,61558,7,1.300252641293721,10.186342294511327,0.010750011278717546,39.572684712861076,drift,drift,2024-185D,2024-185G,False
2024-11-13 00:00:00+00:00,QQ_same_launch,61562,61566,1,11.811065870300423,11.811065870300423,0.012378806659362286,51.3395817388185,drift,drift,2024-185L,2024-185Q,False
2024-11-16 00:00:00+00:00,QQ_diff_launch,60385,61555,1,7.549623701371619,7.549623701371619,14.136975886024697,86.7759778931753,drift,drift,2024-140G,2024-185D,False
2024-11-16 00:00:00+00:00,QQ_same_launch,60379,60384,1,18.51971529428248,18.51971529428248,0.0184227589008738,79.05854555206153,ascent,ascent,2024-140A,2024-140F,False
2024-11-16 00:00:00+00:00,QQ_same_launch,61552,61567,1,1.3773345031152306,1.3773345031152306,0.0007936222579264673,56.682414633793506,drift,drift,2024-185A,2024-185R,False
2024-11-19 00:00:00+00:00,QQ_diff_launch,60385,61563,1,7.857093323209732,7.857093323209732,14.139173118252648,86.81714682335088,drift,drift,2024-140G,2024-185M,False
2024-11-19 00:00:00+00:00,QQ_same_launch,60379,60386,1,8.090345766080716,8.090345766080716,0.0035570024168162045,13.419790702481595,ascent,ascent,2024-140A,2024-140H,False
2024-11-22 00:00:00+00:00,QQ_same_launch,61553,61559,1,3.3619277596938986,3.3619277596938986,0.0018650982011156122,59.09118416425733,ascent,drift,2024-185B,2024-185H,False
2024-11-22 00:00:00+00:00,QQ_same_launch,61557,61567,12,0.04581272542742193,9.456965517642207,0.01003758980116298,50.15786653946511,stranded,drift,2024-185F,2024-185R,False
2024-11-25 00:00:00+00:00,QQ_diff_launch,60385,61552,1,8.807581245027153,8.807581245027153,14.136560022781874,86.86033793768559,drift,ascent,2024-140G,2024-185A,False
2024-11-25 00:00:00+00:00,QQ_same_launch,61552,61559,1,15.824903006287503,15.824903006287503,0.008218363884450523,69.12501382356969,ascent,drift,2024-185A,2024-185H,False
2024-11-25 00:00:00+00:00,QQ_same_launch,61553,61563,1,18.856411622924725,18.856411622924725,0.010135203067633868,86.3977085188784,ascent,drift,2024-185B,2024-185M,False
2024-11-25 00:00:00+00:00,QQ_same_launch,61555,61569,1,17.625584683255987,17.625584683255987,0.009158321340407559,60.433559735049386,drift,ascent,2024-185D,2024-185T,False
2024-11-25 00:00:00+00:00,QQ_same_launch,61556,61558,1,6.013645731405011,6.013645731405011,0.003052165305211191,31.035097945082867,drift,drift,2024-185E,2024-185G,False
2024-11-25 00:00:00+00:00,QQ_same_launch,61556,61565,1,5.30764886603663,5.30764886603663,0.0028509134203089388,59.92330348104206,drift,drift,2024-185E,2024-185P,False
2024-11-25 00:00:00+00:00,QQ_same_launch,61556,61569,1,10.801746349288827,10.801746349288827,0.005630975816137304,39.06344191930667,drift,ascent,2024-185E,2024-185T,False
2024-11-25 00:00:00+00:00,QQ_same_launch,61558,61565,1,11.338876781199987,11.338876781199987,0.005917986402254399,74.35122388087437,drift,drift,2024-185G,2024-185P,False
2024-11-25 00:00:00+00:00,QQ_same_launch,61558,61569,1,17.05855593917019,17.05855593917019,0.008929947176089241,5.247944537379157,drift,ascent,2024-185G,2024-185T,False
2024-11-25 00:00:00+00:00,QQ_same_launch,61563,61564,1,14.383928800177241,14.383928800177241,0.007116887036923796,48.32936838319391,drift,ascent,2024-185M,2024-185N,False
2024-11-25 00:00:00+00:00,QQ_same_launch,61565,61569,1,5.43080857252702,5.43080857252702,0.0027152500446044375,19.07372541663078,drift,ascent,2024-185P,2024-185T,False
2024-11-28 00:00:00+00:00,QQ_diff_launch,60385,61557,1,13.866218869815032,13.866218869815032,14.140052143296018,86.94863275657438,drift,stranded,2024-140G,2024-185F,False
2024-11-28 00:00:00+00:00,QQ_diff_launch,60385,61559,8,7.248938083599452,14.414634313966875,14.12639269083579,86.77068361005918,drift,drift,2024-140G,2024-185H,False
2024-11-28 00:00:00+00:00,QQ_same_launch,60379,60382,1,1.7798001232798168,1.7798001232798168,0.018956963740107552,88.95625955032985,ascent,ascent,2024-140A,2024-140D,False
2024-11-28 00:00:00+00:00,QQ_same_launch,61552,61563,1,19.218983637479433,19.218983637479433,0.010082455673764729,35.96451997887093,ascent,drift,2024-185A,2024-185M,False
2024-11-28 00:00:00+00:00,QQ_same_launch,61553,61556,1,7.211932886864336,7.211932886864336,0.0035704896876314956,10.118293294524506,ascent,stranded,2024-185B,2024-185E,False
2024-11-28 00:00:00+00:00,QQ_same_launch,61553,61565,1,16.148346660876115,16.148346660876115,0.008434711310747045,85.33536523405333,ascent,drift,2024-185B,2024-185P,False
2024-11-28 00:00:00+00:00,QQ_same_launch,61558,61566,1,6.536070133092795,6.536070133092795,0.003275862380655292,51.97408194373846,drift,drift,2024-185G,2024-185Q,False
2024-12-01 00:00:00+00:00,QQ_same_launch,61552,61564,1,19.847552618912264,19.847552618912264,0.010642087598777194,62.943781790978576,stranded,drift,2024-185A,2024-185N,False
2024-12-01 00:00:00+00:00,QQ_same_launch,61554,61556,1,17.147620176417597,17.147620176417597,0.0127999249120563,0.40268804916056494,stranded,stranded,2024-185C,2024-185E,False
2024-12-04 00:00:00+00:00,QQ_same_launch,61555,61558,1,1.5190297681089933,1.5190297681089933,0.0010665785545273837,1.0031904558902593,drift,drift,2024-185D,2024-185G,False
2024-12-04 00:00:00+00:00,QQ_same_launch,61565,61568,1,19.197480932953106,19.197480932953106,0.009976962715657152,20.21628463606298,drift,stranded,2024-185P,2024-185S,False
2024-12-07 00:00:00+00:00,QQ_diff_launch,60385,61554,1,14.36632894941906,14.36632894941906,14.14431679687714,86.70778835777583,drift,stranded,2024-140G,2024-185C,False
2024-12-07 00:00:00+00:00,QQ_same_launch,60392,60395,1,10.527801380333775,10.527801380333775,0.005878206564623875,64.79155937685995,operational,operational,2024-140P,2024-140S,False
2024-12-07 00:00:00+00:00,QQ_same_launch,61552,61553,1,9.190894214065045,9.190894214065045,0.004851769244175601,68.837014477894,stranded,drift,2024-185A,2024-185B,False
2024-12-07 00:00:00+00:00,QQ_same_launch,61554,61564,2,6.610954380300659,8.405096339297371,0.00968298309149491,51.67040748923043,stranded,drift,2024-185C,2024-185N,False
2024-12-07 00:00:00+00:00,QQ_same_launch,61554,61567,1,8.789106884514714,8.789106884514714,0.0010552993096011175,27.48536477476738,stranded,drift,2024-185C,2024-185R,False
2024-12-07 00:00:00+00:00,QQ_same_launch,61560,61565,1,17.66005981189871,17.66005981189871,0.00896401339529551,27.92196686033651,stranded,drift,2024-185J,2024-185P,False
2024-12-10 00:00:00+00:00,QQ_diff_launch,60385,61567,12,0.6242148415569121,10.542796617054499,14.152633198623478,86.78119699090817,drift,drift,2024-140G,2024-185R,False
2024-12-13 00:00:00+00:00,QQ_same_launch,60381,60390,1,18.49379348791512,18.49379348791512,0.009051867808002743,43.758626842538455,drift,operational,2024-140C,2024-140M,False
2024-12-13 00:00:00+00:00,QQ_same_launch,61552,61569,1,7.173321708281889,7.173321708281889,0.0034917843056646875,6.1402185959954085,stranded,drift,2024-185A,2024-185T,False
2024-12-13 00:00:00+00:00,QQ_same_launch,61555,61556,1,18.507096922132376,18.507096922132376,0.00939755938809388,21.173093679597184,drift,stranded,2024-185D,2024-185E,False
2024-12-13 00:00:00+00:00,QQ_same_launch,61555,61557,1,6.356846965884805,6.356846965884805,0.0032417089067916056,26.848554308400804,drift,stranded,2024-185D,2024-185F,False
2024-12-13 00:00:00+00:00,QQ_same_launch,61556,61558,1,19.634589041390157,19.634589041390157,0.010109917041952484,32.82445292597272,stranded,drift,2024-185E,2024-185G,False
2024-12-16 00:00:00+00:00,QQ_same_launch,60381,60395,1,14.574507456339377,14.574507456339377,0.011357792479319366,80.78288499728377,ascent,operational,2024-140C,2024-140S,False
2024-12-16 00:00:00+00:00,QQ_same_launch,61563,61564,1,15.86720093919832,15.86720093919832,0.008192671178410754,77.26592451189678,drift,drift,2024-185M,2024-185N,False
2024-12-16 00:00:00+00:00,QQ_same_launch,61565,61569,1,17.542868316389786,17.542868316389786,0.009123105199359053,28.590376943351917,drift,drift,2024-185P,2024-185T,False
2024-12-16 00:00:00+00:00,QQ_same_launch,61566,61567,1,12.541773985509103,12.541773985509103,0.006719921836707401,40.3340144681368,drift,drift,2024-185Q,2024-185R,False
2024-12-16 00:00:00+00:00,QQ_same_launch,62243,62244,4,6.063585890352512,9.538442528288867,0.010448460928378566,73.99412832778977,stranded,drift,2024-232G,2024-232H,False
2024-12-16 00:00:00+00:00,QQ_same_launch,62245,62246,15,9.872465842397865,13.947927882090342,0.0144941469655579,63.49118078463034,drift,ascent,2024-232J,2024-232K,True
2024-12-16 00:00:00+00:00,QQ_same_launch,62245,62247,2,19.847510486340884,19.87104451118172,0.02059095518282643,55.20896921516173,drift,ascent,2024-232J,2024-232L,False
2024-12-16 00:00:00+00:00,QQ_same_launch,62246,62247,15,8.973457994754321,9.521553465174348,0.009933565761271086,36.9858442715325,ascent,ascent,2024-232K,2024-232L,True
2024-12-16 00:00:00+00:00,QQ_same_launch,62246,62248,15,15.086594627691868,15.32607603833895,0.01597240779931632,24.69521587315992,ascent,drift,2024-232K,2024-232M,True
2024-12-16 00:00:00+00:00,QQ_same_launch,62247,62248,15,5.470234905973928,5.772896134115808,0.006025391784664654,52.27942951051216,ascent,drift,2024-232L,2024-232M,True
2024-12-16 00:00:00+00:00,QQ_same_launch,62251,62252,15,9.825211215800104,10.200067455192588,0.010591215299880465,83.9741818397319,drift,drift,2024-232Q,2024-232R,True
2024-12-16 00:00:00+00:00,QQ_same_launch,62252,62253,15,13.650856924744714,14.247632792947165,0.014768465744080932,73.10553640701,drift,drift,2024-232R,2024-232S,True
2024-12-16 00:00:00+00:00,QQ_same_launch,62253,62254,11,18.817808154614134,19.308763287110718,0.019991653573274808,77.35543650677593,drift,drift,2024-232S,2024-232T,False
2024-12-16 00:00:00+00:00,QQ_same_launch,62254,62255,15,10.024894401676011,10.436659468686496,0.010844071383930466,59.10268454771157,drift,drift,2024-232T,2024-232U,True
2024-12-19 00:00:00+00:00,QQ_same_launch,61552,61564,1,18.083208970269624,18.083208970269624,0.008763288244062266,14.705067361468133,stranded,drift,2024-185A,2024-185N,False
2024-12-19 00:00:00+00:00,QQ_same_launch,61553,61565,1,15.604781654671916,15.604781654671916,0.008221433150194787,61.46676575826289,drift,drift,2024-185B,2024-185P,False
2024-12-19 00:00:00+00:00,QQ_same_launch,61557,61560,1,14.09517036082669,14.09517036082669,0.007201044963225187,12.963545185252867,stranded,stranded,2024-185F,2024-185J,False
2024-12-19 00:00:00+00:00,QQ_same_launch,61558,61568,1,7.089575325676164,7.089575325676164,0.0029143337906494754,15.559121280393159,drift,stranded,2024-185G,2024-185S,False
2024-12-19 00:00:00+00:00,QQ_same_launch,61559,61566,1,12.07388252749223,12.07388252749223,0.006480765952885944,13.647325064640448,drift,drift,2024-185H,2024-185Q,False
2024-12-19 00:00:00+00:00,QQ_same_launch,62245,62252,1,2.4214565780250217,2.4214565780250217,0.0013060481619802948,21.9977531110528,drift,drift,2024-232J,2024-232R,False
2024-12-19 00:00:00+00:00,QQ_same_launch,62251,62252,1,2.4203531712457242,2.4203531712457242,0.001278934955597151,27.376155968287872,drift,drift,2024-232Q,2024-232R,False
2024-12-19 00:00:00+00:00,QQ_same_launch,62252,62253,1,2.771215955809348,2.771215955809348,0.001610799451308304,42.705663889990774,drift,ascent,2024-232R,2024-232S,False
2024-12-19 00:00:00+00:00,QQ_same_launch,62252,62254,1,2.863610656742339,2.863610656742339,0.0017011873637456558,59.03791045859928,drift,drift,2024-232R,2024-232T,False
2024-12-19 00:00:00+00:00,QQ_same_launch,62252,62255,1,1.972376372778393,1.972376372778393,0.0007873210459580812,81.26273624399094,drift,drift,2024-232R,2024-232U,False
2024-12-19 00:00:00+00:00,QQ_same_launch,62254,62255,15,12.712444413151776,13.274744689763923,0.013821510747854862,77.00536678443365,drift,drift,2024-232T,2024-232U,True
2024-12-22 00:00:00+00:00,QQ_diff_launch,61566,62248,1,8.638478133096628,8.638478133096628,5.121513088181241,88.92290820743963,drift,drift,2024-185Q,2024-232M,False
2024-12-22 00:00:00+00:00,QQ_diff_launch,61566,62249,1,16.50655596592919,16.50655596592919,5.121596789669007,88.9439844974551,drift,drift,2024-185Q,2024-232N,False
2024-12-22 00:00:00+00:00,QQ_diff_launch,61566,62252,1,10.108031469980771,10.108031469980771,5.121503315362053,88.93274480921441,drift,drift,2024-185Q,2024-232R,False
2024-12-22 00:00:00+00:00,QQ_diff_launch,61566,62255,1,18.094499490012705,18.094499490012705,5.13739997527242,88.90440840903617,drift,drift,2024-185Q,2024-232U,False
2024-12-22 00:00:00+00:00,QQ_same_launch,60380,60381,1,13.251447683747386,13.251447683747386,0.02129976205342502,88.84000579123767,operational,operational,2024-140B,2024-140C,False
2024-12-22 00:00:00+00:00,QQ_same_launch,61555,61561,1,8.270381861271597,8.270381861271597,0.005151733799889742,65.60746738241818,drift,stranded,2024-185D,2024-185K,False
2024-12-22 00:00:00+00:00,QQ_same_launch,61562,61569,1,11.264333625660507,11.264333625660507,0.005755952229816357,46.78239246251868,drift,drift,2024-185L,2024-185T,False
2024-12-22 00:00:00+00:00,QQ_same_launch,62249,62250,1,0.8740635811809174,0.8740635811809174,0.0005179277369710204,45.16330211453868,drift,drift,2024-232N,2024-232P,False
2024-12-25 00:00:00+00:00,QQ_diff_launch,61566,62243,1,18.815177323527674,18.815177323527674,5.137138325082845,88.90477880765847,drift,stranded,2024-185Q,2024-232G,False
2024-12-25 00:00:00+00:00,QQ_diff_launch,61566,62247,2,12.117576631833892,14.77195232531626,5.128947744226629,88.92471915884613,drift,drift,2024-185Q,2024-232L,False
2024-12-25 00:00:00+00:00,QQ_same_launch,61558,61561,1,7.279193752798546,7.279193752798546,0.003482499546898337,5.1647318105242555,drift,stranded,2024-185G,2024-185K,False
2024-12-25 00:00:00+00:00,QQ_same_launch,61558,61565,1,11.52514434033449,11.52514434033449,0.006201756634005441,55.608194437566524,drift,drift,2024-185G,2024-185P,False
2024-12-25 00:00:00+00:00,QQ_same_launch,61560,61565,1,18.42841683955636,18.42841683955636,0.010501508280455924,69.68832076339119,stranded,drift,2024-185J,2024-185P,False
2024-12-25 00:00:00+00:00,QQ_same_launch,61561,61565,1,18.66764071176865,18.66764071176865,0.010591615298389168,59.45763506429854,stranded,drift,2024-185K,2024-185P,False
2024-12-25 00:00:00+00:00,QQ_same_launch,62254,62255,1,0.4356792407802427,0.4356792407802427,0.0002871162525332669,61.10746272573364,drift,drift,2024-232T,2024-232U,False
2024-12-28 00:00:00+00:00,QQ_diff_launch,61564,62242,1,14.964941161152593,14.964941161152593,5.120941134078637,88.94048216616113,drift,drift,2024-185N,2024-232F,False
2024-12-28 00:00:00+00:00,QQ_diff_launch,61566,62240,1,18.073667376611223,18.073667376611223,5.120490449906179,88.9488778479016,drift,stranded,2024-185Q,2024-232D,False
2024-12-28 00:00:00+00:00,QQ_same_launch,60382,60383,1,15.11038780876721,15.11038780876721,0.027481566162071237,88.3700563238291,operational,operational,2024-140D,2024-140E,False
2024-12-28 00:00:00+00:00,QQ_same_launch,61560,61563,1,6.947103143944873,6.947103143944873,0.0030495107713759797,13.893290190737773,stranded,drift,2024-185J,2024-185M,False
2024-12-28 00:00:00+00:00,QQ_same_launch,62243,62247,1,2.204767852791845,2.204767852791845,0.0011621542670700545,5.663087375118441,stranded,drift,2024-232G,2024-232L,False
2024-12-28 00:00:00+00:00,QQ_same_launch,62246,62248,1,1.1641882592210806,1.1641882592210806,0.0006923166112797382,31.179477039582157,drift,drift,2024-232K,2024-232M,False
2024-12-28 00:00:00+00:00,QQ_same_launch,62249,62250,14,0.029206292219341803,6.566283141196348,0.00735046317713868,37.03984550238756,drift,drift,2024-232N,2024-232P,True
2024-12-31 00:00:00+00:00,QQ_diff_launch,60385,61563,2,11.780394235506296,13.01103962826641,14.099276470935184,86.81013442183075,drift,drift,2024-140G,2024-185M,False
2024-12-31 00:00:00+00:00,QQ_diff_launch,61557,62249,1,5.378237989774273,5.378237989774273,5.119756074524574,88.93042607657446,stranded,drift,2024-185F,2024-232N,False
2024-12-31 00:00:00+00:00,QQ_diff_launch,61557,62250,1,2.951090969161274,2.951090969161274,5.120368572386315,88.92843325406194,stranded,drift,2024-185F,2024-232P,False
2024-12-31 00:00:00+00:00,QQ_diff_launch,61557,62254,1,5.5296344077067365,5.5296344077067365,5.120142330459906,88.93154829211439,stranded,drift,2024-185F,2024-232T,False
2024-12-31 00:00:00+00:00,QQ_diff_launch,61557,62255,1,18.521153104691066,18.521153104691066,5.13767548041508,88.93618621273643,stranded,drift,2024-185F,2024-232U,False
2024-12-31 00:00:00+00:00,QQ_same_launch,62241,62251,1,2.1677166811417803,2.1677166811417803,0.0013624713902202,78.4026934513049,drift,drift,2024-232E,2024-232Q,False
2024-12-31 00:00:00+00:00,QQ_same_launch,62241,62253,1,1.4089242388092251,1.4089242388092251,0.0009157630190183033,44.17126683381147,drift,drift,2024-232E,2024-232S,False
2024-12-31 00:00:00+00:00,QQ_same_launch,62252,62255,1,0.6465063537341289,0.6465063537341289,0.000462450709033472,28.451825484245045,drift,drift,2024-232R,2024-232U,False
2025-01-03 00:00:00+00:00,QQ_diff_launch,60385,61564,1,15.544846061417712,15.544846061417712,14.092971411114755,86.66921101236825,drift,drift,2024-140G,2024-185N,False
2025-01-03 00:00:00+00:00,QQ_same_launch,60382,60394,1,14.474504541558687,14.474504541558687,0.03145483888835879,88.76105493699181,operational,operational,2024-140D,2024-140R,False
2025-01-03 00:00:00+00:00,QQ_same_launch,62240,62247,1,8.193257982265592,8.193257982265592,0.003715128660872446,43.44606813428947,stranded,ascent,2024-232D,2024-232L,False
2025-01-03 00:00:00+00:00,QQ_same_launch,62241,62249,1,1.728570116131749,1.728570116131749,0.0008715366409350743,14.992622394917893,drift,drift,2024-232E,2024-232N,False
2025-01-03 00:00:00+00:00,QQ_same_launch,62241,62254,1,1.998235089525511,1.998235089525511,0.0011256390682337803,16.84666451599041,drift,drift,2024-232E,2024-232T,False
2025-01-03 00:00:00+00:00,QQ_same_launch,62242,62247,1,9.664872712112851,9.664872712112851,0.005429789363915521,1.9036896015180036,drift,ascent,2024-232F,2024-232L,False
2025-01-03 00:00:00+00:00,QQ_same_launch,62246,62251,7,0.2770629079277054,12.803296917003268,0.01361943113174131,61.979853328327884,drift,drift,2024-232K,2024-232Q,False
2025-01-03 00:00:00+00:00,QQ_same_launch,62250,62255,1,4.44888339318347,4.44888339318347,0.004486835225977927,46.713107847264425,drift,drift,2024-232P,2024-232U,False
2025-01-06 00:00:00+00:00,QQ_diff_launch,61554,62252,1,15.67402781090631,15.67402781090631,5.113459865980583,88.94071174865637,stranded,ascent,2024-185C,2024-232R,False
2025-01-06 00:00:00+00:00,QQ_diff_launch,61554,62255,1,2.345283443946259,2.345283443946259,5.112201074814677,88.92238714726987,stranded,ascent,2024-185C,2024-232U,False
2025-01-06 00:00:00+00:00,QQ_diff_launch,61557,62243,1,11.093560236264931,11.093560236264931,5.119373028140276,88.91775316900944,stranded,stranded,2024-185F,2024-232G,False
2025-01-06 00:00:00+00:00,QQ_diff_launch,61565,62246,2,14.615455958375858,16.65390377323894,5.128691084058538,88.91858432357574,drift,ascent,2024-185P,2024-232K,False
2025-01-06 00:00:00+00:00,QQ_diff_launch,61565,62254,3,13.875621492039963,17.953940022894272,5.120025255744567,88.93345975783028,drift,ascent,2024-185P,2024-232T,False
2025-01-06 00:00:00+00:00,QQ_same_launch,61558,61564,1,17.75018387832945,17.75018387832945,0.009858715772463661,54.76021580803115,drift,drift,2024-185G,2024-185N,False
2025-01-06 00:00:00+00:00,QQ_same_launch,61560,61566,1,15.629954801742887,15.629954801742887,0.009360293198610727,79.45155149911909,stranded,drift,2024-185J,2024-185Q,False
2025-01-06 00:00:00+00:00,QQ_same_launch,61564,61567,1,19.419806202496538,19.419806202496538,0.010388289620932712,31.076296717496927,drift,ascent,2024-185N,2024-185R,False
2025-01-06 00:00:00+00:00,QQ_same_launch,62241,62252,1,5.685181413309394,5.685181413309394,0.0031154847305992868,13.61023597179494,drift,ascent,2024-232E,2024-232R,False
2025-01-06 00:00:00+00:00,QQ_same_launch,62246,62251,1,3.843440897945851,3.843440897945851,0.0019158379850433577,34.45121331139428,ascent,ascent,2024-232K,2024-232Q,False
2025-01-06 00:00:00+00:00,QQ_same_launch,62249,62250,1,11.83888719525671,11.83888719525671,0.007803073804331501,39.772040579691456,drift,ascent,2024-232N,2024-232P,False
2025-01-06 00:00:00+00:00,QQ_same_launch,62249,62255,1,5.754662030648792,5.754662030648792,0.0024882120762865297,8.696427557411685,drift,ascent,2024-232N,2024-232U,False
2025-01-06 00:00:00+00:00,QQ_same_launch,62251,62254,1,5.820685922923921,5.820685922923921,0.003026935833901455,44.09979331716047,ascent,ascent,2024-232Q,2024-232T,False
2025-01-09 00:00:00+00:00,QQ_diff_launch,61557,62248,1,18.099036806127373,18.099036806127373,5.134426895155057,88.94618995266826,stranded,drift,2024-185F,2024-232M,False
2025-01-09 00:00:00+00:00,QQ_diff_launch,61557,62251,1,6.350224193339828,6.350224193339828,5.1343881497398325,88.92396645257377,stranded,drift,2024-185F,2024-232Q,False
2025-01-09 00:00:00+00:00,QQ_diff_launch,61568,62246,1,11.25487922994762,11.25487922994762,5.131929642322139,88.93663836420107,stranded,drift,2024-185S,2024-232K,False
2025-01-09 00:00:00+00:00,QQ_same_launch,60380,60382,1,12.569558548452466,12.569558548452466,0.006712686001299438,69.42549130311892,operational,operational,2024-140B,2024-140D,False
2025-01-09 00:00:00+00:00,QQ_same_launch,61558,61563,4,2.254421829613088,7.513612873710574,0.008437803844311175,31.144783443561977,drift,drift,2024-185G,2024-185M,False
2025-01-09 00:00:00+00:00,QQ_same_launch,61565,61568,1,19.766327285733027,19.766327285733027,0.010410095318681182,29.096880159919397,drift,stranded,2024-185P,2024-185S,False
2025-01-09 00:00:00+00:00,QQ_same_launch,62240,62248,1,14.989662324097019,14.989662324097019,0.0077481408286958105,18.00894965903636,stranded,drift,2024-232D,2024-232M,False
2025-01-09 00:00:00+00:00,QQ_same_launch,62240,62251,1,15.591297724395345,15.591297724395345,0.00786021821143351,87.10637955485731,stranded,drift,2024-232D,2024-232Q,False
2025-01-09 00:00:00+00:00,QQ_same_launch,62243,62246,1,10.834745061771795,10.834745061771795,0.005493813057819809,88.23995578407386,stranded,drift,2024-232G,2024-232K,False
2025-01-09 00:00:00+00:00,QQ_same_launch,62243,62252,1,14.25942439531871,14.25942439531871,0.007604273885020234,55.5539048135133,stranded,drift,2024-232G,2024-232R,False
2025-01-09 00:00:00+00:00,QQ_same_launch,62243,62254,1,11.20092301073499,11.20092301073499,0.005522512044229752,19.93263490557192,stranded,drift,2024-232G,2024-232T,False
2025-01-12 00:00:00+00:00,QQ_diff_launch,61555,62238,1,9.367106169045845,9.367106169045845,5.12964869388276,88.93589958847934,ascent,drift,2024-185D,2024-232B,False
2025-01-12 00:00:00+00:00,QQ_diff_launch,61560,62252,1,12.640375252915987,12.640375252915987,5.132003634655274,88.9085066884875,stranded,drift,2024-185J,2024-232R,False
2025-01-12 00:00:00+00:00,QQ_diff_launch,61560,62253,1,10.778765475118485,10.778765475118485,5.1328532317807785,88.9391626575789,stranded,drift,2024-185J,2024-232S,False
2025-01-12 00:00:00+00:00,QQ_diff_launch,61560,62254,1,13.662787604384345,13.662787604384345,5.132516503320233,88.94238411339701,stranded,drift,2024-185J,2024-232T,False
2025-01-12 00:00:00+00:00,QQ_diff_launch,61564,62241,1,5.6938399748035495,5.6938399748035495,5.122996230183394,88.91841004888681,drift,drift,2024-185N,2024-232E,False
2025-01-12 00:00:00+00:00,QQ_same_launch,61556,61566,1,14.93867699061097,14.93867699061097,0.009170968578550074,85.46140383628389,stranded,ascent,2024-185E,2024-185Q,False
2025-01-12 00:00:00+00:00,QQ_same_launch,61557,61561,1,13.821695991566102,13.821695991566102,0.008405693266913945,62.24092282681542,stranded,stranded,2024-185F,2024-185K,False
2025-01-12 00:00:00+00:00,QQ_same_launch,61557,61565,1,5.896873628678837,5.896873628678837,0.003975244455857298,60.218328633759654,stranded,drift,2024-185F,2024-185P,False
2025-01-12 00:00:00+00:00,QQ_same_launch,61558,61566,1,15.482610207927227,15.482610207927227,0.007734239776947413,22.387326917335823,drift,ascent,2024-185G,2024-185Q,False
2025-01-12 00:00:00+00:00,QQ_same_launch,61561,61565,1,19.40549328243403,19.40549328243403,0.01029725988835289,30.48123312289979,stranded,drift,2024-185K,2024-185P,False
2025-01-12 00:00:00+00:00,QQ_same_launch,61563,61566,1,14.503058226812518,14.503058226812518,0.007811234842893626,67.15271597486898,drift,ascent,2024-185M,2024-185Q,False
2025-01-12 00:00:00+00:00,QQ_same_launch,62248,62251,1,11.053903070461201,11.053903070461201,0.011909291631401663,20.848885458573562,drift,drift,2024-232M,2024-232Q,False
2025-01-15 00:00:00+00:00,QQ_diff_launch,60385,61554,1,13.248108204750936,13.248108204750936,14.094301888606962,86.8908547261427,drift,stranded,2024-140G,2024-185C,False
2025-01-15 00:00:00+00:00,QQ_diff_launch,60385,62245,1,19.84582930088509,19.84582930088509,11.67165836215278,88.43909410274875,drift,drift,2024-140G,2024-232J,False
2025-01-15 00:00:00+00:00,QQ_diff_launch,61552,62239,1,12.340435013233927,12.340435013233927,5.121363207155527,88.9404580979849,stranded,drift,2024-185A,2024-232C,False
2025-01-15 00:00:00+00:00,QQ_diff_launch,61560,62245,1,0.9518502279776729,0.9518502279776729,5.133030002692428,88.92302147306953,stranded,drift,2024-185J,2024-232J,False
2025-01-15 00:00:00+00:00,QQ_diff_launch,61561,62255,1,12.574802224818134,12.574802224818134,5.1332387600379645,88.94061874173025,stranded,drift,2024-185K,2024-232U,False
2025-01-15 00:00:00+00:00,QQ_diff_launch,61563,62242,1,15.290934523744035,15.290934523744035,5.133106771858636,88.94458255558754,drift,drift,2024-185M,2024-232F,False
2025-01-15 00:00:00+00:00,QQ_diff_launch,61564,62238,1,9.648156802635562,9.648156802635562,5.133274787382137,88.92375328961406,drift,drift,2024-185N,2024-232B,False
2025-01-15 00:00:00+00:00,QQ_diff_launch,61567,62249,1,5.4007933375642585,5.4007933375642585,5.11601117789711,88.91598977702864,ascent,drift,2024-185R,2024-232N,False
2025-01-15 00:00:00+00:00,QQ_same_launch,61556,61562,1,16.44445421991082,16.44445421991082,0.0110749597809454,84.07120690399368,stranded,drift,2024-185E,2024-185L,False
2025-01-18 00:00:00+00:00,QQ_diff_launch,60385,61559,1,15.049986077822096,15.049986077822096,14.097571881036984,86.83067443147577,drift,ascent,2024-140G,2024-185H,False
2025-01-18 00:00:00+00:00,QQ_diff_launch,61554,62238,1,5.820184242041346,5.820184242041346,5.126793196594457,88.91207754190663,stranded,drift,2024-185C,2024-232B,False
2025-01-18 00:00:00+00:00,QQ_diff_launch,61556,62240,1,14.675178834654668,14.675178834654668,5.12297399585621,88.92450565789406,stranded,stranded,2024-185E,2024-232D,False
2025-01-18 00:00:00+00:00,QQ_same_launch,61552,61566,1,14.123569259139625,14.123569259139625,0.004858182654652432,6.955459233284874,stranded,ascent,2024-185A,2024-185Q,False
2025-01-18 00:00:00+00:00,QQ_same_launch,61555,61564,1,10.992213067895475,10.992213067895475,0.005239320781405272,12.031016940329076,ascent,drift,2024-185D,2024-185N,False
2025-01-18 00:00:00+00:00,QQ_same_launch,62238,62245,1,15.403274521016108,15.403274521016108,0.008351062700085116,30.223522704073854,drift,drift,2024-232B,2024-232J,False
2025-01-18 00:00:00+00:00,QQ_same_launch,62242,62250,1,4.9779129400169095,4.9779129400169095,0.0022507671909255448,31.932888111133753,drift,drift,2024-232F,2024-232P,False
2025-01-21 00:00:00+00:00,QQ_diff_launch,61563,62248,1,12.893111461922626,12.893111461922626,5.132816313268639,88.94002430723891,drift,drift,2024-185M,2024-232M,False
2025-01-21 00:00:00+00:00,QQ_diff_launch,61564,62245,1,11.798545961580077,11.798545961580077,5.121452392938272,88.91353705448026,drift,drift,2024-185N,2024-232J,False
2025-01-21 00:00:00+00:00,QQ_diff_launch,61566,62255,1,5.66384656528569,5.66384656528569,5.118289715796737,88.92131571328193,drift,drift,2024-185Q,2024-232U,False
2025-01-21 00:00:00+00:00,QQ_same_launch,61556,61564,1,13.907055960484247,13.907055960484247,0.00764734732714489,46.21672561020533,stranded,drift,2024-185E,2024-185N,False
2025-01-21 00:00:00+00:00,QQ_same_launch,62241,62244,1,17.439516429901698,17.439516429901698,0.008705784458009428,29.35025420356429,drift,drift,2024-232E,2024-232H,False
2025-01-21 00:00:00+00:00,QQ_same_launch,62242,62249,1,18.869570446358708,18.869570446358708,0.010104101622834398,8.034529455473752,drift,drift,2024-232F,2024-232N,False
2025-01-21 00:00:00+00:00,QQ_same_launch,62245,62247,1,14.80422431088039,14.80422431088039,0.00788030765792667,43.526085266865245,drift,drift,2024-232J,2024-232L,False
2025-01-24 00:00:00+00:00,QQ_diff_launch,61555,62246,1,2.3925008781006682,2.3925008781006682,5.114495941017765,88.92017964427716,drift,drift,2024-185D,2024-232K,False
2025-01-24 00:00:00+00:00,QQ_diff_launch,61555,62254,1,12.197379656223639,12.197379656223639,5.114444406120821,88.90469187447337,drift,drift,2024-185D,2024-232T,False
2025-01-24 00:00:00+00:00,QQ_same_launch,61554,61559,1,13.81571194809198,13.81571194809198,0.009008930920400636,77.95355740089863,stranded,ascent,2024-185C,2024-185H,False
2025-01-24 00:00:00+00:00,QQ_same_launch,61556,61558,1,19.601550913757414,19.601550913757414,0.012794775209992077,61.82924651822541,stranded,ascent,2024-185E,2024-185G,False
2025-01-24 00:00:00+00:00,QQ_same_launch,61563,61565,1,18.704577880290287,18.704577880290287,0.010699307729274769,68.44268760452103,ascent,ascent,2024-185M,2024-185P,False
2025-01-24 00:00:00+00:00,QQ_same_launch,62238,62254,1,11.156884905064437,11.156884905064437,0.005921263819573748,58.66277186441759,drift,drift,2024-232B,2024-232T,False
2025-01-24 00:00:00+00:00,QQ_same_launch,62241,62248,1,18.04783130352943,18.04783130352943,0.00993473914037762,79.41842371124739,drift,drift,2024-232E,2024-232M,False
2025-01-27 00:00:00+00:00,QQ_diff_launch,60385,62248,1,16.70114607679233,16.70114607679233,11.664181096266228,88.40450814866202,drift,drift,2024-140G,2024-232M,False
2025-01-27 00:00:00+00:00,QQ_diff_launch,61552,62252,1,17.381608507920834,17.381608507920834,5.125265321264686,88.94375168904484,stranded,drift,2024-185A,2024-232R,False
2025-01-27 00:00:00+00:00,QQ_diff_launch,61555,62252,1,16.688049555119278,16.688049555119278,5.1146232915091785,88.89653610165789,ascent,drift,2024-185D,2024-232R,False
2025-01-27 00:00:00+00:00,QQ_diff_launch,61560,62248,1,9.360766444790698,9.360766444790698,5.129073509200818,88.91394062003164,stranded,drift,2024-185J,2024-232M,False
2025-01-27 00:00:00+00:00,QQ_diff_launch,61561,62249,1,10.959359745502752,10.959359745502752,5.133256169862452,88.93617433821967,stranded,ascent,2024-185K,2024-232N,False
2025-01-27 00:00:00+00:00,QQ_diff_launch,61563,62241,1,14.8520333055707,14.8520333055707,5.120691246267529,88.94257201031735,ascent,drift,2024-185M,2024-232E,False
2025-01-27 00:00:00+00:00,QQ_diff_launch,61565,62252,1,3.9966850243740732,3.9966850243740732,5.116265790937341,88.9181821299904,ascent,drift,2024-185P,2024-232R,False
2025-01-27 00:00:00+00:00,QQ_same_launch,61552,61555,1,8.243822672389472,8.243822672389472,0.013394243604342661,83.53967835900373,stranded,ascent,2024-185A,2024-185D,False
2025-01-27 00:00:00+00:00,QQ_same_launch,61563,61564,1,18.14225671536724,18.14225671536724,0.011249734760314748,51.83191710055534,ascent,ascent,2024-185M,2024-185N,False
2025-01-27 00:00:00+00:00,QQ_same_launch,61564,61567,1,16.643937357438237,16.643937357438237,0.010445117131941963,52.28036562241441,ascent,ascent,2024-185N,2024-185R,False
2025-01-27 00:00:00+00:00,QQ_same_launch,62238,62252,1,9.711523105289205,9.711523105289205,0.005707309405350421,76.09139605170651,drift,drift,2024-232B,2024-232R,False
2025-01-27 00:00:00+00:00,QQ_same_launch,62239,62255,1,13.050136488480085,13.050136488480085,0.007176421460293495,21.907270893679616,drift,drift,2024-232C,2024-232U,False
2025-01-27 00:00:00+00:00,QQ_same_launch,62247,62254,1,12.307244128707815,12.307244128707815,0.006829675184116501,44.61253614495772,drift,drift,2024-232L,2024-232T,False
2025-01-27 00:00:00+00:00,QQ_same_launch,62249,62254,1,12.847215467295925,12.847215467295925,0.007008321166746031,9.37184448984598,ascent,drift,2024-232N,2024-232T,False
2025-01-27 00:00:00+00:00,QQ_same_launch,62250,62255,1,16.635457455400516,16.635457455400516,0.008692007880819615,2.825342405013557,drift,drift,2024-232P,2024-232U,False
2025-01-30 00:00:00+00:00,QQ_diff_launch,60385,61560,8,7.0049745737953035,12.264034345245225,14.117321731854897,86.66342368768045,drift,stranded,2024-140G,2024-185J,False
2025-01-30 00:00:00+00:00,QQ_diff_launch,61559,62247,1,8.684495613459964,8.684495613459964,5.106106434461775,88.91260084433249,ascent,drift,2024-185H,2024-232L,False
2025-01-30 00:00:00+00:00,QQ_diff_launch,61563,62246,1,16.309202448642743,16.309202448642743,5.114548493885778,88.89746672713022,drift,drift,2024-185M,2024-232K,False
2025-01-30 00:00:00+00:00,QQ_diff_launch,61564,62247,1,4.67383795163115,4.67383795163115,5.114220127076044,88.9284639636055,drift,drift,2024-185N,2024-232L,False
2025-01-30 00:00:00+00:00,QQ_diff_launch,61567,62238,1,11.166441129048346,11.166441129048346,5.105105476683037,88.92531591035572,drift,drift,2024-185R,2024-232B,False
2025-01-30 00:00:00+00:00,QQ_same_launch,61555,61566,1,10.69695949306442,10.69695949306442,0.006217342440704257,75.61365513807435,drift,drift,2024-185D,2024-185Q,False
2025-01-30 00:00:00+00:00,QQ_same_launch,61556,61567,1,18.389008719263494,18.389008719263494,0.014055953767594232,88.14785808450547,stranded,drift,2024-185E,2024-185R,False
2025-01-30 00:00:00+00:00,QQ_same_launch,62238,62244,1,11.634840704328719,11.634840704328719,0.006297187784301058,17.470681501415424,drift,drift,2024-232B,2024-232H,False
2025-01-30 00:00:00+00:00,QQ_same_launch,62240,62252,1,16.626032313557495,16.626032313557495,0.008633200538277763,52.90713266919575,stranded,drift,2024-232D,2024-232R,False
2025-01-30 00:00:00+00:00,QQ_same_launch,62247,62251,1,10.43701104510579,10.43701104510579,0.00565750436157394,60.01248719846124,drift,drift,2024-232L,2024-232Q,False
2025-01-30 00:00:00+00:00,QQ_same_launch,62249,62253,1,10.166733084819795,10.166733084819795,0.005728359725846179,55.75236923361736,drift,drift,2024-232N,2024-232S,False
2025-02-02 00:00:00+00:00,QQ_same_launch,61556,61559,1,17.424857403297754,17.424857403297754,0.0073060409259457755,10.060707054587162,stranded,ascent,2024-185E,2024-185H,False
2025-02-02 00:00:00+00:00,QQ_same_launch,61557,61568,1,16.260764865529115,16.260764865529115,0.008509895754756558,17.749001696488847,stranded,stranded,2024-185F,2024-185S,False
2025-02-02 00:00:00+00:00,QQ_same_launch,62240,62254,1,14.731600934964185,14.731600934964185,0.00792711414981313,73.4655745373993,stranded,drift,2024-232D,2024-232T,False
2025-02-02 00:00:00+00:00,QQ_same_launch,62244,62247,1,11.787724106566182,11.787724106566182,0.006794487458088443,51.92083568476398,drift,drift,2024-232H,2024-232L,False
2025-02-05 00:00:00+00:00,QQ_diff_launch,61553,62247,1,12.673245660347279,12.673245660347279,5.119787495569489,88.91384473360188,stranded,ascent,2024-185B,2024-232L,False
2025-02-05 00:00:00+00:00,QQ_diff_launch,61561,62241,1,4.555624605833539,4.555624605833539,5.132967942763029,88.91796807366573,stranded,drift,2024-185K,2024-232E,False
2025-02-05 00:00:00+00:00,QQ_diff_launch,61563,62252,1,14.089225824332061,14.089225824332061,5.112605474385432,88.93463731647273,ascent,ascent,2024-185M,2024-232R,False
2025-02-05 00:00:00+00:00,QQ_diff_launch,62246,62785,1,16.550376361731434,16.550376361731434,7.727031242022984,88.81515342458233,drift,drift,2024-232K,2025-016A,False
2025-02-05 00:00:00+00:00,QQ_diff_launch,62246,62802,1,17.83143582236636,17.83143582236636,7.7268776669418795,88.80133578246529,drift,drift,2024-232K,2025-016T,False
2025-02-05 00:00:00+00:00,QQ_diff_launch,62249,62789,1,19.9842476642965,19.9842476642965,7.728301943245113,88.81772295955058,drift,drift,2024-232N,2025-016E,False
2025-02-05 00:00:00+00:00,QQ_same_launch,61552,61565,1,10.67944906545962,10.67944906545962,0.011294947460475616,53.39190502183002,stranded,drift,2024-185A,2024-185P,False
2025-02-05 00:00:00+00:00,QQ_same_launch,62243,62248,1,12.163259990352785,12.163259990352785,0.006678257863403262,62.674542960411095,stranded,ascent,2024-232G,2024-232M,False
2025-02-05 00:00:00+00:00,QQ_same_launch,62790,62791,15,18.25753156311813,18.844439593136414,0.01952138865410664,75.13646516420265,ascent,drift,2025-016F,2025-016G,True
2025-02-05 00:00:00+00:00,QQ_same_launch,62792,62793,13,18.327593786046172,19.123091922273655,0.019977993699491135,27.687145085704902,drift,ascent,2025-016H,2025-016J,False
2025-02-05 00:00:00+00:00,QQ_same_launch,62793,62794,15,4.206059247168334,4.308439832842672,0.004506150561290104,2.4786775380168935,ascent,drift,2025-016J,2025-016K,True
2025-02-05 00:00:00+00:00,QQ_same_launch,62793,62795,15,8.103241648336974,8.326430931452784,0.008643885399384555,36.76485182242035,ascent,ascent,2025-016J,2025-016L,True
2025-02-05 00:00:00+00:00,QQ_same_launch,62794,62795,15,3.8073116803621545,3.9264589892509836,0.00411982792218546,18.01584223015115,drift,ascent,2025-016K,2025-016L,True
2025-02-05 00:00:00+00:00,QQ_same_launch,62801,62802,15,9.340668288708056,9.674261294421381,0.01007442647166436,30.195556973051968,drift,drift,2025-016S,2025-016T,True
2025-02-08 00:00:00+00:00,QQ_diff_launch,60385,61557,2,16.403835993555923,16.947067838463692,14.124509501227536,86.66583082124646,drift,stranded,2024-140G,2024-185F,False
2025-02-08 00:00:00+00:00,QQ_diff_launch,60385,62255,1,18.42091111443443,18.42091111443443,11.653048011427197,88.43830947223921,drift,ascent,2024-140G,2024-232U,False
2025-02-08 00:00:00+00:00,QQ_diff_launch,61557,62241,1,14.527201302722464,14.527201302722464,5.1359301951146525,88.92187949418954,stranded,drift,2024-185F,2024-232E,False
2025-02-08 00:00:00+00:00,QQ_diff_launch,61558,62244,2,10.178711000699158,13.478145422062745,5.117186247519743,88.9210563532289,ascent,ascent,2024-185G,2024-232H,False
2025-02-08 00:00:00+00:00,QQ_same_launch,62249,62254,1,16.070184231080116,16.070184231080116,0.008637285732346437,40.76199495093045,ascent,ascent,2024-232N,2024-232T,False
2025-02-08 00:00:00+00:00,QQ_same_launch,62252,62255,1,17.409418613356937,17.409418613356937,0.00909580293019396,83.57855894197515,ascent,ascent,2024-232R,2024-232U,False
2025-02-08 00:00:00+00:00,QQ_same_launch,62785,62795,1,1.5409812350439742,1.5409812350439742,0.0024536383373950253,65.43084841229434,ascent,drift,2025-016A,2025-016L,False
2025-02-08 00:00:00+00:00,QQ_same_launch,62786,62790,1,5.530096935904142,5.530096935904142,0.003934370151650644,39.83727396819406,ascent,drift,2025-016B,2025-016F,False
2025-02-08 00:00:00+00:00,QQ_same_launch,62788,62793,6,1.4076908080602186,5.76437786128135,0.006779050273746147,3.574823626357822,ascent,drift,2025-016D,2025-016J,False
2025-02-08 00:00:00+00:00,QQ_same_launch,62788,62802,3,1.9362515524245658,5.004653957396108,0.005101766347752083,26.63073745600287,ascent,drift,2025-016D,2025-016T,False
2025-02-08 00:00:00+00:00,QQ_same_launch,62789,62802,3,0.2805551335443579,4.097231620858488,0.003168463093232125,27.663165381055137,ascent,drift,2025-016E,2025-016T,False
2025-02-08 00:00:00+00:00,QQ_same_launch,62791,62802,1,6.453820363259375,6.453820363259375,0.010032959069621991,42.08602962906986,drift,drift,2025-016G,2025-016T,False
2025-02-08 00:00:00+00:00,QQ_same_launch,62793,62794,1,19.37933513302891,19.37933513302891,0.021538460887665475,66.16668977072295,drift,drift,2025-016J,2025-016K,False
2025-02-08 00:00:00+00:00,QQ_same_launch,62793,62802,4,1.4735940475526412,6.928060798548529,0.008891241395192675,43.938592046732325,drift,drift,2025-016J,2025-016T,False
2025-02-08 00:00:00+00:00,QQ_same_launch,62794,62802,4,1.342230299682424,7.454546158178475,0.009188944826083597,26.24762507357412,drift,drift,2025-016K,2025-016T,False
2025-02-11 00:00:00+00:00,QQ_diff_launch,61552,62246,3,4.558269705455979,14.463709636981331,5.125873916251764,88.92639301047403,stranded,ascent,2024-185A,2024-232K,False
2025-02-11 00:00:00+00:00,QQ_diff_launch,61554,62242,1,13.935771801728027,13.935771801728027,5.117417096170369,88.90817977150388,stranded,ascent,2024-185C,2024-232F,False
2025-02-11 00:00:00+00:00,QQ_diff_launch,61565,62238,2,14.51555316244535,17.103384523690217,5.104407134218347,88.93005978178229,ascent,ascent,2024-185P,2024-232B,False
2025-02-11 00:00:00+00:00,QQ_diff_launch,62240,62791,4,8.90629054805239,13.412782870983584,7.720857339427017,88.81906872395288,stranded,drift,2024-232D,2025-016G,False
2025-02-11 00:00:00+00:00,QQ_diff_launch,62240,62794,1,18.691669757088288,18.691669757088288,7.709450083315152,88.77300944377835,stranded,drift,2024-232D,2025-016K,False
2025-02-11 00:00:00+00:00,QQ_diff_launch,62240,62795,4,10.384298368587713,12.888330172390607,7.7208049169151245,88.81744654068235,stranded,drift,2024-232D,2025-016L,False
2025-02-11 00:00:00+00:00,QQ_diff_launch,62240,62796,1,10.447084898253529,10.447084898253529,7.732422305253166,88.83559365353528,stranded,drift,2024-232D,2025-016M,False
2025-02-11 00:00:00+00:00,QQ_same_launch,62247,62250,1,19.66394083910987,19.66394083910987,0.01011701139201918,10.952827850216606,ascent,ascent,2024-232L,2024-232P,False
2025-02-11 00:00:00+00:00,QQ_same_launch,62251,62252,1,6.052213923700412,6.052213923700412,0.0032409833830605752,58.27834062105017,ascent,ascent,2024-232Q,2024-232R,False
2025-02-11 00:00:00+00:00,QQ_same_launch,62791,62795,9,3.962593093074295,10.123314802906334,0.010580734970667104,85.51236959408382,drift,drift,2025-016G,2025-016L,False
2025-02-14 00:00:00+00:00,QQ_diff_launch,61552,62255,2,11.399385258143912,12.582756452518275,5.135931196947633,88.9274772948834,stranded,ascent,2024-185A,2024-232U,False
2025-02-14 00:00:00+00:00,QQ_diff_launch,61558,62248,1,17.63297438778962,17.63297438778962,5.117148865136165,88.91705827864456,ascent,ascent,2024-185G,2024-232M,False
2025-02-14 00:00:00+00:00,QQ_diff_launch,62240,62790,5,8.390349219204328,12.143934312511403,7.7096814240263924,88.80669399498831,stranded,drift,2024-232D,2025-016F,False
2025-02-14 00:00:00+00:00,QQ_same_launch,61559,61563,1,19.110835802143402,19.110835802143402,0.01012130731601352,6.3980656486319125,ascent,ascent,2024-185H,2024-185M,False
2025-02-14 00:00:00+00:00,QQ_same_launch,62246,62247,1,19.78866044547728,19.78866044547728,0.011381883417720598,43.350205202240055,ascent,ascent,2024-232K,2024-232L,False
2025-02-14 00:00:00+00:00,QQ_same_launch,62791,62794,1,0.7298440452544456,0.7298440452544456,0.00035238194681723873,28.20447122325358,drift,drift,2025-016G,2025-016K,False
2025-02-17 00:00:00+00:00,QQ_diff_launch,61561,62243,1,13.85471082274014,13.85471082274014,5.1186475567423715,88.90130816008342,stranded,stranded,2024-185K,2024-232G,False
2025-02-17 00:00:00+00:00,QQ_diff_launch,61563,62244,2,9.773697217659347,14.084500219480672,5.103057111478151,88.9218921095499,drift,ascent,2024-185M,2024-232H,False
2025-02-17 00:00:00+00:00,QQ_diff_launch,61564,62251,3,5.486701062585959,9.980868530450925,5.102913606287557,88.91163235662374,ascent,ascent,2024-185N,2024-232Q,False
2025-02-17 00:00:00+00:00,QQ_diff_launch,62240,62789,3,11.309748614573635,14.118419777893003,7.709901697996064,88.821670777793,stranded,drift,2024-232D,2025-016E,False
2025-02-17 00:00:00+00:00,QQ_same_launch,61554,61568,1,13.49680357569583,13.49680357569583,0.004403665024451383,24.09917090402986,stranded,stranded,2024-185C,2024-185S,False
2025-02-17 00:00:00+00:00,QQ_same_launch,62239,62244,1,12.538256760566112,12.538256760566112,0.006870427184996713,53.92838971665801,ascent,ascent,2024-232C,2024-232H,False
2025-02-17 00:00:00+00:00,QQ_same_launch,62242,62248,1,11.826493029792145,11.826493029792145,0.005850479029733744,44.63467048238848,ascent,ascent,2024-232F,2024-232M,False
2025-02-17 00:00:00+00:00,QQ_same_launch,62247,62248,1,16.425470609982597,16.425470609982597,0.008336115847324367,18.694125292634354,ascent,ascent,2024-232L,2024-232M,False
2025-02-17 00:00:00+00:00,QQ_same_launch,62799,62800,5,3.5181109931374324,8.393957223451787,0.008762936517642187,71.16470945896896,drift,drift,2025-016Q,2025-016R,False
2025-02-20 00:00:00+00:00,QQ_diff_launch,61560,62243,1,16.077559747661684,16.077559747661684,5.129129440069214,88.91287611309806,stranded,stranded,2024-185J,2024-232G,False
2025-02-20 00:00:00+00:00,QQ_diff_launch,61567,62246,1,8.167385528483301,8.167385528483301,5.097426438992472,88.92362394836954,stranded,ascent,2024-185R,2024-232K,False
2025-02-20 00:00:00+00:00,QQ_same_launch,61555,61564,1,13.200507762489107,13.200507762489107,0.007999909894213007,86.76153951629946,drift,drift,2024-185D,2024-185N,False
2025-02-20 00:00:00+00:00,QQ_same_launch,61564,61566,1,8.104946100154116,8.104946100154116,0.004353369808930316,66.19109100772634,drift,drift,2024-185N,2024-185Q,False
2025-02-23 00:00:00+00:00,QQ_diff_launch,60385,62785,1,14.690877019179739,14.690877019179739,14.767745806025976,81.9715137099817,drift,ascent,2024-140G,2025-016A,False
2025-02-23 00:00:00+00:00,QQ_diff_launch,61558,62785,1,7.669229279068354,7.669229279068354,2.845491780764291,88.9724423662775,drift,ascent,2024-185G,2025-016A,False
2025-02-23 00:00:00+00:00,QQ_diff_launch,61568,62792,1,16.796242294013826,16.796242294013826,2.8782078434756033,88.95538785837464,stranded,ascent,2024-185S,2025-016H,False
2025-02-23 00:00:00+00:00,QQ_same_launch,61554,61560,1,15.75759587811619,15.75759587811619,0.0068956852664666555,28.50660517362789,stranded,stranded,2024-185C,2024-185J,False
2025-02-23 00:00:00+00:00,QQ_same_launch,62242,62246,1,14.768623904682409,14.768623904682409,0.007607014842680307,11.80879056498917,ascent,ascent,2024-232F,2024-232K,False
2025-02-23 00:00:00+00:00,QQ_same_launch,62786,62787,1,5.864186019574523,5.864186019574523,0.003504438476507985,55.37929085973787,ascent,ascent,2025-016B,2025-016C,False
2025-02-23 00:00:00+00:00,QQ_same_launch,62789,62793,1,6.80253367280222,6.80253367280222,0.003723044098988896,21.09917249185397,ascent,ascent,2025-016E,2025-016J,False
2025-02-23 00:00:00+00:00,QQ_same_launch,62792,62798,1,6.0566124796836665,6.0566124796836665,0.002082899977071776,19.01897667188084,ascent,ascent,2025-016H,2025-016P,False
2025-02-23 00:00:00+00:00,QQ_same_launch,62792,62802,1,13.425443757425958,13.425443757425958,0.007723882811846218,49.810583117377476,ascent,ascent,2025-016H,2025-016T,False
2025-02-23 00:00:00+00:00,QQ_same_launch,62794,62795,1,2.344669809176535,2.344669809176535,0.0010915614548600804,72.18973808781506,ascent,ascent,2025-016K,2025-016L,False
2025-02-23 00:00:00+00:00,QQ_same_launch,62794,62802,1,12.310427641233147,12.310427641233147,0.007115453145297443,18.086740333146928,ascent,ascent,2025-016K,2025-016T,False
2025-02-23 00:00:00+00:00,QQ_same_launch,62796,62802,1,9.926831759652098,9.926831759652098,0.005337929557046147,66.80458516812105,ascent,ascent,2025-016M,2025-016T,False
2025-02-23 00:00:00+00:00,QQ_same_launch,62797,62800,1,5.004982386146525,5.004982386146525,0.002562328144496846,30.89518253083824,drift,ascent,2025-016N,2025-016R,False
2025-02-23 00:00:00+00:00,QQ_same_launch,62797,62801,1,11.23742457326683,11.23742457326683,0.005582535475495471,39.39350714982716,drift,ascent,2025-016N,2025-016S,False
2025-02-23 00:00:00+00:00,QQ_same_launch,62798,62802,1,4.04918736443604,4.04918736443604,0.002161101797609052,33.18013491390625,ascent,ascent,2025-016P,2025-016T,False
2025-02-23 00:00:00+00:00,QQ_same_launch,62800,62801,1,6.942977981943247,6.942977981943247,0.0037854759005128227,31.876721607327564,ascent,ascent,2025-016R,2025-016S,False
2025-02-26 00:00:00+00:00,QQ_diff_launch,60385,62794,1,11.826240420644835,11.826240420644835,14.771409368116805,82.29319224168114,drift,ascent,2024-140G,2025-016K,False
2025-02-26 00:00:00+00:00,QQ_diff_launch,61558,62785,1,8.303420345438482,8.303420345438482,2.8529074676593322,88.97396053905766,drift,ascent,2024-185G,2025-016A,False
2025-02-26 00:00:00+00:00,QQ_same_launch,61556,61558,1,12.400050363934715,12.400050363934715,0.00515404594846354,15.933108515263822,stranded,drift,2024-185E,2024-185G,False
2025-02-26 00:00:00+00:00,QQ_same_launch,62791,62798,1,7.158441137952306,7.158441137952306,0.004146201073367483,47.43485588874603,ascent,ascent,2025-016G,2025-016P,False
2025-02-26 00:00:00+00:00,QQ_same_launch,62792,62796,7,1.8840351423397073,3.406113603107113,0.0048683131083816075,68.84120270256683,ascent,ascent,2025-016H,2025-016M,False
2025-03-01 00:00:00+00:00,QQ_diff_launch,60385,62799,1,12.906050545327686,12.906050545327686,14.77215812514496,82.33507687470193,drift,ascent,2024-140G,2025-016Q,False
2025-03-01 00:00:00+00:00,QQ_diff_launch,61553,62794,1,17.066659158635954,17.066659158635954,2.8206917688032473,88.95515265789797,stranded,ascent,2024-185B,2025-016K,False
2025-03-01 00:00:00+00:00,QQ_diff_launch,61553,62801,1,3.6132181416817475,3.6132181416817475,2.8202184432716506,88.9712298018561,stranded,ascent,2024-185B,2025-016S,False
2025-03-01 00:00:00+00:00,QQ_same_launch,62239,62254,1,16.257624229788963,16.257624229788963,0.008085523823062683,35.50661632715002,ascent,ascent,2024-232C,2024-232T,False
2025-03-01 00:00:00+00:00,QQ_same_launch,62240,62241,1,18.605821569200938,18.605821569200938,0.009646816556881781,9.242500218640973,stranded,ascent,2024-232D,2024-232E,False
2025-03-01 00:00:00+00:00,QQ_same_launch,62242,62253,1,19.575285216494734,19.575285216494734,0.009837228577841087,24.426150371986296,ascent,ascent,2024-232F,2024-232S,False
2025-03-01 00:00:00+00:00,QQ_same_launch,62244,62246,1,17.53918240624831,17.53918240624831,0.008745183970349502,43.36716337244168,ascent,ascent,2024-232H,2024-232K,False
2025-03-01 00:00:00+00:00,QQ_same_launch,62789,62791,2,3.0488745753105193,3.392163548947085,0.0053371151897487305,59.41856973985532,ascent,ascent,2025-016E,2025-016G,False
2025-03-01 00:00:00+00:00,QQ_same_launch,62792,62796,1,1.7812466829668647,1.7812466829668647,0.0012529091567568685,25.358373934420705,ascent,ascent,2025-016H,2025-016M,False
2025-03-01 00:00:00+00:00,QQ_same_launch,62792,62801,1,5.39125501942631,5.39125501942631,0.002753739406154582,51.014348554904316,ascent,ascent,2025-016H,2025-016S,False
2025-03-01 00:00:00+00:00,QQ_same_launch,62796,62801,1,3.815734134977177,3.815734134977177,0.0017922017462883072,81.37578980595548,ascent,ascent,2025-016M,2025-016S,False
2025-03-04 00:00:00+00:00,QQ_diff_launch,60385,62240,2,6.763365516526755,8.80306365074935,11.646315206769629,88.35796377815245,drift,stranded,2024-140G,2024-232D,False
2025-03-04 00:00:00+00:00,QQ_diff_launch,61562,62238,1,18.583865660913474,18.583865660913474,5.08066713758067,88.91695049080802,ascent,ascent,2024-185L,2024-232B,False
2025-03-04 00:00:00+00:00,QQ_diff_launch,61563,62798,1,8.780419834724762,8.780419834724762,2.830942043355157,88.97669698000182,ascent,ascent,2024-185M,2025-016P,False
2025-03-04 00:00:00+00:00,QQ_diff_launch,61567,62791,1,5.136631084232463,5.136631084232463,2.829227292594794,88.96847962894597,stranded,ascent,2024-185R,2025-016G,False
2025-03-04 00:00:00+00:00,QQ_same_launch,61559,61565,1,18.973276651951593,18.973276651951593,0.008346157327264885,27.535173318944825,ascent,ascent,2024-185H,2024-185P,False
2025-03-04 00:00:00+00:00,QQ_same_launch,62252,62254,1,18.7058309304842,18.7058309304842,0.010359402526667411,75.27940955628665,ascent,ascent,2024-232R,2024-232T,False
2025-03-04 00:00:00+00:00,QQ_same_launch,62789,62792,1,17.415120294647824,17.415120294647824,0.011165492628584489,59.01121394388187,ascent,ascent,2025-016E,2025-016H,False
2025-03-04 00:00:00+00:00,QQ_same_launch,62794,62800,1,12.696922330609398,12.696922330609398,0.006662602234956077,29.82949615994858,ascent,ascent,2025-016K,2025-016R,False
2025-03-07 00:00:00+00:00,QQ_diff_launch,60385,61561,4,18.945945193215337,19.486329341563824,14.128263047495645,86.94234737194282,drift,stranded,2024-140G,2024-185K,False
2025-03-07 00:00:00+00:00,QQ_diff_launch,61563,62793,1,16.849144562106627,16.849144562106627,2.830503093091266,88.95336766864374,ascent,ascent,2024-185M,2025-016J,False
2025-03-07 00:00:00+00:00,QQ_same_launch,61557,61560,1,13.573110611748687,13.573110611748687,0.009742044518953935,63.46730156698,stranded,stranded,2024-185F,2024-185J,False
2025-03-07 00:00:00+00:00,QQ_same_launch,62244,62248,1,14.320503584662788,14.320503584662788,0.007733492606117725,77.48850291154692,ascent,ascent,2024-232H,2024-232M,False
2025-03-07 00:00:00+00:00,QQ_same_launch,62789,62800,1,15.352573550213602,15.352573550213602,0.008443533467230781,10.281756537532656,ascent,ascent,2025-016E,2025-016R,False
2025-03-10 00:00:00+00:00,QQ_diff_launch,61556,62241,1,18.59635628403714,18.59635628403714,5.139449561908393,88.93617557237786,stranded,drift,2024-185E,2024-232E,False
2025-03-10 00:00:00+00:00,QQ_diff_launch,61563,62797,1,15.816888076636749,15.816888076636749,2.8252981650647344,88.95287746904712,ascent,ascent,2024-185M,2025-016N,False
2025-03-10 00:00:00+00:00,QQ_diff_launch,61564,62785,1,13.276122242926588,13.276122242926588,2.8281862669153477,88.97270777042439,ascent,ascent,2024-185N,2025-016A,False
2025-03-10 00:00:00+00:00,QQ_diff_launch,62253,62787,1,16.46894572181585,16.46894572181585,7.628604145053853,88.84739937686554,ascent,ascent,2024-232S,2025-016C,False
2025-03-10 00:00:00+00:00,QQ_diff_launch,62255,62791,1,17.245030841879785,17.245030841879785,7.681972024556112,88.8517429559054,ascent,ascent,2024-232U,2025-016G,False
2025-03-10 00:00:00+00:00,QQ_same_launch,62787,62798,1,19.543389538213106,19.543389538213106,0.01034299862961511,64.50013537972869,ascent,ascent,2025-016C,2025-016P,False
2025-03-10 00:00:00+00:00,QQ_same_launch,62793,62798,1,6.724948891713524,6.724948891713524,0.003521097620609755,60.864519534951484,ascent,ascent,2025-016J,2025-016P,False
2025-03-10 00:00:00+00:00,QQ_same_launch,62801,62802,1,19.695993488636805,19.695993488636805,0.009107867552198723,77.28352184080175,ascent,ascent,2025-016S,2025-016T,False
2025-03-13 00:00:00+00:00,QQ_diff_launch,60385,61554,1,19.840824809545648,19.840824809545648,14.131728520543348,86.9750187683456,drift,stranded,2024-140G,2024-185C,False
2025-03-13 00:00:00+00:00,QQ_same_launch,61554,61561,1,9.23197215285681,9.23197215285681,0.0007026106849729338,40.45191169009675,stranded,stranded,2024-185C,2024-185K,False
2025-03-13 00:00:00+00:00,QQ_same_launch,62244,62254,1,13.887146325908628,13.887146325908628,0.00811125239086087,66.3407574006699,ascent,ascent,2024-232H,2024-232T,False
2025-03-13 00:00:00+00:00,QQ_same_launch,62787,62790,1,14.699659857941178,14.699659857941178,0.007613181472826981,27.33964882815024,ascent,ascent,2025-016C,2025-016F,False
2025-03-13 00:00:00+00:00,QQ_same_launch,62788,62794,1,19.989226460255797,19.989226460255797,0.00946105061865491,53.628697843076075,ascent,ascent,2025-016D,2025-016K,False
2025-03-13 00:00:00+00:00,QQ_same_launch,62791,62797,1,13.042034270534304,13.042034270534304,0.007312203542222277,60.97873359509434,ascent,ascent,2025-016G,2025-016N,False
2025-03-13 00:00:00+00:00,QQ_same_launch,62791,62801,1,9.912303029356103,9.912303029356103,0.004744840340507967,40.14888249270781,ascent,ascent,2025-016G,2025-016S,False
2025-03-13 00:00:00+00:00,QQ_same_launch,62792,62793,1,15.312914172526687,15.312914172526687,0.0075159875620781835,46.201944985255686,ascent,ascent,2025-016H,2025-016J,False
2025-03-13 00:00:00+00:00,QQ_same_launch,62793,62795,1,10.132828823513949,10.132828823513949,0.005427707343296385,84.82945544100771,ascent,ascent,2025-016J,2025-016L,False
2025-03-16 00:00:00+00:00,QQ_diff_launch,61563,62791,1,16.87101356343862,16.87101356343862,2.8366087289152357,88.95906396060559,ascent,ascent,2024-185M,2025-016G,False
2025-03-16 00:00:00+00:00,QQ_diff_launch,61566,62794,2,15.68839131827017,16.22201956309927,2.821383021968005,88.96198934314242,drift,ascent,2024-185Q,2025-016K,False
2025-03-16 00:00:00+00:00,QQ_same_launch,61552,61556,1,6.729320251527743,6.729320251527743,0.009183192083023428,78.12276024849598,stranded,stranded,2024-185A,2024-185E,False
2025-03-16 00:00:00+00:00,QQ_same_launch,62239,62249,1,6.703328861649946,6.703328861649946,0.0026816226283244006,35.88484469279343,ascent,ascent,2024-232C,2024-232N,False
2025-03-16 00:00:00+00:00,QQ_same_launch,62239,62251,1,10.486069740288524,10.486069740288524,0.006158921123964959,55.69845583402818,ascent,ascent,2024-232C,2024-232Q,False
2025-03-16 00:00:00+00:00,QQ_same_launch,62242,62248,1,9.893632967183382,9.893632967183382,0.004860795812100721,78.71623703369481,ascent,ascent,2024-232F,2024-232M,False
2025-03-16 00:00:00+00:00,QQ_same_launch,62249,62251,1,19.093649496124748,19.093649496124748,0.010557603329882287,27.900249143191687,ascent,ascent,2024-232N,2024-232Q,False
2025-03-16 00:00:00+00:00,QQ_same_launch,62792,62801,1,5.527395125774987,5.527395125774987,0.0031593592001072663,67.23970781647556,ascent,ascent,2025-016H,2025-016S,False
2025-03-19 00:00:00+00:00,QQ_diff_launch,60388,62247,1,18.101823594347092,18.101823594347092,11.37947410493161,88.32721804655561,operational,operational,2024-140K,2024-232L,False
2025-03-19 00:00:00+00:00,QQ_diff_launch,61552,62243,1,19.98208648929646,19.98208648929646,5.153215481805359,88.91871472195513,stranded,stranded,2024-185A,2024-232G,False
2025-03-19 00:00:00+00:00,QQ_diff_launch,61559,62790,2,7.405180781623609,9.31232021297963,2.8183094114079377,88.9616108389172,ascent,ascent,2024-185H,2025-016F,False
2025-03-19 00:00:00+00:00,QQ_diff_launch,61564,62786,1,18.05074423773179,18.05074423773179,2.821222043115933,88.97219665866227,ascent,ascent,2024-185N,2025-016B,False
2025-03-19 00:00:00+00:00,QQ_diff_launch,62245,62802,1,14.002247817739773,14.002247817739773,7.636089345630658,88.78782561789234,ascent,ascent,2024-232J,2025-016T,False
2025-03-22 00:00:00+00:00,QQ_diff_launch,60385,62243,1,5.546530850375038,5.546530850375038,11.640494577705086,88.3584949498108,drift,stranded,2024-140G,2024-232G,False
2025-03-22 00:00:00+00:00,QQ_diff_launch,60386,62250,1,17.394160395418908,17.394160395418908,11.329882337282944,88.45424268758734,operational,operational,2024-140H,2024-232P,False
2025-03-22 00:00:00+00:00,QQ_same_launch,62786,62795,1,9.041525881421801,9.041525881421801,0.00467401913870563,8.273301638913319,ascent,ascent,2025-016B,2025-016L,False
2025-03-22 00:00:00+00:00,QQ_same_launch,62788,62792,1,13.490123228565592,13.490123228565592,0.006667309864191712,76.58618556353885,ascent,ascent,2025-016D,2025-016H,False
2025-03-22 00:00:00+00:00,QQ_same_launch,62789,62790,1,11.804685758803618,11.804685758803618,0.006068542954632731,39.60134654106842,ascent,ascent,2025-016E,2025-016F,False
2025-03-22 00:00:00+00:00,QQ_same_launch,62798,62801,1,4.104238220226583,4.104238220226583,0.0018304429110905136,71.62620840743867,ascent,ascent,2025-016P,2025-016S,False
2025-03-25 00:00:00+00:00,QQ_diff_launch,60380,62246,1,18.080214045468924,18.080214045468924,11.336052789450429,88.45462986312113,operational,operational,2024-140B,2024-232K,False
2025-03-25 00:00:00+00:00,QQ_diff_launch,60380,62251,1,13.650590495619266,13.650590495619266,11.335500350171541,88.37603719874213,operational,operational,2024-140B,2024-232Q,False
2025-03-25 00:00:00+00:00,QQ_diff_launch,60381,62239,1,15.381132858861802,15.381132858861802,11.323034055231235,88.38012208643681,operational,operational,2024-140C,2024-232C,False
2025-03-25 00:00:00+00:00,QQ_diff_launch,60384,62250,1,15.631540105454928,15.631540105454928,11.345486155314351,88.399022442843,operational,operational,2024-140F,2024-232P,False
2025-03-25 00:00:00+00:00,QQ_diff_launch,61566,63161,2,10.215987393031075,12.947545772470551,12.843613562749667,87.97405169757938,drift,drift,2024-185Q,2025-046C,False
2025-03-25 00:00:00+00:00,QQ_diff_launch,61566,63168,2,4.8245797779713495,8.399969048147586,12.845571377416682,87.93501510225704,drift,drift,2024-185Q,2025-046K,False
2025-03-25 00:00:00+00:00,QQ_diff_launch,61566,63169,1,16.753757962605327,16.753757962605327,12.818257064724733,87.97532920999933,drift,drift,2024-185Q,2025-046L,False
2025-03-25 00:00:00+00:00,QQ_diff_launch,62796,63160,1,19.615434283514738,19.615434283514738,13.997840595308952,86.88989078357096,ascent,drift,2025-016M,2025-046B,False
2025-03-25 00:00:00+00:00,QQ_same_launch,62789,62794,1,15.099003657240704,15.099003657240704,0.008027473011043439,78.36966450672976,ascent,ascent,2025-016E,2025-016K,False
2025-03-25 00:00:00+00:00,QQ_same_launch,62791,62795,1,4.34878146217705,4.34878146217705,0.002153394197061798,18.25376355380101,ascent,ascent,2025-016G,2025-016L,False
2025-03-25 00:00:00+00:00,QQ_same_launch,62794,62796,1,19.226365695345997,19.226365695345997,0.009658266872726945,83.42818035269492,ascent,ascent,2025-016K,2025-016M,False
2025-03-25 00:00:00+00:00,QQ_same_launch,63159,63172,1,8.237479709768623,8.237479709768623,0.004569585593862723,59.53150051052935,drift,drift,2025-046A,2025-046P,False
2025-03-25 00:00:00+00:00,QQ_same_launch,63159,63174,1,7.854373862858135,7.854373862858135,0.00443021398756333,22.18642208972772,drift,drift,2025-046A,2025-046R,False
2025-03-25 00:00:00+00:00,QQ_same_launch,63159,63176,1,8.99452039960399,8.99452039960399,0.0048157983279947005,8.315998710964422,drift,drift,2025-046A,2025-046T,False
2025-03-25 00:00:00+00:00,QQ_same_launch,63160,63168,1,14.311285340884915,14.311285340884915,0.008457808584821189,64.26539747851302,drift,drift,2025-046B,2025-046K,False
2025-03-25 00:00:00+00:00,QQ_same_launch,63163,63166,1,10.849898017403628,10.849898017403628,0.010971762482496513,50.65065281064047,stranded,drift,2025-046E,2025-046H,False
2025-03-25 00:00:00+00:00,QQ_same_launch,63164,63166,1,19.529177887714845,19.529177887714845,0.019542187026514054,34.868204344526774,drift,drift,2025-046F,2025-046H,False
2025-03-25 00:00:00+00:00,QQ_same_launch,63168,63169,1,12.421318761862132,12.421318761862132,0.006647833020882151,41.468066017391386,drift,drift,2025-046K,2025-046L,False
2025-03-25 00:00:00+00:00,QQ_same_launch,63169,63171,1,8.309201062148118,8.309201062148118,0.005051783332330306,84.63329583846603,drift,drift,2025-046L,2025-046N,False
2025-03-25 00:00:00+00:00,QQ_same_launch,63172,63174,1,0.5371929792886564,0.5371929792886564,0.00031171129686942384,7.704697626419851,drift,drift,2025-046P,2025-046R,False
2025-03-25 00:00:00+00:00,QQ_same_launch,63172,63176,1,0.8791346528868464,0.8791346528868464,0.00033525074376452446,17.755673795344414,drift,drift,2025-046P,2025-046T,False
2025-03-25 00:00:00+00:00,QQ_same_launch,63174,63176,1,1.7200629024718255,1.7200629024718255,0.0009609348411384008,62.983734237291266,drift,drift,2025-046R,2025-046T,False
2025-03-28 00:00:00+00:00,QQ_diff_launch,60379,62250,1,6.641081684615393,6.641081684615393,11.323949680167788,88.41691353802103,operational,operational,2024-140A,2024-232P,False
2025-03-28 00:00:00+00:00,QQ_diff_launch,60380,62239,2,10.531061998323581,13.179456725672898,11.332580802490243,88.38937902650407,operational,operational,2024-140B,2024-232C,False
2025-03-28 00:00:00+00:00,QQ_diff_launch,60380,62785,1,15.319742877969277,15.319742877969277,14.470038214210549,82.6102180637231,operational,ascent,2024-140B,2025-016A,False
2025-03-28 00:00:00+00:00,QQ_diff_launch,60386,62242,1,19.503747952065183,19.503747952065183,11.326355089785748,88.44891988284289,operational,operational,2024-140H,2024-232F,False
2025-03-28 00:00:00+00:00,QQ_diff_launch,60393,61562,1,18.037892890315256,18.037892890315256,13.813387810527205,86.67235667971103,operational,operational,2024-140Q,2024-185L,False
2025-03-28 00:00:00+00:00,QQ_diff_launch,60396,62254,1,18.037309988457356,18.037309988457356,11.351791463832964,88.33828630950796,operational,operational,2024-140T,2024-232T,False
2025-03-28 00:00:00+00:00,QQ_diff_launch,62239,62787,1,14.949982973886325,14.949982973886325,7.567406289006292,88.7990782666504,operational,ascent,2024-232C,2025-016C,False
2025-03-31 00:00:00+00:00,QQ_diff_launch,60382,62246,1,13.930224359452819,13.930224359452819,11.340080290527933,88.40618269101134,operational,operational,2024-140D,2024-232K,False
2025-03-31 00:00:00+00:00,QQ_diff_launch,60383,62802,1,19.123766618873404,19.123766618873404,14.471468282281911,82.59950477134502,operational,ascent,2024-140E,2025-016T,False
2025-03-31 00:00:00+00:00,QQ_diff_launch,60384,62242,1,14.726034544699791,14.726034544699791,11.348363065352329,88.40317715902964,operational,operational,2024-140F,2024-232F,False
2025-03-31 00:00:00+00:00,QQ_diff_launch,60386,62249,1,15.726349760158394,15.726349760158394,11.32515189128566,88.4129470189032,operational,operational,2024-140H,2024-232N,False
2025-03-31 00:00:00+00:00,QQ_diff_launch,60386,62785,1,8.238485073825327,8.238485073825327,14.467007191605957,82.6508958169928,operational,ascent,2024-140H,2025-016A,False
2025-03-31 00:00:00+00:00,QQ_diff_launch,60387,62802,1,19.640702558074786,19.640702558074786,14.469898170405193,82.62251391787512,operational,ascent,2024-140J,2025-016T,False
2025-03-31 00:00:00+00:00,QQ_diff_launch,60392,61562,1,14.246914185535406,14.246914185535406,13.809992123573538,86.72876932666321,operational,operational,2024-140P,2024-185L,False
2025-03-31 00:00:00+00:00,QQ_diff_launch,61559,62793,1,10.339469081917656,10.339469081917656,2.8198727528753964,88.95882476923002,stranded,ascent,2024-185H,2025-016J,False
2025-03-31 00:00:00+00:00,QQ_same_launch,61557,61561,1,15.888118164663396,15.888118164663396,0.008538101488738294,29.859043357486108,stranded,stranded,2024-185F,2024-185K,False
2025-03-31 00:00:00+00:00,QQ_same_launch,62242,62252,1,16.062962451068202,16.062962451068202,0.006787736839562758,7.880836370803055,operational,operational,2024-232F,2024-232R,False
2025-03-31 00:00:00+00:00,QQ_same_launch,62789,62792,1,14.84146693014968,14.84146693014968,0.007640056976796508,55.032610596355724,ascent,ascent,2025-016E,2025-016H,False
2025-03-31 00:00:00+00:00,QQ_same_launch,62791,62795,1,2.612201509922088,2.612201509922088,0.0022239070302883172,48.8645481528054,ascent,ascent,2025-016G,2025-016L,False
2025-03-31 00:00:00+00:00,QQ_same_launch,62792,62802,1,8.44226121877418,8.44226121877418,0.009079359637407018,42.91167662222198,ascent,ascent,2025-016H,2025-016T,False
2025-04-03 00:00:00+00:00,QQ_diff_launch,60379,62242,1,14.440626651496236,14.440626651496236,11.317692382561038,88.46308903804172,operational,operational,2024-140A,2024-232F,False
2025-04-03 00:00:00+00:00,QQ_diff_launch,60379,62787,2,7.684471960050349,11.173483616580423,14.469155741339723,82.72921493732146,operational,operational,2024-140A,2025-016C,False
2025-04-03 00:00:00+00:00,QQ_diff_launch,60390,62802,2,5.785789523189703,11.765866051576651,14.462024199402151,82.66572950198528,operational,operational,2024-140M,2025-016T,False
2025-04-03 00:00:00+00:00,QQ_diff_launch,60392,62792,1,15.412261804512461,15.412261804512461,14.469865375624247,82.86358029987485,operational,ascent,2024-140P,2025-016H,False
2025-04-03 00:00:00+00:00,QQ_diff_launch,60394,61562,4,8.670460098027156,18.564102206722463,13.8053273474217,86.89679785031305,operational,operational,2024-140R,2024-185L,False
2025-04-03 00:00:00+00:00,QQ_same_launch,61558,61567,1,12.334716305359027,12.334716305359027,0.01341658944737684,78.59290552299011,stranded,stranded,2024-185G,2024-185R,False
2025-04-03 00:00:00+00:00,QQ_same_launch,62238,62246,1,19.74988486986529,19.74988486986529,0.01515491255087943,45.087222701137875,operational,operational,2024-232B,2024-232K,False
2025-04-03 00:00:00+00:00,QQ_same_launch,62242,62250,1,11.70081656255349,11.70081656255349,0.006773833581806598,47.31030510803909,operational,operational,2024-232F,2024-232P,False
2025-04-03 00:00:00+00:00,QQ_same_launch,62786,62790,1,14.182389262871983,14.182389262871983,0.0075682950080048165,29.826123340042386,ascent,ascent,2025-016B,2025-016F,False
2025-04-03 00:00:00+00:00,QQ_same_launch,62797,62799,1,12.053383776230147,12.053383776230147,0.005825776366802834,39.377568044368005,ascent,ascent,2025-016N,2025-016Q,False
2025-04-06 00:00:00+00:00,QQ_diff_launch,60381,62792,2,12.737950721586511,15.125026082393283,14.47894712686181,82.86941640810096,operational,operational,2024-140C,2025-016H,False
2025-04-06 00:00:00+00:00,QQ_diff_launch,60384,61569,1,11.952049352532208,11.952049352532208,13.823329348406494,86.7793692270657,operational,stranded,2024-140F,2024-185T,False
2025-04-06 00:00:00+00:00,QQ_diff_launch,60387,62787,2,11.961023979283507,15.205104130886014,14.479457316186716,82.79362915372599,operational,operational,2024-140J,2025-016C,False
2025-04-06 00:00:00+00:00,QQ_diff_launch,60388,62242,1,9.157959324224967,9.157959324224967,11.357975026966372,88.41130923552323,operational,operational,2024-140K,2024-232F,False
2025-04-06 00:00:00+00:00,QQ_diff_launch,60394,62802,2,7.27855178873638,12.843087933470636,14.463795066711178,83.06465599290784,operational,operational,2024-140R,2025-016T,False
2025-04-06 00:00:00+00:00,QQ_diff_launch,61569,62785,1,18.687803434403627,18.687803434403627,2.7669963004130804,88.97032580672169,stranded,operational,2024-185T,2025-016A,False
2025-04-06 00:00:00+00:00,QQ_diff_launch,62242,62787,1,9.144894334392486,9.144894334392486,7.566288755480275,88.82966390689454,operational,operational,2024-232F,2025-016C,False
2025-04-06 00:00:00+00:00,QQ_same_launch,62252,62253,1,18.64741100531971,18.64741100531971,0.011962066538359087,38.555712908122956,operational,drift,2024-232R,2024-232S,False
2025-04-06 00:00:00+00:00,QQ_same_launch,62786,62788,1,12.376215525967963,12.376215525967963,0.00609813067918699,54.24965413133213,ascent,ascent,2025-016B,2025-016D,False
2025-04-06 00:00:00+00:00,QQ_same_launch,62786,62792,1,15.73501436550226,15.73501436550226,0.007797454515069077,36.24855166792313,ascent,operational,2025-016B,2025-016H,False
2025-04-06 00:00:00+00:00,QQ_same_launch,62788,62794,1,13.704733982917434,13.704733982917434,0.0063132450535806975,11.08570826411174,ascent,ascent,2025-016D,2025-016K,False
2025-04-06 00:00:00+00:00,QQ_same_launch,62793,62796,13,1.2868207569529884,4.252123535767368,0.004522139276623733,57.23127437674441,ascent,ascent,2025-016J,2025-016M,False
2025-04-09 00:00:00+00:00,QQ_diff_launch,60380,62792,2,12.378406343289345,15.129618564486757,14.481650041411742,82.80512283900688,operational,operational,2024-140B,2025-016H,False
2025-04-09 00:00:00+00:00,QQ_diff_launch,60393,62787,3,11.115513740047373,14.486825340220648,14.493951745668976,82.80428490511288,operational,operational,2024-140Q,2025-016C,False
2025-04-09 00:00:00+00:00,QQ_diff_launch,60394,61562,3,11.95175382081421,13.864344570695165,13.800269980542625,86.96233833909422,operational,operational,2024-140R,2024-185L,False
2025-04-09 00:00:00+00:00,QQ_diff_launch,62246,62800,1,7.222596723827289,7.222596723827289,7.576284815208355,88.81260719422788,operational,drift,2024-232K,2025-016R,False
2025-04-09 00:00:00+00:00,QQ_diff_launch,62253,62789,1,13.538792086362239,13.538792086362239,7.582424785404065,88.85323220907625,drift,ascent,2024-232S,2025-016E,False
2025-04-09 00:00:00+00:00,QQ_same_launch,61552,61553,1,19.37134227653915,19.37134227653915,0.0105420757107204,34.885299583259005,stranded,stranded,2024-185A,2024-185B,False
2025-04-09 00:00:00+00:00,QQ_same_launch,61554,61557,2,6.216892755539027,9.349211699443611,0.009208037004953006,33.72774000923192,stranded,stranded,2024-185C,2024-185F,False
2025-04-09 00:00:00+00:00,QQ_same_launch,62245,62253,1,14.726292246079973,14.726292246079973,0.008194787132393836,50.447711928590934,ascent,drift,2024-232J,2024-232S,False
2025-04-09 00:00:00+00:00,QQ_same_launch,62250,62253,1,18.26603482293915,18.26603482293915,0.013384736812854122,49.063759926820666,operational,drift,2024-232P,2024-232S,False
2025-04-09 00:00:00+00:00,QQ_same_launch,62790,62802,3,7.187235903244176,7.311095595806592,0.010452251791937709,46.17997537149821,ascent,operational,2025-016F,2025-016T,False
2025-04-09 00:00:00+00:00,QQ_same_launch,62794,62795,1,17.509784983539376,17.509784983539376,0.009961052509251651,86.27566963368963,ascent,drift,2025-016K,2025-016L,False
2025-04-09 00:00:00+00:00,QQ_same_launch,63165,63169,1,15.190948354517646,15.190948354517646,0.007783917709789072,20.672410389723726,drift,ascent,2025-046G,2025-046L,False
2025-04-12 00:00:00+00:00,QQ_diff_launch,60380,62798,1,18.14655195274404,18.14655195274404,14.501549078027834,82.81389914227616,operational,drift,2024-140B,2025-016P,False
2025-04-12 00:00:00+00:00,QQ_diff_launch,60383,61569,1,18.215073579205278,18.215073579205278,13.810736351882987,86.71110567982383,operational,stranded,2024-140E,2024-185T,False
2025-04-12 00:00:00+00:00,QQ_diff_launch,60383,62253,1,19.618870902807423,19.618870902807423,11.324976966594734,88.4062342971676,operational,drift,2024-140E,2024-232S,False
2025-04-12 00:00:00+00:00,QQ_diff_launch,60391,62802,2,13.357834522616118,14.833099539719946,14.477162618660806,82.85547473544895,operational,operational,2024-140N,2025-016T,False
2025-04-12 00:00:00+00:00,QQ_diff_launch,60393,62789,1,16.041293976078894,16.041293976078894,14.496029504348888,82.72274185083523,operational,drift,2024-140Q,2025-016E,False
2025-04-12 00:00:00+00:00,QQ_diff_launch,60396,62792,2,10.377457267820736,14.210740305780195,14.500991274702942,82.8513603241058,operational,operational,2024-140T,2025-016H,False
2025-04-12 00:00:00+00:00,QQ_diff_launch,61555,63159,4,8.91899995564114,10.186638271622794,12.810963651059321,87.9229815995422,stranded,drift,2024-185D,2025-046A,False
2025-04-12 00:00:00+00:00,QQ_diff_launch,61566,63160,1,13.572740005752113,13.572740005752113,12.862780833265116,87.8855968835203,drift,drift,2024-185Q,2025-046B,False
2025-04-12 00:00:00+00:00,QQ_diff_launch,62249,62785,1,5.9652213095364655,5.9652213095364655,7.561760339114293,88.8179971873057,operational,operational,2024-232N,2025-016A,False
2025-04-12 00:00:00+00:00,QQ_same_launch,61554,61556,1,15.959108436069132,15.959108436069132,0.03481686609512175,87.02439575974046,stranded,stranded,2024-185C,2024-185E,False
2025-04-12 00:00:00+00:00,QQ_same_launch,62246,62248,1,17.082293013935814,17.082293013935814,0.008977802698612347,62.183963136793835,operational,operational,2024-232K,2024-232M,False
2025-04-12 00:00:00+00:00,QQ_same_launch,62787,62789,1,19.303354534952195,19.303354534952195,0.012662206376866261,61.37601340712579,operational,drift,2025-016C,2025-016E,False
2025-04-12 00:00:00+00:00,QQ_same_launch,62790,62798,1,19.457966725520095,19.457966725520095,0.009579559327617795,33.881865854238455,operational,drift,2025-016F,2025-016P,False
2025-04-12 00:00:00+00:00,QQ_same_launch,63160,63163,1,18.902727893442115,18.902727893442115,0.010089323428666919,9.254753465481189,drift,stranded,2025-046B,2025-046E,False
2025-04-12 00:00:00+00:00,QQ_same_launch,63166,63174,1,0.5151677937454778,0.5151677937454778,0.00032631086572291,77.2507821743594,drift,drift,2025-046H,2025-046R,False
2025-04-15 00:00:00+00:00,QQ_diff_launch,60386,62798,1,18.52821894147566,18.52821894147566,14.49871580227242,82.62189894522821,operational,ascent,2024-140H,2025-016P,False
2025-04-15 00:00:00+00:00,QQ_diff_launch,60386,62802,2,8.751189968204459,13.079728934682347,14.495727211098115,82.96279426487405,operational,operational,2024-140H,2025-016T,False
2025-04-15 00:00:00+00:00,QQ_diff_launch,60388,62797,1,13.904804208837495,13.904804208837495,14.508727631914184,82.19459439723357,operational,operational,2024-140K,2025-016N,False
2025-04-15 00:00:00+00:00,QQ_diff_launch,60391,62800,1,16.95910390618905,16.95910390618905,14.490840692803005,83.11939460211194,operational,ascent,2024-140N,2025-016R,False
2025-04-15 00:00:00+00:00,QQ_diff_launch,60394,62789,1,15.582241952076476,15.582241952076476,14.49001616331125,82.67536621120267,operational,ascent,2024-140R,2025-016E,False
2025-04-15 00:00:00+00:00,QQ_diff_launch,62245,62799,1,19.29650716851058,19.29650716851058,7.5697004541928665,88.79931376695878,ascent,drift,2024-232J,2025-016Q,False
2025-04-15 00:00:00+00:00,QQ_diff_launch,62250,62797,1,16.451579641904086,16.451579641904086,7.562245900684345,88.7787514495812,operational,operational,2024-232P,2025-016N,False
2025-04-15 00:00:00+00:00,QQ_same_launch,62787,62794,1,13.359416327203412,13.359416327203412,0.016484885582646984,87.87500168224337,operational,operational,2025-016C,2025-016K,False
2025-04-15 00:00:00+00:00,QQ_same_launch,62796,62799,1,19.21188753784021,19.21188753784021,0.009908345210861366,83.33700388378546,ascent,drift,2025-016M,2025-016Q,False
2025-04-15 00:00:00+00:00,QQ_same_launch,63165,63175,1,16.60568317633905,16.60568317633905,0.009726136435213887,78.55338489246931,ascent,ascent,2025-046G,2025-046S,False
2025-04-18 00:00:00+00:00,QQ_diff_launch,60379,62792,1,9.564479174276164,9.564479174276164,14.490845651579527,82.66215745957942,operational,operational,2024-140A,2025-016H,False
2025-04-18 00:00:00+00:00,QQ_diff_launch,60380,62793,1,18.00537948139424,18.00537948139424,14.501298990427149,82.49313827282005,operational,ascent,2024-140B,2025-016J,False
2025-04-18 00:00:00+00:00,QQ_diff_launch,60391,62799,1,16.001286978703934,16.001286978703934,14.491668471242079,82.9987221825654,operational,drift,2024-140N,2025-016Q,False
2025-04-18 00:00:00+00:00,QQ_diff_launch,60395,61569,1,17.403623754713202,17.403623754713202,13.843223352140505,86.9433568408834,operational,stranded,2024-140S,2024-185T,False
2025-04-18 00:00:00+00:00,QQ_diff_launch,60395,62791,2,7.189990483337109,10.973317059733118,14.489594619912793,82.79652080288815,operational,operational,2024-140S,2025-016G,False
2025-04-18 00:00:00+00:00,QQ_diff_launch,60395,62795,1,9.737654867583798,9.737654867583798,14.49101998742776,82.77171608742658,operational,ascent,2024-140S,2025-016L,False
2025-04-18 00:00:00+00:00,QQ_diff_launch,60396,62800,1,7.277276308817468,7.277276308817468,14.498107414955527,82.89814057508478,operational,operational,2024-140T,2025-016R,False
2025-04-18 00:00:00+00:00,QQ_diff_launch,60396,62801,2,7.306426498808046,13.321494906523224,14.501752778136623,82.89733462567825,operational,ascent,2024-140T,2025-016S,False
2025-04-18 00:00:00+00:00,QQ_diff_launch,61566,63167,1,7.85622348048758,7.85622348048758,12.862257511361737,87.95544926749349,drift,drift,2024-185Q,2025-046J,False
2025-04-18 00:00:00+00:00,QQ_diff_launch,61569,62789,1,7.251294317946661,7.251294317946661,2.758626493536424,88.96567698682956,stranded,operational,2024-185T,2025-016E,False
2025-04-18 00:00:00+00:00,QQ_diff_launch,62238,62792,1,14.624291822501652,14.624291822501652,7.556045969154596,88.78476624879646,operational,operational,2024-232B,2025-016H,False
2025-04-18 00:00:00+00:00,QQ_diff_launch,62248,62788,1,17.14492864477865,17.14492864477865,7.567766074735569,88.83733786916704,operational,ascent,2024-232M,2025-016D,False
2025-04-18 00:00:00+00:00,QQ_diff_launch,62249,62802,1,7.940755964711368,7.940755964711368,7.571182414071827,88.79946082875092,operational,operational,2024-232N,2025-016T,False
2025-04-18 00:00:00+00:00,QQ_diff_launch,62252,62798,1,15.323792877739384,15.323792877739384,7.565882958814368,88.7848059785994,operational,ascent,2024-232R,2025-016P,False
2025-04-18 00:00:00+00:00,QQ_diff_launch,62796,63161,1,9.341884643352063,9.341884643352063,13.876980847196135,86.88598493497202,ascent,ascent,2025-016M,2025-046C,False
2025-04-18 00:00:00+00:00,QQ_same_launch,63161,63169,1,16.131979158174637,16.131979158174637,0.008335749011563828,68.21842139140637,ascent,ascent,2025-046C,2025-046L,False
2025-04-18 00:00:00+00:00,QQ_same_launch,63163,63167,1,17.480871683800558,17.480871683800558,0.00933535212684607,82.77124837628334,stranded,drift,2025-046E,2025-046J,False
2025-04-21 00:00:00+00:00,QQ_diff_launch,60379,62796,1,18.919897941176416,18.919897941176416,14.495603186796854,83.13683379420894,operational,ascent,2024-140A,2025-016M,False
2025-04-21 00:00:00+00:00,QQ_diff_launch,60381,62786,1,12.391905101768936,12.391905101768936,14.497272421524203,82.74173103144211,operational,ascent,2024-140C,2025-016B,False
2025-04-21 00:00:00+00:00,QQ_diff_launch,60386,62793,1,16.446152921808224,16.446152921808224,14.499064566391379,83.16234591050892,operational,drift,2024-140H,2025-016J,False
2025-04-21 00:00:00+00:00,QQ_diff_launch,60387,62792,2,6.580391733883222,10.156672520113892,14.493684277125812,82.75967324874357,operational,operational,2024-140J,2025-016H,False
2025-04-21 00:00:00+00:00,QQ_diff_launch,60389,62786,1,18.464039692601936,18.464039692601936,14.49586285995188,82.47002747685254,operational,ascent,2024-140L,2025-016B,False
2025-04-21 00:00:00+00:00,QQ_diff_launch,60389,62788,1,7.969366064533375,7.969366064533375,14.493186583334328,83.00842368397169,operational,ascent,2024-140L,2025-016D,False
2025-04-21 00:00:00+00:00,QQ_diff_launch,60396,62246,1,16.495417481375117,16.495417481375117,11.37225505849877,88.35379365247597,operational,operational,2024-140T,2024-232K,False
2025-04-21 00:00:00+00:00,QQ_diff_launch,61559,63176,1,6.102837208345937,6.102837208345937,12.813213066360076,87.97983911428773,stranded,ascent,2024-185H,2025-046T,False
2025-04-21 00:00:00+00:00,QQ_diff_launch,61561,62240,1,7.5681816319446344,7.5681816319446344,5.123644520930824,88.92855665958389,stranded,stranded,2024-185K,2024-232D,False
2025-04-21 00:00:00+00:00,QQ_diff_launch,61564,62799,1,16.277303869472703,16.277303869472703,2.7943705550620095,88.96592849757238,ascent,ascent,2024-185N,2025-016Q,False
2025-04-21 00:00:00+00:00,QQ_diff_launch,61565,62255,1,16.460255216682654,16.460255216682654,5.0689340424479035,88.93556503336212,drift,ascent,2024-185P,2024-232U,False
2025-04-21 00:00:00+00:00,QQ_diff_launch,61567,63163,1,16.6534588222843,16.6534588222843,12.872488606973123,87.85024067994149,stranded,stranded,2024-185R,2025-046E,False
2025-04-21 00:00:00+00:00,QQ_diff_launch,61569,62245,1,18.83292822999335,18.83292822999335,5.088573757761662,88.93753065449135,stranded,operational,2024-185T,2024-232J,False
2025-04-21 00:00:00+00:00,QQ_diff_launch,61569,62790,1,10.743763458272094,10.743763458272094,2.7619877097992718,88.96527062556349,stranded,operational,2024-185T,2025-016F,False
2025-04-21 00:00:00+00:00,QQ_diff_launch,62242,62792,1,7.578116394471735,7.578116394471735,7.571961637148346,88.83552866426383,operational,operational,2024-232F,2025-016H,False
2025-04-21 00:00:00+00:00,QQ_diff_launch,62250,62798,1,10.073378078332365,10.073378078332365,7.565004556812503,88.79625865375729,operational,operational,2024-232P,2025-016P,False
2025-04-21 00:00:00+00:00,QQ_diff_launch,62796,63170,1,18.298898153006782,18.298898153006782,13.881357933352188,86.77934174285151,ascent,ascent,2025-016M,2025-046M,False
2025-04-21 00:00:00+00:00,QQ_diff_launch,62798,63161,1,19.664600115295375,19.664600115295375,13.858584540815661,87.02706569100775,operational,ascent,2025-016P,2025-046C,False
2025-04-21 00:00:00+00:00,QQ_same_launch,62786,62795,1,11.012933596332129,11.012933596332129,0.004829820713327842,31.185421496782705,ascent,operational,2025-016B,2025-016L,False
2025-04-21 00:00:00+00:00,QQ_same_launch,62789,62791,1,6.584829382110385,6.584829382110385,0.003065888401024301,18.096762449617156,operational,operational,2025-016E,2025-016G,False
2025-04-21 00:00:00+00:00,QQ_same_launch,62792,62797,1,15.93676285526281,15.93676285526281,0.009869097026483569,57.67923945928345,operational,operational,2025-016H,2025-016N,False
2025-04-21 00:00:00+00:00,QQ_same_launch,62793,62799,1,9.361873336048362,9.361873336048362,0.004530704562099848,10.455953642841425,drift,ascent,2025-016J,2025-016Q,False
2025-04-21 00:00:00+00:00,QQ_same_launch,62793,62801,1,16.160885930781106,16.160885930781106,0.007787184186191836,19.65540361140882,drift,operational,2025-016J,2025-016S,False
2025-04-21 00:00:00+00:00,QQ_same_launch,62799,62800,1,18.272830594851847,18.272830594851847,0.009286359758273641,32.68425873621676,ascent,operational,2025-016Q,2025-016R,False
2025-04-21 00:00:00+00:00,QQ_same_launch,62799,62801,1,8.836534659206643,8.836534659206643,0.010643845760428955,63.822258345976614,ascent,operational,2025-016Q,2025-016S,False
2025-04-21 00:00:00+00:00,QQ_same_launch,62800,62801,1,8.374989603349594,8.374989603349594,0.003334716491054027,57.694306659509365,operational,operational,2025-016R,2025-016S,False
2025-04-24 00:00:00+00:00,QQ_diff_launch,60379,62793,1,11.455051480473024,11.455051480473024,14.495429630482864,82.7213755174631,operational,ascent,2024-140A,2025-016J,False
2025-04-24 00:00:00+00:00,QQ_diff_launch,60380,62788,2,8.491431618244606,11.853712921167658,14.492961143307951,82.99359990149183,operational,operational,2024-140B,2025-016D,False
2025-04-24 00:00:00+00:00,QQ_diff_launch,60381,62791,20,13.699582524203857,16.737450940327406,14.48512811383124,82.74496939226667,operational,operational,2024-140C,2025-016G,True
2025-04-24 00:00:00+00:00,QQ_diff_launch,60383,62796,1,12.247392108207622,12.247392108207622,14.494646401538226,82.98693318242337,operational,drift,2024-140E,2025-016M,False
2025-04-24 00:00:00+00:00,QQ_diff_launch,60384,62799,3,3.8653220823240826,15.204184612028094,14.494915111958816,82.7174871596359,operational,operational,2024-140F,2025-016Q,False
2025-04-24 00:00:00+00:00,QQ_diff_launch,60385,61557,1,1.8112675154098103,1.8112675154098103,14.098232819459847,86.78087881732837,drift,stranded,2024-140G,2024-185F,False
2025-04-24 00:00:00+00:00,QQ_diff_launch,60388,62802,3,9.157971100439713,13.999553733375254,14.505930043079104,82.61780866008536,operational,operational,2024-140K,2025-016T,False
2025-04-24 00:00:00+00:00,QQ_diff_launch,60389,62245,4,3.962562624277189,10.163218790519103,11.295555383224034,88.38879122093974,operational,operational,2024-140L,2024-232J,False
2025-04-24 00:00:00+00:00,QQ_diff_launch,60392,62255,1,18.606412210619617,18.606412210619617,11.311994926754391,88.44250127136357,operational,ascent,2024-140P,2024-232U,False
2025-04-24 00:00:00+00:00,QQ_diff_launch,60393,62792,2,4.51713460660427,10.106708389130944,14.493578837385455,82.97820843180688,operational,operational,2024-140Q,2025-016H,False
2025-04-24 00:00:00+00:00,QQ_diff_launch,60393,62796,1,11.548845665567466,11.548845665567466,14.497162078989401,82.69910480235605,operational,drift,2024-140Q,2025-016M,False
2025-04-24 00:00:00+00:00,QQ_diff_launch,62245,62790,1,13.331201523559054,13.331201523559054,7.581908263289612,88.80922643792812,operational,operational,2024-232J,2025-016F,False
2025-04-24 00:00:00+00:00,QQ_diff_launch,62250,62802,1,8.728650089577052,8.728650089577052,7.569413622684635,88.8023741781206,operational,operational,2024-232P,2025-016T,False
2025-04-24 00:00:00+00:00,QQ_diff_launch,62786,63162,1,19.16169930179496,19.16169930179496,13.86874915587799,86.72767401731772,operational,ascent,2025-016B,2025-046D,False
2025-04-24 00:00:00+00:00,QQ_diff_launch,62787,63161,1,6.680082878704914,6.680082878704914,13.856147936253947,86.85883481585458,operational,drift,2025-016C,2025-046C,False
2025-04-24 00:00:00+00:00,QQ_same_launch,61554,61560,1,17.845345662892623,17.845345662892623,0.009711334371538725,1.6215907796833566,stranded,stranded,2024-185C,2024-185J,False
2025-04-24 00:00:00+00:00,QQ_same_launch,62246,62254,1,3.4998776297277936,3.4998776297277936,0.001672176283189972,61.37546248815679,operational,operational,2024-232K,2024-232T,False
2025-04-24 00:00:00+00:00,QQ_same_launch,62798,62802,1,16.728185649844676,16.728185649844676,0.009802252488892568,14.38492200777538,operational,operational,2025-016P,2025-016T,False
2025-04-24 00:00:00+00:00,QQ_same_launch,63165,63170,1,17.193743084190537,17.193743084190537,0.008500076100123446,17.00457129641832,drift,drift,2025-046G,2025-046M,False
2025-04-24 00:00:00+00:00,QQ_same_launch,63169,63170,1,18.991228096287582,18.991228096287582,0.009436101218267054,1.2169669070954667,stranded,drift,2025-046L,2025-046M,False
2025-04-24 00:00:00+00:00,QQ_same_launch,63171,63173,1,16.210662504687043,16.210662504687043,0.008064693374544128,43.37046283060513,ascent,ascent,2025-046N,2025-046Q,False
2025-04-27 00:00:00+00:00,QQ_diff_launch,60382,61569,1,12.076412587826084,12.076412587826084,13.857301167947083,86.76547779407653,operational,stranded,2024-140D,2024-185T,False
2025-04-27 00:00:00+00:00,QQ_diff_launch,60392,62792,2,7.281038650249995,9.91609770992055,14.491132127776043,82.77994085617246,operational,operational,2024-140P,2025-016H,False
2025-04-27 00:00:00+00:00,QQ_diff_launch,60394,62796,1,9.86161099067469,9.86161099067469,14.493966604480185,82.85077419633241,operational,drift,2024-140R,2025-016M,False
2025-04-27 00:00:00+00:00,QQ_diff_launch,60395,63161,1,16.580245575734544,16.580245575734544,2.6208966657011716,88.96887866613366,operational,ascent,2024-140S,2025-046C,False
2025-04-27 00:00:00+00:00,QQ_diff_launch,61557,62243,2,12.098612954773921,14.91932402397708,5.120169655416471,88.9282576996569,stranded,stranded,2024-185F,2024-232G,False
2025-04-27 00:00:00+00:00,QQ_diff_launch,62238,62799,1,12.61971701184201,12.61971701184201,7.542611405852135,88.81661492698237,operational,operational,2024-232B,2025-016Q,False
2025-04-27 00:00:00+00:00,QQ_diff_launch,62255,62789,1,13.011773276770128,13.011773276770128,7.588881235719063,88.84667095597084,operational,operational,2024-232U,2025-016E,False
2025-04-27 00:00:00+00:00,QQ_same_launch,62245,62253,2,4.153280416975531,6.879312723027324,0.00952682526624621,77.12516160167331,operational,operational,2024-232J,2024-232S,False
2025-04-27 00:00:00+00:00,QQ_same_launch,63166,63167,1,12.47806479438364,12.47806479438364,0.010414460712815229,27.528816394492015,drift,ascent,2025-046H,2025-046J,False
2025-04-30 00:00:00+00:00,QQ_diff_launch,60381,62245,4,3.1123703506982285,10.43394444498896,11.305303628191698,88.41387678765591,operational,operational,2024-140C,2024-232J,False
2025-04-30 00:00:00+00:00,QQ_diff_launch,60393,62802,2,10.248442123899588,12.13897901448732,14.490856484042588,82.72142522621523,operational,operational,2024-140Q,2025-016T,False
2025-04-30 00:00:00+00:00,QQ_diff_launch,60394,62792,5,13.856529004001299,15.378524575299446,14.48556532080371,82.89878631022185,operational,operational,2024-140R,2025-016H,False
2025-05-03 00:00:00+00:00,QQ_diff_launch,60382,62796,1,8.158014344991624,8.158014344991624,14.501025169487589,82.98058080730425,operational,drift,2024-140D,2025-016M,False
2025-05-03 00:00:00+00:00,QQ_diff_launch,60386,62796,1,14.988295578008369,14.988295578008369,14.500801498276484,83.24554521569978,operational,drift,2024-140H,2025-016M,False
2025-05-03 00:00:00+00:00,QQ_diff_launch,60387,61569,1,19.2062478812905,19.2062478812905,13.850975295540795,87.08135451223404,operational,stranded,2024-140J,2024-185T,False
2025-05-03 00:00:00+00:00,QQ_diff_launch,60395,62791,5,16.25733439011353,17.17911725740838,14.452112331728825,82.91093863944562,operational,operational,2024-140S,2025-016G,False
2025-05-03 00:00:00+00:00,QQ_same_launch,62794,62802,1,11.046841255510943,11.046841255510943,0.01244198881860272,58.1819806296275,operational,operational,2025-016K,2025-016T,False
2025-05-06 00:00:00+00:00,QQ_diff_launch,60379,62796,2,9.905682350631547,12.482052152161913,14.496663548938002,82.94088355009907,operational,ascent,2024-140A,2025-016M,False
2025-05-06 00:00:00+00:00,QQ_diff_launch,60384,61563,1,10.085788558215524,10.085788558215524,13.841011712622976,86.78115738414517,operational,operational,2024-140F,2024-185M,False
2025-05-06 00:00:00+00:00,QQ_diff_launch,60384,61564,1,19.02512896200365,19.02512896200365,13.851651850962382,86.71397539798699,operational,stranded,2024-140F,2024-185N,False
2025-05-06 00:00:00+00:00,QQ_diff_launch,60390,61569,1,17.78805823596046,17.78805823596046,13.847484591702543,87.06095375260225,operational,stranded,2024-140M,2024-185T,False
2025-05-06 00:00:00+00:00,QQ_diff_launch,60394,62802,1,13.7363253743271,13.7363253743271,14.488669050480521,83.03312272739402,operational,operational,2024-140R,2025-016T,False
2025-05-06 00:00:00+00:00,QQ_diff_launch,61562,62255,2,3.6161353285367768,6.739277099446137,5.098441430160312,88.91866301482125,operational,operational,2024-185L,2024-232U,False
2025-05-06 00:00:00+00:00,QQ_diff_launch,61562,62802,1,15.644278915185096,15.644278915185096,2.760482820306526,88.9484941142857,operational,operational,2024-185L,2025-016T,False
2025-05-06 00:00:00+00:00,QQ_diff_launch,61563,62252,1,15.914881926254427,15.914881926254427,5.0047353718378655,88.89998073576173,operational,operational,2024-185M,2024-232R,False
2025-05-06 00:00:00+00:00,QQ_diff_launch,61569,62794,1,10.572361801670393,10.572361801670393,2.7576662342684197,88.95845123731507,stranded,operational,2024-185T,2025-016K,False
2025-05-06 00:00:00+00:00,QQ_diff_launch,62790,63162,1,5.537280553350724,5.537280553350724,13.855457377406486,86.75803565997766,operational,operational,2025-016F,2025-046D,False
2025-05-06 00:00:00+00:00,QQ_same_launch,61552,61556,1,6.966947916381146,6.966947916381146,0.012105639439797792,80.2900423189155,stranded,stranded,2024-185A,2024-185E,False
2025-05-06 00:00:00+00:00,QQ_same_launch,62240,62243,1,4.114293267788882,4.114293267788882,0.0023686345349991805,26.91855595383146,stranded,stranded,2024-232D,2024-232G,False
2025-05-06 00:00:00+00:00,QQ_same_launch,62791,62802,1,19.411407049532034,19.411407049532034,0.011875325854749014,36.726542605227976,operational,operational,2025-016G,2025-016T,False
2025-05-06 00:00:00+00:00,QQ_same_launch,62796,62799,1,16.48922660318386,16.48922660318386,0.00749653924172226,53.6624750607827,ascent,operational,2025-016M,2025-016Q,False
2025-05-06 00:00:00+00:00,QQ_same_launch,63161,63162,1,12.28923742676332,12.28923742676332,0.0055125133382457146,34.826550941235205,operational,operational,2025-046C,2025-046D,False
2025-05-09 00:00:00+00:00,QQ_diff_launch,60381,62802,2,15.214177655175684,15.266728630169963,14.491071155290566,82.80457193353234,operational,operational,2024-140C,2025-016T,False
2025-05-09 00:00:00+00:00,QQ_diff_launch,60389,61565,1,7.766132721393834,7.766132721393834,13.824894509832669,86.96222076526534,operational,operational,2024-140L,2024-185P,False
2025-05-09 00:00:00+00:00,QQ_diff_launch,60394,61569,1,14.448822718057578,14.448822718057578,13.84656499542467,86.7231022721812,operational,stranded,2024-140R,2024-185T,False
2025-05-09 00:00:00+00:00,QQ_diff_launch,61559,63167,1,8.37509348268498,8.37509348268498,12.781130853746463,87.99477830070037,stranded,ascent,2024-185H,2025-046J,False
2025-05-09 00:00:00+00:00,QQ_diff_launch,61562,62245,1,15.385298757238683,15.385298757238683,5.086515373771481,88.9026931833462,operational,operational,2024-185L,2024-232J,False
2025-05-09 00:00:00+00:00,QQ_diff_launch,61563,62799,2,11.777072169995431,14.556558614953998,2.8122225711473527,88.96916804058111,operational,operational,2024-185M,2025-016Q,False
2025-05-09 00:00:00+00:00,QQ_diff_launch,61565,63161,2,10.554957108308617,14.963884212192708,12.711411614845934,87.99233650783805,operational,operational,2024-185P,2025-046C,False
2025-05-09 00:00:00+00:00,QQ_diff_launch,61569,62245,1,14.330237940131578,14.330237940131578,5.081796995692308,88.93392579197808,stranded,operational,2024-185T,2024-232J,False
2025-05-09 00:00:00+00:00,QQ_diff_launch,62242,62796,1,14.744178841495266,14.744178841495266,7.559354471747088,88.84272201625741,operational,operational,2024-232F,2025-016M,False
2025-05-09 00:00:00+00:00,QQ_diff_launch,62796,63169,1,19.678006827287174,19.678006827287174,13.868513379395775,86.65915984127123,operational,stranded,2025-016M,2025-046L,False
2025-05-09 00:00:00+00:00,QQ_same_launch,61562,61569,1,16.538353171090538,16.538353171090538,0.008039840024319912,29.64303855135528,operational,stranded,2024-185L,2024-185T,False
2025-05-09 00:00:00+00:00,QQ_same_launch,62796,62797,1,10.132904689651232,10.132904689651232,0.007930707568657372,88.81926929657251,operational,operational,2025-016M,2025-016N,False
2025-05-12 00:00:00+00:00,QQ_diff_launch,60389,61569,1,15.703587867967048,15.703587867967048,13.846300622716727,87.04251309838361,operational,stranded,2024-140L,2024-185T,False
2025-05-12 00:00:00+00:00,QQ_diff_launch,60392,62245,3,5.967030386827506,15.221545467296263,11.331590992688513,88.3818974070426,operational,operational,2024-140P,2024-232J,False
2025-05-12 00:00:00+00:00,QQ_diff_launch,61559,63160,1,19.390341736082622,19.390341736082622,12.801034788395256,88.01145830721333,stranded,ascent,2024-185H,2025-046B,False
2025-05-12 00:00:00+00:00,QQ_diff_launch,62788,63162,6,14.264433865218907,15.453435230618602,13.847874402417634,86.73792688926412,operational,operational,2025-016D,2025-046D,False
2025-05-12 00:00:00+00:00,QQ_diff_launch,62802,63161,1,9.988953549022405,9.988953549022405,13.8750494954904,86.72060961510944,operational,operational,2025-016T,2025-046C,False
2025-05-12 00:00:00+00:00,QQ_same_launch,61554,61561,1,14.862039945965641,14.862039945965641,0.006709555268073339,84.5188823468892,stranded,stranded,2024-185C,2024-185K,False
2025-05-12 00:00:00+00:00,QQ_same_launch,61557,61568,1,12.430288325022158,12.430288325022158,0.01746061084310362,82.63568869870743,stranded,stranded,2024-185F,2024-185S,False
2025-05-12 00:00:00+00:00,QQ_same_launch,62790,62802,1,14.238173665454651,14.238173665454651,0.008480821813166969,26.000102452452726,operational,operational,2025-016F,2025-016T,False
2025-05-15 00:00:00+00:00,QQ_diff_launch,60381,61564,1,11.93309174338903,11.93309174338903,13.839177812369906,86.96730865372342,operational,stranded,2024-140C,2024-185N,False
2025-05-15 00:00:00+00:00,QQ_diff_launch,60384,61563,4,11.320704491007564,16.348120619360408,13.789138395511849,86.87694050298,operational,operational,2024-140F,2024-185M,False
2025-05-15 00:00:00+00:00,QQ_diff_launch,60391,61569,1,9.921781200684674,9.921781200684674,13.844027602912249,86.9854521843143,operational,stranded,2024-140N,2024-185T,False
2025-05-15 00:00:00+00:00,QQ_diff_launch,60391,62802,2,12.400604417792476,15.29853928758492,14.488795078886056,82.70811643958073,operational,operational,2024-140N,2025-016T,False
2025-05-15 00:00:00+00:00,QQ_diff_launch,61564,62253,1,9.372061762506352,9.372061762506352,5.035813611812764,88.91750132488512,stranded,operational,2024-185N,2024-232S,False
2025-05-15 00:00:00+00:00,QQ_diff_launch,62239,63162,7,8.861306249420023,11.66081551421434,9.449704235483456,88.66424449155544,operational,operational,2024-232C,2025-046D,False
2025-05-15 00:00:00+00:00,QQ_diff_launch,62792,63159,1,16.086623608987722,16.086623608987722,13.86428756373242,86.9582006180677,operational,drift,2025-016H,2025-046A,False
2025-05-15 00:00:00+00:00,QQ_same_launch,61554,61560,1,17.660435809560333,17.660435809560333,0.009727867508094054,67.1682851889976,stranded,stranded,2024-185C,2024-185J,False
2025-05-15 00:00:00+00:00,QQ_same_launch,63164,63167,1,15.57938359193884,15.57938359193884,0.006335777968510373,4.854622564773736,ascent,ascent,2025-046F,2025-046J,False
2025-05-18 00:00:00+00:00,QQ_diff_launch,60381,63159,1,19.746278399110587,19.746278399110587,2.632979817516883,88.94974401763703,operational,drift,2024-140C,2025-046A,False
2025-05-18 00:00:00+00:00,QQ_diff_launch,60386,62802,1,18.860657540723658,18.860657540723658,14.494867953000215,82.43984632856225,operational,operational,2024-140H,2025-016T,False
2025-05-18 00:00:00+00:00,QQ_diff_launch,61563,62249,1,18.154223117305836,18.154223117305836,4.985293714606961,88.90896419413039,operational,operational,2024-185M,2024-232N,False
2025-05-18 00:00:00+00:00,QQ_diff_launch,62239,63162,19,10.002183653919573,10.910344693213522,9.451127410000536,88.68973880092642,operational,operational,2024-232C,2025-046D,True
2025-05-18 00:00:00+00:00,QQ_diff_launch,62795,63159,1,17.38779636142581,17.38779636142581,13.862797161624258,86.94594250003166,operational,drift,2025-016L,2025-046A,False
2025-05-18 00:00:00+00:00,QQ_same_launch,62800,62802,1,14.131945008138745,14.131945008138745,0.008568152374833654,48.540538155597076,operational,operational,2025-016R,2025-016T,False
2025-05-18 00:00:00+00:00,QQ_same_launch,63167,63176,1,14.321858269382592,14.321858269382592,0.012459125702907569,55.79620051780779,drift,drift,2025-046J,2025-046T,False
2025-05-21 00:00:00+00:00,QQ_diff_launch,60384,61564,1,14.059988290923533,14.059988290923533,13.84935687729885,86.78161516548724,operational,stranded,2024-140F,2024-185N,False
2025-05-21 00:00:00+00:00,QQ_diff_launch,60391,63159,1,10.780859233524637,10.780859233524637,2.6162985774494096,88.96091530623637,operational,drift,2024-140N,2025-046A,False
2025-05-21 00:00:00+00:00,QQ_diff_launch,62239,63162,27,11.600141120796094,14.743792671042673,9.453047721379933,88.70865404531335,operational,operational,2024-232C,2025-046D,True
2025-05-21 00:00:00+00:00,QQ_diff_launch,62247,63175,1,12.478852556401073,12.478852556401073,9.50759644788442,88.70049521655557,operational,ascent,2024-232L,2025-046S,False
2025-05-21 00:00:00+00:00,QQ_diff_launch,62791,63175,1,15.714563620787148,15.714563620787148,13.865826587693078,86.87202540685222,operational,ascent,2025-016G,2025-046S,False
2025-05-24 00:00:00+00:00,QQ_diff_launch,60385,62243,1,18.963213564688385,18.963213564688385,11.63956091279838,88.35094447877844,drift,stranded,2024-140G,2024-232G,False
2025-05-24 00:00:00+00:00,QQ_diff_launch,62239,63162,14,11.231984521241294,11.936954986689155,9.488102529430186,88.68859682546608,operational,operational,2024-232C,2025-046D,True
2025-05-24 00:00:00+00:00,QQ_diff_launch,62253,63175,1,11.940837235181831,11.940837235181831,9.488309028524549,88.71159037444413,operational,operational,2024-232S,2025-046S,False
2025-05-24 00:00:00+00:00,QQ_diff_launch,62790,63165,1,12.749511897325565,12.749511897325565,13.858814796609195,86.67137016708968,operational,operational,2025-016F,2025-046G,False
2025-05-24 00:00:00+00:00,QQ_diff_launch,62795,63175,1,10.841665994494216,10.841665994494216,13.859632814593445,86.70961208146015,operational,operational,2025-016L,2025-046S,False
2025-05-24 00:00:00+00:00,QQ_same_launch,63161,63165,1,11.991622121529966,11.991622121529966,0.008203441683244599,62.2089718123014,operational,operational,2025-046C,2025-046G,False
2025-05-24 00:00:00+00:00,QQ_same_launch,63164,63165,1,14.832895621215645,14.832895621215645,0.007066188156720165,20.90673539990709,ascent,operational,2025-046F,2025-046G,False
2025-05-24 00:00:00+00:00,QQ_same_launch,63168,63174,1,13.657170448936789,13.657170448936789,0.009454746007842503,48.9368536951816,ascent,ascent,2025-046K,2025-046R,False
2025-05-27 00:00:00+00:00,QQ_diff_launch,60392,61564,1,9.503980681712553,9.503980681712553,13.836379078100455,86.8974862444868,operational,stranded,2024-140P,2024-185N,False
2025-05-27 00:00:00+00:00,QQ_diff_launch,62239,63162,13,15.684835822733296,16.308886044004684,9.487077173958228,88.7105165617262,operational,operational,2024-232C,2025-046D,False
2025-05-27 00:00:00+00:00,QQ_diff_launch,62254,63170,1,9.726997717014232,9.726997717014232,9.49638368934784,88.69182011487204,operational,ascent,2024-232T,2025-046M,False
2025-05-27 00:00:00+00:00,QQ_diff_launch,62795,63175,8,2.284223823235772,8.80628445305308,13.85421451359193,86.75830976996139,operational,operational,2025-016L,2025-046S,False
2025-05-27 00:00:00+00:00,QQ_same_launch,61557,61560,1,16.585566366619542,16.585566366619542,0.011539138724209919,36.785451163012304,stranded,stranded,2024-185F,2024-185J,False
2025-05-30 00:00:00+00:00,QQ_diff_launch,61563,62800,2,9.536596533371446,11.532003175978845,2.823555638296594,88.95922345179795,operational,operational,2024-185M,2025-016R,False
2025-05-30 00:00:00+00:00,QQ_diff_launch,62239,63162,27,12.608134999609897,13.34365887153375,9.485767177202952,88.69341953857686,operational,operational,2024-232C,2025-046D,True
2025-05-30 00:00:00+00:00,QQ_diff_launch,62244,63176,3,11.81804305552919,16.30064579814214,9.499672319930635,88.6877188033343,operational,operational,2024-232H,2025-046T,False
2025-05-30 00:00:00+00:00,QQ_same_launch,61558,61567,1,18.90154222981443,18.90154222981443,0.008335108205889142,13.551664741017856,stranded,stranded,2024-185G,2024-185R,False
2025-05-30 00:00:00+00:00,QQ_same_launch,61562,61569,1,17.004679906487233,17.004679906487233,0.010354121971454395,47.48441820221608,operational,stranded,2024-185L,2024-185T,False
2025-05-30 00:00:00+00:00,QQ_same_launch,62241,62244,1,13.739944363265522,13.739944363265522,0.08658497599209351,88.57284885369018,operational,operational,2024-232E,2024-232H,False
2025-05-30 00:00:00+00:00,QQ_same_launch,63159,63168,1,15.081546288407687,15.081546288407687,0.01575879701787101,79.55040941986101,operational,ascent,2025-046A,2025-046K,False
2025-05-30 00:00:00+00:00,QQ_same_launch,63164,63170,1,16.837179819807712,16.837179819807712,0.009412694936603487,40.13814461904884,drift,operational,2025-046F,2025-046M,False
2025-06-02 00:00:00+00:00,QQ_diff_launch,60381,61569,1,14.4140704238544,14.4140704238544,13.845672063798492,87.01376971276409,operational,stranded,2024-140C,2024-185T,False
2025-06-02 00:00:00+00:00,QQ_diff_launch,60383,63159,1,13.377592307074007,13.377592307074007,2.625969487373618,88.96904837384413,operational,operational,2024-140E,2025-046A,False
2025-06-02 00:00:00+00:00,QQ_diff_launch,60383,63160,1,17.08575676212046,17.08575676212046,2.61423314798097,88.95461180539505,operational,drift,2024-140E,2025-046B,False
2025-06-02 00:00:00+00:00,QQ_diff_launch,60383,63173,1,7.206743148861402,7.206743148861402,2.6107925945277985,88.95869921810124,operational,operational,2024-140E,2025-046Q,False
2025-06-02 00:00:00+00:00,QQ_diff_launch,61564,63169,1,15.13291218491288,15.13291218491288,12.74887423844998,87.87833132898088,stranded,stranded,2024-185N,2025-046L,False
2025-06-02 00:00:00+00:00,QQ_diff_launch,62239,63162,27,11.844838378645104,11.943525397226862,9.461278271935052,88.66924277652079,operational,operational,2024-232C,2025-046D,True
2025-06-02 00:00:00+00:00,QQ_diff_launch,62241,63173,1,15.031051409131855,15.031051409131855,9.447331406457268,88.72408983683123,operational,operational,2024-232E,2025-046Q,False
2025-06-02 00:00:00+00:00,QQ_diff_launch,62248,63174,2,10.917640598185486,15.164274593948463,9.500475761143349,88.66582719318889,operational,operational,2024-232M,2025-046R,False
2025-06-02 00:00:00+00:00,QQ_diff_launch,62252,63170,3,16.65923705274533,16.711324957851705,9.492506955133651,88.68493306461956,operational,operational,2024-232R,2025-046M,False
2025-06-02 00:00:00+00:00,QQ_diff_launch,62793,63159,4,5.015204393172679,17.16942105197572,13.86704624760667,86.83028286453651,operational,operational,2025-016J,2025-046A,False
2025-06-02 00:00:00+00:00,QQ_diff_launch,62793,63173,2,8.865042400997844,11.844323561063707,13.873576397641159,86.78114937969684,operational,operational,2025-016J,2025-046Q,False
2025-06-02 00:00:00+00:00,QQ_diff_launch,62797,63164,1,13.531562337960674,13.531562337960674,13.88277590418913,86.68023146617553,operational,operational,2025-016N,2025-046F,False
2025-06-02 00:00:00+00:00,QQ_same_launch,63160,63173,1,19.349928398297337,19.349928398297337,0.010546965027681945,87.2060924048366,drift,operational,2025-046B,2025-046Q,False
2025-06-05 00:00:00+00:00,QQ_diff_launch,60391,61563,6,5.923451867335713,13.668605472455319,13.793452653684053,86.92557734138103,operational,operational,2024-140N,2024-185M,False
2025-06-05 00:00:00+00:00,QQ_diff_launch,60392,63160,1,18.43733821225787,18.43733821225787,2.607048260237608,88.9483821046474,operational,operational,2024-140P,2025-046B,False
2025-06-05 00:00:00+00:00,QQ_diff_launch,61554,62243,2,9.262248152341598,11.056973496878214,5.1002288797727875,88.92142495760743,stranded,stranded,2024-185C,2024-232G,False
2025-06-05 00:00:00+00:00,QQ_diff_launch,61560,62243,1,13.417928759321605,13.417928759321605,5.106720248098151,88.9348355844279,stranded,stranded,2024-185J,2024-232G,False
2025-06-05 00:00:00+00:00,QQ_diff_launch,61563,62786,1,7.883795990645519,7.883795990645519,2.823760601389937,88.96423077785778,operational,operational,2024-185M,2025-016B,False
2025-06-05 00:00:00+00:00,QQ_diff_launch,61564,62238,1,15.774588291407623,15.774588291407623,5.001062297098529,88.92004756174661,stranded,operational,2024-185N,2024-232B,False
2025-06-05 00:00:00+00:00,QQ_diff_launch,61569,62239,1,12.035466760536687,12.035466760536687,5.051593177127773,88.93266673891368,stranded,operational,2024-185T,2024-232C,False
2025-06-05 00:00:00+00:00,QQ_diff_launch,62239,63162,27,12.527225245982272,13.089920442650183,9.483440313505824,88.6522336968608,operational,operational,2024-232C,2025-046D,True
2025-06-05 00:00:00+00:00,QQ_diff_launch,62241,63159,1,19.168846755166037,19.168846755166037,9.42888195824242,88.63648800317478,operational,operational,2024-232E,2025-046A,False
2025-06-05 00:00:00+00:00,QQ_diff_launch,62245,63168,3,15.08155716662302,18.415429776721563,9.488646985885016,88.63603562960832,operational,operational,2024-232J,2025-046K,False
2025-06-05 00:00:00+00:00,QQ_diff_launch,62252,63170,27,16.895262491445276,17.64530354221848,9.489724726463802,88.63334900075706,operational,operational,2024-232R,2025-046M,True
2025-06-05 00:00:00+00:00,QQ_diff_launch,62253,63175,13,16.641493428267207,17.424449167052167,9.460962571262701,88.71015162541791,operational,operational,2024-232S,2025-046S,False
2025-06-05 00:00:00+00:00,QQ_diff_launch,62794,63168,5,6.479960081771877,13.37770594020859,13.88242085683397,86.85313679552189,operational,operational,2025-016K,2025-046K,False
2025-06-05 00:00:00+00:00,QQ_same_launch,61554,61560,1,8.189630621872086,8.189630621872086,0.0020773660694828424,53.66301877442734,stranded,stranded,2024-185C,2024-185J,False
2025-06-05 00:00:00+00:00,QQ_same_launch,61557,61568,1,15.991853880413965,15.991853880413965,0.01970758757326758,64.14399262455653,stranded,stranded,2024-185F,2024-185S,False
2025-06-08 00:00:00+00:00,QQ_diff_launch,60383,61564,1,19.727091618989583,19.727091618989583,13.834451052819077,86.78608294581379,operational,stranded,2024-140E,2024-185N,False
2025-06-08 00:00:00+00:00,QQ_diff_launch,60393,63173,1,15.55767375960171,15.55767375960171,2.6145944652417414,88.95271327656262,operational,operational,2024-140Q,2025-046Q,False
2025-06-08 00:00:00+00:00,QQ_diff_launch,61561,62240,1,12.620750256809034,12.620750256809034,5.098135884468645,88.90547398808812,stranded,stranded,2024-185K,2024-232D,False
2025-06-08 00:00:00+00:00,QQ_diff_launch,61563,62239,3,12.40921438146419,15.0996130179964,4.982197402064431,88.93466096887694,operational,operational,2024-185M,2024-232C,False
2025-06-08 00:00:00+00:00,QQ_diff_launch,62238,63171,3,14.008597133003445,15.090147021657472,9.494023474015028,88.70582347470196,operational,operational,2024-232B,2025-046N,False
2025-06-08 00:00:00+00:00,QQ_diff_launch,62239,63162,13,14.74356741198667,15.159233634260861,9.4825109069326,88.63811358053903,operational,operational,2024-232C,2025-046D,False
2025-06-08 00:00:00+00:00,QQ_diff_launch,62242,63164,27,10.724630940686895,11.003237768070798,9.490132120222388,88.67344388327777,operational,operational,2024-232F,2025-046F,True
2025-06-08 00:00:00+00:00,QQ_diff_launch,62245,63168,27,10.775195110733426,10.861332506532724,9.485918658857479,88.65766335428557,operational,operational,2024-232J,2025-046K,True
2025-06-08 00:00:00+00:00,QQ_diff_launch,62247,63160,2,13.666891273682724,15.99526570483717,9.50024352132258,88.64807500879694,operational,operational,2024-232L,2025-046B,False
2025-06-08 00:00:00+00:00,QQ_diff_launch,62249,63167,1,19.191961116885295,19.191961116885295,9.513731110810662,88.69892338413135,operational,ascent,2024-232N,2025-046J,False
2025-06-08 00:00:00+00:00,QQ_diff_launch,62253,63175,14,12.853750117485252,13.25274331521911,9.463264511605392,88.68572544231023,operational,operational,2024-232S,2025-046S,True
2025-06-08 00:00:00+00:00,QQ_diff_launch,62787,63173,3,6.759553248902374,8.851055650853088,13.887799132383444,86.8243629156602,operational,operational,2025-016C,2025-046Q,False
2025-06-08 00:00:00+00:00,QQ_diff_launch,62788,63172,1,15.33212920119336,15.33212920119336,13.897357137435458,86.88042619570372,operational,ascent,2025-016D,2025-046P,False
2025-06-08 00:00:00+00:00,QQ_diff_launch,62793,63174,2,3.3218120376667515,11.560215262627477,13.865939500142098,86.75571930704977,operational,operational,2025-016J,2025-046R,False
2025-06-08 00:00:00+00:00,QQ_diff_launch,62794,63166,1,17.978533148855053,17.978533148855053,13.89367417166956,86.96128413607978,operational,drift,2025-016K,2025-046H,False
2025-06-11 00:00:00+00:00,QQ_diff_launch,60380,61563,5,1.3798728613402795,11.168006168524009,13.791567927540227,86.88823875441246,operational,operational,2024-140B,2024-185M,False
2025-06-11 00:00:00+00:00,QQ_diff_launch,60384,61569,1,14.434825654595297,14.434825654595297,13.853621724588699,86.93072238351151,operational,stranded,2024-140F,2024-185T,False
2025-06-11 00:00:00+00:00,QQ_diff_launch,61569,63170,1,19.960978231639654,19.960978231639654,12.739628741395636,87.80166140659857,stranded,operational,2024-185T,2025-046M,False
2025-06-11 00:00:00+00:00,QQ_diff_launch,62238,63171,5,9.857077162345906,13.867928238298227,9.494824102039123,88.6779589286235,operational,operational,2024-232B,2025-046N,False
2025-06-11 00:00:00+00:00,QQ_diff_launch,62239,63162,14,17.776027092636156,18.309346872861482,9.481428250332172,88.62144050088065,operational,operational,2024-232C,2025-046D,True
2025-06-11 00:00:00+00:00,QQ_diff_launch,62241,63159,13,13.143572874515469,13.555168584895627,9.435750095113777,88.66878329657226,operational,operational,2024-232E,2025-046A,False
2025-06-11 00:00:00+00:00,QQ_diff_launch,62242,63164,23,10.490768891095184,10.50043645820379,9.489035597998537,88.66259102441431,operational,operational,2024-232F,2025-046F,True
2025-06-11 00:00:00+00:00,QQ_diff_launch,62242,63174,1,13.644003778348452,13.644003778348452,9.486222604265976,88.62507458683223,operational,operational,2024-232F,2025-046R,False
2025-06-11 00:00:00+00:00,QQ_diff_launch,62244,63176,14,18.287193379933495,18.57178972831644,9.479749895188956,88.72008985300008,operational,operational,2024-232H,2025-046T,True
2025-06-11 00:00:00+00:00,QQ_diff_launch,62245,63168,13,9.395951684606477,9.717186098083031,9.485102467282301,88.66341324925106,operational,operational,2024-232J,2025-046K,False
2025-06-11 00:00:00+00:00,QQ_diff_launch,62247,63160,28,12.506915610783802,15.563165567865395,9.49920701402292,88.69306799431084,operational,operational,2024-232L,2025-046B,True
2025-06-11 00:00:00+00:00,QQ_diff_launch,62253,63175,27,12.234019101188231,18.935229067497573,9.476115864953764,88.72018765346328,operational,operational,2024-232S,2025-046S,True
2025-06-11 00:00:00+00:00,QQ_diff_launch,62789,63166,1,6.405554743706773,6.405554743706773,13.895568893467617,86.80251442933395,operational,ascent,2025-016E,2025-046H,False
2025-06-11 00:00:00+00:00,QQ_diff_launch,62798,63167,1,18.193144187339097,18.193144187339097,13.890269946452111,86.56828725965912,operational,operational,2025-016P,2025-046J,False
2025-06-11 00:00:00+00:00,QQ_diff_launch,62801,63172,1,15.720092746137526,15.720092746137526,13.89693459223162,86.60040975084408,operational,ascent,2025-016S,2025-046P,False
2025-06-11 00:00:00+00:00,QQ_same_launch,61554,61568,1,17.012148924675625,17.012148924675625,0.006769310862565092,32.010404187986296,stranded,stranded,2024-185C,2024-185S,False
2025-06-11 00:00:00+00:00,QQ_same_launch,61563,61565,2,6.8346391049365876,9.253647090106034,0.013103351825830122,78.37225850358905,operational,operational,2024-185M,2024-185P,False
2025-06-11 00:00:00+00:00,QQ_same_launch,63160,63166,1,18.49711476634105,18.49711476634105,0.014750273747014847,62.95579706969876,operational,ascent,2025-046B,2025-046H,False
2025-06-11 00:00:00+00:00,QQ_same_launch,63164,63174,1,13.766972797216773,13.766972797216773,0.019946025706640814,80.9728895365439,operational,operational,2025-046F,2025-046R,False
2025-06-14 00:00:00+00:00,QQ_diff_launch,61563,63161,3,9.794506655012855,10.925771945213858,12.705968674371052,87.94594563957824,operational,operational,2024-185M,2025-046C,False
2025-06-14 00:00:00+00:00,QQ_diff_launch,61564,62790,1,17.823746715217037,17.823746715217037,2.819766861771681,88.96419968195492,stranded,operational,2024-185N,2025-016F,False
2025-06-14 00:00:00+00:00,QQ_diff_launch,61564,63161,1,17.531310321560596,17.531310321560596,12.715516724138743,87.89017948024114,stranded,operational,2024-185N,2025-046C,False
2025-06-14 00:00:00+00:00,QQ_diff_launch,62238,63171,13,11.09927885905681,11.644094716010612,9.497477837976849,88.65028550125241,operational,operational,2024-232B,2025-046N,False
2025-06-14 00:00:00+00:00,QQ_diff_launch,62241,63159,14,12.184918780723939,12.262543572266562,9.440183550686502,88.66999156044912,operational,operational,2024-232E,2025-046A,True
2025-06-14 00:00:00+00:00,QQ_diff_launch,62242,63164,14,10.683141158388574,10.756889654906729,9.488160732350176,88.65403433540345,operational,operational,2024-232F,2025-046F,True
2025-06-14 00:00:00+00:00,QQ_diff_launch,62244,63176,13,16.879579315850666,17.06650945771522,9.481706760620488,88.7168398009737,operational,operational,2024-232H,2025-046T,False
2025-06-14 00:00:00+00:00,QQ_diff_launch,62245,63168,14,8.378331248939107,8.475054705565011,9.484162009861706,88.67411440107009,operational,operational,2024-232J,2025-046K,True
2025-06-14 00:00:00+00:00,QQ_diff_launch,62247,63160,27,14.904929439013895,15.69195806557742,9.494883323545118,88.63870180329766,operational,operational,2024-232L,2025-046B,True
2025-06-14 00:00:00+00:00,QQ_diff_launch,62250,63174,2,4.279810642712289,8.42576117157698,9.499721517447341,88.67653202338286,operational,operational,2024-232P,2025-046R,False
2025-06-14 00:00:00+00:00,QQ_diff_launch,62253,63175,27,13.69405268119363,14.49344728351222,9.467809786069527,88.64545245279585,operational,operational,2024-232S,2025-046S,True
2025-06-14 00:00:00+00:00,QQ_diff_launch,62796,63167,1,2.0070455183921627,2.0070455183921627,13.888438289576776,86.77920558076222,operational,operational,2025-016M,2025-046J,False
2025-06-14 00:00:00+00:00,QQ_diff_launch,62798,63174,4,11.53260183751275,15.797672117804986,13.856491011217383,86.69263665319735,operational,operational,2025-016P,2025-046R,False
2025-06-14 00:00:00+00:00,QQ_same_launch,63167,63176,1,19.21905840714657,19.21905840714657,0.015782510913139796,50.316592180576585,operational,operational,2025-046J,2025-046T,False
2025-06-17 00:00:00+00:00,QQ_diff_launch,60385,61554,1,12.327742111609696,12.327742111609696,14.123090221413841,86.79777147903005,drift,stranded,2024-140G,2024-185C,False
2025-06-17 00:00:00+00:00,QQ_diff_launch,61569,62241,1,15.923132382649854,15.923132382649854,5.103050550860686,88.91922832406829,stranded,operational,2024-185T,2024-232E,False
2025-06-17 00:00:00+00:00,QQ_diff_launch,62238,63171,27,16.949377293737122,18.19662294185599,9.49971107635512,88.62016360239593,operational,operational,2024-232B,2025-046N,True
2025-06-17 00:00:00+00:00,QQ_diff_launch,62241,63159,4,18.773817557599095,19.341767006791585,9.4444690301983,88.6238455464172,operational,operational,2024-232E,2025-046A,False
2025-06-17 00:00:00+00:00,QQ_diff_launch,62242,63164,13,11.505173568368821,11.687553453635697,9.487261762052986,88.64412739755844,operational,operational,2024-232F,2025-046F,False
2025-06-17 00:00:00+00:00,QQ_diff_launch,62244,63176,14,15.743441754916844,15.91183947066737,9.483539011182934,88.71530195180367,operational,operational,2024-232H,2025-046T,True
2025-06-17 00:00:00+00:00,QQ_diff_launch,62245,63168,13,8.55600224439023,8.691146314922664,9.483341075486592,88.6870762878765,operational,operational,2024-232J,2025-046K,False
2025-06-17 00:00:00+00:00,QQ_diff_launch,62247,63160,14,12.016112138338057,12.51891238676506,9.503774666457236,88.69281771679726,operational,operational,2024-232L,2025-046B,True
2025-06-17 00:00:00+00:00,QQ_diff_launch,62250,63174,4,7.6779563009963905,10.154084833235883,9.500804501824609,88.67563857845886,operational,operational,2024-232P,2025-046R,False
2025-06-17 00:00:00+00:00,QQ_diff_launch,62253,63175,27,16.6749183475906,17.04513715104067,9.474086892229776,88.71710831398008,operational,operational,2024-232S,2025-046S,True
2025-06-17 00:00:00+00:00,QQ_diff_launch,62787,63167,1,5.50641952038428,5.50641952038428,13.894537252032352,86.83431626677655,operational,operational,2025-016C,2025-046J,False
2025-06-17 00:00:00+00:00,QQ_diff_launch,62802,63172,6,15.408811562574721,17.246056241489484,13.862261041401768,86.6807604893547,operational,operational,2025-016T,2025-046P,False
2025-06-17 00:00:00+00:00,QQ_same_launch,61557,61561,1,13.405812833460496,13.405812833460496,0.017607065844655483,88.86572288765905,stranded,stranded,2024-185F,2024-185K,False
2025-06-17 00:00:00+00:00,QQ_same_launch,63167,63173,1,16.50814017904631,16.50814017904631,0.008600911003248734,9.98396139420258,operational,operational,2025-046J,2025-046Q,False
2025-06-20 00:00:00+00:00,QQ_diff_launch,60392,61569,2,19.942297596912223,19.9507501101114,13.823909129869111,86.76219365327842,operational,stranded,2024-140P,2024-185T,False
2025-06-20 00:00:00+00:00,QQ_diff_launch,61563,63175,2,11.357515759702169,13.724530701769702,12.708761573204523,87.89754399167688,operational,operational,2024-185M,2025-046S,False
2025-06-20 00:00:00+00:00,QQ_diff_launch,61564,63174,1,16.912868605967578,16.912868605967578,12.730302538699148,87.90986526464741,stranded,operational,2024-185N,2025-046R,False
2025-06-20 00:00:00+00:00,QQ_diff_launch,62238,63171,14,10.930473978547125,11.945280600124104,9.508633957444657,88.70016956469138,operational,operational,2024-232B,2025-046N,True
2025-06-20 00:00:00+00:00,QQ_diff_launch,62242,63164,14,13.02398420197068,13.362931261900519,9.486548516495128,88.63332956030938,operational,operational,2024-232F,2025-046F,True
2025-06-20 00:00:00+00:00,QQ_diff_launch,62244,63176,13,15.032484346453606,15.14115282199861,9.485177980873894,88.71516275103639,operational,operational,2024-232H,2025-046T,False
2025-06-20 00:00:00+00:00,QQ_diff_launch,62245,63168,24,10.224347029383537,10.869734220531338,9.482611495404969,88.69853235956336,operational,operational,2024-232J,2025-046K,True
2025-06-20 00:00:00+00:00,QQ_diff_launch,62247,63160,13,9.199458585020007,9.613047752977012,9.503070044916205,88.68111337699838,operational,operational,2024-232L,2025-046B,False
2025-06-20 00:00:00+00:00,QQ_diff_launch,62249,63172,13,8.004302507364349,8.108877930092909,9.511954060948902,88.64885313727481,operational,operational,2024-232N,2025-046P,False
2025-06-20 00:00:00+00:00,QQ_diff_launch,62250,63174,13,16.461239690926046,17.229142643540847,9.498039204174395,88.72213504087016,operational,operational,2024-232P,2025-046R,False
2025-06-20 00:00:00+00:00,QQ_diff_launch,62253,63175,15,15.730186872711897,15.965690133739017,9.473468251030946,88.71620629319206,operational,operational,2024-232S,2025-046S,True
2025-06-23 00:00:00+00:00,QQ_diff_launch,60393,61564,1,19.97307562349129,19.97307562349129,13.804038983849754,86.9210730109665,operational,stranded,2024-140Q,2024-185N,False
2025-06-23 00:00:00+00:00,QQ_diff_launch,60395,61569,1,15.306226382029498,15.306226382029498,13.808224941274165,86.96817202912857,operational,stranded,2024-140S,2024-185T,False
2025-06-23 00:00:00+00:00,QQ_diff_launch,61564,62793,1,16.71663718343746,16.71663718343746,2.814961417114174,88.96175279768488,stranded,operational,2024-185N,2025-016J,False
2025-06-23 00:00:00+00:00,QQ_diff_launch,61564,63159,1,18.500406356787618,18.500406356787618,12.720257596242893,88.01811912326852,stranded,operational,2024-185N,2025-046A,False
2025-06-23 00:00:00+00:00,QQ_diff_launch,62238,63171,13,5.3860298606757695,6.0735679220898815,9.507897069972623,88.67845704435251,operational,operational,2024-232B,2025-046N,False
2025-06-23 00:00:00+00:00,QQ_diff_launch,62242,63164,13,15.576046159746886,16.007761475263763,9.486052362851177,88.62062001381706,operational,operational,2024-232F,2025-046F,False
2025-06-23 00:00:00+00:00,QQ_diff_launch,62244,63176,14,14.588294127764438,14.625907875524568,9.486614313895743,88.7155994276321,operational,operational,2024-232H,2025-046T,True
2025-06-23 00:00:00+00:00,QQ_diff_launch,62245,63168,27,12.88715644182654,18.07402496151441,9.477476564089017,88.61213108315307,operational,operational,2024-232J,2025-046K,True
2025-06-23 00:00:00+00:00,QQ_diff_launch,62247,63160,14,7.144382584030353,7.358851434733481,9.502556495682473,88.66798590094379,operational,operational,2024-232L,2025-046B,True
2025-06-23 00:00:00+00:00,QQ_diff_launch,62249,63172,14,9.145379536019867,9.426868048321657,9.511121676652808,88.63966917612376,operational,operational,2024-232N,2025-046P,True
2025-06-23 00:00:00+00:00,QQ_diff_launch,62250,63174,14,12.302583106915142,12.945227746200931,9.499405764386923,88.70908986615231,operational,operational,2024-232P,2025-046R,True
2025-06-23 00:00:00+00:00,QQ_diff_launch,62253,63175,14,14.363722210788705,14.584757411332792,9.472943977550976,88.71424200448982,operational,operational,2024-232S,2025-046S,True
2025-06-26 00:00:00+00:00,QQ_diff_launch,60380,61569,1,17.09817440868696,17.09817440868696,13.821891811676977,86.70494156850931,operational,stranded,2024-140B,2024-185T,False
2025-06-26 00:00:00+00:00,QQ_diff_launch,61563,62789,2,11.554587803730021,13.735864056818338,2.8224805353832743,88.9640097944523,operational,operational,2024-185M,2025-016E,False
2025-06-26 00:00:00+00:00,QQ_diff_launch,62238,63171,14,4.573046720763892,5.052003108561637,9.507353873474155,88.65600453925018,operational,operational,2024-232B,2025-046N,True
2025-06-26 00:00:00+00:00,QQ_diff_launch,62239,63167,1,9.984172857896123,9.984172857896123,9.506228431429898,88.66348688885768,operational,operational,2024-232C,2025-046J,False
2025-06-26 00:00:00+00:00,QQ_diff_launch,62242,63164,14,18.833511399790375,19.39896882696406,9.485764157348825,88.60648789592506,operational,operational,2024-232F,2025-046F,True
2025-06-26 00:00:00+00:00,QQ_diff_launch,62244,63176,13,8.306396063256624,9.13055459631561,9.487797999201996,88.69896643660424,operational,operational,2024-232H,2025-046T,False
2025-06-26 00:00:00+00:00,QQ_diff_launch,62245,63168,27,15.70807561797702,16.315568353393253,9.48183967491825,88.7209017193115,operational,operational,2024-232J,2025-046K,True
2025-06-26 00:00:00+00:00,QQ_diff_launch,62247,63160,13,7.1390358782961325,7.296105132420775,9.502255161133613,88.6536498250936,operational,operational,2024-232L,2025-046B,False
2025-06-26 00:00:00+00:00,QQ_diff_launch,62249,63172,13,11.245049977775,11.600202807755082,9.510470970781595,88.63008640476343,operational,operational,2024-232N,2025-046P,False
2025-06-26 00:00:00+00:00,QQ_diff_launch,62250,63174,13,7.169245884198351,7.760538789204773,9.50081429657041,88.69294689988031,operational,operational,2024-232P,2025-046R,False
2025-06-26 00:00:00+00:00,QQ_diff_launch,62253,63175,13,4.580801492565226,4.687220250383121,9.472672517298692,88.67292922662224,operational,operational,2024-232S,2025-046S,False
2025-06-26 00:00:00+00:00,QQ_diff_launch,62788,63167,1,6.528771966171477,6.528771966171477,13.893501018277467,86.74913063802934,operational,operational,2025-016D,2025-046J,False
2025-06-26 00:00:00+00:00,QQ_same_launch,61552,61556,2,10.42974998768993,12.716552952324275,0.016597528906721642,61.5292510810705,stranded,stranded,2024-185A,2024-185E,False
2025-06-26 00:00:00+00:00,QQ_same_launch,61565,61569,1,17.663478255428082,17.663478255428082,0.04365705467596907,85.38462865904536,operational,stranded,2024-185P,2024-185T,False
2025-06-29 00:00:00+00:00,QQ_diff_launch,60380,61564,1,16.68458250334616,16.68458250334616,13.810585226834032,86.82583447239153,operational,stranded,2024-140B,2024-185N,False
2025-06-29 00:00:00+00:00,QQ_diff_launch,60396,61569,1,8.391332115996988,8.391332115996988,13.830239921977226,86.80745955746254,operational,stranded,2024-140T,2024-185T,False
2025-06-29 00:00:00+00:00,QQ_diff_launch,62238,63171,13,9.565529522541748,10.517759040028615,9.50703661219142,88.63327760990924,operational,operational,2024-232B,2025-046N,False
2025-06-29 00:00:00+00:00,QQ_diff_launch,62244,63176,14,3.0106748159687493,3.8172173780315335,9.488738448305337,88.68280793979969,operational,operational,2024-232H,2025-046T,True
2025-06-29 00:00:00+00:00,QQ_diff_launch,62245,63168,18,11.12100126340744,13.530075133488037,9.481769878276722,88.71052896388929,operational,operational,2024-232J,2025-046K,True
2025-06-29 00:00:00+00:00,QQ_diff_launch,62247,63160,14,9.132775386948698,9.653919030544746,9.502176861721402,88.63928156977619,operational,operational,2024-232L,2025-046B,True
2025-06-29 00:00:00+00:00,QQ_diff_launch,62249,63172,14,13.782204666712595,14.243687279366602,9.51001845675193,88.62049007284543,operational,operational,2024-232N,2025-046P,True
2025-06-29 00:00:00+00:00,QQ_diff_launch,62250,63174,14,3.383758873778171,3.9512504161066344,9.501871988210082,88.68145067270439,operational,operational,2024-232P,2025-046R,True
2025-06-29 00:00:00+00:00,QQ_diff_launch,62253,63175,14,10.373140465576585,12.218743056804112,9.472650420945588,88.63193702269461,operational,operational,2024-232S,2025-046S,True
2025-06-29 00:00:00+00:00,QQ_diff_launch,62255,63173,11,19.33475057409482,19.639249701511805,9.47252201027168,88.61148011394498,operational,operational,2024-232U,2025-046Q,False
2025-06-29 00:00:00+00:00,QQ_diff_launch,62786,63167,1,18.969806457334524,18.969806457334524,13.893575351686,86.61419168087825,operational,operational,2025-016B,2025-046J,False
2025-06-29 00:00:00+00:00,QQ_same_launch,63165,63167,1,12.718061864818536,12.718061864818536,0.02899552646547431,82.70011491030762,operational,operational,2025-046G,2025-046J,False
2025-07-02 00:00:00+00:00,QQ_diff_launch,60382,61564,1,15.86459482044018,15.86459482044018,13.81031458302686,86.98077267339067,operational,stranded,2024-140D,2024-185N,False
2025-07-02 00:00:00+00:00,QQ_diff_launch,60384,61569,1,7.179387854379206,7.179387854379206,13.826740163832639,86.8859360296848,operational,stranded,2024-140F,2024-185T,False
2025-07-02 00:00:00+00:00,QQ_diff_launch,60394,61563,5,7.091020394551739,14.027394501553344,13.808494692072204,86.88642015147657,operational,operational,2024-140R,2024-185M,False
2025-07-02 00:00:00+00:00,QQ_diff_launch,61563,62791,2,12.279686681774212,13.4826597686167,2.8297334963176013,88.97293074143275,operational,operational,2024-185M,2025-016G,False
2025-07-02 00:00:00+00:00,QQ_diff_launch,61569,63172,1,12.171480111075873,12.171480111075873,12.749105118671668,87.98162319073509,stranded,operational,2024-185T,2025-046P,False
2025-07-02 00:00:00+00:00,QQ_diff_launch,62238,63171,14,16.095522405883322,17.241924117520995,9.5069484116795,88.60981894041194,operational,operational,2024-232B,2025-046N,True
2025-07-02 00:00:00+00:00,QQ_diff_launch,62244,63176,13,0.5354836404729052,1.1139036068308341,9.489417788096148,88.66841425396868,operational,operational,2024-232H,2025-046T,False
2025-07-02 00:00:00+00:00,QQ_diff_launch,62245,63168,14,0.21043844874598072,1.0634363943396372,9.481902069591127,88.67512556485437,operational,operational,2024-232J,2025-046K,True
2025-07-02 00:00:00+00:00,QQ_diff_launch,62247,63160,13,12.915491458420144,13.58138305692998,9.502357428702837,88.6237468939549,operational,operational,2024-232L,2025-046B,False
2025-07-02 00:00:00+00:00,QQ_diff_launch,62249,63172,13,16.767976217182177,17.259594067110022,9.509780326486833,88.610399724197,operational,operational,2024-232N,2025-046P,False
2025-07-02 00:00:00+00:00,QQ_diff_launch,62250,63174,13,2.575187318236096,3.3359905773581513,9.502679296566956,88.68024774651198,operational,operational,2024-232P,2025-046R,False
2025-07-02 00:00:00+00:00,QQ_diff_launch,62255,63173,14,16.82109772977671,17.19138639538347,9.473099443495421,88.61954149709439,operational,operational,2024-232U,2025-046Q,True
2025-07-02 00:00:00+00:00,QQ_same_launch,61554,61557,3,9.74417786348504,10.282992925312918,0.014925563885920048,62.43405103088255,stranded,stranded,2024-185C,2024-185F,False
2025-07-05 00:00:00+00:00,QQ_diff_launch,60379,61569,1,13.22660624770659,13.22660624770659,13.816082293481845,87.01450749986203,operational,stranded,2024-140A,2024-185T,False
2025-07-05 00:00:00+00:00,QQ_diff_launch,60388,61564,1,11.666344875708955,11.666344875708955,13.831802606479481,86.90885925886792,operational,stranded,2024-140K,2024-185N,False
2025-07-05 00:00:00+00:00,QQ_diff_launch,61563,62248,1,11.076117595717713,11.076117595717713,4.991079242182181,88.93062452608682,operational,operational,2024-185M,2024-232M,False
2025-07-05 00:00:00+00:00,QQ_diff_launch,61564,62798,1,17.294493272488207,17.294493272488207,2.8252547857002144,88.9653432250856,stranded,operational,2024-185N,2025-016P,False
2025-07-05 00:00:00+00:00,QQ_diff_launch,61569,62798,1,16.78173516823526,16.78173516823526,2.7804565327754056,88.95206095918809,stranded,operational,2024-185T,2025-016P,False
2025-07-05 00:00:00+00:00,QQ_diff_launch,61569,63174,1,14.486709270237357,14.486709270237357,12.74415126732575,88.00655709950726,stranded,operational,2024-185T,2025-046R,False
2025-07-05 00:00:00+00:00,QQ_diff_launch,62244,63176,14,6.256620219900863,7.2228528592703345,9.489853192211541,88.64846292169513,operational,operational,2024-232H,2025-046T,True
2025-07-05 00:00:00+00:00,QQ_diff_launch,62245,63168,13,9.274976990799384,11.111064027828016,9.48228020083391,88.63456170408793,operational,operational,2024-232J,2025-046K,False
2025-07-05 00:00:00+00:00,QQ_diff_launch,62247,63160,14,17.76298542896431,18.625398725506308,9.502781774567048,88.60569798759828,operational,operational,2024-232L,2025-046B,True
2025-07-05 00:00:00+00:00,QQ_diff_launch,62250,63174,14,8.33220934732102,9.295899706172607,9.503237250893706,88.69905129334889,operational,operational,2024-232P,2025-046R,True
2025-07-05 00:00:00+00:00,QQ_diff_launch,62255,63173,13,14.685551100883124,14.987075152327883,9.473796467488679,88.62622018545392,operational,operational,2024-232U,2025-046Q,False
2025-07-08 00:00:00+00:00,QQ_diff_launch,60383,61569,1,16.774764627864414,16.774764627864414,13.814529769149017,87.06023978129181,operational,stranded,2024-140E,2024-185T,False
2025-07-08 00:00:00+00:00,QQ_diff_launch,60385,61557,1,7.1935752906030554,7.1935752906030554,14.149807391197143,86.8379939463446,drift,stranded,2024-140G,2024-185F,False
2025-07-08 00:00:00+00:00,QQ_diff_launch,61565,63161,14,9.270150847363547,13.206746334305222,12.709234831098193,87.9479402095624,operational,operational,2024-185P,2025-046C,True
2025-07-08 00:00:00+00:00,QQ_diff_launch,61569,62244,1,13.081458090458085,13.081458090458085,5.031276414669154,88.9371331682059,stranded,operational,2024-185T,2024-232H,False
2025-07-08 00:00:00+00:00,QQ_diff_launch,61569,63176,1,9.388916703955449,9.388916703955449,12.732389339518209,87.88866656056553,stranded,operational,2024-185T,2025-046T,False
2025-07-08 00:00:00+00:00,QQ_diff_launch,62244,63176,13,12.422615571765068,13.290807111354635,9.489983556159704,88.62862885911235,operational,operational,2024-232H,2025-046T,False
2025-07-08 00:00:00+00:00,QQ_diff_launch,62250,63174,13,14.447765800646348,15.387589330106623,9.503514817897326,88.71765560112499,operational,operational,2024-232P,2025-046R,False
2025-07-08 00:00:00+00:00,QQ_diff_launch,62255,63173,14,12.912706855684304,13.18402988034375,9.474568533170181,88.63120497947327,operational,operational,2024-232U,2025-046Q,True
2025-07-11 00:00:00+00:00,QQ_diff_launch,60390,61569,1,12.083916728693668,12.083916728693668,13.812539936887296,87.00894692670141,operational,stranded,2024-140M,2024-185T,False
2025-07-11 00:00:00+00:00,QQ_diff_launch,60395,61564,1,19.94262294123827,19.94262294123827,13.798808004772702,86.73286582929344,operational,stranded,2024-140S,2024-185N,False
2025-07-11 00:00:00+00:00,QQ_diff_launch,61560,62243,1,15.517498675884383,15.517498675884383,5.087400158035722,88.89969294087221,stranded,stranded,2024-185J,2024-232G,False
2025-07-11 00:00:00+00:00,QQ_diff_launch,61563,62245,1,17.848543054862677,17.848543054862677,5.009378093097116,88.90310405202563,operational,operational,2024-185M,2024-232J,False
2025-07-11 00:00:00+00:00,QQ_diff_launch,61563,63168,4,8.979729952993909,13.939541979162502,12.71699298516801,87.91933120997491,operational,operational,2024-185M,2025-046K,False
2025-07-11 00:00:00+00:00,QQ_diff_launch,61569,62245,1,14.421992322804028,14.421992322804028,5.052342101132632,88.89979397206586,stranded,operational,2024-185T,2024-232J,False
2025-07-11 00:00:00+00:00,QQ_diff_launch,62244,63176,27,17.46453359183702,18.792854163637585,9.489917571237289,88.61274263640522,operational,operational,2024-232H,2025-046T,True
2025-07-11 00:00:00+00:00,QQ_diff_launch,62247,63160,14,5.783248232978671,7.160580097839797,9.505215599788395,88.66906667122163,operational,operational,2024-232L,2025-046B,True
2025-07-11 00:00:00+00:00,QQ_diff_launch,62255,63173,13,11.40837130480964,11.62352782678502,9.47541324933396,88.63521390421539,operational,operational,2024-232U,2025-046Q,False
2025-07-11 00:00:00+00:00,QQ_same_launch,61553,61558,1,17.63366032510159,17.63366032510159,0.017477554092309062,58.37006784451813,stranded,stranded,2024-185B,2024-185G,False
2025-07-14 00:00:00+00:00,QQ_diff_launch,60389,61565,3,15.847895939058937,17.46482924893006,13.812657703576447,87.02522748006925,operational,operational,2024-140L,2024-185P,False
2025-07-14 00:00:00+00:00,QQ_diff_launch,60391,61564,1,19.738317168930532,19.738317168930532,13.796889722004721,87.09909608555365,operational,stranded,2024-140N,2024-185N,False
2025-07-14 00:00:00+00:00,QQ_diff_launch,60395,61569,1,2.6909417207133104,2.6909417207133104,13.810412537386801,86.91511645408472,operational,stranded,2024-140S,2024-185T,False
2025-07-14 00:00:00+00:00,QQ_diff_launch,61564,62239,1,14.8732863936877,14.8732863936877,4.989864529785876,88.93620185456899,stranded,operational,2024-185N,2024-232C,False
2025-07-14 00:00:00+00:00,QQ_diff_launch,61564,63162,1,16.28007656717993,16.28007656717993,12.702855934238569,87.92863938063066,stranded,operational,2024-185N,2025-046D,False
2025-07-14 00:00:00+00:00,QQ_diff_launch,61569,63160,1,12.42791758393998,12.42791758393998,12.733428265648016,87.8864021746323,stranded,operational,2024-185T,2025-046B,False
2025-07-14 00:00:00+00:00,QQ_diff_launch,62244,63176,14,11.264837907968909,12.07970108905149,9.493261490798115,88.6998648821074,operational,operational,2024-232H,2025-046T,True
2025-07-14 00:00:00+00:00,QQ_diff_launch,62255,63173,1,19.855698639964686,19.855698639964686,9.476199664889755,88.60544522430008,operational,operational,2024-232U,2025-046Q,False
2025-07-17 00:00:00+00:00,QQ_diff_launch,60389,61569,1,11.583591018613772,11.583591018613772,13.811947233223995,87.00460405276857,operational,stranded,2024-140L,2024-185T,False
2025-07-17 00:00:00+00:00,QQ_diff_launch,62244,63176,13,9.43066472286135,9.5406119222259,9.494478604984119,88.67069977273923,operational,operational,2024-232H,2025-046T,False
2025-07-17 00:00:00+00:00,QQ_same_launch,61554,61560,1,11.04558788472097,11.04558788472097,0.0022522417046456277,30.18980668802418,stranded,stranded,2024-185C,2024-185J,False
2025-07-20 00:00:00+00:00,QQ_diff_launch,62244,63176,14,13.422175735146425,14.614043997352681,9.49588719563986,88.63743005666537,operational,operational,2024-232H,2025-046T,True
2025-07-23 00:00:00+00:00,QQ_diff_launch,60382,61569,1,16.753226338565554,16.753226338565554,13.818089186285478,86.68854008425299,operational,stranded,2024-140D,2024-185T,False
2025-07-23 00:00:00+00:00,QQ_diff_launch,61563,62793,3,2.0418885869961936,18.19440386544009,2.823226405278652,88.96291099697689,operational,operational,2024-185M,2025-016J,False
2025-07-23 00:00:00+00:00,QQ_diff_launch,62238,63171,13,11.624894766271092,12.981925933073263,9.520375381725861,88.62424834637842,operational,operational,2024-232B,2025-046N,False
2025-07-26 00:00:00+00:00,QQ_diff_launch,60381,61564,1,16.978678194311883,16.978678194311883,13.801046638489373,86.7656100617882,operational,stranded,2024-140C,2024-185N,False
2025-07-26 00:00:00+00:00,QQ_diff_launch,60385,61554,1,17.492469632287897,17.492469632287897,14.087659473195002,86.80034522860606,drift,stranded,2024-140G,2024-185C,False
2025-07-26 00:00:00+00:00,QQ_diff_launch,61554,62243,1,8.849729979607813,8.849729979607813,5.098607094444326,88.90413096373487,stranded,stranded,2024-185C,2024-232G,False
2025-07-26 00:00:00+00:00,QQ_diff_launch,61569,62799,1,18.20267759237581,18.20267759237581,2.7599708448588824,88.95990471563238,stranded,operational,2024-185T,2025-016Q,False
2025-07-26 00:00:00+00:00,QQ_diff_launch,62238,63171,14,3.2780041675862015,4.41075193384736,9.521562747090034,88.6543461897087,operational,operational,2024-232B,2025-046N,True
2025-07-29 00:00:00+00:00,QQ_diff_launch,60387,61563,4,11.780986160465625,15.459675411281241,13.811359584191315,86.88970671926636,operational,operational,2024-140J,2024-185M,False
2025-07-29 00:00:00+00:00,QQ_diff_launch,60387,61569,1,10.593071467565846,10.593071467565846,13.810864848093924,86.77276064821383,operational,stranded,2024-140J,2024-185T,False
2025-07-29 00:00:00+00:00,QQ_diff_launch,60396,61564,1,17.525064839693673,17.525064839693673,13.812334304395794,86.764741323302,operational,stranded,2024-140T,2024-185N,False
2025-07-29 00:00:00+00:00,QQ_diff_launch,61569,63176,1,18.46825264404623,18.46825264404623,12.720655942381626,87.8697736688794,stranded,operational,2024-185T,2025-046T,False
2025-07-29 00:00:00+00:00,QQ_diff_launch,62238,63171,13,3.638387165808281,4.619164597574023,9.522708468057868,88.68055012354701,operational,operational,2024-232B,2025-046N,False
2025-07-29 00:00:00+00:00,QQ_same_launch,61554,61561,1,13.662012000032906,13.662012000032906,0.004150313161793905,9.75382927209669,stranded,stranded,2024-185C,2024-185K,False
2025-08-01 00:00:00+00:00,QQ_diff_launch,61563,62242,1,10.57255567529875,10.57255567529875,4.993007282730664,88.93107270641683,operational,operational,2024-185M,2024-232F,False
2025-08-01 00:00:00+00:00,QQ_diff_launch,61564,62252,1,15.851547951890876,15.851547951890876,4.983781226293693,88.93000982316725,stranded,operational,2024-185N,2024-232R,False
2025-08-01 00:00:00+00:00,QQ_diff_launch,61569,62787,1,14.255071831046362,14.255071831046362,2.785722573198548,88.95733941656788,stranded,operational,2024-185T,2025-016C,False
2025-08-01 00:00:00+00:00,QQ_diff_launch,62238,63171,27,10.319502255891411,12.402241449044833,9.523641187274006,88.69960896162307,operational,operational,2024-232B,2025-046N,True
2025-08-04 00:00:00+00:00,QQ_diff_launch,60381,61565,3,14.069113958788472,15.949954768291187,13.823166708182203,86.78861388304956,operational,operational,2024-140C,2024-185P,False
2025-08-04 00:00:00+00:00,QQ_diff_launch,60388,61563,3,3.6576871336127024,9.62771233029559,13.845130510362063,86.76168391959581,operational,operational,2024-140K,2024-185M,False
2025-08-04 00:00:00+00:00,QQ_diff_launch,60394,61569,1,19.31378142399229,19.31378142399229,13.807285852347693,86.68056114953794,operational,stranded,2024-140R,2024-185T,False
2025-08-04 00:00:00+00:00,QQ_diff_launch,62238,63171,27,8.346088646084173,10.205452101596114,9.494068402797808,88.6476546229203,operational,operational,2024-232B,2025-046N,True
2025-08-07 00:00:00+00:00,QQ_diff_launch,60381,61569,1,10.063662326998852,10.063662326998852,13.808910904185744,86.93409562058177,operational,stranded,2024-140C,2024-185T,False
2025-08-07 00:00:00+00:00,QQ_diff_launch,60392,61564,1,19.325968425715867,19.325968425715867,13.796900251933092,86.77637932520412,operational,stranded,2024-140P,2024-185N,False
2025-08-07 00:00:00+00:00,QQ_diff_launch,61563,62250,2,4.796290091444624,8.460054278325048,4.9822822242807465,88.92200057123044,operational,operational,2024-185M,2024-232P,False
2025-08-07 00:00:00+00:00,QQ_diff_launch,61563,63174,4,7.728907669918245,9.087959955980478,12.721095368837446,87.9262575430577,operational,operational,2024-185M,2025-046R,False
2025-08-07 00:00:00+00:00,QQ_diff_launch,61564,62245,1,17.93477334719702,17.93477334719702,5.001358296425474,88.91793570816674,stranded,operational,2024-185N,2024-232J,False
2025-08-07 00:00:00+00:00,QQ_diff_launch,62238,63171,13,6.36551862183194,6.472339601266706,9.493412674965512,88.66926611117225,operational,operational,2024-232B,2025-046N,False
2025-08-07 00:00:00+00:00,QQ_same_launch,61554,61560,1,15.802084246775612,15.802084246775612,0.007235417873640465,1.371430698553521,stranded,stranded,2024-185C,2024-185J,False
2025-08-10 00:00:00+00:00,QQ_diff_launch,60391,61569,1,13.464114852626336,13.464114852626336,13.802789700375566,86.99126909784769,operational,stranded,2024-140N,2024-185T,False
2025-08-10 00:00:00+00:00,QQ_diff_launch,62238,63171,14,9.87747075562991,10.814761128075862,9.492959682325365,88.69406582285764,operational,operational,2024-232B,2025-046N,True
2025-08-10 00:00:00+00:00,QQ_same_launch,61560,61568,3,1.767940664182988,4.640271107666607,0.007695434647811566,70.18399628968264,stranded,stranded,2024-185J,2024-185S,False
2025-08-13 00:00:00+00:00,QQ_diff_launch,61563,62799,1,4.520335724967791,4.520335724967791,2.814175429975133,88.95759560471316,operational,operational,2024-185M,2025-016Q,False
2025-08-13 00:00:00+00:00,QQ_diff_launch,61564,63167,1,18.41614397655847,18.41614397655847,12.757644582272235,87.89199329727415,stranded,operational,2024-185N,2025-046J,False
2025-08-13 00:00:00+00:00,QQ_diff_launch,61569,62801,1,10.528886503534862,10.528886503534862,2.7777477159938906,88.96102839420612,stranded,operational,2024-185T,2025-016S,False
2025-08-13 00:00:00+00:00,QQ_diff_launch,62238,63171,13,16.144438401607218,17.083770991643995,9.492642841227342,88.71681368636568,operational,operational,2024-232B,2025-046N,False
2025-08-16 00:00:00+00:00,QQ_diff_launch,61564,63169,1,13.985378054952974,13.985378054952974,12.719231615219732,88.01859672724952,stranded,stranded,2024-185N,2025-046L,False
2025-08-16 00:00:00+00:00,QQ_diff_launch,61564,63170,1,15.895984003301631,15.895984003301631,12.74645867671851,87.9450968695368,stranded,operational,2024-185N,2025-046M,False
2025-08-16 00:00:00+00:00,QQ_same_launch,61552,61553,1,15.93452153360872,15.93452153360872,0.027235770771418602,85.16591330620504,stranded,stranded,2024-185A,2024-185B,False
2025-08-16 00:00:00+00:00,QQ_same_launch,61552,61556,1,6.557815246228893,6.557815246228893,0.018029447845069456,84.30477986556008,stranded,stranded,2024-185A,2024-185E,False
2025-08-16 00:00:00+00:00,QQ_same_launch,61564,61569,2,19.018537771059325,19.41741021303176,0.04980673196102525,84.25339720271367,stranded,stranded,2024-185N,2024-185T,False
2025-08-19 00:00:00+00:00,QQ_diff_launch,60384,61563,1,10.957800646225142,10.957800646225142,13.790802624611976,87.00578644429929,operational,operational,2024-140F,2024-185M,False
2025-08-19 00:00:00+00:00,QQ_diff_launch,60388,61569,1,19.2218967780908,19.2218967780908,13.873431528623593,86.99731745244796,operational,stranded,2024-140K,2024-185T,False
2025-08-19 00:00:00+00:00,QQ_diff_launch,61563,62785,2,5.4435767637819925,9.06842160896062,2.837756444950744,88.96038866522088,operational,operational,2024-185M,2025-016A,False
2025-08-19 00:00:00+00:00,QQ_diff_launch,61569,62242,1,15.321021182401655,15.321021182401655,5.037862720869537,88.9199450818381,stranded,operational,2024-185T,2024-232F,False
2025-08-19 00:00:00+00:00,QQ_diff_launch,62250,63174,14,12.002045229441222,13.815150436068716,9.525849142117302,88.70883321013756,operational,operational,2024-232P,2025-046R,True
2025-08-22 00:00:00+00:00,QQ_diff_launch,60393,61569,1,14.00016026100494,14.00016026100494,13.84545864841026,86.83458832152837,operational,stranded,2024-140Q,2024-185T,False
2025-08-22 00:00:00+00:00,QQ_diff_launch,61565,62789,7,10.71732223028542,14.30255143441926,2.8148046100060475,88.95931430887934,operational,operational,2024-185P,2025-016E,False
2025-08-22 00:00:00+00:00,QQ_diff_launch,61569,62241,1,15.70208592780566,15.70208592780566,5.0847662625469585,88.91498685483657,stranded,operational,2024-185T,2024-232E,False
2025-08-22 00:00:00+00:00,QQ_diff_launch,62250,63174,13,5.512797694693305,5.593903367137663,9.52722450067171,88.6679877037455,operational,operational,2024-232P,2025-046R,False
2025-08-25 00:00:00+00:00,QQ_diff_launch,60382,61563,6,2.9628560415414924,11.980284604080566,13.805456516737683,86.90183685280448,operational,operational,2024-140D,2024-185M,False
2025-08-25 00:00:00+00:00,QQ_diff_launch,61564,63161,1,15.355689476776538,15.355689476776538,12.7373221149726,87.8811035281446,stranded,operational,2024-185N,2025-046C,False
2025-08-25 00:00:00+00:00,QQ_diff_launch,62250,63174,27,12.205154096189784,14.337009492178572,9.52825991421313,88.63141359908384,operational,operational,2024-232P,2025-046R,True
2025-08-28 00:00:00+00:00,QQ_diff_launch,60381,61569,1,13.878475470002853,13.878475470002853,13.845741237131065,86.97956048045498,operational,stranded,2024-140C,2024-185T,False
2025-08-28 00:00:00+00:00,QQ_diff_launch,60385,61557,1,2.884339765221354,2.884339765221354,14.11124528455037,86.77918428580467,drift,stranded,2024-140G,2024-185F,False
2025-08-28 00:00:00+00:00,QQ_diff_launch,60385,62240,2,8.000638424104817,10.564424453001925,11.669172966035799,88.38411513334268,drift,stranded,2024-140G,2024-232D,False
2025-08-28 00:00:00+00:00,QQ_diff_launch,61563,62254,1,5.9877745565966025,5.9877745565966025,4.973803638901076,88.91510453285501,operational,operational,2024-185M,2024-232T,False
2025-08-28 00:00:00+00:00,QQ_diff_launch,61569,63166,1,15.364533378642058,15.364533378642058,12.776732100772211,88.01209162633933,stranded,operational,2024-185T,2025-046H,False
2025-08-28 00:00:00+00:00,QQ_diff_launch,62250,63174,14,2.4641948644012466,3.2770157521300867,9.486979726041527,88.67610476472352,operational,operational,2024-232P,2025-046R,True
2025-08-31 00:00:00+00:00,QQ_diff_launch,60380,61569,1,9.1617089820246,9.1617089820246,13.852545645597111,86.91707249486794,operational,stranded,2024-140B,2024-185T,False
2025-08-31 00:00:00+00:00,QQ_diff_launch,60386,61563,2,15.157899904221402,16.008250700935655,13.800808865162729,86.79948722370914,operational,operational,2024-140H,2024-185M,False
2025-08-31 00:00:00+00:00,QQ_diff_launch,61569,63169,1,18.321952971139915,18.321952971139915,12.7423477457579,88.00529712646768,stranded,stranded,2024-185T,2025-046L,False
2025-08-31 00:00:00+00:00,QQ_diff_launch,62238,63171,14,13.671803020316482,14.88037742049788,9.528535417201386,88.70825448590442,operational,operational,2024-232B,2025-046N,True
2025-08-31 00:00:00+00:00,QQ_diff_launch,62250,63174,13,9.943354348986302,12.012099114592857,9.48666975009407,88.62963441523219,operational,operational,2024-232P,2025-046R,False
2025-09-03 00:00:00+00:00,QQ_diff_launch,60383,61564,1,16.6650878879838,16.6650878879838,13.831724758495502,86.98262040773255,operational,stranded,2024-140E,2024-185N,False
2025-09-03 00:00:00+00:00,QQ_diff_launch,60386,61569,1,15.619039610104382,15.619039610104382,13.848723452992905,87.0374555413734,operational,stranded,2024-140H,2024-185T,False
2025-09-03 00:00:00+00:00,QQ_diff_launch,61563,62246,2,15.954649454523276,16.1200858857584,4.980264863338272,88.92982972934871,operational,operational,2024-185M,2024-232K,False
2025-09-03 00:00:00+00:00,QQ_diff_launch,61563,63167,3,7.907645200537712,15.466110458208945,12.69856805021672,87.94688583989756,operational,operational,2024-185M,2025-046J,False
2025-09-03 00:00:00+00:00,QQ_diff_launch,61564,62241,1,19.14711123880464,19.14711123880464,5.037489638768066,88.93317540936039,stranded,operational,2024-185N,2024-232E,False
2025-09-03 00:00:00+00:00,QQ_diff_launch,62238,63171,27,8.084931286466038,17.327464764428836,9.494558274589664,88.71870769915562,operational,operational,2024-232B,2025-046N,True
2025-09-06 00:00:00+00:00,QQ_diff_launch,61565,62247,8,10.151208607055677,13.909592107013927,4.983893665341059,88.92037549344826,operational,operational,2024-185P,2024-232L,False
2025-09-06 00:00:00+00:00,QQ_diff_launch,61565,63160,16,1.0549824566876307,9.649872691701837,12.723510912915604,87.92519698801371,operational,operational,2024-185P,2025-046B,True
2025-09-06 00:00:00+00:00,QQ_diff_launch,62238,63171,27,10.270396994937554,11.583195774385453,9.527848078325015,88.64576042549777,operational,operational,2024-232B,2025-046N,True
2025-09-09 00:00:00+00:00,QQ_diff_launch,61564,63161,1,15.83579532597804,15.83579532597804,12.728699296050198,87.99371350602337,stranded,operational,2024-185N,2025-046C,False
2025-09-09 00:00:00+00:00,QQ_diff_launch,61564,63162,1,15.00309134864546,15.00309134864546,12.728477684194381,87.95613091834498,stranded,operational,2024-185N,2025-046D,False
2025-09-09 00:00:00+00:00,QQ_diff_launch,62238,63171,15,6.190478682030469,6.364921708939158,9.496355073748848,88.67137026362825,operational,operational,2024-232B,2025-046N,True
2025-09-12 00:00:00+00:00,QQ_diff_launch,60383,61569,1,12.466542004038464,12.466542004038464,13.845125594612583,87.00245249456461,operational,stranded,2024-140E,2024-185T,False
2025-09-12 00:00:00+00:00,QQ_diff_launch,60383,62793,1,18.827988429118342,18.827988429118342,14.452660541131875,82.9327559833879,operational,operational,2024-140E,2025-016J,False
2025-09-12 00:00:00+00:00,QQ_diff_launch,60388,62798,3,16.519577938940802,17.055548763812823,14.50292691707243,82.45365166247795,operational,operational,2024-140K,2025-016P,False
2025-09-12 00:00:00+00:00,QQ_diff_launch,61569,63159,1,14.984421154008624,14.984421154008624,12.753807501732217,88.00571503031232,stranded,operational,2024-185T,2025-046A,False
2025-09-12 00:00:00+00:00,QQ_diff_launch,62238,63171,13,9.288467841628366,10.455645710148344,9.497496181182704,88.63898151192151,operational,operational,2024-232B,2025-046N,False
2025-09-15 00:00:00+00:00,QQ_diff_launch,60379,61564,1,17.17833991125414,17.17833991125414,13.834228336309087,87.0662889476573,operational,stranded,2024-140A,2024-185N,False
2025-09-15 00:00:00+00:00,QQ_diff_launch,61554,62243,2,3.8562653203701402,10.154115385400887,5.074971235207991,88.91834144649548,stranded,stranded,2024-185C,2024-232G,False
2025-09-15 00:00:00+00:00,QQ_diff_launch,61563,62788,2,9.13763266253337,12.684847734074536,2.8194378940358207,88.95107117587236,operational,operational,2024-185M,2025-016D,False
2025-09-15 00:00:00+00:00,QQ_diff_launch,61564,62250,1,13.23500693624978,13.23500693624978,4.980602197493653,88.90762436765134,stranded,operational,2024-185N,2024-232P,False
2025-09-15 00:00:00+00:00,QQ_diff_launch,61567,63163,1,18.383326651835034,18.383326651835034,12.843260286274726,87.9381090330843,stranded,stranded,2024-185R,2025-046E,False
2025-09-15 00:00:00+00:00,QQ_diff_launch,61569,63168,1,12.15720713056784,12.15720713056784,12.759163107514606,87.86136021142049,stranded,operational,2024-185T,2025-046K,False
2025-09-15 00:00:00+00:00,QQ_diff_launch,62238,63171,6,18.588100742434097,19.233329210614833,9.498630698908393,88.60529266918027,operational,operational,2024-232B,2025-046N,False
2025-09-15 00:00:00+00:00,QQ_diff_launch,62242,62798,1,19.182151840532914,19.182151840532914,7.553907994406393,88.84404152781589,operational,operational,2024-232F,2025-016P,False
2025-09-15 00:00:00+00:00,QQ_diff_launch,62789,63160,2,15.77434941527598,17.882467048427433,13.868302810006975,86.6124135588126,operational,operational,2025-016E,2025-046B,False
2025-09-15 00:00:00+00:00,QQ_diff_launch,62798,63164,2,10.270995942943513,12.901513997084512,13.881613034576873,86.8280096772321,operational,operational,2025-016P,2025-046F,False
2025-09-15 00:00:00+00:00,QQ_same_launch,62789,62791,2,7.899552011395202,10.768725423380735,0.013199026177425143,60.167924948522675,operational,operational,2025-016E,2025-016G,False
2025-09-15 00:00:00+00:00,QQ_same_launch,62792,62794,1,8.069237968301563,8.069237968301563,0.009746576346737408,65.16522007020744,operational,operational,2025-016H,2025-016K,False
2025-09-15 00:00:00+00:00,QQ_same_launch,62793,62796,1,5.542546238296177,5.542546238296177,0.004575117540567751,58.73162293298209,operational,operational,2025-016J,2025-016M,False
2025-09-18 00:00:00+00:00,QQ_diff_launch,60391,62790,3,14.040127110481485,15.578951040579007,14.490104813433835,82.81268028464218,operational,operational,2024-140N,2025-016F,False
2025-09-18 00:00:00+00:00,QQ_diff_launch,61562,62794,2,4.876663059971003,12.361815468848054,2.755808722195485,88.96067379859372,operational,operational,2024-185L,2025-016K,False
2025-09-18 00:00:00+00:00,QQ_diff_launch,61565,62794,1,9.92204018636086,9.92204018636086,2.804876626028965,88.95280099060689,operational,operational,2024-185P,2025-016K,False
2025-09-18 00:00:00+00:00,QQ_diff_launch,62242,62793,1,17.714723912786127,17.714723912786127,7.5272053118871085,88.79600057575249,operational,operational,2024-232F,2025-016J,False
2025-09-18 00:00:00+00:00,QQ_diff_launch,62248,62789,1,17.430968935535326,17.430968935535326,7.52825097256566,88.83978042536944,operational,operational,2024-232M,2025-016E,False
2025-09-18 00:00:00+00:00,QQ_diff_launch,62793,63164,2,17.6927438899093,18.784083999638558,13.873284448702796,86.81547910418608,operational,operational,2025-016J,2025-046F,False
2025-09-18 00:00:00+00:00,QQ_diff_launch,62798,63176,1,17.130003109830664,17.130003109830664,13.859996646464147,86.70207813236094,operational,operational,2025-016P,2025-046T,False
2025-09-18 00:00:00+00:00,QQ_same_launch,61553,61558,2,12.216151414355128,13.168893493713496,0.016608743521724277,55.85936965142822,stranded,stranded,2024-185B,2024-185G,False
2025-09-18 00:00:00+00:00,QQ_same_launch,62796,62798,1,8.208640382532154,8.208640382532154,0.010346459813823393,68.01896798069558,operational,operational,2025-016M,2025-016P,False
2025-09-21 00:00:00+00:00,QQ_diff_launch,60389,61563,4,12.87159860512321,17.1422812990131,13.776916547931414,86.85230724432105,operational,operational,2024-140L,2024-185M,False
2025-09-21 00:00:00+00:00,QQ_diff_launch,60392,62789,4,15.940911753585153,17.479948981876614,14.448171744084764,82.78133347055302,operational,operational,2024-140P,2025-016E,False
2025-09-21 00:00:00+00:00,QQ_diff_launch,60395,62794,4,13.550046603236053,15.268022326695444,14.49234586568194,82.85658635573157,operational,operational,2024-140S,2025-016K,False
2025-09-21 00:00:00+00:00,QQ_diff_launch,60396,62790,4,12.245384122681264,14.331970866985884,14.498793827846166,82.70973490596819,operational,operational,2024-140T,2025-016F,False
2025-09-21 00:00:00+00:00,QQ_diff_launch,61569,63161,1,13.465637630482941,13.465637630482941,12.74104409764371,87.87608172433326,stranded,operational,2024-185T,2025-046C,False
2025-09-21 00:00:00+00:00,QQ_same_launch,61552,61553,1,16.913040278314682,16.913040278314682,0.0322378334721485,86.75344435798756,stranded,stranded,2024-185A,2024-185B,False
2025-09-24 00:00:00+00:00,QQ_diff_launch,60380,61564,1,19.060814302468394,19.060814302468394,13.835212790867141,87.04591679345111,operational,stranded,2024-140B,2024-185N,False
2025-09-24 00:00:00+00:00,QQ_diff_launch,61563,63175,5,0.48078174101132504,17.14298831220924,12.698073795393162,87.9306476344676,operational,operational,2024-185M,2025-046S,False
2025-09-24 00:00:00+00:00,QQ_diff_launch,62246,62790,1,14.46418738247568,14.46418738247568,7.5501278472366025,88.7908456899314,operational,operational,2024-232K,2025-016F,False
2025-09-24 00:00:00+00:00,QQ_diff_launch,62790,63167,5,2.0795503980564454,14.950615870690918,13.88259257056334,86.74480797104518,operational,operational,2025-016F,2025-046J,False
2025-09-24 00:00:00+00:00,QQ_diff_launch,62794,63166,1,5.099550573025341,5.099550573025341,13.886383196734146,86.82152112960328,operational,operational,2025-016K,2025-046H,False
2025-09-24 00:00:00+00:00,QQ_same_launch,61554,61561,1,11.877050926468144,11.877050926468144,0.004581353492289434,88.68685338201291,stranded,stranded,2024-185C,2024-185K,False
2025-09-24 00:00:00+00:00,QQ_same_launch,62786,62802,1,7.729549397809267,7.729549397809267,0.00730370142186517,65.45814482799304,operational,operational,2025-016B,2025-016T,False
2025-09-27 00:00:00+00:00,QQ_diff_launch,60381,61563,4,10.91490560457563,15.910653936943435,13.780291185187743,86.86834239515895,operational,operational,2024-140C,2024-185M,False
2025-09-27 00:00:00+00:00,QQ_diff_launch,60382,61564,1,13.200757011825392,13.200757011825392,13.833896284541877,86.9255543469636,operational,stranded,2024-140D,2024-185N,False
2025-09-27 00:00:00+00:00,QQ_diff_launch,61564,62249,1,15.97807026295157,15.97807026295157,4.976868313094556,88.90302113655977,stranded,operational,2024-185N,2024-232N,False
2025-09-27 00:00:00+00:00,QQ_diff_launch,62802,63162,5,1.877717117086908,15.302835304545136,13.854100219866483,86.794862626672,operational,operational,2025-016T,2025-046D,False
2025-09-27 00:00:00+00:00,QQ_same_launch,61564,61569,1,10.367745510399041,10.367745510399041,0.04906545989526366,87.91846406314878,stranded,stranded,2024-185N,2024-185T,False
2025-09-27 00:00:00+00:00,QQ_same_launch,62788,62802,1,10.78927163956099,10.78927163956099,0.010699404231436982,68.62543408626236,operational,operational,2025-016D,2025-016T,False
2025-09-27 00:00:00+00:00,QQ_same_launch,62790,62801,1,5.766778882325029,5.766778882325029,0.0028402411977798184,15.578246717867803,operational,operational,2025-016F,2025-016S,False
2025-09-30 00:00:00+00:00,QQ_diff_launch,60380,62802,1,18.537031850452156,18.537031850452156,14.458975830680401,82.23826612657578,operational,operational,2024-140B,2025-016T,False
2025-09-30 00:00:00+00:00,QQ_diff_launch,61563,63166,4,5.994308615682647,9.333310017710346,12.721551185279434,87.95214104175818,operational,operational,2024-185M,2025-046H,False
2025-09-30 00:00:00+00:00,QQ_diff_launch,61569,62793,1,17.95516216929096,17.95516216929096,2.7829651988044612,88.95772254090775,stranded,operational,2024-185T,2025-016J,False
2025-09-30 00:00:00+00:00,QQ_diff_launch,62802,63161,1,8.456507562059189,8.456507562059189,13.864399975633548,86.82236766310866,operational,operational,2025-016T,2025-046C,False
2025-10-03 00:00:00+00:00,QQ_diff_launch,60387,61569,1,16.611616378957756,16.611616378957756,13.838995667201704,86.69300922690634,operational,stranded,2024-140J,2024-185T,False
2025-10-03 00:00:00+00:00,QQ_diff_launch,60390,61564,1,16.235547966869607,16.235547966869607,13.826265912850287,86.80130175645287,operational,stranded,2024-140M,2024-185N,False
2025-10-03 00:00:00+00:00,QQ_diff_launch,60392,61565,11,15.440852927648542,17.74097633252551,13.822050774102037,86.92580823624212,operational,operational,2024-140P,2024-185P,False
2025-10-03 00:00:00+00:00,QQ_same_launch,61554,61568,1,9.997504558119703,9.997504558119703,0.010716303599543989,88.9547605807899,stranded,stranded,2024-185C,2024-185S,False
2025-10-06 00:00:00+00:00,QQ_diff_launch,60390,61569,1,10.125122029772427,10.125122029772427,13.837775052147391,86.94907602547123,operational,stranded,2024-140M,2024-185T,False
2025-10-06 00:00:00+00:00,QQ_diff_launch,60395,61564,1,15.898880551557749,15.898880551557749,13.822267723933393,86.99036644684098,operational,stranded,2024-140S,2024-185N,False
2025-10-06 00:00:00+00:00,QQ_diff_launch,61563,62247,1,11.280678940121971,11.280678940121971,4.956824523333428,88.91071138956221,operational,operational,2024-185M,2024-232L,False
2025-10-06 00:00:00+00:00,QQ_diff_launch,61563,63160,1,19.934285972151187,19.934285972151187,12.703195366994006,87.79107708001061,operational,operational,2024-185M,2025-046B,False
2025-10-06 00:00:00+00:00,QQ_same_launch,61552,61556,1,10.152915940544428,10.152915940544428,0.021391090646490973,80.40017921523526,stranded,stranded,2024-185A,2024-185E,False
2025-10-09 00:00:00+00:00,QQ_diff_launch,60391,61564,1,17.35006277156687,17.35006277156687,13.821250029088487,86.84771603638114,operational,stranded,2024-140N,2024-185N,False
2025-10-09 00:00:00+00:00,QQ_same_launch,61554,61560,1,9.663584943243569,9.663584943243569,0.0025637144663862035,52.67318233149371,stranded,stranded,2024-185C,2024-185J,False
2025-10-09 00:00:00+00:00,QQ_same_launch,61562,61563,2,1.1979184585889113,9.44822388082263,0.06478967189216579,88.29445408494979,operational,operational,2024-185L,2024-185M,False
2025-10-12 00:00:00+00:00,QQ_diff_launch,60389,61569,1,16.79884436427543,16.79884436427543,13.835528628673782,86.99308901443027,operational,stranded,2024-140L,2024-185T,False
2025-10-12 00:00:00+00:00,QQ_diff_launch,61563,62792,1,10.18114610334324,10.18114610334324,2.8230226972680477,88.96052625524123,operational,operational,2024-185M,2025-016H,False
2025-10-12 00:00:00+00:00,QQ_same_launch,61554,61561,1,11.33688408628934,11.33688408628934,0.00254430334737895,44.874373883787904,stranded,stranded,2024-185C,2024-185K,False
2025-10-15 00:00:00+00:00,QQ_diff_launch,60391,61569,1,17.3786982448443,17.3786982448443,13.831686193585192,87.01930606228005,operational,stranded,2024-140N,2024-185T,False
2025-10-15 00:00:00+00:00,QQ_diff_launch,61569,62251,1,13.98228261261501,13.98228261261501,5.00862067759276,88.92486265356965,stranded,operational,2024-185T,2024-232Q,False
2025-10-15 00:00:00+00:00,QQ_same_launch,61557,61560,1,13.433124066991018,13.433124066991018,0.024353737543244238,82.58795362812137,stranded,stranded,2024-185F,2024-185J,False
2025-10-18 00:00:00+00:00,QQ_diff_launch,60382,61569,2,16.609815707204817,17.392185847138578,13.82634795815151,86.8869538342638,operational,stranded,2024-140D,2024-185T,False
2025-10-18 00:00:00+00:00,QQ_diff_launch,60390,61563,5,4.760806656459098,12.529945239747335,13.812980929837208,86.94063819930382,operational,operational,2024-140M,2024-185M,False
2025-10-18 00:00:00+00:00,QQ_diff_launch,61563,62789,2,5.66360952194338,8.353023193240247,2.8256944759487217,88.95218127924832,operational,operational,2024-185M,2025-016E,False
2025-10-18 00:00:00+00:00,QQ_diff_launch,61564,62792,1,17.579180016072826,17.579180016072826,2.847626796073432,88.9559162448273,stranded,operational,2024-185N,2025-016H,False
2025-10-18 00:00:00+00:00,QQ_diff_launch,61565,63168,1,15.778107236917752,15.778107236917752,12.719659515462267,87.82395886640079,operational,operational,2024-185P,2025-046K,False
2025-10-18 00:00:00+00:00,QQ_same_launch,61557,61561,1,13.584742467847374,13.584742467847374,0.024630273505646463,85.0380445830457,stranded,stranded,2024-185F,2024-185K,False
2025-10-21 00:00:00+00:00,QQ_diff_launch,61569,63171,1,11.001655196859522,11.001655196859522,12.734050342492727,87.86779148848701,stranded,operational,2024-185T,2025-046N,False
2025-10-24 00:00:00+00:00,QQ_diff_launch,60387,61569,1,12.815120970171964,12.815120970171964,13.806964752207339,86.85711026736999,operational,stranded,2024-140J,2024-185T,False
2025-10-24 00:00:00+00:00,QQ_diff_launch,60390,61565,4,8.44582781756802,12.821922184913827,13.815469120845695,87.02796301767376,operational,operational,2024-140M,2024-185P,False
2025-10-24 00:00:00+00:00,QQ_diff_launch,60393,61563,6,1.9706413557638178,11.353814751826928,13.800320973480886,86.8820546503016,operational,operational,2024-140Q,2024-185M,False
2025-10-24 00:00:00+00:00,QQ_diff_launch,61569,63164,1,12.653019055359339,12.653019055359339,12.730309565056688,87.9907774577174,stranded,operational,2024-185T,2025-046F,False
2025-10-24 00:00:00+00:00,QQ_diff_launch,62245,63168,2,19.41608843326715,19.57673073087036,9.497943645614825,88.60678752960811,operational,operational,2024-232J,2025-046K,False
2025-10-27 00:00:00+00:00,QQ_diff_launch,61563,62241,2,1.6756239810755649,6.297011790907593,5.0133911983531,88.92945884559684,operational,operational,2024-185M,2024-232E,False
2025-10-27 00:00:00+00:00,QQ_diff_launch,61563,63159,2,9.784877097687003,12.70009138149182,12.707595384586831,87.96173440256356,operational,operational,2024-185M,2025-046A,False
2025-10-27 00:00:00+00:00,QQ_diff_launch,61569,63173,1,11.034428602830825,11.034428602830825,12.733115783215414,87.86473693363962,stranded,operational,2024-185T,2025-046Q,False
2025-10-27 00:00:00+00:00,QQ_diff_launch,62245,63168,14,6.281091273972932,8.262869165857097,9.497888428332637,88.64692506959943,operational,operational,2024-232J,2025-046K,True
2025-10-30 00:00:00+00:00,QQ_diff_launch,60383,61563,5,3.2689813374893477,13.269462312856582,13.786622747084738,86.86206638289401,operational,operational,2024-140E,2024-185M,False
2025-10-30 00:00:00+00:00,QQ_diff_launch,60383,61564,1,18.61912686981378,18.61912686981378,13.794435443267966,86.89681715452964,operational,stranded,2024-140E,2024-185N,False
2025-10-30 00:00:00+00:00,QQ_diff_launch,60394,61569,1,13.141487567040983,13.141487567040983,13.803361708389279,86.94773660338505,operational,stranded,2024-140R,2024-185T,False
2025-10-30 00:00:00+00:00,QQ_diff_launch,61557,66043,2,9.694866749829584,13.676030698960666,1.9664059442313935,88.97508197495036,stranded,drift,2024-185F,2025-233L,False
2025-10-30 00:00:00+00:00,QQ_diff_launch,61557,66047,1,16.008150266353557,16.008150266353557,1.9698529534388372,88.96706308614424,stranded,drift,2024-185F,2025-233Q,False
2025-10-30 00:00:00+00:00,QQ_diff_launch,61557,66049,1,19.050867269862575,19.050867269862575,1.9699898023146956,88.96538605893875,stranded,drift,2024-185F,2025-233S,False
2025-10-30 00:00:00+00:00,QQ_diff_launch,61564,62796,1,19.024782029988078,19.024782029988078,2.840153221034723,88.94744596579875,stranded,operational,2024-185N,2025-016M,False
2025-10-30 00:00:00+00:00,QQ_diff_launch,61564,63176,1,14.936254190518605,14.936254190518605,12.70396291007858,87.95330736964549,stranded,operational,2024-185N,2025-046T,False
2025-10-30 00:00:00+00:00,QQ_diff_launch,62241,63159,13,11.966903649305715,14.006522271877985,9.463066215448832,88.6320976757579,operational,operational,2024-232E,2025-046A,False
2025-10-30 00:00:00+00:00,QQ_diff_launch,62245,63168,13,11.525021222382952,11.598648877242827,9.498091796333018,88.63268463133457,operational,operational,2024-232J,2025-046K,False
2025-10-30 00:00:00+00:00,QQ_diff_launch,62250,63174,14,9.80273145224137,12.03595643882476,9.520625651892948,88.62845487849322,operational,operational,2024-232P,2025-046R,True
2025-10-30 00:00:00+00:00,QQ_same_launch,61562,61569,1,18.266088316332514,18.266088316332514,0.03026647784640667,83.00565022672185,operational,stranded,2024-185L,2024-185T,False
2025-10-30 00:00:00+00:00,QQ_same_launch,66041,66042,15,5.183850033085651,8.506243263770555,0.009297336826735938,59.60716050441319,drift,drift,2025-233J,2025-233K,True
2025-11-02 00:00:00+00:00,QQ_diff_launch,60392,61564,1,18.022375496355426,18.022375496355426,13.794427804865501,86.99494937735557,operational,stranded,2024-140P,2024-185N,False
2025-11-02 00:00:00+00:00,QQ_diff_launch,61563,62244,2,17.881399313861692,17.99563037221562,4.96245813256847,88.9240431865752,operational,operational,2024-185M,2024-232H,False
2025-11-02 00:00:00+00:00,QQ_diff_launch,61563,63176,4,7.381594929390032,16.587265620668873,12.70864247961261,87.94793306313392,operational,operational,2024-185M,2025-046T,False
2025-11-02 00:00:00+00:00,QQ_diff_launch,61569,63175,1,19.641473049042013,19.641473049042013,12.724512123703342,88.04705520232392,stranded,operational,2024-185T,2025-046S,False
2025-11-02 00:00:00+00:00,QQ_diff_launch,62239,63162,14,13.816758493680675,16.488170834275003,9.494508122442841,88.61468546303095,operational,operational,2024-232C,2025-046D,True
2025-11-02 00:00:00+00:00,QQ_diff_launch,62240,66040,3,9.469954755671653,11.638228896247925,3.187600126805375,88.97013195724635,stranded,drift,2024-232D,2025-233H,False
2025-11-02 00:00:00+00:00,QQ_diff_launch,62240,66041,2,6.979354016620792,10.737929069002737,3.1907870114899866,88.9764849236913,stranded,drift,2024-232D,2025-233J,False
2025-11-02 00:00:00+00:00,QQ_diff_launch,62240,66042,3,5.058202450102972,15.84720118086954,3.193992060377891,88.97351332906435,stranded,drift,2024-232D,2025-233K,False
2025-11-02 00:00:00+00:00,QQ_diff_launch,62240,66044,2,8.07809828661283,11.460164383126447,3.1908204555812754,88.97196109536146,stranded,drift,2024-232D,2025-233M,False
2025-11-02 00:00:00+00:00,QQ_diff_launch,62241,63159,14,12.205685799979152,12.326214459568888,9.463675919204398,88.63577458739661,operational,operational,2024-232E,2025-046A,True
2025-11-02 00:00:00+00:00,QQ_diff_launch,62242,63164,13,12.38329330806208,14.006370341729738,9.502261363884095,88.62294272068577,operational,operational,2024-232F,2025-046F,False
2025-11-02 00:00:00+00:00,QQ_diff_launch,62245,63168,14,11.91107659504362,12.017741096859645,9.498580451626566,88.63019551725603,operational,operational,2024-232J,2025-046K,True
2025-11-02 00:00:00+00:00,QQ_diff_launch,62250,63174,13,0.8934379968276118,2.4320586316823904,9.5209336191839,88.67661198611738,operational,operational,2024-232P,2025-046R,False
2025-11-02 00:00:00+00:00,QQ_same_launch,66047,66048,16,0.8685904124005049,4.255104715631444,0.004517861517925393,53.38692140331459,drift,drift,2025-233Q,2025-233R,True
2025-11-05 00:00:00+00:00,QQ_diff_launch,60389,61564,1,16.549538448366064,16.549538448366064,13.796206217191424,86.99588731188781,operational,stranded,2024-140L,2024-185N,False
2025-11-05 00:00:00+00:00,QQ_diff_launch,60391,61569,1,12.518220758145935,12.518220758145935,13.803096861225285,86.76998634087337,operational,stranded,2024-140N,2024-185T,False
2025-11-05 00:00:00+00:00,QQ_diff_launch,61569,63162,1,7.084579326685889,7.084579326685889,12.716541661129932,87.93662736714745,stranded,operational,2024-185T,2025-046D,False
2025-11-05 00:00:00+00:00,QQ_diff_launch,62239,63162,13,7.43019829636699,7.662924263960688,9.495156444416478,88.64528786895335,operational,operational,2024-232C,2025-046D,False
2025-11-05 00:00:00+00:00,QQ_diff_launch,62241,63159,13,11.360677844438285,11.472253873914072,9.464524271845551,88.63722094637912,operational,operational,2024-232E,2025-046A,False
2025-11-05 00:00:00+00:00,QQ_diff_launch,62242,63164,14,16.2257394802718,16.92396906819048,9.503047516733774,88.6119082580696,operational,operational,2024-232F,2025-046F,True
2025-11-05 00:00:00+00:00,QQ_diff_launch,62245,63168,13,12.596590210536155,12.71763965282859,9.499318409788275,88.62744652903808,operational,operational,2024-232J,2025-046K,False
2025-11-05 00:00:00+00:00,QQ_diff_launch,62250,63174,14,2.234179175318292,2.4059209300506055,9.52147733558483,88.67598290037529,operational,operational,2024-232P,2025-046R,True
2025-11-05 00:00:00+00:00,QQ_diff_launch,62255,63173,13,11.925778780181396,14.07779449218222,9.490038383831084,88.62939648223653,operational,operational,2024-232U,2025-046Q,False
2025-11-05 00:00:00+00:00,QQ_same_launch,61560,61561,1,2.2856416868103233,2.2856416868103233,0.001216853371013121,41.58640119737866,stranded,stranded,2024-185J,2024-185K,False
2025-11-05 00:00:00+00:00,QQ_same_launch,66047,66048,12,14.193891853236408,17.091179884759526,0.01781630994384506,67.50880205207983,drift,drift,2025-233Q,2025-233R,False
2025-11-08 00:00:00+00:00,QQ_diff_launch,60386,61564,1,19.148356788675045,19.148356788675045,13.799237779417949,86.72468971216541,operational,stranded,2024-140H,2024-185N,False
2025-11-08 00:00:00+00:00,QQ_diff_launch,60386,61569,1,12.97009784141735,12.97009784141735,13.812902975242785,87.00690783496128,operational,stranded,2024-140H,2024-185T,False
2025-11-08 00:00:00+00:00,QQ_diff_launch,61563,63164,2,9.037574955544228,12.319507489848949,12.710111812196697,87.91489219516012,operational,operational,2024-185M,2025-046F,False
2025-11-08 00:00:00+00:00,QQ_diff_launch,61564,62246,1,19.678832692591566,19.678832692591566,4.945862609219216,88.94385482620469,stranded,operational,2024-185N,2024-232K,False
2025-11-08 00:00:00+00:00,QQ_diff_launch,61564,63167,1,15.064977265335056,15.064977265335056,12.708495496347343,87.91147059630127,stranded,operational,2024-185N,2025-046J,False
2025-11-08 00:00:00+00:00,QQ_diff_launch,61565,63173,16,7.147298081093752,11.70163453191769,12.725035992059363,87.92460968317278,operational,operational,2024-185P,2025-046Q,True
2025-11-08 00:00:00+00:00,QQ_diff_launch,62239,63162,14,5.616995178924695,5.956959989684259,9.496118508168312,88.65263143832374,operational,operational,2024-232C,2025-046D,True
2025-11-08 00:00:00+00:00,QQ_diff_launch,62240,66033,2,18.564435651634362,18.99588549524323,3.189983202706437,88.95646136973147,stranded,drift,2024-232D,2025-233A,False
2025-11-08 00:00:00+00:00,QQ_diff_launch,62241,63159,14,10.211294046767257,10.414158591334125,9.46559798813372,88.64065837536697,operational,operational,2024-232E,2025-046A,True
2025-11-08 00:00:00+00:00,QQ_diff_launch,62242,63164,2,19.85887108372747,19.89730417565753,9.503967999213856,88.60119456466077,operational,operational,2024-232F,2025-046F,False
2025-11-08 00:00:00+00:00,QQ_diff_launch,62245,63168,14,13.24909105284691,13.312115742274916,9.500270036783814,88.62581230473609,operational,operational,2024-232J,2025-046K,True
2025-11-08 00:00:00+00:00,QQ_diff_launch,62250,63174,13,2.306205147059358,2.461360687286022,9.522295027749639,88.6696903543052,operational,operational,2024-232P,2025-046R,False
2025-11-08 00:00:00+00:00,QQ_diff_launch,62255,63173,27,5.891995209857541,8.822141093110062,9.491053442149655,88.67681131509718,operational,operational,2024-232U,2025-046Q,True
2025-11-08 00:00:00+00:00,QQ_same_launch,61564,61569,1,13.931156932019269,13.931156932019269,0.051706914229014585,87.31430139070943,stranded,stranded,2024-185N,2024-185T,False
2025-11-11 00:00:00+00:00,QQ_diff_launch,60379,61564,1,14.843080966428959,14.843080966428959,13.79754920030746,87.01923616621667,operational,stranded,2024-140A,2024-185N,False
2025-11-11 00:00:00+00:00,QQ_diff_launch,61564,63171,1,15.958629089258231,15.958629089258231,12.703970540282175,87.90054735574095,stranded,operational,2024-185N,2025-046N,False
2025-11-11 00:00:00+00:00,QQ_diff_launch,61569,63170,1,9.389306380950186,9.389306380950186,12.718737821124236,87.96045691184942,stranded,operational,2024-185T,2025-046M,False
2025-11-11 00:00:00+00:00,QQ_diff_launch,62239,63162,13,4.506974769259355,4.524084674201555,9.497336030198548,88.66576411387142,operational,operational,2024-232C,2025-046D,False
2025-11-11 00:00:00+00:00,QQ_diff_launch,62241,63159,13,8.827848329134811,9.039804849652805,9.46693220108066,88.64680737960951,operational,operational,2024-232E,2025-046A,False
2025-11-11 00:00:00+00:00,QQ_diff_launch,62245,63168,13,13.57706097801874,13.599656707952821,9.501502520575336,88.62594881101123,operational,operational,2024-232J,2025-046K,False
2025-11-11 00:00:00+00:00,QQ_diff_launch,62250,63174,14,3.7036213835544642,3.9465834997940608,9.523378470928677,88.66546084251613,operational,operational,2024-232P,2025-046R,True
2025-11-11 00:00:00+00:00,QQ_diff_launch,62255,63173,27,6.288519987454257,18.22770654342479,9.477820926197813,88.61028185808794,operational,operational,2024-232U,2025-046Q,True
2025-11-14 00:00:00+00:00,QQ_diff_launch,60383,61564,1,10.549591172481174,10.549591172481174,13.796599936558124,86.89396362796529,operational,stranded,2024-140E,2024-185N,False
2025-11-14 00:00:00+00:00,QQ_diff_launch,60388,61569,1,17.00774672092196,17.00774672092196,13.835311293825741,87.01295590629248,operational,stranded,2024-140K,2024-185T,False
2025-11-14 00:00:00+00:00,QQ_diff_launch,60393,61564,1,18.297356630076283,18.297356630076283,13.795921603132223,86.747054305312,operational,stranded,2024-140Q,2024-185N,False
2025-11-14 00:00:00+00:00,QQ_diff_launch,61563,62793,1,14.840269326740238,14.840269326740238,2.8249160684258743,88.94704557429988,operational,operational,2024-185M,2025-016J,False
2025-11-14 00:00:00+00:00,QQ_diff_launch,61569,63164,1,13.883879344308452,13.883879344308452,12.720814143936328,87.84014068963407,stranded,operational,2024-185T,2025-046F,False
2025-11-14 00:00:00+00:00,QQ_diff_launch,62239,63162,14,5.670549475351094,5.90267747473825,9.498812868734646,88.67038583544308,operational,operational,2024-232C,2025-046D,True
2025-11-14 00:00:00+00:00,QQ_diff_launch,62240,66033,1,16.640692507896212,16.640692507896212,3.1818466726646375,88.97126681364617,stranded,ascent,2024-232D,2025-233A,False
2025-11-14 00:00:00+00:00,QQ_diff_launch,62241,63159,14,7.380276615776834,7.544906391180412,9.468495990165229,88.65672397640938,operational,operational,2024-232E,2025-046A,True
2025-11-14 00:00:00+00:00,QQ_diff_launch,62245,63168,14,13.134296036621445,13.215148327021257,9.502985794147682,88.62911131597056,operational,operational,2024-232J,2025-046K,True
2025-11-14 00:00:00+00:00,QQ_diff_launch,62250,63174,13,5.133958983960586,5.3196325410337,9.52471925354113,88.66452258075427,operational,operational,2024-232P,2025-046R,False
2025-11-14 00:00:00+00:00,QQ_diff_launch,62255,63173,27,9.725719538446814,11.269371935301772,9.493852525041728,88.70148203464097,operational,operational,2024-232U,2025-046Q,True
2025-11-14 00:00:00+00:00,QQ_same_launch,66037,66044,1,7.014221233770325,7.014221233770325,0.003842081760287609,55.62396913967537,drift,ascent,2025-233E,2025-233M,False
2025-11-14 00:00:00+00:00,QQ_same_launch,66037,66046,1,7.146226969767728,7.146226969767728,0.003914346310761103,26.07702600943679,drift,ascent,2025-233E,2025-233P,False
2025-11-14 00:00:00+00:00,QQ_same_launch,66037,66047,1,9.649112986657823,9.649112986657823,0.0052732472856479844,16.43442257214875,drift,ascent,2025-233E,2025-233Q,False
2025-11-14 00:00:00+00:00,QQ_same_launch,66037,66048,1,8.209539315705596,8.209539315705596,0.004188557783544226,76.22705597721671,drift,ascent,2025-233E,2025-233R,False
2025-11-14 00:00:00+00:00,QQ_same_launch,66037,66050,1,11.140925791101418,11.140925791101418,0.005926690828571365,72.8575791641706,drift,ascent,2025-233E,2025-233T,False
2025-11-14 00:00:00+00:00,QQ_same_launch,66039,66041,8,2.411301298642984,9.297533281873324,0.021674674333586892,86.67555252111063,ascent,ascent,2025-233G,2025-233J,False
2025-11-14 00:00:00+00:00,QQ_same_launch,66040,66046,1,7.248413918984564,7.248413918984564,0.003933688555472058,43.972319142001595,drift,ascent,2025-233H,2025-233P,False
2025-11-14 00:00:00+00:00,QQ_same_launch,66040,66047,1,10.064263014366242,10.064263014366242,0.005629142464416038,25.994643715414696,drift,ascent,2025-233H,2025-233Q,False
2025-11-14 00:00:00+00:00,QQ_same_launch,66040,66048,1,8.561305475795976,8.561305475795976,0.004441157379184044,75.7571341137785,drift,ascent,2025-233H,2025-233R,False
2025-11-14 00:00:00+00:00,QQ_same_launch,66040,66050,1,10.554414448224515,10.554414448224515,0.005322319307974842,21.66234530426357,drift,ascent,2025-233H,2025-233T,False
2025-11-14 00:00:00+00:00,QQ_same_launch,66042,66046,1,6.816243600176772,6.816243600176772,0.0034254789633977245,62.895163352820234,drift,ascent,2025-233K,2025-233P,False
2025-11-14 00:00:00+00:00,QQ_same_launch,66042,66048,1,8.584510530078903,8.584510530078903,0.004482013776934272,20.09468774211567,drift,ascent,2025-233K,2025-233R,False
2025-11-14 00:00:00+00:00,QQ_same_launch,66042,66050,1,11.17649125669832,11.17649125669832,0.00589999385031229,6.732372397571443,drift,ascent,2025-233K,2025-233T,False
2025-11-14 00:00:00+00:00,QQ_same_launch,66044,66047,1,2.697172444047211,2.697172444047211,0.0024543779356425233,43.9217505968667,ascent,ascent,2025-233M,2025-233Q,False
2025-11-14 00:00:00+00:00,QQ_same_launch,66046,66050,1,3.3546344447697245,3.3546344447697245,0.0014175914556776698,80.23346265705125,ascent,ascent,2025-233P,2025-233T,False
2025-11-14 00:00:00+00:00,QQ_same_launch,66048,66050,1,2.536203922327454,2.536203922327454,0.001390261065447394,38.1172075032246,ascent,ascent,2025-233R,2025-233T,False
2025-11-17 00:00:00+00:00,QQ_diff_launch,60394,61564,1,19.938736686002002,19.938736686002002,13.791904253800796,86.72404449655319,operational,stranded,2024-140R,2024-185N,False
2025-11-17 00:00:00+00:00,QQ_diff_launch,61560,66039,1,17.987528116083457,17.987528116083457,1.9396507028310255,88.97684111809966,stranded,ascent,2024-185J,2025-233G,False
2025-11-17 00:00:00+00:00,QQ_diff_launch,61569,63159,1,14.923551031696864,14.923551031696864,12.716448000616884,87.9941592310734,stranded,operational,2024-185T,2025-046A,False
2025-11-17 00:00:00+00:00,QQ_diff_launch,62239,63162,13,8.022082149823964,8.528933506698749,9.500547963060471,88.6844597711973,operational,operational,2024-232C,2025-046D,False
2025-11-17 00:00:00+00:00,QQ_diff_launch,62240,66044,1,18.31223328393957,18.31223328393957,3.1945792534485355,88.96313503555318,stranded,ascent,2024-232D,2025-233M,False
2025-11-17 00:00:00+00:00,QQ_diff_launch,62241,63159,13,11.660360267331239,12.14772244758429,9.47029632935385,88.64159014394602,operational,operational,2024-232E,2025-046A,False
2025-11-17 00:00:00+00:00,QQ_diff_launch,62245,63168,13,14.346587572479452,15.034852298090948,9.504662072165557,88.6241485753511,operational,operational,2024-232J,2025-046K,False
2025-11-17 00:00:00+00:00,QQ_diff_launch,62249,63172,14,15.909697471947016,17.03532259496233,9.530674293605525,88.61822758867143,operational,operational,2024-232N,2025-046P,True
2025-11-17 00:00:00+00:00,QQ_diff_launch,62250,63174,14,6.36276684753401,6.53550416197998,9.52628298184371,88.66461694225933,operational,operational,2024-232P,2025-046R,True
2025-11-17 00:00:00+00:00,QQ_diff_launch,62255,63173,27,12.657875785585214,12.664697675120419,9.478208088825568,88.62841776010974,operational,operational,2024-232U,2025-046Q,True
2025-11-17 00:00:00+00:00,QQ_same_launch,61565,61569,1,18.388559490399732,18.388559490399732,0.016869124482582626,79.66012165659225,operational,stranded,2024-185P,2024-185T,False
2025-11-17 00:00:00+00:00,QQ_same_launch,66035,66041,1,3.954269538414285,3.954269538414285,0.002517549266223496,65.0201553864221,ascent,ascent,2025-233C,2025-233J,False
2025-11-17 00:00:00+00:00,QQ_same_launch,66044,66046,6,2.282186197810948,8.660856207298883,0.010459932621815047,62.763925921447395,ascent,ascent,2025-233M,2025-233P,False
2025-11-17 00:00:00+00:00,QQ_same_launch,66044,66050,1,6.588139880342572,6.588139880342572,0.00434694154215172,88.71828509825443,ascent,ascent,2025-233M,2025-233T,False
2025-11-17 00:00:00+00:00,QQ_same_launch,66046,66050,3,9.767680374216726,9.821122983651344,0.010863102970984452,26.188005825884023,ascent,ascent,2025-233P,2025-233T,False
2025-11-17 00:00:00+00:00,QQ_same_launch,66047,66050,1,2.416745439421409,2.416745439421409,0.0012197462720726774,44.769992354285016,ascent,ascent,2025-233Q,2025-233T,False
2025-11-20 00:00:00+00:00,QQ_diff_launch,60392,61569,1,14.409242702217387,14.409242702217387,13.809932604441249,86.71150975316117,operational,stranded,2024-140P,2024-185T,False
2025-11-20 00:00:00+00:00,QQ_diff_launch,61557,66048,1,19.639837425592372,19.639837425592372,1.96254487917913,88.97461738923633,stranded,ascent,2024-185F,2025-233R,False
2025-11-20 00:00:00+00:00,QQ_diff_launch,61563,62799,2,8.043653652698099,9.639068886830302,2.8076452620892782,88.95574673188116,operational,operational,2024-185M,2025-016Q,False
2025-11-20 00:00:00+00:00,QQ_diff_launch,62239,63162,27,12.292096878282093,14.035000844008694,9.50214618338083,88.69947918345163,operational,operational,2024-232C,2025-046D,True
2025-11-20 00:00:00+00:00,QQ_diff_launch,62241,63159,14,14.709792743193338,15.156131983766016,9.472299689620385,88.6326302840326,operational,operational,2024-232E,2025-046A,True
2025-11-20 00:00:00+00:00,QQ_diff_launch,62249,63172,13,17.12365486801904,18.21725370213723,9.532297720144978,88.61573761606518,operational,operational,2024-232N,2025-046P,False
2025-11-20 00:00:00+00:00,QQ_diff_launch,62250,63174,15,7.4440546686691516,7.601435160744638,9.528047365409526,88.6653940981586,operational,operational,2024-232P,2025-046R,True
2025-11-20 00:00:00+00:00,QQ_diff_launch,62255,63173,27,11.344553683489282,14.545757923736124,9.496982346099198,88.71828945002585,operational,operational,2024-232U,2025-046Q,True
2025-11-20 00:00:00+00:00,QQ_same_launch,66039,66045,1,6.190223075212011,6.190223075212011,0.0034382941432592263,77.76293098911543,ascent,ascent,2025-233G,2025-233N,False
2025-11-23 00:00:00+00:00,QQ_diff_launch,61560,62240,1,16.952140733894858,16.952140733894858,5.043985835787888,88.9375630310103,stranded,stranded,2024-185J,2024-232D,False
2025-11-23 00:00:00+00:00,QQ_diff_launch,61563,63170,4,4.659128241618538,12.366066187191223,12.707272367726588,87.91929554305246,operational,operational,2024-185M,2025-046M,False
2025-11-23 00:00:00+00:00,QQ_diff_launch,61564,63169,1,14.560910610177814,14.560910610177814,12.767728856494813,87.98447046260566,stranded,stranded,2024-185N,2025-046L,False
2025-11-23 00:00:00+00:00,QQ_diff_launch,61569,63166,1,13.334685201447765,13.334685201447765,12.728120555836185,87.865295189963,stranded,operational,2024-185T,2025-046H,False
2025-11-23 00:00:00+00:00,QQ_diff_launch,62239,63162,21,9.906639481879852,10.032422765432434,9.495760656450125,88.67021159499497,operational,operational,2024-232C,2025-046D,True
2025-11-23 00:00:00+00:00,QQ_diff_launch,62241,63159,13,17.20255993776629,17.5056325918156,9.474447653136394,88.62609993657956,operational,operational,2024-232E,2025-046A,False
2025-11-23 00:00:00+00:00,QQ_diff_launch,62250,63174,27,8.367815005039528,8.613099960536436,9.529736567820594,88.66699192225643,operational,operational,2024-232P,2025-046R,True
2025-11-23 00:00:00+00:00,QQ_diff_launch,62255,63173,27,8.95335612163682,9.780990153085847,9.478495608647028,88.6406132063577,operational,operational,2024-232U,2025-046Q,True
2025-11-23 00:00:00+00:00,QQ_same_launch,66036,66039,1,3.8367001434270955,3.8367001434270955,0.0019755925768726156,26.539185192294433,ascent,ascent,2025-233D,2025-233G,False
2025-11-23 00:00:00+00:00,QQ_same_launch,66044,66049,3,2.920796984320511,4.67750798988975,0.005207386281146189,85.03806501995113,ascent,ascent,2025-233M,2025-233S,False
2025-11-23 00:00:00+00:00,QQ_same_launch,66046,66049,5,1.6945955431939768,8.34525287178527,0.009297641344917172,19.159798476129392,ascent,ascent,2025-233P,2025-233S,False
2025-11-26 00:00:00+00:00,QQ_diff_launch,60384,61563,5,10.300347771301809,16.484252987205302,13.825716271804609,86.89527377353474,operational,operational,2024-140F,2024-185M,False
2025-11-26 00:00:00+00:00,QQ_diff_launch,61563,62785,3,6.199635860852846,14.923686613951318,2.8308968526879177,88.9600042475928,operational,operational,2024-185M,2025-016A,False
2025-11-26 00:00:00+00:00,QQ_diff_launch,62239,63162,13,15.34935311301913,17.074653053304534,9.495227728229063,88.71275355553432,operational,operational,2024-232C,2025-046D,False
2025-11-26 00:00:00+00:00,QQ_diff_launch,62241,63159,14,18.869438989069284,19.074101777352006,9.476741076018337,88.62237592662541,operational,operational,2024-232E,2025-046A,True
2025-11-26 00:00:00+00:00,QQ_diff_launch,62250,63174,27,10.576096829487273,18.80245076554439,9.521879607955144,88.6104701793851,operational,operational,2024-232P,2025-046R,True
2025-11-26 00:00:00+00:00,QQ_diff_launch,62255,63173,25,5.750634063909949,6.714826313252249,9.478559224152256,88.65335487314258,operational,operational,2024-232U,2025-046Q,True
2025-11-26 00:00:00+00:00,QQ_same_launch,66033,66041,1,5.22728535114881,5.22728535114881,0.0024046132741710516,18.18952593183551,ascent,ascent,2025-233A,2025-233J,False
2025-11-26 00:00:00+00:00,QQ_same_launch,66040,66042,1,0.47366445074745467,0.47366445074745467,9.829319472129088e-05,27.364879799917333,ascent,ascent,2025-233H,2025-233K,False
2025-11-26 00:00:00+00:00,QQ_same_launch,66044,66046,3,0.7080698076504043,14.080495709558932,0.01242450237780693,34.374410560330524,ascent,ascent,2025-233M,2025-233P,False
2025-11-29 00:00:00+00:00,QQ_diff_launch,60393,61564,1,14.435709050233967,14.435709050233967,13.793456049001563,86.95924569737987,operational,stranded,2024-140Q,2024-185N,False
2025-11-29 00:00:00+00:00,QQ_diff_launch,60394,61562,27,17.163763012758157,17.47944822206904,13.804662312254987,86.85353248801913,operational,operational,2024-140R,2024-185L,True
2025-11-29 00:00:00+00:00,QQ_diff_launch,61565,62241,6,15.16346228394666,17.084909868748653,5.02481071102396,88.92906932866926,operational,operational,2024-185P,2024-232E,False
2025-11-29 00:00:00+00:00,QQ_diff_launch,61569,63167,1,19.328453036664236,19.328453036664236,12.719016223783068,87.84978043777308,stranded,operational,2024-185T,2025-046J,False
2025-11-29 00:00:00+00:00,QQ_diff_launch,62241,63159,8,19.87750196100574,19.93638364865793,9.478978200358824,88.62102852337954,operational,operational,2024-232E,2025-046A,False
2025-11-29 00:00:00+00:00,QQ_diff_launch,62243,66037,2,9.538592281173083,10.395941647107934,3.1802682838962193,88.9820584467941,stranded,ascent,2024-232G,2025-233E,False
2025-11-29 00:00:00+00:00,QQ_diff_launch,62250,63174,27,13.693897502785532,14.786795996328427,9.53411758262301,88.62893376016181,operational,operational,2024-232P,2025-046R,True
2025-11-29 00:00:00+00:00,QQ_diff_launch,62255,63173,14,3.957277015957639,3.9832165614126476,9.47860480731704,88.66758220843589,operational,operational,2024-232U,2025-046Q,True
2025-11-29 00:00:00+00:00,QQ_same_launch,66044,66047,3,6.631429884417802,15.247889342485824,0.016641476130390964,11.012356794370282,ascent,ascent,2025-233M,2025-233Q,False
2025-12-02 00:00:00+00:00,QQ_diff_launch,60382,61563,6,7.880844047473129,15.40419835976843,13.806895396629638,86.89056747121225,operational,operational,2024-140D,2024-185M,False
2025-12-02 00:00:00+00:00,QQ_diff_launch,60394,61562,13,18.25418169475512,18.937862908969212,13.803991784541632,86.96796854962895,operational,operational,2024-140R,2024-185L,False
2025-12-02 00:00:00+00:00,QQ_diff_launch,60395,61564,1,15.782140138978278,15.782140138978278,13.788292886281809,86.8124423243653,operational,stranded,2024-140S,2024-185N,False
2025-12-02 00:00:00+00:00,QQ_diff_launch,61569,62785,1,17.76983371129664,17.76983371129664,2.8153731075596125,88.95517106013227,stranded,operational,2024-185T,2025-016A,False
2025-12-02 00:00:00+00:00,QQ_diff_launch,62240,66037,1,17.95819754322009,17.95819754322009,3.176869638500676,88.97824715797437,stranded,ascent,2024-232D,2025-233E,False
2025-12-02 00:00:00+00:00,QQ_diff_launch,62250,63174,27,17.23784173203595,18.970173669001106,9.520732250575016,88.61147814220807,operational,operational,2024-232P,2025-046R,True
2025-12-02 00:00:00+00:00,QQ_diff_launch,62255,63173,13,6.2979047342649865,7.015053924055335,9.478655246651654,88.68597077910441,operational,operational,2024-232U,2025-046Q,False
2025-12-05 00:00:00+00:00,QQ_diff_launch,60379,61569,1,9.290756226674697,9.290756226674697,13.809706718915539,86.97625110488782,operational,stranded,2024-140A,2024-185T,False
2025-12-05 00:00:00+00:00,QQ_diff_launch,61563,62254,2,8.80389626015401,11.532259324126088,4.955253990179786,88.92334895468697,operational,operational,2024-185M,2024-232T,False
2025-12-05 00:00:00+00:00,QQ_diff_launch,61565,62798,4,5.413268328504176,10.010733515878663,2.810929681998318,88.9578682614985,operational,operational,2024-185P,2025-016P,False
2025-12-05 00:00:00+00:00,QQ_diff_launch,61567,63163,1,11.421644459030952,11.421644459030952,12.848756606827147,87.97892499102099,stranded,stranded,2024-185R,2025-046E,False
2025-12-05 00:00:00+00:00,QQ_diff_launch,62250,63174,13,18.39961297840641,18.52680483465045,9.519831926288086,88.61328936684221,operational,operational,2024-232P,2025-046R,False
2025-12-05 00:00:00+00:00,QQ_diff_launch,62255,63173,14,11.953895154720165,13.01755254872877,9.478724389860808,88.70724050681272,operational,operational,2024-232U,2025-046Q,True
2025-12-05 00:00:00+00:00,QQ_same_launch,66033,66034,1,14.836033855033824,14.836033855033824,0.0076113973326814586,13.635639196882508,ascent,ascent,2025-233A,2025-233B,False
2025-12-08 00:00:00+00:00,QQ_diff_launch,60382,61564,1,18.435808368699554,18.435808368699554,13.795784987727375,86.88946873843979,operational,stranded,2024-140D,2024-185N,False
2025-12-08 00:00:00+00:00,QQ_diff_launch,60383,61565,15,13.029164152849898,15.774809944918516,13.792632654035545,86.93975853250677,operational,operational,2024-140E,2024-185P,True
2025-12-08 00:00:00+00:00,QQ_diff_launch,60386,61563,5,6.733892478968037,13.951820254632592,13.817499838217174,86.90724419010135,operational,operational,2024-140H,2024-185M,False
2025-12-08 00:00:00+00:00,QQ_diff_launch,61566,66048,1,10.470726920928362,10.470726920928362,2.1448961843968144,88.97094934897322,drift,ascent,2024-185Q,2025-233R,False
2025-12-08 00:00:00+00:00,QQ_diff_launch,61568,62240,1,18.922377157628055,18.922377157628055,5.049138937612338,88.94774708800789,stranded,stranded,2024-185S,2024-232D,False
2025-12-08 00:00:00+00:00,QQ_diff_launch,62241,63159,17,17.3234042645619,18.23500900273121,9.461565647646344,88.63376050912842,operational,operational,2024-232E,2025-046A,True
2025-12-08 00:00:00+00:00,QQ_diff_launch,62245,63168,6,19.257865771831575,19.619591352556554,9.495691506813188,88.61256847366735,operational,operational,2024-232J,2025-046K,False
2025-12-08 00:00:00+00:00,QQ_diff_launch,62249,63172,3,19.637813988287533,19.776120235481972,9.52544943167796,88.61184982023484,operational,operational,2024-232N,2025-046P,False
2025-12-08 00:00:00+00:00,QQ_diff_launch,62250,63174,14,17.641868808090113,17.78690156229691,9.519026004574417,88.61597056364062,operational,operational,2024-232P,2025-046R,True
2025-12-08 00:00:00+00:00,QQ_diff_launch,62255,63173,7,18.885903315386443,19.40841770758286,9.47879377885786,88.72801813660584,operational,operational,2024-232U,2025-046Q,False
2025-12-08 00:00:00+00:00,QQ_diff_launch,63163,66036,1,12.364223635416721,12.364223635416721,11.610518023194206,88.35845424664701,stranded,ascent,2025-046E,2025-233D,False
2025-12-08 00:00:00+00:00,QQ_same_launch,61565,61569,1,15.257446085996133,15.257446085996133,0.01168994516855484,79.6087580255446,operational,stranded,2024-185P,2024-185T,False
2025-12-08 00:00:00+00:00,QQ_same_launch,66033,66041,1,4.716517796181023,4.716517796181023,0.002314339525463201,46.07894027937023,ascent,ascent,2025-233A,2025-233J,False
2025-12-11 00:00:00+00:00,QQ_diff_launch,60385,61554,1,16.584643464487144,16.584643464487144,14.095553384686468,86.89927605276785,drift,stranded,2024-140G,2024-185C,False
2025-12-11 00:00:00+00:00,QQ_diff_launch,60390,61569,1,18.275045975140237,18.275045975140237,13.803217656929858,86.70110895297513,operational,stranded,2024-140M,2024-185T,False
2025-12-11 00:00:00+00:00,QQ_diff_launch,61563,62246,2,8.260926639831508,9.504934656009281,4.953539616686378,88.93377917624935,operational,operational,2024-185M,2024-232K,False
2025-12-11 00:00:00+00:00,QQ_diff_launch,61569,62245,1,14.908903899045162,14.908903899045162,4.993684988783528,88.93712998713914,stranded,operational,2024-185T,2024-232J,False
2025-12-11 00:00:00+00:00,QQ_diff_launch,62241,63159,27,13.909869974835988,14.70779866624757,9.46099849463882,88.65620744805096,operational,operational,2024-232E,2025-046A,True
2025-12-11 00:00:00+00:00,QQ_diff_launch,62245,63168,14,13.855036625606337,14.63775044327978,9.494994012660316,88.6337217440871,operational,operational,2024-232J,2025-046K,True
2025-12-11 00:00:00+00:00,QQ_diff_launch,62249,63172,13,14.56146457096059,15.255474224605832,9.524682063606225,88.63118202723354,operational,operational,2024-232N,2025-046P,False
2025-12-11 00:00:00+00:00,QQ_diff_launch,62250,63174,13,16.710893063584756,16.8350957009045,9.518200273204997,88.61918538859715,operational,operational,2024-232P,2025-046R,False
2025-12-11 00:00:00+00:00,QQ_same_launch,66039,66041,1,7.1440214215616855,7.1440214215616855,0.004050155477404947,29.668322233323316,ascent,ascent,2025-233G,2025-233J,False
2025-12-14 00:00:00+00:00,QQ_diff_launch,62241,63159,27,13.416360342917587,18.03152768031297,9.49096481530991,88.63112025183882,operational,operational,2024-232E,2025-046A,True
2025-12-14 00:00:00+00:00,QQ_diff_launch,62242,63164,14,17.43944714915963,17.909252979659307,9.498090760197865,88.6187502064576,operational,operational,2024-232F,2025-046F,True
2025-12-14 00:00:00+00:00,QQ_diff_launch,62245,63168,13,10.161142354175158,10.589199976255582,9.494250923751252,88.65487284515443,operational,operational,2024-232J,2025-046K,False
2025-12-14 00:00:00+00:00,QQ_diff_launch,62249,63172,14,10.738026157033499,11.239029773325557,9.523785626221022,88.65097880926132,operational,operational,2024-232N,2025-046P,True
2025-12-14 00:00:00+00:00,QQ_diff_launch,62250,63174,14,16.07428024232541,16.15070959975663,9.517379823421958,88.6205308154882,operational,operational,2024-232P,2025-046R,True
2025-12-14 00:00:00+00:00,QQ_same_launch,66038,66049,1,11.286270463813162,11.286270463813162,0.005573866129621526,60.349003819138396,ascent,ascent,2025-233F,2025-233S,False
2025-12-14 00:00:00+00:00,QQ_same_launch,66044,66045,1,13.479469382748686,13.479469382748686,0.006886504100140443,61.32539217204498,ascent,ascent,2025-233M,2025-233N,False
2025-12-17 00:00:00+00:00,QQ_diff_launch,60389,61569,2,18.138216683665824,18.981200808384223,13.820473985274628,86.94418168761968,operational,stranded,2024-140L,2024-185T,False
2025-12-17 00:00:00+00:00,QQ_diff_launch,61563,63165,2,11.28712493264907,15.517816813110628,12.731366739797583,87.88143906689533,operational,operational,2024-185M,2025-046G,False
2025-12-17 00:00:00+00:00,QQ_diff_launch,61564,63166,1,18.367657319639573,18.367657319639573,12.74793068473697,87.91371035438803,stranded,operational,2024-185N,2025-046H,False
2025-12-17 00:00:00+00:00,QQ_diff_launch,61564,63175,1,17.259066670889755,17.259066670889755,12.735173989796673,87.88416519214637,stranded,operational,2024-185N,2025-046S,False
2025-12-17 00:00:00+00:00,QQ_diff_launch,61569,62802,1,10.556594573803775,10.556594573803775,2.795246720209659,88.95597159500483,stranded,operational,2024-185T,2025-016T,False
2025-12-17 00:00:00+00:00,QQ_diff_launch,61569,63161,1,17.808669543196196,17.808669543196196,12.750790052574171,87.8170499363471,stranded,operational,2024-185T,2025-046C,False
2025-12-17 00:00:00+00:00,QQ_diff_launch,62241,63159,27,15.171351740178528,16.202625716784198,9.459835814863817,88.70175191192745,operational,operational,2024-232E,2025-046A,True
2025-12-17 00:00:00+00:00,QQ_diff_launch,62242,63164,13,14.65415327610614,15.06525058592323,9.497301086950767,88.62910697595689,operational,operational,2024-232F,2025-046F,False
2025-12-17 00:00:00+00:00,QQ_diff_launch,62245,63168,14,9.001557798379718,9.013054818575194,9.493581021823745,88.67341891323171,operational,operational,2024-232J,2025-046K,True
2025-12-17 00:00:00+00:00,QQ_diff_launch,62249,63172,13,8.947388128082126,9.093958118980169,9.5228939802866,88.6676758160301,operational,operational,2024-232N,2025-046P,False
2025-12-17 00:00:00+00:00,QQ_diff_launch,62250,63174,13,15.91967299657482,15.942501538106788,9.516628484728471,88.61947427793116,operational,operational,2024-232P,2025-046R,False
2025-12-17 00:00:00+00:00,QQ_same_launch,61554,61568,1,14.603326336016153,14.603326336016153,0.014291219539043961,83.1395357552944,stranded,stranded,2024-185C,2024-185S,False
2025-12-17 00:00:00+00:00,QQ_same_launch,61557,61568,1,15.698677356497445,15.698677356497445,0.03722483169434724,83.62867275303039,stranded,stranded,2024-185F,2024-185S,False
2025-12-17 00:00:00+00:00,QQ_same_launch,66033,66044,1,17.5437939209102,17.5437939209102,0.006301870200209536,51.05867221365611,ascent,ascent,2025-233A,2025-233M,False
2025-12-17 00:00:00+00:00,QQ_same_launch,66038,66049,1,19.038259210336953,19.038259210336953,0.009448071788335097,84.00725810933578,ascent,ascent,2025-233F,2025-233S,False
2025-12-17 00:00:00+00:00,QQ_same_launch,66049,66050,1,6.710678458978374,6.710678458978374,0.002554832262783951,67.3580456263685,ascent,ascent,2025-233S,2025-233T,False
2025-12-20 00:00:00+00:00,QQ_diff_launch,60396,61569,1,19.57073402253881,19.57073402253881,13.811907086003698,86.77931175195887,operational,stranded,2024-140T,2024-185T,False
2025-12-20 00:00:00+00:00,QQ_diff_launch,62241,63159,24,15.400461790939719,15.888360544458763,9.49541804987598,88.63673491115843,operational,operational,2024-232E,2025-046A,True
2025-12-20 00:00:00+00:00,QQ_diff_launch,62242,63164,14,12.069975294002722,12.475776349810268,9.496648855048207,88.63815595627861,operational,operational,2024-232F,2025-046F,True
2025-12-20 00:00:00+00:00,QQ_diff_launch,62245,63168,13,9.929222455073358,10.241261004395007,9.493021418861167,88.69024954619121,operational,operational,2024-232J,2025-046K,False
2025-12-20 00:00:00+00:00,QQ_diff_launch,62249,63172,14,8.993738043441132,9.118252544078423,9.522089263352157,88.68230725097288,operational,operational,2024-232N,2025-046P,True
2025-12-20 00:00:00+00:00,QQ_diff_launch,62250,63174,14,15.978929026242918,16.000266384143465,9.515957867232471,88.61720358286762,operational,operational,2024-232P,2025-046R,True
2025-12-23 00:00:00+00:00,QQ_diff_launch,61563,63162,5,6.097259637278129,15.958484952115374,12.679502821111749,87.94850924265076,operational,operational,2024-185M,2025-046D,False
2025-12-23 00:00:00+00:00,QQ_diff_launch,61564,63170,1,14.635569769578538,14.635569769578538,12.73301573044702,87.90302887973259,stranded,operational,2024-185N,2025-046M,False
2025-12-23 00:00:00+00:00,QQ_diff_launch,61569,63172,1,11.603549625169626,11.603549625169626,12.769750818164448,87.95868699836578,stranded,operational,2024-185T,2025-046P,False
2025-12-23 00:00:00+00:00,QQ_diff_launch,62241,63159,13,13.720630272255137,13.995539127047158,9.497575683619312,88.63979195450933,operational,operational,2024-232E,2025-046A,False
2025-12-23 00:00:00+00:00,QQ_diff_launch,62242,63164,13,9.800833691386707,10.126352524596836,9.496164980657452,88.64564629551589,operational,operational,2024-232F,2025-046F,False
2025-12-23 00:00:00+00:00,QQ_diff_launch,62245,63168,27,12.563543835034142,13.508820060084592,9.492663445937712,88.70299689907031,operational,operational,2024-232J,2025-046K,True
2025-12-23 00:00:00+00:00,QQ_diff_launch,62249,63172,13,10.362770440249504,10.601374382007519,9.52137887458543,88.69446737728633,operational,operational,2024-232N,2025-046P,False
2025-12-23 00:00:00+00:00,QQ_diff_launch,62250,63174,13,16.38495409639287,16.487797834881366,9.51541885451343,88.61352400159649,operational,operational,2024-232P,2025-046R,False
2025-12-26 00:00:00+00:00,QQ_diff_launch,60385,66043,4,3.35690572483761,7.636208624048253,13.399931325505417,87.64576904730288,drift,drift,2024-140G,2025-233L,False
2025-12-26 00:00:00+00:00,QQ_diff_launch,61561,62240,1,15.633814006902302,15.633814006902302,5.049503557568442,88.90410744823762,stranded,stranded,2024-185K,2024-232D,False
2025-12-26 00:00:00+00:00,QQ_diff_launch,61562,62791,12,12.953076107704797,17.28154007735114,2.783036370455828,88.96890787218814,operational,operational,2024-185L,2025-016G,False
2025-12-26 00:00:00+00:00,QQ_diff_launch,61564,63176,1,17.067981402444143,17.067981402444143,12.73297892783133,87.87955418787269,stranded,operational,2024-185N,2025-046T,False
2025-12-26 00:00:00+00:00,QQ_diff_launch,61564,66033,1,19.30435130157222,19.30435130157222,2.3561642108351792,88.9670442528996,stranded,ascent,2024-185N,2025-233A,False
2025-12-26 00:00:00+00:00,QQ_diff_launch,61564,66045,1,19.39176665383896,19.39176665383896,2.356129038412321,88.96670543356102,stranded,ascent,2024-185N,2025-233N,False
2025-12-26 00:00:00+00:00,QQ_diff_launch,61569,62238,1,18.2470021835209,18.2470021835209,4.957506327858592,88.91607887944356,stranded,operational,2024-185T,2024-232B,False
2025-12-26 00:00:00+00:00,QQ_diff_launch,61569,62793,1,12.533089862288534,12.533089862288534,2.7925809814313145,88.94997358383824,stranded,operational,2024-185T,2025-016J,False
2025-12-26 00:00:00+00:00,QQ_diff_launch,62241,63159,14,14.399197715448159,14.844600137753002,9.499291486982091,88.63165223352829,operational,operational,2024-232E,2025-046A,True
2025-12-26 00:00:00+00:00,QQ_diff_launch,62242,63164,14,7.843166730071185,8.12625413369721,9.495862484833182,88.65082777870316,operational,operational,2024-232F,2025-046F,True
2025-12-26 00:00:00+00:00,QQ_diff_launch,62245,63168,27,15.47953326758324,17.259740167425168,9.53275521437315,88.61140403773645,operational,operational,2024-232J,2025-046K,True
2025-12-26 00:00:00+00:00,QQ_diff_launch,62249,63172,14,12.035581876363205,12.251643367454328,9.520780737897857,88.70342243071354,operational,operational,2024-232N,2025-046P,True
2025-12-26 00:00:00+00:00,QQ_diff_launch,62250,63174,14,17.572333077921844,17.86970033818456,9.515036658508752,88.60685184435886,operational,operational,2024-232P,2025-046R,True
2025-12-26 00:00:00+00:00,QQ_same_launch,66033,66045,27,0.01010178423881929,0.08310942195458967,0.00011271440045319632,32.89954074859231,ascent,ascent,2025-233A,2025-233N,True
2025-12-29 00:00:00+00:00,QQ_diff_launch,60384,66038,1,18.688200088102008,18.688200088102008,12.884451342102468,87.8793915881735,operational,drift,2024-140F,2025-233F,False
2025-12-29 00:00:00+00:00,QQ_diff_launch,60387,61569,1,10.974649297079738,10.974649297079738,13.839673732523336,86.84278515642733,operational,stranded,2024-140J,2024-185T,False
2025-12-29 00:00:00+00:00,QQ_diff_launch,60392,61564,1,19.364993789587967,19.364993789587967,13.82482030223635,86.91551361064653,operational,stranded,2024-140P,2024-185N,False
2025-12-29 00:00:00+00:00,QQ_diff_launch,61562,62791,3,17.729586247849355,18.56172312627648,2.779895063292147,88.94792232666573,operational,operational,2024-185L,2025-016G,False
2025-12-29 00:00:00+00:00,QQ_diff_launch,61563,62802,3,16.174305508294594,19.11764016878549,2.8218928099716214,88.94587333330239,operational,operational,2024-185M,2025-016T,False
2025-12-29 00:00:00+00:00,QQ_diff_launch,61564,62248,1,18.875918157646886,18.875918157646886,4.934364393236687,88.9187028931571,stranded,operational,2024-185N,2024-232M,False
2025-12-29 00:00:00+00:00,QQ_diff_launch,62241,63159,13,17.83291320965834,18.43538253931954,9.500777128196399,88.61423301842453,operational,operational,2024-232E,2025-046A,False
2025-12-29 00:00:00+00:00,QQ_diff_launch,62242,63164,13,6.832507047609832,6.934968145323008,9.495794531420554,88.65107525656904,operational,operational,2024-232F,2025-046F,False
2025-12-29 00:00:00+00:00,QQ_diff_launch,62245,63168,27,16.652358522525986,17.512126428770642,9.49229598516484,88.72355724226104,operational,operational,2024-232J,2025-046K,True
2025-12-29 00:00:00+00:00,QQ_diff_launch,62249,63172,13,12.943005624514429,12.982688703627124,9.520383376304292,88.70750688279053,operational,operational,2024-232N,2025-046P,False
2025-12-29 00:00:00+00:00,QQ_same_launch,66041,66045,1,7.320694656455348,7.320694656455348,0.0038141603849439747,88.29720366465665,ascent,ascent,2025-233J,2025-233N,False
2026-01-01 00:00:00+00:00,QQ_diff_launch,60380,66041,1,14.779122578603333,14.779122578603333,12.87802820646925,87.84367065078106,operational,drift,2024-140B,2025-233J,False
2026-01-01 00:00:00+00:00,QQ_diff_launch,60390,61569,1,14.073573216300142,14.073573216300142,13.839028259620573,86.98415080039678,operational,stranded,2024-140M,2024-185T,False
2026-01-01 00:00:00+00:00,QQ_diff_launch,61557,62240,1,19.403818067296406,19.403818067296406,5.059590299239035,88.9461227214118,stranded,stranded,2024-185F,2024-232D,False
2026-01-01 00:00:00+00:00,QQ_diff_launch,61562,66035,1,16.80901495707113,16.80901495707113,2.4381297426584063,88.9650148015347,operational,ascent,2024-185L,2025-233C,False
2026-01-01 00:00:00+00:00,QQ_diff_launch,61564,62802,1,15.598557536945195,15.598557536945195,2.8517583963157853,88.95459712321609,stranded,operational,2024-185N,2025-016T,False
2026-01-01 00:00:00+00:00,QQ_diff_launch,62239,66050,1,19.239600781387434,19.239600781387434,2.6486730399099057,88.97078820194125,operational,ascent,2024-232C,2025-233T,False
2026-01-01 00:00:00+00:00,QQ_diff_launch,62241,63159,6,19.4453500473339,19.689460975724387,9.4592916017487,88.73492352860684,operational,operational,2024-232E,2025-046A,False
2026-01-01 00:00:00+00:00,QQ_diff_launch,62242,63164,14,6.928776145260435,7.051417163379662,9.495955009699594,88.64648626274202,operational,operational,2024-232F,2025-046F,True
2026-01-01 00:00:00+00:00,QQ_diff_launch,62245,63168,27,16.820549969476673,16.979537334074884,9.535487214854145,88.61086349817037,operational,operational,2024-232J,2025-046K,True
2026-01-01 00:00:00+00:00,QQ_diff_launch,62249,63172,14,12.18821624121,12.38229504448254,9.520144519003171,88.70614038553121,operational,operational,2024-232N,2025-046P,True
2026-01-01 00:00:00+00:00,QQ_diff_launch,63161,66041,1,12.311283533376193,12.311283533376193,11.389623793364851,88.41926371503278,operational,drift,2025-046C,2025-233J,False
2026-01-01 00:00:00+00:00,QQ_diff_launch,63162,66041,1,14.170637254215706,14.170637254215706,11.389555918204127,88.42433936263826,operational,drift,2025-046D,2025-233J,False
2026-01-01 00:00:00+00:00,QQ_diff_launch,63166,66033,1,17.396043289963536,17.396043289963536,11.415695453771077,88.31886953622015,operational,drift,2025-046H,2025-233A,False
2026-01-04 00:00:00+00:00,QQ_diff_launch,60381,61563,2,8.362500362115766,12.901542374092948,13.782564370017923,87.00613527204172,operational,operational,2024-140C,2024-185M,False
2026-01-04 00:00:00+00:00,QQ_diff_launch,60381,66035,1,7.200552109893666,7.200552109893666,12.861535100759005,87.90563067854488,operational,operational,2024-140C,2025-233C,False
2026-01-04 00:00:00+00:00,QQ_diff_launch,60386,61564,1,13.34321226588173,13.34321226588173,13.829464464560205,86.94138601374682,operational,stranded,2024-140H,2024-185N,False
2026-01-04 00:00:00+00:00,QQ_diff_launch,60386,66045,1,13.707100555196336,13.707100555196336,12.86997511061537,87.92939222279072,operational,drift,2024-140H,2025-233N,False
2026-01-04 00:00:00+00:00,QQ_diff_launch,61563,62795,2,4.7878885779533125,8.536916061246899,2.8154479941187933,88.95446638638768,operational,operational,2024-185M,2025-016L,False
2026-01-04 00:00:00+00:00,QQ_diff_launch,61563,66035,1,13.551927612029948,13.551927612029948,2.3740613086900164,88.97006929462403,operational,operational,2024-185M,2025-233C,False
2026-01-04 00:00:00+00:00,QQ_diff_launch,61569,62247,1,16.890143374282925,16.890143374282925,4.973093113582093,88.90301196532045,stranded,operational,2024-185T,2024-232L,False
2026-01-04 00:00:00+00:00,QQ_diff_launch,62241,63159,14,14.718783804418932,15.543983160283553,9.459707600464508,88.72287218686495,operational,operational,2024-232E,2025-046A,True
2026-01-04 00:00:00+00:00,QQ_diff_launch,62242,63164,14,8.675561893027028,9.141213647942294,9.496364071726145,88.63693267439602,operational,operational,2024-232F,2025-046F,True
2026-01-04 00:00:00+00:00,QQ_diff_launch,62245,63168,27,17.490550208071397,17.826914810544103,9.492851579298202,88.72483718820652,operational,operational,2024-232J,2025-046K,True
2026-01-04 00:00:00+00:00,QQ_diff_launch,62249,63172,13,10.232461549345125,10.58557734736235,9.520111622141227,88.70000426420896,operational,operational,2024-232N,2025-046P,False
2026-01-04 00:00:00+00:00,QQ_diff_launch,63159,66039,1,14.594183329989006,14.594183329989006,11.396938077092882,88.34417662529007,operational,drift,2025-046A,2025-233G,False
2026-01-04 00:00:00+00:00,QQ_diff_launch,63162,66033,1,5.215529099564754,5.215529099564754,11.385952589867212,88.38754470382132,operational,ascent,2025-046D,2025-233A,False
2026-01-04 00:00:00+00:00,QQ_same_launch,66033,66048,1,9.135768342652808,9.135768342652808,0.00737055217354073,76.1785874180687,ascent,drift,2025-233A,2025-233R,False
2026-01-07 00:00:00+00:00,QQ_diff_launch,60382,66048,1,2.704665766465351,2.704665766465351,12.870186754036066,87.86825796290799,operational,ascent,2024-140D,2025-233R,False
2026-01-07 00:00:00+00:00,QQ_diff_launch,60385,62240,2,15.127663704328693,17.03548169917078,11.702599824208225,88.3056064426743,drift,stranded,2024-140G,2024-232D,False
2026-01-07 00:00:00+00:00,QQ_diff_launch,60389,61569,1,11.878542869441384,11.878542869441384,13.843387793951502,86.75160697990688,operational,stranded,2024-140L,2024-185T,False
2026-01-07 00:00:00+00:00,QQ_diff_launch,60391,66034,5,11.28283507793616,17.040339334849275,12.813817905082892,87.87199438602582,operational,operational,2024-140N,2025-233B,False
2026-01-07 00:00:00+00:00,QQ_diff_launch,60392,66039,1,7.496562707884147,7.496562707884147,12.863148827672434,87.92185761672758,operational,ascent,2024-140P,2025-233G,False
2026-01-07 00:00:00+00:00,QQ_diff_launch,61560,66043,4,9.49611270771923,11.86603679580993,1.9260569380280965,88.97486190130945,stranded,drift,2024-185J,2025-233L,False
2026-01-07 00:00:00+00:00,QQ_diff_launch,61569,63175,1,11.987297983516136,11.987297983516136,12.751485038615927,87.99702749568094,stranded,operational,2024-185T,2025-046S,False
2026-01-07 00:00:00+00:00,QQ_diff_launch,61569,66035,1,11.616037038684837,11.616037038684837,2.3974899939434327,88.9670048736876,stranded,operational,2024-185T,2025-233C,False
2026-01-07 00:00:00+00:00,QQ_diff_launch,62241,63159,13,8.925683457742132,9.86569613105142,9.460427190150995,88.70553196899185,operational,operational,2024-232E,2025-046A,False
2026-01-07 00:00:00+00:00,QQ_diff_launch,62242,63164,13,12.455076573203877,13.167793612383418,9.497054733078592,88.6226634467056,operational,operational,2024-232F,2025-046F,False
2026-01-07 00:00:00+00:00,QQ_diff_launch,62245,63168,24,15.390172974339668,16.109398661020965,9.493452152670924,88.718201236646,operational,operational,2024-232J,2025-046K,True
2026-01-07 00:00:00+00:00,QQ_diff_launch,62246,66049,1,4.722757324670871,4.722757324670871,2.649024742262157,88.983311651174,operational,ascent,2024-232K,2025-233S,False
2026-01-07 00:00:00+00:00,QQ_diff_launch,62248,66039,1,19.950469996908314,19.950469996908314,2.6512672116894063,88.9612615521215,operational,ascent,2024-232M,2025-233G,False
2026-01-07 00:00:00+00:00,QQ_diff_launch,62249,63172,14,7.23998643222115,7.719197815173347,9.520340777477113,88.68868050820603,operational,operational,2024-232N,2025-046P,True
2026-01-07 00:00:00+00:00,QQ_diff_launch,62250,66041,1,16.957035360489506,16.957035360489506,2.6504377355154913,88.96636203957355,operational,drift,2024-232P,2025-233J,False
2026-01-07 00:00:00+00:00,QQ_diff_launch,62786,66034,4,5.883957098121319,14.062848210579094,5.107500741298287,88.91847503345099,operational,operational,2025-016B,2025-233B,False
2026-01-07 00:00:00+00:00,QQ_diff_launch,62790,66048,1,14.512260788150773,14.512260788150773,5.117534618467543,88.90959634918758,operational,ascent,2025-016F,2025-233R,False
2026-01-07 00:00:00+00:00,QQ_diff_launch,62792,66039,1,16.382183042920147,16.382183042920147,5.1198253401324,88.90041949764696,operational,ascent,2025-016H,2025-233G,False
2026-01-07 00:00:00+00:00,QQ_diff_launch,62800,66049,1,11.195210126605085,11.195210126605085,5.1210024590860606,88.90857659633646,operational,ascent,2025-016R,2025-233S,False
2026-01-07 00:00:00+00:00,QQ_diff_launch,63167,66049,1,11.9199633256409,11.9199633256409,11.4018073425618,88.32774780054385,operational,ascent,2025-046J,2025-233S,False
2026-01-07 00:00:00+00:00,QQ_diff_launch,63171,66045,1,10.249457313796317,10.249457313796317,11.400282881234071,88.43201034547417,operational,ascent,2025-046N,2025-233N,False
2026-01-10 00:00:00+00:00,QQ_diff_launch,60379,66045,1,4.994371375224473,4.994371375224473,12.81314744125096,87.91099642061667,operational,operational,2024-140A,2025-233N,False
2026-01-10 00:00:00+00:00,QQ_diff_launch,60382,66050,2,15.002027848191865,16.103380613787472,12.826787665665957,87.86249771822516,operational,operational,2024-140D,2025-233T,False
2026-01-10 00:00:00+00:00,QQ_diff_launch,60384,66048,1,19.890482997547426,19.890482997547426,12.82821096193396,88.00626856097702,operational,operational,2024-140F,2025-233R,False
2026-01-10 00:00:00+00:00,QQ_diff_launch,60391,61569,1,18.61843988966612,18.61843988966612,13.835159243900645,86.69452772838454,operational,stranded,2024-140N,2024-185T,False
2026-01-10 00:00:00+00:00,QQ_diff_launch,60394,66039,1,3.5643854249752644,3.5643854249752644,12.80988638966223,87.88170625374116,operational,operational,2024-140R,2025-233G,False
2026-01-10 00:00:00+00:00,QQ_diff_launch,60395,61563,5,10.408655440354032,17.29894092838405,13.774220079093864,86.87733693822072,operational,operational,2024-140S,2024-185M,False
2026-01-10 00:00:00+00:00,QQ_diff_launch,61555,66040,1,10.293841156089766,10.293841156089766,2.1908570250943225,88.97348318573135,stranded,drift,2024-185D,2025-233H,False
2026-01-10 00:00:00+00:00,QQ_diff_launch,61564,62241,1,15.111352935277447,15.111352935277447,4.975693033030268,88.91419209503393,stranded,operational,2024-185N,2024-232E,False
2026-01-10 00:00:00+00:00,QQ_diff_launch,61569,62786,1,14.040220852556338,14.040220852556338,2.792784145440509,88.96382484872188,stranded,operational,2024-185T,2025-016B,False
2026-01-10 00:00:00+00:00,QQ_diff_launch,61569,63165,1,8.564985570626137,8.564985570626137,12.745149381852318,87.96281902388482,stranded,operational,2024-185T,2025-046G,False
2026-01-10 00:00:00+00:00,QQ_diff_launch,62241,63159,14,2.459050855334409,3.2324442228228163,9.461346556244983,88.68275287494748,operational,operational,2024-232E,2025-046A,True
2026-01-10 00:00:00+00:00,QQ_diff_launch,62242,63164,12,18.048626090341052,18.9527050094499,9.497959788788677,88.60269147548644,operational,operational,2024-232F,2025-046F,False
2026-01-10 00:00:00+00:00,QQ_diff_launch,62245,63168,14,11.746939104488934,12.38560685709826,9.494160386547732,88.70778736052517,operational,operational,2024-232J,2025-046K,True
2026-01-10 00:00:00+00:00,QQ_diff_launch,62248,66039,1,9.322395610063207,9.322395610063207,2.6395570664788224,88.98336309816112,operational,operational,2024-232M,2025-233G,False
2026-01-10 00:00:00+00:00,QQ_diff_launch,62249,63172,13,5.418484475778162,5.43850169107532,9.520787984387741,88.67136074727627,operational,operational,2024-232N,2025-046P,False
2026-01-10 00:00:00+00:00,QQ_diff_launch,62790,66050,2,13.29848071196595,16.081660693645667,5.112131723254174,88.91937847523589,operational,operational,2025-016F,2025-233T,False
2026-01-10 00:00:00+00:00,QQ_diff_launch,62791,66039,2,13.617806259590688,14.700017709599571,5.132002350147809,88.93041246576907,operational,operational,2025-016G,2025-233G,False
2026-01-10 00:00:00+00:00,QQ_same_launch,61557,61568,1,15.394821799732933,15.394821799732933,0.03923571897908247,84.33005449762499,stranded,stranded,2024-185F,2024-185S,False
2026-01-13 00:00:00+00:00,QQ_diff_launch,60382,61569,1,18.593687975743045,18.593687975743045,13.846868625044698,87.07085617179796,operational,stranded,2024-140D,2024-185T,False
2026-01-13 00:00:00+00:00,QQ_diff_launch,60394,61564,1,11.890036394560772,11.890036394560772,13.822161773774924,86.89074903961819,operational,stranded,2024-140R,2024-185N,False
2026-01-13 00:00:00+00:00,QQ_diff_launch,61555,66047,1,19.769062131000094,19.769062131000094,2.1919401115632833,88.97184637155432,stranded,drift,2024-185D,2025-233Q,False
2026-01-13 00:00:00+00:00,QQ_diff_launch,61559,66040,1,19.093923324039622,19.093923324039622,2.260107002250628,88.97685516472387,stranded,drift,2024-185H,2025-233H,False
2026-01-13 00:00:00+00:00,QQ_diff_launch,61560,62240,1,13.297312736413899,13.297312736413899,5.040145971168875,88.91501628904123,stranded,stranded,2024-185J,2024-232D,False
2026-01-13 00:00:00+00:00,QQ_diff_launch,61564,62791,1,19.947643586936803,19.947643586936803,2.8734953238494225,88.95676707382513,stranded,operational,2024-185N,2025-016G,False
2026-01-13 00:00:00+00:00,QQ_diff_launch,61569,66050,1,19.7866168250726,19.7866168250726,2.3985995478895137,88.96334049654872,stranded,operational,2024-185T,2025-233T,False
2026-01-13 00:00:00+00:00,QQ_diff_launch,62241,63159,13,5.525019448037589,6.8133605882505694,9.462498319981012,88.65387726180451,operational,operational,2024-232E,2025-046A,False
2026-01-13 00:00:00+00:00,QQ_diff_launch,62245,63168,13,7.548026788548879,8.115847311046828,9.495179999848855,88.69071848622903,operational,operational,2024-232J,2025-046K,False
2026-01-13 00:00:00+00:00,QQ_diff_launch,62249,63172,14,7.684207723692502,8.581676240263253,9.521486083704366,88.64792560434195,operational,operational,2024-232N,2025-046P,True
2026-01-13 00:00:00+00:00,QQ_diff_launch,62254,66050,1,19.931923717670326,19.931923717670326,2.6405956014963454,88.96595883285441,operational,operational,2024-232T,2025-233T,False
2026-01-13 00:00:00+00:00,QQ_diff_launch,63162,66034,3,12.48957665533043,18.05835068804199,11.350987464305323,88.38966434017333,operational,operational,2025-046D,2025-233B,False
2026-01-13 00:00:00+00:00,QQ_diff_launch,63169,66044,1,8.92774886011551,8.92774886011551,11.44448274339128,88.4143707217462,stranded,drift,2025-046L,2025-233M,False
2026-01-16 00:00:00+00:00,QQ_diff_launch,60380,61564,1,17.665364470685283,17.665364470685283,13.833048329664349,86.74890688440561,operational,stranded,2024-140B,2024-185N,False
2026-01-16 00:00:00+00:00,QQ_diff_launch,60389,61564,1,18.543882915197987,18.543882915197987,13.82852977639809,86.73139219580368,operational,stranded,2024-140L,2024-185N,False
2026-01-16 00:00:00+00:00,QQ_diff_launch,60394,61563,4,11.552566440798259,16.079086468413543,13.776724230196574,86.88540964895724,operational,operational,2024-140R,2024-185M,False
2026-01-16 00:00:00+00:00,QQ_diff_launch,61566,66037,2,2.1165120547486937,7.269687668405092,2.155916626621664,88.97146886642564,drift,ascent,2024-185Q,2025-233E,False
2026-01-16 00:00:00+00:00,QQ_diff_launch,62241,63159,14,14.935201692854994,16.591433285192338,9.46385210004593,88.6200357863527,operational,operational,2024-232E,2025-046A,True
2026-01-16 00:00:00+00:00,QQ_diff_launch,62245,63168,14,5.799366722816528,5.880775602630342,9.496429325798964,88.66919105181324,operational,operational,2024-232J,2025-046K,True
2026-01-16 00:00:00+00:00,QQ_diff_launch,62249,63172,13,14.722938152215036,15.935311652309265,9.522420645461878,88.61898198763042,operational,operational,2024-232N,2025-046P,False
2026-01-16 00:00:00+00:00,QQ_diff_launch,63167,66050,1,11.204553375391965,11.204553375391965,11.371059822867446,88.3453098887028,operational,operational,2025-046J,2025-233T,False
2026-01-16 00:00:00+00:00,QQ_same_launch,66036,66046,1,15.155703735362811,15.155703735362811,0.007403051428216631,45.198626028969244,ascent,ascent,2025-233D,2025-233P,False
2026-01-19 00:00:00+00:00,QQ_diff_launch,61563,62248,1,15.216996844695966,15.216996844695966,4.936812149326081,88.9135417917567,operational,operational,2024-185M,2024-232M,False
2026-01-19 00:00:00+00:00,QQ_diff_launch,61569,62242,1,14.06950889586526,14.06950889586526,4.9787055790667605,88.90328056519792,stranded,operational,2024-185T,2024-232F,False
2026-01-19 00:00:00+00:00,QQ_diff_launch,61569,63164,1,19.586486983606864,19.586486983606864,12.747305808945965,88.03882907868582,stranded,operational,2024-185T,2025-046F,False
2026-01-19 00:00:00+00:00,QQ_diff_launch,61569,63169,1,19.54429323934999,19.54429323934999,12.760784522689592,87.88577689551289,stranded,stranded,2024-185T,2025-046L,False
2026-01-19 00:00:00+00:00,QQ_diff_launch,62245,63168,13,9.38548737666067,10.380962591731704,9.497885583756894,88.64304145365709,operational,operational,2024-232J,2025-046K,False
2026-01-22 00:00:00+00:00,QQ_diff_launch,60379,61564,1,9.51294601694744,9.51294601694744,13.828720231574883,86.97319722221607,operational,stranded,2024-140A,2024-185N,False
2026-01-22 00:00:00+00:00,QQ_diff_launch,60393,61569,1,9.90383315229826,9.90383315229826,13.840039692951274,86.9770412546469,operational,stranded,2024-140Q,2024-185T,False
2026-01-22 00:00:00+00:00,QQ_diff_launch,60395,66035,1,9.493014070431974,9.493014070431974,12.798531159292281,87.8478606506315,operational,operational,2024-140S,2025-233C,False
2026-01-22 00:00:00+00:00,QQ_diff_launch,60395,66044,1,7.034635496314346,7.034635496314346,12.852155433026399,87.84814274144092,operational,ascent,2024-140S,2025-233M,False
2026-01-22 00:00:00+00:00,QQ_diff_launch,61564,62250,1,10.325594306952036,10.325594306952036,4.922838308473851,88.92606367167424,stranded,operational,2024-185N,2024-232P,False
2026-01-22 00:00:00+00:00,QQ_diff_launch,61564,63174,1,19.188931793003928,19.188931793003928,12.730695537588366,87.88977170750674,stranded,operational,2024-185N,2025-046R,False
2026-01-22 00:00:00+00:00,QQ_diff_launch,61569,63173,1,12.089406026935853,12.089406026935853,12.750430902057499,87.94185852503617,stranded,operational,2024-185T,2025-046Q,False
2026-01-22 00:00:00+00:00,QQ_diff_launch,62245,63168,9,17.864732041381604,18.877936382270182,9.499433832691858,88.61029532590763,operational,operational,2024-232J,2025-046K,False
2026-01-22 00:00:00+00:00,QQ_diff_launch,62246,66050,1,17.67763908114335,17.67763908114335,2.638503276157813,88.99112208957044,operational,operational,2024-232K,2025-233T,False
2026-01-22 00:00:00+00:00,QQ_diff_launch,63166,66036,1,16.06746104804779,16.06746104804779,11.401299700623657,88.36700985152011,operational,ascent,2025-046H,2025-233D,False
2026-01-25 00:00:00+00:00,QQ_diff_launch,60391,66036,1,4.525858975299764,4.525858975299764,12.848923807046775,87.8518241638088,operational,excursion,2024-140N,2025-233D,False
2026-01-25 00:00:00+00:00,QQ_diff_launch,60393,61564,1,12.491490380764274,12.491490380764274,13.824791359186634,86.8847388923668,operational,stranded,2024-140Q,2024-185N,False
2026-01-25 00:00:00+00:00,QQ_diff_launch,60394,61569,1,3.2392881138296765,3.2392881138296765,13.836291860254414,86.85662313483381,operational,stranded,2024-140R,2024-185T,False
2026-01-25 00:00:00+00:00,QQ_diff_launch,60396,66050,1,12.217640103923117,12.217640103923117,12.829880072872072,87.80281561180145,operational,excursion,2024-140T,2025-233T,False
2026-01-25 00:00:00+00:00,QQ_diff_launch,61563,62245,1,16.343689517317323,16.343689517317323,4.953655308317371,88.90806465841395,operational,operational,2024-185M,2024-232J,False
2026-01-25 00:00:00+00:00,QQ_diff_launch,61563,63168,4,3.676528301513293,11.506336422119276,12.717807026898054,87.91840527727646,operational,operational,2024-185M,2025-046K,False
2026-01-25 00:00:00+00:00,QQ_diff_launch,62239,63162,13,10.85063618186979,11.598775196399657,9.533212219608313,88.68715284453641,operational,operational,2024-232C,2025-046D,False
2026-01-25 00:00:00+00:00,QQ_diff_launch,62255,63173,5,18.98417358805798,19.423402258139532,9.515801925470164,88.73177749329069,operational,operational,2024-232U,2025-046Q,False
2026-01-25 00:00:00+00:00,QQ_diff_launch,63162,66044,1,13.773865939139199,13.773865939139199,11.372140480127616,88.38988526742465,operational,drift,2025-046D,2025-233M,False
2026-01-28 00:00:00+00:00,QQ_diff_launch,60381,61569,1,7.516946735624441,7.516946735624441,13.840847733607823,86.94376002625862,operational,stranded,2024-140C,2024-185T,False
2026-01-28 00:00:00+00:00,QQ_diff_launch,60395,61564,1,10.682669773838649,10.682669773838649,13.819142425317514,86.90667360808314,operational,stranded,2024-140S,2024-185N,False
2026-01-28 00:00:00+00:00,QQ_diff_launch,61569,62795,1,17.578853827394205,17.578853827394205,2.795650532559681,88.9491656774714,stranded,operational,2024-185T,2025-016L,False
2026-01-28 00:00:00+00:00,QQ_diff_launch,61569,63175,2,18.81758699729014,19.304633117161142,12.728332805176288,87.96578328019291,stranded,operational,2024-185T,2025-046S,False
2026-01-28 00:00:00+00:00,QQ_diff_launch,62239,63162,27,11.87941677830659,14.166855662536943,9.532207272517097,88.64241022175996,operational,operational,2024-232C,2025-046D,True
2026-01-28 00:00:00+00:00,QQ_diff_launch,62255,63173,13,9.499675263700865,10.873603102223802,9.515563218006392,88.70365041968371,operational,operational,2024-232U,2025-046Q,False
2026-01-31 00:00:00+00:00,QQ_diff_launch,60385,61557,1,14.316269549196921,14.316269549196921,14.145799112900873,86.56206798644432,drift,stranded,2024-140G,2024-185F,False
2026-01-31 00:00:00+00:00,QQ_diff_launch,60390,66047,1,17.566908566816196,17.566908566816196,12.836602120502807,87.86754095030696,operational,ascent,2024-140M,2025-233Q,False
2026-01-31 00:00:00+00:00,QQ_diff_launch,60391,61569,1,15.847206411549543,15.847206411549543,13.832904868947335,87.05275476521629,operational,stranded,2024-140N,2024-185T,False
2026-01-31 00:00:00+00:00,QQ_diff_launch,61562,62247,9,16.175441294962457,16.73610693602692,4.982200858174277,88.91605633913682,operational,operational,2024-185L,2024-232L,False
2026-01-31 00:00:00+00:00,QQ_diff_launch,61562,63160,27,6.942189938843204,7.415912830696114,12.756989436312733,87.90291927804289,operational,operational,2024-185L,2025-046B,True
2026-01-31 00:00:00+00:00,QQ_diff_launch,61563,62255,2,10.298815774251233,13.624980806644515,4.981232444044261,88.91889766200873,operational,operational,2024-185M,2024-232U,False
2026-01-31 00:00:00+00:00,QQ_diff_launch,61563,63173,5,3.942528228731014,13.166957758742207,12.72732239320298,87.92167309024248,operational,operational,2024-185M,2025-046Q,False
2026-01-31 00:00:00+00:00,QQ_diff_launch,62239,63162,14,15.475065145934833,16.350533661453902,9.501574615593626,88.63012195731852,operational,operational,2024-232C,2025-046D,True
2026-01-31 00:00:00+00:00,QQ_diff_launch,62251,66036,1,18.495996355369506,18.495996355369506,2.6277151416380886,88.97334060872204,operational,operational,2024-232Q,2025-233D,False
2026-01-31 00:00:00+00:00,QQ_diff_launch,62255,63173,14,4.215046732494534,4.344247344138527,9.515318758005563,88.66765892583919,operational,operational,2024-232U,2025-046Q,True
2026-01-31 00:00:00+00:00,QQ_diff_launch,63165,66036,4,9.729579554463857,11.810091264965608,11.359034382897903,88.40139013238993,operational,operational,2025-046G,2025-233D,False
2026-02-03 00:00:00+00:00,QQ_diff_launch,60381,66047,1,8.170553564934162,8.170553564934162,12.850688719252691,87.90489167546859,operational,drift,2024-140C,2025-233Q,False
2026-02-03 00:00:00+00:00,QQ_diff_launch,60382,61564,1,16.195579651474493,16.195579651474493,13.827134078167933,86.93797124280819,operational,stranded,2024-140D,2024-185N,False
2026-02-03 00:00:00+00:00,QQ_diff_launch,60386,61569,1,12.811102944233328,12.811102944233328,13.839064818315643,86.73976857582385,operational,stranded,2024-140H,2024-185T,False
2026-02-03 00:00:00+00:00,QQ_diff_launch,60389,66047,1,17.118609741737757,17.118609741737757,12.850764642529885,87.98203008008332,operational,drift,2024-140L,2025-233Q,False
2026-02-03 00:00:00+00:00,QQ_diff_launch,61562,63160,2,19.270251703732878,19.541904258698757,12.757024389028858,88.03214478270434,operational,operational,2024-185L,2025-046B,False
2026-02-03 00:00:00+00:00,QQ_diff_launch,61569,62801,1,18.08591333929788,18.08591333929788,2.799900613811577,88.95549542999571,stranded,operational,2024-185T,2025-016S,False
2026-02-03 00:00:00+00:00,QQ_diff_launch,61569,63167,2,18.468154321916852,18.889453650245702,12.738290154403582,87.90066384692287,stranded,operational,2024-185T,2025-046J,False
2026-02-03 00:00:00+00:00,QQ_diff_launch,62255,63173,27,11.858859217422115,13.986864938204208,9.4956045559865,88.70536677744893,operational,operational,2024-232U,2025-046Q,True
2026-02-03 00:00:00+00:00,QQ_diff_launch,63160,66040,3,10.532753039933779,12.638783437008188,11.36670644770386,88.41995975482581,operational,operational,2025-046B,2025-233H,False
2026-02-06 00:00:00+00:00,QQ_diff_launch,60392,66040,1,18.110544104155522,18.110544104155522,12.795582873982303,87.97927069156631,operational,operational,2024-140P,2025-233H,False
2026-02-06 00:00:00+00:00,QQ_diff_launch,61565,63174,7,3.3921355179576316,8.73122602210522,12.73790044464375,87.97656887357202,operational,operational,2024-185P,2025-046R,False
2026-02-06 00:00:00+00:00,QQ_diff_launch,61569,62252,1,8.274732373381019,8.274732373381019,4.965184723647137,88.92784366766539,stranded,operational,2024-185T,2024-232R,False
2026-02-06 00:00:00+00:00,QQ_diff_launch,61569,66048,1,13.449873351644525,13.449873351644525,2.3955404582887754,88.96384169311135,stranded,operational,2024-185T,2025-233R,False
2026-02-06 00:00:00+00:00,QQ_diff_launch,62246,66047,1,13.244869114029424,13.244869114029424,2.6136716726449203,88.98618638783212,operational,drift,2024-232K,2025-233Q,False
2026-02-06 00:00:00+00:00,QQ_diff_launch,62248,66040,1,9.330546393428042,9.330546393428042,2.6055473270993206,88.9741197350683,operational,operational,2024-232M,2025-233H,False
2026-02-06 00:00:00+00:00,QQ_diff_launch,62255,63173,13,6.608414966115204,7.270095218701709,9.49674679634492,88.6607212259317,operational,operational,2024-232U,2025-046Q,False
2026-02-06 00:00:00+00:00,QQ_diff_launch,62800,66047,1,18.418428637243128,18.418428637243128,5.151364537713449,88.89857527374618,operational,drift,2025-016R,2025-233Q,False
2026-02-06 00:00:00+00:00,QQ_same_launch,66040,66042,2,15.484842474080263,16.931461763120897,0.028346991635341965,75.2935313372754,operational,operational,2025-233H,2025-233K,False
2026-02-09 00:00:00+00:00,QQ_diff_launch,60392,66040,1,18.390476936583564,18.390476936583564,12.806412268004191,87.76613425983774,operational,operational,2024-140P,2025-233H,False
2026-02-09 00:00:00+00:00,QQ_diff_launch,61569,62242,1,10.16876841968031,10.16876841968031,4.967795518280267,88.91786359418272,stranded,operational,2024-185T,2024-232F,False
2026-02-09 00:00:00+00:00,QQ_diff_launch,62255,63173,14,17.14699324996005,18.164111441692512,9.498126184779462,88.61322335151735,operational,operational,2024-232U,2025-046Q,True
2026-02-12 00:00:00+00:00,QQ_diff_launch,60393,61569,1,12.313676969575347,12.313676969575347,13.833482342583045,86.84213915380802,operational,stranded,2024-140Q,2024-185T,False
2026-02-12 00:00:00+00:00,QQ_diff_launch,61563,62796,2,5.0329517779202,10.383208786187062,2.811246390350822,88.94724986486514,operational,operational,2024-185M,2025-016M,False
2026-02-12 00:00:00+00:00,QQ_diff_launch,61565,62793,1,19.344836393963757,19.344836393963757,2.7933620162963653,88.94000007439998,operational,operational,2024-185P,2025-016J,False
2026-02-12 00:00:00+00:00,QQ_diff_launch,61569,63159,1,10.89652916761358,10.89652916761358,12.723510748864348,87.93312470904576,stranded,operational,2024-185T,2025-046A,False
2026-02-12 00:00:00+00:00,QQ_diff_launch,62251,63165,6,16.418249875465406,17.8618482555581,9.529957007290598,88.62613434386648,operational,operational,2024-232Q,2025-046G,False
2026-02-12 00:00:00+00:00,QQ_diff_launch,62253,63175,13,16.609922599729373,16.67289631012335,9.52102924058032,88.63442729489188,operational,operational,2024-232S,2025-046S,False
2026-02-12 00:00:00+00:00,QQ_diff_launch,63168,66040,1,17.60180006958977,17.60180006958977,11.357889021540755,88.35024097665394,operational,operational,2025-046K,2025-233H,False
2026-02-15 00:00:00+00:00,QQ_diff_launch,60379,61565,15,12.347310119616294,14.98531704315587,13.826085799787863,86.94925465191915,operational,operational,2024-140A,2024-185P,True
2026-02-15 00:00:00+00:00,QQ_diff_launch,60392,61569,1,15.995112261168735,15.995112261168735,13.834444350979703,86.73329790792094,operational,stranded,2024-140P,2024-185T,False
2026-02-15 00:00:00+00:00,QQ_diff_launch,61561,66043,1,10.441266349161989,10.441266349161989,1.9206105264238618,88.97260887333258,stranded,drift,2024-185K,2025-233L,False
2026-02-15 00:00:00+00:00,QQ_diff_launch,61563,66044,2,8.987092226257467,11.587380700505031,2.38070615037044,88.96157757746747,operational,operational,2024-185M,2025-233M,False
2026-02-15 00:00:00+00:00,QQ_diff_launch,61569,62248,1,15.50492332609315,15.50492332609315,4.962055093841245,88.9322393535292,stranded,operational,2024-185T,2024-232M,False
2026-02-15 00:00:00+00:00,QQ_diff_launch,62244,63176,9,15.70588073366251,17.59197041570307,9.53945168476776,88.62197118792126,operational,operational,2024-232H,2025-046T,False
2026-02-15 00:00:00+00:00,QQ_diff_launch,62251,63165,27,11.9776910065824,12.139010419686665,9.528815399222758,88.67419579329406,operational,operational,2024-232Q,2025-046G,True
2026-02-15 00:00:00+00:00,QQ_diff_launch,62253,63175,14,16.180790885062518,16.19626856213253,9.519951963793254,88.634134731616,operational,operational,2024-232S,2025-046S,True
2026-02-15 00:00:00+00:00,QQ_same_launch,66037,66042,21,7.301039125683689e-05,0.0207981109180516,1.603314331614301e-05,37.26064510729381,operational,operational,2025-233E,2025-233K,True
2026-02-18 00:00:00+00:00,QQ_diff_launch,60388,61563,3,3.013285641881993,8.2662352358382,13.837380139400318,86.9310067536339,operational,operational,2024-140K,2024-185M,False
2026-02-18 00:00:00+00:00,QQ_diff_launch,61563,62797,2,8.039009969406695,11.127630937969052,2.813410842921529,88.94544915489269,operational,operational,2024-185M,2025-016N,False
2026-02-18 00:00:00+00:00,QQ_diff_launch,61569,63166,1,11.505482129810247,11.505482129810247,12.735728117248758,87.95534887211119,stranded,operational,2024-185T,2025-046H,False
2026-02-18 00:00:00+00:00,QQ_diff_launch,62243,66043,1,12.820866343604925,12.820866343604925,3.166691710552936,88.98369179019562,stranded,drift,2024-232G,2025-233L,False
2026-02-18 00:00:00+00:00,QQ_diff_launch,62244,63176,14,12.228264066875582,12.22925827811088,9.53867850026273,88.6455378238421,operational,operational,2024-232H,2025-046T,True
2026-02-18 00:00:00+00:00,QQ_diff_launch,62251,63165,13,11.253147510354571,11.377355749706139,9.528042612444445,88.68035426329334,operational,operational,2024-232Q,2025-046G,False
2026-02-18 00:00:00+00:00,QQ_diff_launch,62253,63175,13,16.32841164705735,16.419324722174665,9.5190442738941,88.62940852914832,operational,operational,2024-232S,2025-046S,False
2026-02-18 00:00:00+00:00,QQ_diff_launch,63175,66037,1,12.951997088628643,12.951997088628643,11.324953135267185,88.36423255201876,operational,operational,2025-046S,2025-233E,False
2026-02-21 00:00:00+00:00,QQ_diff_launch,60380,61569,1,16.561671935278557,16.561671935278557,13.812422012382031,86.93109505013736,operational,stranded,2024-140B,2024-185T,False
2026-02-21 00:00:00+00:00,QQ_diff_launch,61563,66045,2,8.002874023724083,11.057605818847254,2.368004857184366,88.96184985672008,operational,operational,2024-185M,2025-233N,False
2026-02-21 00:00:00+00:00,QQ_diff_launch,62244,63176,13,9.387911823756351,9.64694448513028,9.538062284185182,88.65527518045455,operational,operational,2024-232H,2025-046T,False
2026-02-21 00:00:00+00:00,QQ_diff_launch,62251,63165,14,9.965176867580167,10.200827918778362,9.527329245662283,88.68068372312378,operational,operational,2024-232Q,2025-046G,True
2026-02-21 00:00:00+00:00,QQ_diff_launch,62253,63175,14,17.511039012277237,17.81058661934687,9.518368292337948,88.61946568049265,operational,operational,2024-232S,2025-046S,True
2026-02-24 00:00:00+00:00,QQ_diff_launch,60379,61563,7,4.860257820908624,8.604391404530501,13.818271507355542,86.94734306034036,operational,operational,2024-140A,2024-185M,False
2026-02-24 00:00:00+00:00,QQ_diff_launch,61563,62793,2,5.344817672718266,8.871141244503312,2.8142600340037083,88.95201678099147,operational,operational,2024-185M,2025-016J,False
2026-02-24 00:00:00+00:00,QQ_diff_launch,61565,66046,9,2.8545481415227427,9.532772336145353,2.3979920368478975,88.9702991348262,operational,operational,2024-185P,2025-233P,False
2026-02-24 00:00:00+00:00,QQ_diff_launch,61567,63163,1,18.138763137673916,18.138763137673916,12.802047600407812,88.03598791739053,stranded,stranded,2024-185R,2025-046E,False
2026-02-24 00:00:00+00:00,QQ_diff_launch,61569,63167,1,14.224990637866885,14.224990637866885,12.731197793440714,87.82762855697305,stranded,operational,2024-185T,2025-046J,False
2026-02-24 00:00:00+00:00,QQ_diff_launch,61569,66050,1,16.09016626817989,16.09016626817989,2.3888076408804664,88.9648599800646,stranded,operational,2024-185T,2025-233T,False
2026-02-24 00:00:00+00:00,QQ_diff_launch,62244,63176,14,7.966713468807831,8.17969181622438,9.537659738863624,88.65545461314716,operational,operational,2024-232H,2025-046T,True
2026-02-24 00:00:00+00:00,QQ_diff_launch,62251,63165,13,8.135189420701913,8.420085338849256,9.526794764572621,88.67650756577488,operational,operational,2024-232Q,2025-046G,False
2026-02-27 00:00:00+00:00,QQ_diff_launch,61569,62785,1,9.830368751029745,9.830368751029745,2.825929040032968,88.94455355675927,stranded,operational,2024-185T,2025-016A,False
2026-02-27 00:00:00+00:00,QQ_diff_launch,61569,66047,1,18.983041543085054,18.983041543085054,2.4204825418919116,88.96217653314818,stranded,operational,2024-185T,2025-233Q,False
2026-02-27 00:00:00+00:00,QQ_diff_launch,62244,63176,13,7.136762980385102,7.204137124073311,9.537457576601469,88.65235612410979,operational,operational,2024-232H,2025-046T,False
2026-02-27 00:00:00+00:00,QQ_diff_launch,62251,63165,14,6.20963851769046,6.467240007009874,9.526518712934621,88.66907067270242,operational,operational,2024-232Q,2025-046G,True
2026-02-27 00:00:00+00:00,QQ_same_launch,61557,61568,1,17.260612782472535,17.260612782472535,0.04390446801857829,86.25604822709111,stranded,stranded,2024-185F,2024-185S,False
2026-02-27 00:00:00+00:00,QQ_same_launch,61563,61565,3,5.549360982386727,11.557679005796786,0.021767459081810884,75.16906579296976,operational,operational,2024-185M,2024-185P,False
2026-03-02 00:00:00+00:00,QQ_diff_launch,61563,62799,1,9.070661832552776,9.070661832552776,2.794559278228827,88.95540343348095,operational,operational,2024-185M,2025-016Q,False
2026-03-02 00:00:00+00:00,QQ_diff_launch,61565,62238,9,0.40993011518911976,7.942346374373736,4.944561446830523,88.92841236107922,operational,operational,2024-185P,2024-232B,False
2026-03-02 00:00:00+00:00,QQ_diff_launch,61565,63171,16,7.29645134438298,11.532881540161505,12.733556150415769,87.93415026006926,operational,operational,2024-185P,2025-046N,True
2026-03-02 00:00:00+00:00,QQ_diff_launch,61569,66045,1,17.54422257590094,17.54422257590094,2.378762432843589,88.96805084458015,stranded,operational,2024-185T,2025-233N,False
2026-03-02 00:00:00+00:00,QQ_diff_launch,62244,63176,14,7.189942833845117,7.35569550627289,9.537532516120393,88.6461998053706,operational,operational,2024-232H,2025-046T,True
2026-03-02 00:00:00+00:00,QQ_diff_launch,62251,63165,13,5.577176347757497,5.63180092156996,9.526517571357786,88.65855276537688,operational,operational,2024-232Q,2025-046G,False
2026-03-05 00:00:00+00:00,QQ_diff_launch,60383,61569,1,13.073777085065803,13.073777085065803,13.805524908024783,86.76622596215408,operational,stranded,2024-140E,2024-185T,False
2026-03-05 00:00:00+00:00,QQ_diff_launch,61560,62240,1,9.154878316251098,9.154878316251098,5.007518122479874,88.91871167561291,stranded,stranded,2024-185J,2024-232D,False
2026-03-05 00:00:00+00:00,QQ_diff_launch,61562,66039,14,2.4735053919626813,10.908827749300935,2.419379555179306,88.96045061941876,operational,operational,2024-185L,2025-233G,True
2026-03-05 00:00:00+00:00,QQ_diff_launch,61563,62252,1,15.821288910933688,15.821288910933688,4.933745594289639,88.94155563534366,operational,operational,2024-185M,2024-232R,False
2026-03-05 00:00:00+00:00,QQ_diff_launch,61564,63171,1,19.79448682107132,19.79448682107132,12.698839296704516,87.83184435076457,stranded,operational,2024-185N,2025-046N,False
2026-03-05 00:00:00+00:00,QQ_diff_launch,61568,62243,2,12.473605056821892,13.066318430187586,4.9984705483711,88.91982439810478,stranded,stranded,2024-185S,2024-232G,False
2026-03-05 00:00:00+00:00,QQ_diff_launch,62244,63176,13,9.075580111087556,9.548695869253748,9.537874598473895,88.63567813396546,operational,operational,2024-232H,2025-046T,False
2026-03-05 00:00:00+00:00,QQ_diff_launch,62251,63165,14,7.331553673403259,7.94373026947447,9.526792145237527,88.643868125095,operational,operational,2024-232Q,2025-046G,True
2026-03-05 00:00:00+00:00,QQ_same_launch,61552,61556,2,14.271879098415743,16.088077729431244,0.03293339046066014,80.49837121674597,stranded,stranded,2024-185A,2024-185E,False
2026-03-08 00:00:00+00:00,QQ_diff_launch,60384,61563,6,7.180196525571106,14.218012127703348,13.813407190131809,86.86417324049589,operational,operational,2024-140F,2024-185M,False
2026-03-08 00:00:00+00:00,QQ_diff_launch,61562,66039,9,7.878525567031075,13.371400414012799,2.425000689808326,88.96993545876892,operational,operational,2024-185L,2025-233G,False
2026-03-08 00:00:00+00:00,QQ_diff_launch,61565,62799,1,19.072358683005262,19.072358683005262,2.7853901187210997,88.93714960143505,operational,operational,2024-185P,2025-016Q,False
2026-03-08 00:00:00+00:00,QQ_diff_launch,61569,62245,1,7.160396833456469,7.160396833456469,4.959819879633247,88.9206686169716,stranded,operational,2024-185T,2024-232J,False
2026-03-08 00:00:00+00:00,QQ_diff_launch,61569,62789,1,9.996056413504931,9.996056413504931,2.8135360918186927,88.95423635706474,stranded,operational,2024-185T,2025-016E,False
2026-03-08 00:00:00+00:00,QQ_diff_launch,61569,63168,1,7.969956619037256,7.969956619037256,12.722871967736676,87.94445655610237,stranded,operational,2024-185T,2025-046K,False
2026-03-08 00:00:00+00:00,QQ_diff_launch,61569,66040,1,17.509862546482665,17.509862546482665,2.4096623807343502,88.96193017980693,stranded,operational,2024-185T,2025-233H,False
2026-03-08 00:00:00+00:00,QQ_diff_launch,62244,63176,14,13.063617973171059,13.82769204727452,9.538480405323995,88.62006248887634,operational,operational,2024-232H,2025-046T,True
2026-03-08 00:00:00+00:00,QQ_diff_launch,62251,63165,13,12.25988910075089,13.119243413318896,9.527359515542875,88.62416776372925,operational,operational,2024-232Q,2025-046G,False
2026-03-08 00:00:00+00:00,QQ_diff_launch,63170,66048,17,10.281921522562596,12.592348634303494,11.378800811340131,88.34887373937515,operational,operational,2025-046M,2025-233R,True
2026-03-08 00:00:00+00:00,QQ_same_launch,61553,61558,1,14.475610943684753,14.475610943684753,0.009248744001338615,27.524459424994138,stranded,stranded,2024-185B,2024-185G,False
2026-03-11 00:00:00+00:00,QQ_diff_launch,60395,61569,1,6.463182660051704,6.463182660051704,13.799230435232857,86.92132604186305,operational,stranded,2024-140S,2024-185T,False
2026-03-11 00:00:00+00:00,QQ_diff_launch,61563,62249,2,19.1155798665209,19.22837444066316,4.932320767146052,88.92425705361228,operational,operational,2024-185M,2024-232N,False
2026-03-11 00:00:00+00:00,QQ_diff_launch,61563,63172,5,6.845222524625177,16.690196253045695,12.73824435391697,87.91511078781757,operational,operational,2024-185M,2025-046P,False
2026-03-11 00:00:00+00:00,QQ_diff_launch,61569,63166,1,9.908882652232647,9.908882652232647,12.728924182793971,87.85635634958801,stranded,operational,2024-185T,2025-046H,False
2026-03-11 00:00:00+00:00,QQ_diff_launch,62244,63176,11,18.48582472028772,19.195440691281526,9.539357221565327,88.60121924294076,operational,operational,2024-232H,2025-046T,False
2026-03-11 00:00:00+00:00,QQ_diff_launch,62251,63165,9,18.58907180240505,19.263101977788907,9.52820744936461,88.60215204876889,operational,operational,2024-232Q,2025-046G,False
2026-03-14 00:00:00+00:00,QQ_diff_launch,61569,62802,1,6.12001179683129,6.12001179683129,2.812295357536029,88.94738451436663,stranded,operational,2024-185T,2025-016T,False
2026-03-14 00:00:00+00:00,QQ_diff_launch,62252,63170,8,1.2628532261194134,9.046003317015543,9.534263856820868,88.66407438819755,operational,operational,2024-232R,2025-046M,False
2026-03-17 00:00:00+00:00,QQ_diff_launch,60386,61564,1,11.423359925742526,11.423359925742526,13.792662298310525,86.98342235753147,operational,stranded,2024-140H,2024-185N,False
2026-03-17 00:00:00+00:00,QQ_diff_launch,61563,62254,1,12.749229874064957,12.749229874064957,4.931257568176883,88.9329416278791,operational,operational,2024-185M,2024-232T,False
2026-03-17 00:00:00+00:00,QQ_diff_launch,61564,62254,1,15.499145480912588,15.499145480912588,4.8856313049154485,88.93963443832828,stranded,operational,2024-185N,2024-232T,False
2026-03-20 00:00:00+00:00,QQ_diff_launch,60379,61564,1,12.888278009783479,12.888278009783479,13.791898602496193,87.01094526992041,operational,stranded,2024-140A,2024-185N,False
2026-03-20 00:00:00+00:00,QQ_diff_launch,60385,61554,1,19.164903956212918,19.164903956212918,14.089029493523311,86.55758106392472,drift,stranded,2024-140G,2024-185C,False
2026-03-20 00:00:00+00:00,QQ_diff_launch,61564,62250,1,15.000219290704466,15.000219290704466,4.881749638246013,88.9136222186446,stranded,operational,2024-185N,2024-232P,False
2026-03-20 00:00:00+00:00,QQ_diff_launch,61564,63174,1,17.60754250806662,17.60754250806662,12.696026208908897,87.87415465233578,stranded,operational,2024-185N,2025-046R,False
2026-03-20 00:00:00+00:00,QQ_diff_launch,61565,66048,10,3.6197480901973966,10.709549991212398,2.3865765028329555,88.97171143311243,operational,operational,2024-185P,2025-233R,False
2026-03-23 00:00:00+00:00,QQ_diff_launch,60379,61569,1,11.218916630851814,11.218916630851814,13.807748547886197,86.74190772732929,operational,stranded,2024-140A,2024-185T,False
2026-03-23 00:00:00+00:00,QQ_diff_launch,60393,61564,1,13.383456117463085,13.383456117463085,13.789229201051594,86.98230449848404,operational,stranded,2024-140Q,2024-185N,False
2026-03-23 00:00:00+00:00,QQ_diff_launch,61563,62246,1,12.533648990188423,12.533648990188423,4.928599455021998,88.92980827679375,operational,operational,2024-185M,2024-232K,False
2026-03-23 00:00:00+00:00,QQ_same_launch,61560,61561,1,2.5000916026566613,2.5000916026566613,0.001097353524261813,29.77227054164287,stranded,stranded,2024-185J,2024-185K,False
2026-03-26 00:00:00+00:00,QQ_diff_launch,61565,62252,3,16.63438279692532,17.39574201877195,4.937364273739826,88.92308154844919,operational,operational,2024-185P,2024-232R,False
2026-03-26 00:00:00+00:00,QQ_diff_launch,61569,63176,1,19.65661172338199,19.65661172338199,12.706949969651632,87.80837467942101,stranded,operational,2024-185T,2025-046T,False
2026-03-26 00:00:00+00:00,QQ_diff_launch,63167,66050,13,0.5509079742808719,4.700848954880763,11.404370868330295,88.35670749982305,operational,operational,2025-046J,2025-233T,False
2026-03-29 00:00:00+00:00,QQ_diff_launch,60380,61564,1,19.157111115978,19.157111115978,13.794820727755567,87.04758075224704,operational,stranded,2024-140B,2024-185N,False
2026-03-29 00:00:00+00:00,QQ_diff_launch,60390,61569,1,3.1547105220614537,3.1547105220614537,13.803474689742487,86.8481101079383,operational,stranded,2024-140M,2024-185T,False
2026-03-29 00:00:00+00:00,QQ_diff_launch,61568,66043,2,8.294381758827756,12.675889642335889,1.8941080518134337,88.97612869363348,stranded,drift,2024-185S,2025-233L,False
2026-03-29 00:00:00+00:00,QQ_diff_launch,63167,66050,13,1.1974254424092654,3.1625910991624986,11.376458483786049,88.39230090656365,operational,operational,2025-046J,2025-233T,False
2026-04-01 00:00:00+00:00,QQ_diff_launch,60394,61569,1,4.14161436239628,4.14161436239628,13.80045214478563,86.91730233279915,operational,stranded,2024-140R,2024-185T,False
2026-04-01 00:00:00+00:00,QQ_diff_launch,61565,62785,6,2.420029022189626,11.37802795595039,2.8151824504023644,88.95225864769017,operational,operational,2024-185P,2025-016A,False
2026-04-01 00:00:00+00:00,QQ_diff_launch,61568,62240,1,16.463242317087115,16.463242317087115,5.001771456213452,88.90947117552027,stranded,stranded,2024-185S,2024-232D,False
2026-04-01 00:00:00+00:00,QQ_same_launch,61557,61561,1,14.384505711590966,14.384505711590966,0.03509309714885157,84.03580202518111,stranded,stranded,2024-185F,2024-185K,False
2026-04-01 00:00:00+00:00,QQ_same_launch,61558,61567,1,13.794010902319,13.794010902319,0.02959020716952166,88.39277834465693,stranded,stranded,2024-185G,2024-185R,False
2026-04-04 00:00:00+00:00,QQ_diff_launch,60384,61565,16,13.735069630962307,15.656602631594346,13.83893942343386,86.81138565421543,operational,operational,2024-140F,2024-185P,True
2026-04-04 00:00:00+00:00,QQ_diff_launch,60385,62243,2,10.687104746325419,13.715040921374047,11.731603047022631,88.36990963110108,drift,stranded,2024-140G,2024-232G,False
2026-04-04 00:00:00+00:00,QQ_diff_launch,60389,61569,1,5.159344951058765,5.159344951058765,13.806076521160033,86.88542606104089,operational,stranded,2024-140L,2024-185T,False
2026-04-04 00:00:00+00:00,QQ_diff_launch,61563,62788,1,10.677786423164957,10.677786423164957,2.808451784966759,88.9409903903945,operational,operational,2024-185M,2025-016D,False
2026-04-04 00:00:00+00:00,QQ_diff_launch,61569,62802,1,18.656865013738063,18.656865013738063,2.81165141695007,88.93983300965985,stranded,operational,2024-185T,2025-016T,False
2026-04-04 00:00:00+00:00,QQ_diff_launch,62240,66043,2,8.805924943484433,11.074392436457785,3.16812491097902,88.98770453424109,stranded,drift,2024-232D,2025-233L,False
2026-04-04 00:00:00+00:00,QQ_diff_launch,62243,66043,1,19.820239191410717,19.820239191410717,3.166942699384795,88.9960911933408,stranded,drift,2024-232G,2025-233L,False
2026-04-07 00:00:00+00:00,QQ_diff_launch,60393,61564,1,15.669389439173742,15.669389439173742,13.786607349422383,86.93965755757635,operational,stranded,2024-140Q,2024-185N,False
2026-04-07 00:00:00+00:00,QQ_diff_launch,61563,66034,3,14.45964767341517,15.26406673650244,2.363483370047505,88.96501920578997,operational,operational,2024-185M,2025-233B,False
2026-04-07 00:00:00+00:00,QQ_diff_launch,61569,62251,1,9.194780381196772,9.194780381196772,4.922084704767489,88.91928446837417,stranded,operational,2024-185T,2024-232Q,False
2026-04-07 00:00:00+00:00,QQ_diff_launch,61569,62786,1,16.552741672250693,16.552741672250693,2.79335171306663,88.9522973286599,stranded,operational,2024-185T,2025-016B,False
2026-04-07 00:00:00+00:00,QQ_diff_launch,62238,63171,14,5.996873276247149,8.259268572648757,9.57760750279703,88.63865145944115,operational,operational,2024-232B,2025-046N,True
2026-04-07 00:00:00+00:00,QQ_same_launch,61554,61568,1,15.275060903662624,15.275060903662624,0.01811543435300574,83.64609484635875,stranded,stranded,2024-185C,2024-185S,False
2026-04-10 00:00:00+00:00,QQ_diff_launch,61563,62802,2,5.176896895530937,8.14191101205629,2.812087715703865,88.94606386950886,operational,operational,2024-185M,2025-016T,False
2026-04-10 00:00:00+00:00,QQ_diff_launch,62238,63171,27,9.63022251087278,12.876770477649094,9.54855075692318,88.63214586758382,operational,operational,2024-232B,2025-046N,True
2026-04-13 00:00:00+00:00,QQ_diff_launch,61554,68650,1,18.730951615616,18.730951615616,10.947875396090527,88.43865833139573,stranded,ascent,2024-185C,2026-075Q,False
2026-04-13 00:00:00+00:00,QQ_diff_launch,61563,66037,2,8.165534591389866,8.903359502471538,2.4233589281994092,88.96921396518735,operational,operational,2024-185M,2025-233E,False
2026-04-13 00:00:00+00:00,QQ_diff_launch,61565,66047,6,6.276540797132463,10.033495852104231,2.411395088581828,88.9726616629128,operational,operational,2024-185P,2025-233Q,False
2026-04-13 00:00:00+00:00,QQ_diff_launch,61569,63171,1,13.864570655031827,13.864570655031827,12.755512782617856,87.8996234250479,stranded,operational,2024-185T,2025-046N,False
2026-04-13 00:00:00+00:00,QQ_diff_launch,62238,63171,13,8.841755562871038,11.886909289566873,9.549025787491821,88.69693721531549,operational,operational,2024-232B,2025-046N,False
2026-04-13 00:00:00+00:00,QQ_diff_launch,62241,63159,27,14.80873039435477,16.979646706811113,9.524161268103095,88.63641523560682,operational,operational,2024-232E,2025-046A,True
2026-04-13 00:00:00+00:00,QQ_diff_launch,62244,63176,13,15.46603918679044,16.86318528388504,9.537963394747063,88.62646278035801,operational,operational,2024-232H,2025-046T,False
2026-04-13 00:00:00+00:00,QQ_diff_launch,62247,63160,14,14.584346165713946,15.63506293292237,9.554794158856234,88.61245671565274,operational,operational,2024-232L,2025-046B,True
2026-04-16 00:00:00+00:00,QQ_diff_launch,60381,61563,5,2.8095044993038667,11.038381051261684,13.789541757564894,86.86637596671802,operational,operational,2024-140C,2024-185M,False
2026-04-16 00:00:00+00:00,QQ_diff_launch,60387,61569,1,11.656025398917267,11.656025398917267,13.796843607214672,86.92950458680284,operational,stranded,2024-140J,2024-185T,False
2026-04-16 00:00:00+00:00,QQ_diff_launch,61554,68638,2,4.712664793756981,7.674261559250336,10.932378805978328,88.51866339843035,stranded,drift,2024-185C,2026-075C,False
2026-04-16 00:00:00+00:00,QQ_diff_launch,61561,68644,1,18.355257575558273,18.355257575558273,10.95105162571603,88.57758597265767,stranded,ascent,2024-185K,2026-075J,False
2026-04-16 00:00:00+00:00,QQ_diff_launch,61561,68646,2,11.111107810522808,13.383419895684902,10.942521342346453,88.55181505378503,stranded,ascent,2024-185K,2026-075L,False
2026-04-16 00:00:00+00:00,QQ_diff_launch,61561,68647,2,14.277277319872672,16.54671262369343,10.942510154693139,88.56714133852716,stranded,drift,2024-185K,2026-075M,False
2026-04-16 00:00:00+00:00,QQ_diff_launch,61561,68648,2,16.496845819108128,17.77705356175923,10.94199036750734,88.57354730455964,stranded,drift,2024-185K,2026-075N,False
2026-04-16 00:00:00+00:00,QQ_diff_launch,61563,62795,3,12.566035382407307,19.109301789852964,2.8029153029902703,88.94128444415063,operational,operational,2024-185M,2025-016L,False
2026-04-16 00:00:00+00:00,QQ_diff_launch,61564,63170,1,18.357465903679426,18.357465903679426,12.72395255046371,87.94773369912103,stranded,operational,2024-185N,2025-046M,False
2026-04-16 00:00:00+00:00,QQ_diff_launch,61569,66044,1,17.90238343594445,17.90238343594445,2.3725025680420924,88.97470492995464,stranded,operational,2024-185T,2025-233M,False
2026-04-16 00:00:00+00:00,QQ_diff_launch,62241,63159,16,14.277447046779944,15.716436553542506,9.527351779915822,88.69937152519626,operational,operational,2024-232E,2025-046A,True
2026-04-16 00:00:00+00:00,QQ_diff_launch,62244,63176,27,11.936190307486575,12.688268282313313,9.537607894111794,88.66699017422545,operational,operational,2024-232H,2025-046T,True
2026-04-16 00:00:00+00:00,QQ_diff_launch,62247,63160,13,8.288219188529851,9.234391138556562,9.55507717402139,88.6342803311554,operational,operational,2024-232L,2025-046B,False
2026-04-16 00:00:00+00:00,QQ_diff_launch,62249,63172,13,10.982876612280808,11.958988641645059,9.557528751250233,88.64575082930169,operational,operational,2024-232N,2025-046P,False
2026-04-16 00:00:00+00:00,QQ_diff_launch,62251,63165,13,15.127791444761446,16.555557009561674,9.52721147225325,88.62829343913,operational,operational,2024-232Q,2025-046G,False
2026-04-16 00:00:00+00:00,QQ_same_launch,61557,61568,1,16.55407713698017,16.55407713698017,0.0485352727095639,84.57428398825807,stranded,stranded,2024-185F,2024-185S,False
2026-04-16 00:00:00+00:00,QQ_same_launch,68641,68643,1,8.89279614971869,8.89279614971869,0.004510826378796129,1.2924144848402903,ascent,ascent,2026-075F,2026-075H,False
2026-04-16 00:00:00+00:00,QQ_same_launch,68642,68643,1,7.34557254156981,7.34557254156981,0.00413223395226479,83.34105735574641,ascent,ascent,2026-075G,2026-075H,False
2026-04-16 00:00:00+00:00,QQ_same_launch,68644,68645,1,4.25221120238676,4.25221120238676,0.0021532864524639182,4.018776853862611,ascent,ascent,2026-075J,2026-075K,False
2026-04-16 00:00:00+00:00,QQ_same_launch,68645,68646,1,4.541375486838542,4.541375486838542,0.00241160033129901,79.09686535753706,ascent,ascent,2026-075K,2026-075L,False
2026-04-16 00:00:00+00:00,QQ_same_launch,68645,68647,1,4.248729821889378,4.248729821889378,0.002127289761501868,14.369777020380338,ascent,drift,2026-075K,2026-075M,False
2026-04-16 00:00:00+00:00,QQ_same_launch,68645,68648,1,9.118556189814905,9.118556189814905,0.009079197569096583,58.05316508583649,ascent,drift,2026-075K,2026-075N,False
2026-04-19 00:00:00+00:00,QQ_diff_launch,60385,61557,2,13.020952522782617,14.01107708143126,14.135696152393663,86.66022752826916,drift,stranded,2024-140G,2024-185F,False
2026-04-19 00:00:00+00:00,QQ_diff_launch,60393,61569,1,16.70815806732724,16.70815806732724,13.798305563108617,86.98021397828106,operational,stranded,2024-140Q,2024-185T,False
2026-04-19 00:00:00+00:00,QQ_diff_launch,60395,61562,13,11.048202684219635,14.17592238974838,13.836030063150718,86.72721816380928,operational,operational,2024-140S,2024-185L,False
2026-04-19 00:00:00+00:00,QQ_diff_launch,61563,66035,3,12.733419361006531,13.528353585571658,2.356138279216879,88.97764009477439,operational,operational,2024-185M,2025-233C,False
2026-04-19 00:00:00+00:00,QQ_diff_launch,61565,63172,15,0.920860027636388,8.880553308530061,12.712856002902088,87.94563984070625,operational,operational,2024-185P,2025-046P,True
2026-04-19 00:00:00+00:00,QQ_diff_launch,61569,63173,1,16.940862208425404,16.940862208425404,12.757125004034688,87.99440662196602,stranded,operational,2024-185T,2025-046Q,False
2026-04-19 00:00:00+00:00,QQ_diff_launch,62239,63162,14,13.04779757115755,14.48851067843723,9.524160538042663,88.63114139541689,operational,operational,2024-232C,2025-046D,True
2026-04-19 00:00:00+00:00,QQ_diff_launch,62242,63164,7,17.88705946469884,18.803582797982557,9.531575651962841,88.61015664151371,operational,operational,2024-232F,2025-046F,False
2026-04-19 00:00:00+00:00,QQ_diff_launch,62244,63176,27,13.198063728757074,17.120601295247287,9.569507148988457,88.61919936123053,operational,operational,2024-232H,2025-046T,True
2026-04-19 00:00:00+00:00,QQ_diff_launch,62247,63160,14,2.257941182729764,3.1647842445310532,9.555313164305339,88.6548333460228,operational,operational,2024-232L,2025-046B,True
2026-04-19 00:00:00+00:00,QQ_diff_launch,62249,63172,27,13.287683263755564,15.393145028040072,9.5571546439161,88.69303642506658,operational,operational,2024-232N,2025-046P,True
2026-04-19 00:00:00+00:00,QQ_diff_launch,62251,63165,21,11.549516136081083,12.08756634087044,9.526802815380577,88.67258147678474,operational,operational,2024-232Q,2025-046G,True
2026-04-19 00:00:00+00:00,QQ_diff_launch,62255,63173,27,8.796499622378443,10.369696769607323,9.543932744580912,88.64721378307422,operational,operational,2024-232U,2025-046Q,True
2026-04-22 00:00:00+00:00,QQ_diff_launch,60394,61569,1,15.929695224056532,15.929695224056532,13.79516221414036,86.98675465729885,operational,stranded,2024-140R,2024-185T,False
2026-04-22 00:00:00+00:00,QQ_diff_launch,60395,61562,27,6.4995900968202,12.243628954941872,13.836700262694919,86.96308014355722,operational,operational,2024-140S,2024-185L,True
2026-04-22 00:00:00+00:00,QQ_diff_launch,60395,61563,8,2.6160488224898306,11.671927764423039,13.797724762558303,86.90373010988523,operational,operational,2024-140S,2024-185M,False
2026-04-22 00:00:00+00:00,QQ_diff_launch,61560,68649,1,11.103926714503508,11.103926714503508,10.948002889502307,88.49460454044983,stranded,drift,2024-185J,2026-075P,False
2026-04-22 00:00:00+00:00,QQ_diff_launch,61563,62794,2,12.589240971869122,16.14364527609784,2.8027769044147064,88.96456633806531,operational,operational,2024-185M,2025-016K,False
2026-04-22 00:00:00+00:00,QQ_diff_launch,61569,66042,1,18.96498751547971,18.96498751547971,2.3690004327582566,88.96842693026527,stranded,operational,2024-185T,2025-233K,False
2026-04-22 00:00:00+00:00,QQ_diff_launch,62239,63162,13,9.373045284743876,9.425281986958225,9.523974563241879,88.67128157215876,operational,operational,2024-232C,2025-046D,False
2026-04-22 00:00:00+00:00,QQ_diff_launch,62242,63164,14,9.254482250743047,9.809437520013141,9.531360273010929,88.65516474632868,operational,operational,2024-232F,2025-046F,True
2026-04-22 00:00:00+00:00,QQ_diff_launch,62243,68645,1,19.6903870033653,19.6903870033653,6.932975021311264,88.83207082524206,stranded,drift,2024-232G,2026-075K,False
2026-04-22 00:00:00+00:00,QQ_diff_launch,62244,63176,20,12.84897199284054,12.938631706567726,9.537040969843897,88.69353341300913,operational,operational,2024-232H,2025-046T,True
2026-04-22 00:00:00+00:00,QQ_diff_launch,62247,63160,13,2.6173032463556094,3.483275299476874,9.555555543652947,88.67501216239825,operational,operational,2024-232L,2025-046B,False
2026-04-22 00:00:00+00:00,QQ_diff_launch,62249,63172,14,8.295394994223274,8.381664393159415,9.58851245292657,88.66577062269468,operational,operational,2024-232N,2025-046P,True
2026-04-22 00:00:00+00:00,QQ_diff_launch,62251,63165,20,11.20266630945891,12.664380540933251,9.562728056492762,88.64569424650892,operational,operational,2024-232Q,2025-046G,True
2026-04-22 00:00:00+00:00,QQ_diff_launch,62255,63173,22,12.164338795180447,16.73460874477673,9.513698865331612,88.71315306727402,operational,operational,2024-232U,2025-046Q,True
2026-04-22 00:00:00+00:00,QQ_same_launch,61562,61563,2,10.837863054380906,11.162680728813378,0.0549903606436754,88.55014995413008,operational,operational,2024-185L,2024-185M,False
2026-04-22 00:00:00+00:00,QQ_same_launch,68642,68643,1,18.50700065600816,18.50700065600816,0.007919815739845057,49.988344613417944,drift,drift,2026-075G,2026-075H,False
2026-04-25 00:00:00+00:00,QQ_diff_launch,60381,61569,1,17.595077004095124,17.595077004095124,13.838246385540948,86.9104037596812,operational,stranded,2024-140C,2024-185T,False
2026-04-25 00:00:00+00:00,QQ_diff_launch,60395,61562,12,12.934037776737217,16.16164819193032,13.797116431549,87.03473049012257,operational,operational,2024-140S,2024-185L,False
2026-04-25 00:00:00+00:00,QQ_diff_launch,61554,68643,2,3.7965958547108727,11.65840372021871,10.930520876673489,88.48338226477108,stranded,drift,2024-185C,2026-075H,False
2026-04-25 00:00:00+00:00,QQ_diff_launch,61563,62247,1,4.782949836869161,4.782949836869161,4.897262167915918,88.93734561334162,operational,operational,2024-185M,2024-232L,False
2026-04-25 00:00:00+00:00,QQ_diff_launch,61564,62795,1,18.754993530502563,18.754993530502563,2.856862255753956,88.95153338695837,stranded,operational,2024-185N,2025-016L,False
2026-04-25 00:00:00+00:00,QQ_diff_launch,61565,62790,2,14.667983043504329,17.06914839944627,2.782019155368494,88.9646722586047,operational,operational,2024-185P,2025-016F,False
2026-04-25 00:00:00+00:00,QQ_diff_launch,61569,62253,1,16.379446857805487,16.379446857805487,4.942491944919886,88.93719097798188,stranded,operational,2024-185T,2024-232S,False
2026-04-25 00:00:00+00:00,QQ_diff_launch,62239,63162,14,7.8659133013646025,8.030316272159265,9.52396441661556,88.66358858699469,operational,operational,2024-232C,2025-046D,True
2026-04-25 00:00:00+00:00,QQ_diff_launch,62242,63164,13,8.210912456901688,8.391185735119103,9.531323500181012,88.66920892188978,operational,operational,2024-232F,2025-046F,False
2026-04-25 00:00:00+00:00,QQ_diff_launch,62243,68646,2,8.516488582924502,8.923906225688484,6.923360596264545,88.8556736293013,stranded,drift,2024-232G,2026-075L,False
2026-04-25 00:00:00+00:00,QQ_diff_launch,62243,68647,1,9.722242974544153,9.722242974544153,6.91201925414463,88.871866780176,stranded,drift,2024-232G,2026-075M,False
2026-04-25 00:00:00+00:00,QQ_diff_launch,62244,63176,13,12.568018043363,12.620725755025802,9.53702080957657,88.69677882023106,operational,operational,2024-232H,2025-046T,False
2026-04-25 00:00:00+00:00,QQ_diff_launch,62245,63168,13,11.757142422644849,13.10659867220366,9.528026066987474,88.6276624811015,operational,operational,2024-232J,2025-046K,False
2026-04-25 00:00:00+00:00,QQ_diff_launch,62247,63160,14,8.804629354997724,9.810432993495949,9.555806017401514,88.69578407168342,operational,operational,2024-232L,2025-046B,True
2026-04-25 00:00:00+00:00,QQ_diff_launch,62249,63172,14,14.984099499042797,17.06683706572466,9.591351881977054,88.71527472583897,operational,operational,2024-232N,2025-046P,True
2026-04-25 00:00:00+00:00,QQ_diff_launch,62250,63174,13,15.246565707274605,16.929878920914042,9.550574807450655,88.60868328345651,operational,operational,2024-232P,2025-046R,False
2026-04-25 00:00:00+00:00,QQ_diff_launch,62251,63165,13,10.117697868480912,10.126269928727691,9.565627387976352,88.64938757484042,operational,operational,2024-232Q,2025-046G,False
2026-04-25 00:00:00+00:00,QQ_same_launch,61564,61569,1,13.751443675209547,13.751443675209547,0.05959042446636491,87.62041025030103,stranded,stranded,2024-185N,2024-185T,False
2026-04-25 00:00:00+00:00,QQ_same_launch,68641,68650,5,1.3379867876311495,5.8367699629259455,0.00628716915515904,29.164216274100557,drift,drift,2026-075F,2026-075Q,False
2026-04-25 00:00:00+00:00,QQ_same_launch,68646,68647,1,1.8336060660918831,1.8336060660918831,0.0009275939346128549,61.313761272003774,drift,drift,2026-075L,2026-075M,False
2026-04-25 00:00:00+00:00,QQ_same_launch,68649,68651,1,1.0141104862421375,1.0141104862421375,0.000732948606744966,9.657882518896306,drift,drift,2026-075P,2026-075R,False
2026-04-28 00:00:00+00:00,QQ_diff_launch,60382,61565,22,0.7735740928904637,8.603953767421107,13.843529807141763,86.84076892242871,operational,operational,2024-140D,2024-185P,True
2026-04-28 00:00:00+00:00,QQ_diff_launch,60394,61563,8,4.203111559191662,11.466537441732326,13.800627644293638,86.88410319271753,operational,operational,2024-140R,2024-185M,False
2026-04-28 00:00:00+00:00,QQ_diff_launch,61564,63165,1,17.70258634590026,17.70258634590026,12.719005986232476,87.86523193654547,stranded,operational,2024-185N,2025-046G,False
2026-04-28 00:00:00+00:00,QQ_diff_launch,61564,63167,1,18.41570544652015,18.41570544652015,12.733091574884561,88.00510662402695,stranded,operational,2024-185N,2025-046J,False
2026-04-28 00:00:00+00:00,QQ_diff_launch,61568,68648,1,15.005652652908866,15.005652652908866,10.9438955778091,88.48269796588357,stranded,ascent,2024-185S,2026-075N,False
2026-04-28 00:00:00+00:00,QQ_diff_launch,61569,62239,1,19.630415610489187,19.630415610489187,4.924471937630178,88.91408628333164,stranded,operational,2024-185T,2024-232C,False
2026-04-28 00:00:00+00:00,QQ_diff_launch,62239,63162,13,7.5009792810166145,7.524846824153212,9.524136485928002,88.65319682039748,operational,operational,2024-232C,2025-046D,False
2026-04-28 00:00:00+00:00,QQ_diff_launch,62242,63164,14,6.835806653932089,7.044560737429778,9.531501713599607,88.66516268637693,operational,operational,2024-232F,2025-046F,True
2026-04-28 00:00:00+00:00,QQ_diff_launch,62244,63176,14,12.173187388205614,12.23406115528008,9.537180868042052,88.69901729165812,operational,operational,2024-232H,2025-046T,True
2026-04-28 00:00:00+00:00,QQ_diff_launch,62245,63168,14,5.840686579787345,5.945683512866323,9.528227902136537,88.66402793608295,operational,operational,2024-232J,2025-046K,True
2026-04-28 00:00:00+00:00,QQ_diff_launch,62246,63167,16,7.907580632420741,12.98164459038965,9.545964610927982,88.68922740632058,operational,operational,2024-232K,2025-046J,True
2026-04-28 00:00:00+00:00,QQ_diff_launch,62247,63160,13,5.477312602034941,6.150383228811745,9.556085062754173,88.68122603661612,operational,operational,2024-232L,2025-046B,False
2026-04-28 00:00:00+00:00,QQ_diff_launch,62249,63172,13,17.78168803878039,17.99476832625961,9.594004254172892,88.72017498790954,operational,operational,2024-232N,2025-046P,False
2026-04-28 00:00:00+00:00,QQ_diff_launch,62250,63174,14,5.454805482173398,6.451069147822709,9.55063360151765,88.65112340551954,operational,operational,2024-232P,2025-046R,True
2026-04-28 00:00:00+00:00,QQ_diff_launch,62251,63165,14,10.054952800563306,10.055930459178105,9.568151380110281,88.64221311178483,operational,operational,2024-232Q,2025-046G,True
2026-04-28 00:00:00+00:00,QQ_diff_launch,62253,63175,13,9.945016568293983,11.61187038875627,9.517090115649744,88.6375471565902,operational,operational,2024-232S,2025-046S,False
2026-05-01 00:00:00+00:00,QQ_diff_launch,61552,68650,1,11.361737587498943,11.361737587498943,11.040737687038208,88.53068008986604,stranded,ascent,2024-185A,2026-075Q,False
2026-05-01 00:00:00+00:00,QQ_diff_launch,61558,68646,1,19.676096096192026,19.676096096192026,11.03795118662086,88.39615003206444,stranded,ascent,2024-185G,2026-075L,False
2026-05-01 00:00:00+00:00,QQ_diff_launch,61562,62794,27,9.688116809318158,11.923144184827608,2.747099495406085,88.95521742105548,operational,operational,2024-185L,2025-016K,True
2026-05-01 00:00:00+00:00,QQ_diff_launch,61563,62248,3,6.296391330831957,18.28463197129706,4.918086746725259,88.93980508102324,operational,operational,2024-185M,2024-232M,False
2026-05-01 00:00:00+00:00,QQ_diff_launch,61569,62254,1,14.907921688450486,14.907921688450486,4.926158808698526,88.91959277151533,stranded,operational,2024-185T,2024-232T,False
2026-05-01 00:00:00+00:00,QQ_diff_launch,62239,63162,14,8.658182037470603,9.018887305124629,9.524521209077996,88.63963367870758,operational,operational,2024-232C,2025-046D,True
2026-05-01 00:00:00+00:00,QQ_diff_launch,62242,63164,13,5.72366090707242,5.8467592831779065,9.53189529876247,88.6590124640899,operational,operational,2024-232F,2025-046F,False
2026-05-01 00:00:00+00:00,QQ_diff_launch,62244,63176,13,11.710602673381276,11.758077825739365,9.537539040591025,88.70013531784615,operational,operational,2024-232H,2025-046T,False
2026-05-01 00:00:00+00:00,QQ_diff_launch,62245,63168,13,9.354371397798397,10.086160470359344,9.528654781462135,88.69529139971637,operational,operational,2024-232J,2025-046K,False
2026-05-01 00:00:00+00:00,QQ_diff_launch,62246,63167,9,12.549050658371044,16.18194213715955,9.589941557429848,88.714536929041,operational,operational,2024-232K,2025-046J,False
2026-05-01 00:00:00+00:00,QQ_diff_launch,62247,63160,14,6.95501784315062,7.496686504548016,9.556378944004024,88.68310143559492,operational,operational,2024-232L,2025-046B,True
2026-05-01 00:00:00+00:00,QQ_diff_launch,62249,63172,3,19.798744081690106,19.86785385798303,9.596167340420331,88.72731459154372,operational,operational,2024-232N,2025-046P,False
2026-05-01 00:00:00+00:00,QQ_diff_launch,62250,63174,13,6.005794592795992,6.284957879223815,9.550886472214223,88.67908402710125,operational,operational,2024-232P,2025-046R,False
2026-05-01 00:00:00+00:00,QQ_diff_launch,62251,63165,13,9.996607167139947,10.025358206742599,9.570465348669146,88.63690166892577,operational,operational,2024-232Q,2025-046G,False
2026-05-01 00:00:00+00:00,QQ_diff_launch,62253,63175,14,8.04102911432177,9.434823466339315,9.517449800865883,88.68871287619804,operational,operational,2024-232S,2025-046S,True
2026-05-01 00:00:00+00:00,QQ_same_launch,68647,68648,1,6.1174356519767725,6.1174356519767725,0.0040168525324581475,83.4840350720103,ascent,ascent,2026-075M,2026-075N,False
2026-05-04 00:00:00+00:00,QQ_diff_launch,60383,61564,1,19.811354488250885,19.811354488250885,13.821871864319377,86.83978616765677,operational,stranded,2024-140E,2024-185N,False
2026-05-04 00:00:00+00:00,QQ_diff_launch,60392,61563,5,4.403371247548656,13.935670631262031,13.82639963524469,86.84003792895892,operational,operational,2024-140P,2024-185M,False
2026-05-04 00:00:00+00:00,QQ_diff_launch,61553,68653,1,18.884582737643665,18.884582737643665,11.071885678099934,88.49024490211056,stranded,ascent,2024-185B,2026-075T,False
2026-05-04 00:00:00+00:00,QQ_diff_launch,61567,68644,1,9.009262076552261,9.009262076552261,11.042787871494761,88.50376781885606,stranded,ascent,2024-185R,2026-075J,False
2026-05-04 00:00:00+00:00,QQ_diff_launch,61569,62799,1,12.990318623842088,12.990318623842088,2.7871239155690577,88.94395543348257,stranded,operational,2024-185T,2025-016Q,False
2026-05-04 00:00:00+00:00,QQ_diff_launch,62239,63162,13,11.717360745771993,12.272669856515659,9.525119148956177,88.6241048513971,operational,operational,2024-232C,2025-046D,False
2026-05-04 00:00:00+00:00,QQ_diff_launch,62242,63164,14,5.390555501699188,5.41205722116416,9.532528783003487,88.65186275063262,operational,operational,2024-232F,2025-046F,True
2026-05-04 00:00:00+00:00,QQ_diff_launch,62244,63176,14,11.465519243360273,11.482097417142715,9.538107833363323,88.70102669209959,operational,operational,2024-232H,2025-046T,True
2026-05-04 00:00:00+00:00,QQ_diff_launch,62245,63168,14,4.797840092756663,5.335785395756842,9.529260870370099,88.67975613058269,operational,operational,2024-232J,2025-046K,True
2026-05-04 00:00:00+00:00,QQ_diff_launch,62247,63160,27,10.366556466336952,18.111098872594727,9.586857005587206,88.602465294513,operational,operational,2024-232L,2025-046B,True
2026-05-04 00:00:00+00:00,QQ_diff_launch,62250,63174,14,4.060339379679219,4.320043641986125,9.551330419635612,88.6739833146734,operational,operational,2024-232P,2025-046R,True
2026-05-04 00:00:00+00:00,QQ_diff_launch,62251,63165,14,9.25957649815204,9.416598049948348,9.572542912532935,88.63541319973342,operational,operational,2024-232Q,2025-046G,True
2026-05-04 00:00:00+00:00,QQ_diff_launch,62253,63175,14,13.386003542053254,15.62599228884508,9.565439230961761,88.61294827195337,operational,operational,2024-232S,2025-046S,True
2026-05-04 00:00:00+00:00,QQ_same_launch,68637,68649,1,16.178617420326905,16.178617420326905,0.00690393207236221,85.84836572290452,ascent,ascent,2026-075B,2026-075P,False
2026-05-04 00:00:00+00:00,QQ_same_launch,68637,68651,1,13.673406475571479,13.673406475571479,0.005343451733039274,76.95553245333492,ascent,ascent,2026-075B,2026-075R,False
2026-05-04 00:00:00+00:00,QQ_same_launch,68638,68640,1,12.304696373753742,12.304696373753742,0.007674509747097375,1.0301682224627344,ascent,ascent,2026-075C,2026-075E,False
2026-05-04 00:00:00+00:00,QQ_same_launch,68639,68640,1,14.196754412933371,14.196754412933371,0.009091352296955305,27.937686268145995,ascent,ascent,2026-075D,2026-075E,False
2026-05-04 00:00:00+00:00,QQ_same_launch,68641,68650,1,3.169675395651815,3.169675395651815,0.00034706888008646537,33.940386907627506,ascent,ascent,2026-075F,2026-075Q,False
2026-05-07 00:00:00+00:00,QQ_diff_launch,61563,62245,2,7.3438207821777866,10.379810023355862,4.925925667817426,88.93556421575042,operational,operational,2024-185M,2024-232J,False
2026-05-07 00:00:00+00:00,QQ_diff_launch,61563,63168,4,8.341234786237395,14.760578694457475,12.72108014053656,87.92348061008687,operational,operational,2024-185M,2025-046K,False
2026-05-07 00:00:00+00:00,QQ_diff_launch,61564,62792,1,18.74744928457325,18.74744928457325,2.866640836598793,88.9477804887529,stranded,operational,2024-185N,2025-016H,False
2026-05-07 00:00:00+00:00,QQ_diff_launch,61565,66049,9,1.7705149242752067,9.334692219915523,2.377219123668088,88.97820001830276,operational,operational,2024-185P,2025-233S,False
2026-05-07 00:00:00+00:00,QQ_diff_launch,62239,63162,14,8.51984440073079,9.306811061142486,9.525915240366427,88.63325225146275,operational,operational,2024-232C,2025-046D,True
2026-05-07 00:00:00+00:00,QQ_diff_launch,62244,63176,13,11.579492352960807,11.598180073377087,9.53890961977637,88.70234306434904,operational,operational,2024-232H,2025-046T,False
2026-05-07 00:00:00+00:00,QQ_diff_launch,62245,63168,13,2.132077228155054,2.5308196587914313,9.530103200499443,88.6718909645986,operational,operational,2024-232J,2025-046K,False
2026-05-07 00:00:00+00:00,QQ_diff_launch,62247,63160,27,13.003256965965617,14.04921824719381,9.55729064173939,88.70180558083396,operational,operational,2024-232L,2025-046B,True
2026-05-07 00:00:00+00:00,QQ_diff_launch,62250,63174,13,2.813769234536641,2.9579886650136133,9.552017067493328,88.67149630958508,operational,operational,2024-232P,2025-046R,False
2026-05-07 00:00:00+00:00,QQ_diff_launch,62251,63165,13,7.918571095095146,8.151816891267307,9.574355796978672,88.63757582724959,operational,operational,2024-232Q,2025-046G,False
2026-05-07 00:00:00+00:00,QQ_diff_launch,62253,63175,13,2.5015280752212754,2.8261055646634885,9.567088214143599,88.66418030092699,operational,operational,2024-232S,2025-046S,False
2026-05-07 00:00:00+00:00,QQ_diff_launch,62799,66048,2,9.505507341386402,14.169511842691293,5.065108399618864,88.92911019540185,operational,operational,2025-016Q,2025-233R,False
2026-05-07 00:00:00+00:00,QQ_same_launch,68637,68648,5,3.7761115938735874,5.71271112597063,0.005831007892425053,47.25585620840576,ascent,ascent,2026-075B,2026-075N,False
2026-05-07 00:00:00+00:00,QQ_same_launch,68641,68650,1,18.90694577484592,18.90694577484592,0.008623567616380967,15.093165055869205,ascent,ascent,2026-075F,2026-075Q,False
2026-05-10 00:00:00+00:00,QQ_diff_launch,60390,61563,5,5.930136424790495,13.140470261949726,13.826264473249292,86.86808532824217,operational,operational,2024-140M,2024-185M,False
2026-05-10 00:00:00+00:00,QQ_diff_launch,60393,61569,1,7.096897456991685,7.096897456991685,13.839407948215172,86.87440810304426,operational,stranded,2024-140Q,2024-185T,False
2026-05-10 00:00:00+00:00,QQ_diff_launch,62239,63162,13,4.293627949557924,4.857249713903975,9.526967436141888,88.64811352334303,operational,operational,2024-232C,2025-046D,False
2026-05-10 00:00:00+00:00,QQ_diff_launch,62242,63164,14,1.1308256928182965,1.7462201695885682,9.534554117806676,88.66886261961929,operational,operational,2024-232F,2025-046F,True
2026-05-10 00:00:00+00:00,QQ_diff_launch,62244,63176,14,11.805717939345884,11.816259209566809,9.539950723821388,88.70294181118436,operational,operational,2024-232H,2025-046T,True
2026-05-10 00:00:00+00:00,QQ_diff_launch,62245,63168,14,0.39594527572498195,0.4524059301253971,9.531173863515011,88.66521153416522,operational,operational,2024-232J,2025-046K,True
2026-05-10 00:00:00+00:00,QQ_diff_launch,62247,63160,27,9.190166037594652,10.010582285139412,9.59098669586108,88.65020957850342,operational,operational,2024-232L,2025-046B,True
2026-05-10 00:00:00+00:00,QQ_diff_launch,62250,63174,14,2.5366101977019406,2.540462019207242,9.552936914434031,88.67055232176999,operational,operational,2024-232P,2025-046R,True
2026-05-10 00:00:00+00:00,QQ_diff_launch,62250,66045,1,19.325991580667345,19.325991580667345,2.6229060953614356,88.9758826935575,operational,operational,2024-232P,2025-233N,False
2026-05-10 00:00:00+00:00,QQ_diff_launch,62251,63165,14,5.964436796954966,6.258202305689949,9.575900339137018,88.64328673412982,operational,operational,2024-232Q,2025-046G,True
2026-05-10 00:00:00+00:00,QQ_diff_launch,62253,63175,14,13.131932557108968,15.72723913762498,9.568447073705094,88.71730599128703,operational,operational,2024-232S,2025-046S,True
2026-05-10 00:00:00+00:00,QQ_same_launch,68636,68646,1,6.8388480361983115,6.8388480361983115,0.0034023671529417976,74.50758918071706,ascent,ascent,2026-075A,2026-075L,False
2026-05-10 00:00:00+00:00,QQ_same_launch,68636,68647,1,13.94288459245007,13.94288459245007,0.00811515290863936,38.51961885437876,ascent,ascent,2026-075A,2026-075M,False
2026-05-10 00:00:00+00:00,QQ_same_launch,68639,68652,1,8.547438761245424,8.547438761245424,0.005237048649623201,87.46848269906427,ascent,ascent,2026-075D,2026-075S,False
2026-05-10 00:00:00+00:00,QQ_same_launch,68643,68650,1,12.707569550342813,12.707569550342813,0.0076081258450508464,75.25460939804955,ascent,ascent,2026-075H,2026-075Q,False
2026-05-10 00:00:00+00:00,QQ_same_launch,68645,68650,1,12.910912203171168,12.910912203171168,0.007199031312644989,27.34466632721841,ascent,ascent,2026-075K,2026-075Q,False
2026-05-13 00:00:00+00:00,QQ_diff_launch,60392,61569,1,9.839740883601051,9.839740883601051,13.840414958525816,86.96889853398778,operational,stranded,2024-140P,2024-185T,False
2026-05-13 00:00:00+00:00,QQ_diff_launch,61557,62240,1,12.285017048102972,12.285017048102972,5.021241184528922,88.91825710082706,stranded,stranded,2024-185F,2024-232D,False
2026-05-13 00:00:00+00:00,QQ_diff_launch,61563,62255,3,13.628068236813949,15.185475945649163,4.941876444421665,88.91721553753065,operational,operational,2024-185M,2024-232U,False
2026-05-13 00:00:00+00:00,QQ_diff_launch,61563,63173,4,6.250631259544122,15.863042660602723,12.723315727932043,87.93989801795905,operational,operational,2024-185M,2025-046Q,False
2026-05-13 00:00:00+00:00,QQ_diff_launch,61564,63167,1,14.364872903073435,14.364872903073435,12.727710672833426,87.92488512918423,stranded,operational,2024-185N,2025-046J,False
2026-05-13 00:00:00+00:00,QQ_diff_launch,61565,62254,1,17.986690202428225,17.986690202428225,4.937560383304342,88.91691365700707,operational,operational,2024-185P,2024-232T,False
2026-05-13 00:00:00+00:00,QQ_diff_launch,62239,63162,14,2.5564178798900374,2.588520954349823,9.528259862883312,88.6589489771504,operational,operational,2024-232C,2025-046D,True
2026-05-13 00:00:00+00:00,QQ_diff_launch,62242,63164,13,7.93105023635419,9.089948168582017,9.535933917326219,88.69383142294822,operational,operational,2024-232F,2025-046F,False
2026-05-13 00:00:00+00:00,QQ_diff_launch,62244,63176,13,11.894544987860556,11.90609693886124,9.54124340422428,88.70205676613955,operational,operational,2024-232H,2025-046T,False
2026-05-13 00:00:00+00:00,QQ_diff_launch,62245,63168,13,2.1441866380536694,2.496568400556057,9.532481839007058,88.65874808963127,operational,operational,2024-232J,2025-046K,False
2026-05-13 00:00:00+00:00,QQ_diff_launch,62247,63160,13,9.377592453643965,9.769166566210684,9.593185610345389,88.67177875155988,operational,operational,2024-232L,2025-046B,False
2026-05-13 00:00:00+00:00,QQ_diff_launch,62250,63174,13,2.9343678919030856,3.045179411753587,9.554082797253505,88.66992441786235,operational,operational,2024-232P,2025-046R,False
2026-05-13 00:00:00+00:00,QQ_diff_launch,62251,63165,13,4.309335475503891,4.4961858639206,9.577159113012733,88.65085196702347,operational,operational,2024-232Q,2025-046G,False
2026-05-13 00:00:00+00:00,QQ_diff_launch,63163,68653,1,11.513089529235312,11.513089529235312,3.004793393062582,88.96111942326128,stranded,ascent,2025-046E,2026-075T,False
2026-05-13 00:00:00+00:00,QQ_same_launch,68637,68650,1,17.466994943462215,17.466994943462215,0.009112579172506559,75.73760757971543,ascent,ascent,2026-075B,2026-075Q,False
2026-05-13 00:00:00+00:00,QQ_same_launch,68639,68649,1,15.828824286260808,15.828824286260808,0.010243178296229803,24.705577362767194,ascent,ascent,2026-075D,2026-075P,False
2026-05-16 00:00:00+00:00,QQ_diff_launch,60379,61564,1,19.410185311028822,19.410185311028822,13.823872906482606,86.73700244698742,operational,stranded,2024-140A,2024-185N,False
2026-05-16 00:00:00+00:00,QQ_diff_launch,60385,61557,1,7.813010027076018,7.813010027076018,14.148107682185929,86.6378004716349,drift,stranded,2024-140G,2024-185F,False
2026-05-16 00:00:00+00:00,QQ_diff_launch,61555,68644,1,15.335518334333972,15.335518334333972,11.137023678567985,88.51348112479478,stranded,ascent,2024-185D,2026-075J,False
2026-05-16 00:00:00+00:00,QQ_diff_launch,61569,63166,1,6.7809251054608115,6.7809251054608115,12.757922742982583,87.90837226644838,stranded,operational,2024-185T,2025-046H,False
2026-05-16 00:00:00+00:00,QQ_diff_launch,62239,63162,13,3.533425387209486,3.8014803294794888,9.529780138159072,88.66569849348997,operational,operational,2024-232C,2025-046D,False
2026-05-16 00:00:00+00:00,QQ_diff_launch,62241,63159,13,16.860745895211352,17.640346897463676,9.547675832731578,88.72642104559561,operational,operational,2024-232E,2025-046A,False
2026-05-16 00:00:00+00:00,QQ_diff_launch,62242,63164,14,9.562333615107686,9.780694393554011,9.537592970188406,88.69484088682094,operational,operational,2024-232F,2025-046F,True
2026-05-16 00:00:00+00:00,QQ_diff_launch,62244,63176,14,11.708332641830287,11.722006780902692,9.542760550160306,88.69893409423273,operational,operational,2024-232H,2025-046T,True
2026-05-16 00:00:00+00:00,QQ_diff_launch,62245,63168,14,4.633641327682787,4.999576688984658,9.533994238223471,88.65167921586055,operational,operational,2024-232J,2025-046K,True
2026-05-16 00:00:00+00:00,QQ_diff_launch,62247,63160,14,11.512205680542358,11.906965928232104,9.59489773627348,88.68320013978123,operational,operational,2024-232L,2025-046B,True
2026-05-16 00:00:00+00:00,QQ_diff_launch,62247,66039,1,15.414767669850416,15.414767669850416,2.6144247580297426,88.97887838938165,operational,excursion,2024-232L,2025-233G,False
2026-05-16 00:00:00+00:00,QQ_diff_launch,62250,63174,14,3.906418922321302,4.095440092479095,9.555444253029336,88.66950513724139,operational,operational,2024-232P,2025-046R,True
2026-05-16 00:00:00+00:00,QQ_diff_launch,62251,63165,14,4.090695372339687,4.17396276467571,9.578125833992154,88.65994235341506,operational,operational,2024-232Q,2025-046G,True
2026-05-16 00:00:00+00:00,QQ_diff_launch,62252,66048,1,18.525826226820538,18.525826226820538,2.617114394260117,88.97697438891853,operational,operational,2024-232R,2025-233R,False
2026-05-16 00:00:00+00:00,QQ_diff_launch,62793,66045,1,13.832482360892481,13.832482360892481,5.070787087505743,88.91473431010691,operational,operational,2025-016J,2025-233N,False
2026-05-16 00:00:00+00:00,QQ_same_launch,68638,68642,1,18.93453483909507,18.93453483909507,0.007561181234662189,52.324907628248695,ascent,ascent,2026-075C,2026-075G,False
2026-05-16 00:00:00+00:00,QQ_same_launch,68646,68648,1,13.903871847962169,13.903871847962169,0.007944042580487037,20.864021517911432,ascent,ascent,2026-075L,2026-075N,False
2026-05-19 00:00:00+00:00,QQ_diff_launch,60380,61569,1,14.321522491478913,14.321522491478913,13.846654434376573,86.70929137875206,operational,stranded,2024-140B,2024-185T,False
2026-05-19 00:00:00+00:00,QQ_diff_launch,60385,61554,1,11.683998880007806,11.683998880007806,14.131016179386796,86.75256003198258,drift,stranded,2024-140G,2024-185C,False
2026-05-19 00:00:00+00:00,QQ_diff_launch,61552,69075,1,15.642114973464468,15.642114973464468,9.02124405306961,88.74875442025291,stranded,drift,2024-185A,2026-104C,False
2026-05-19 00:00:00+00:00,QQ_diff_launch,61552,69077,1,8.354398103574322,8.354398103574322,9.04516910851278,88.71885720584305,stranded,drift,2024-185A,2026-104E,False
2026-05-19 00:00:00+00:00,QQ_diff_launch,61552,69081,1,15.086988363266235,15.086988363266235,9.04412068703076,88.67621207503088,stranded,ascent,2024-185A,2026-104J,False
2026-05-19 00:00:00+00:00,QQ_diff_launch,61552,69084,1,17.266801982806733,17.266801982806733,9.047722693474277,88.75728302959646,stranded,drift,2024-185A,2026-104M,False
2026-05-19 00:00:00+00:00,QQ_diff_launch,61552,69086,1,10.777585477275453,10.777585477275453,9.04689706391358,88.71099029982298,stranded,drift,2024-185A,2026-104P,False
2026-05-19 00:00:00+00:00,QQ_diff_launch,61559,68650,1,2.158252842856123,2.158252842856123,11.156808258228052,88.43952292638173,stranded,ascent,2024-185H,2026-075Q,False
2026-05-19 00:00:00+00:00,QQ_diff_launch,61563,62241,1,13.660177620623301,13.660177620623301,4.93880568914131,88.9434606304238,operational,operational,2024-185M,2024-232E,False
2026-05-19 00:00:00+00:00,QQ_diff_launch,61563,63159,4,6.636843735982055,14.925079664324771,12.715792960308638,87.93797427891244,operational,operational,2024-185M,2025-046A,False
2026-05-19 00:00:00+00:00,QQ_diff_launch,61565,62801,8,7.15063376647179,12.079403832853199,2.782747779187325,88.95352720092282,operational,operational,2024-185P,2025-016S,False
2026-05-19 00:00:00+00:00,QQ_diff_launch,61569,63162,1,14.042537272326769,14.042537272326769,12.735416537038377,87.84598266228413,stranded,operational,2024-185T,2025-046D,False
2026-05-19 00:00:00+00:00,QQ_diff_launch,62239,63162,14,5.425646613050817,5.721457034216512,9.531538223633362,88.6701121252276,operational,operational,2024-232C,2025-046D,True
2026-05-19 00:00:00+00:00,QQ_diff_launch,62241,63159,14,12.322894676956865,12.933804958112898,9.548439736515796,88.70886164295084,operational,operational,2024-232E,2025-046A,True
2026-05-19 00:00:00+00:00,QQ_diff_launch,62242,63164,13,7.71592141880111,7.895235332912243,9.53947227407549,88.68557765072539,operational,operational,2024-232F,2025-046F,False
2026-05-19 00:00:00+00:00,QQ_diff_launch,62244,63176,13,11.687073553689547,11.693456727945449,9.54451915715536,88.69528718317675,operational,operational,2024-232H,2025-046T,False
2026-05-19 00:00:00+00:00,QQ_diff_launch,62245,63168,13,6.9592738255552815,7.2735740693209685,9.535751816950661,88.64557418824516,operational,operational,2024-232J,2025-046K,False
2026-05-19 00:00:00+00:00,QQ_diff_launch,62247,63160,13,14.293886739750901,14.742201284134095,9.59644719143518,88.6960795423152,operational,operational,2024-232L,2025-046B,False
2026-05-19 00:00:00+00:00,QQ_diff_launch,62250,63174,13,5.159210938945041,5.343031794812684,9.557050768962773,88.66959567190499,operational,operational,2024-232P,2025-046R,False
2026-05-19 00:00:00+00:00,QQ_diff_launch,62251,63165,13,5.777776746995863,6.198668233137984,9.57881588510384,88.67172554517235,operational,operational,2024-232Q,2025-046G,False
2026-05-19 00:00:00+00:00,QQ_diff_launch,62797,66045,1,1.431972199484964,1.431972199484964,5.0708929791208,88.91811095404822,operational,operational,2025-016N,2025-233N,False
2026-05-19 00:00:00+00:00,QQ_same_launch,68636,68650,1,17.319555407602156,17.319555407602156,0.008747534070287916,60.78435252493025,ascent,ascent,2026-075A,2026-075Q,False
2026-05-19 00:00:00+00:00,QQ_same_launch,68640,68652,1,13.053724886634239,13.053724886634239,0.00657473732218965,73.71848101920767,ascent,ascent,2026-075E,2026-075S,False
2026-05-19 00:00:00+00:00,QQ_same_launch,69073,69079,1,17.20565557415217,17.20565557415217,0.006145819023588562,50.170999055027245,drift,ascent,2026-104A,2026-104G,False
2026-05-19 00:00:00+00:00,QQ_same_launch,69075,69081,9,0.1466087015471194,12.163019957166318,0.012379045232275917,66.5258071256843,drift,ascent,2026-104C,2026-104J,False
2026-05-19 00:00:00+00:00,QQ_same_launch,69075,69082,4,0.7676507028943735,5.161959548965631,0.007388969534679334,54.60558997236142,drift,ascent,2026-104C,2026-104K,False
2026-05-19 00:00:00+00:00,QQ_same_launch,69075,69083,5,1.6130242820512288,5.070364101492667,0.006214813009424146,50.53011115882805,drift,drift,2026-104C,2026-104L,False
2026-05-19 00:00:00+00:00,QQ_same_launch,69076,69080,5,1.7775481302868856,9.075737337500458,0.014424035651294156,1.390180777603636,ascent,drift,2026-104D,2026-104H,False
2026-05-19 00:00:00+00:00,QQ_same_launch,69077,69084,10,11.329590546803106,13.548265163475731,0.019963650164800666,45.295046610930115,drift,drift,2026-104E,2026-104M,False
2026-05-19 00:00:00+00:00,QQ_same_launch,69077,69090,12,0.33119430403844646,5.010619857388695,0.005811803355012698,68.10510271529233,drift,drift,2026-104E,2026-104T,False
2026-05-19 00:00:00+00:00,QQ_same_launch,69079,69080,1,18.989727074461186,18.989727074461186,0.007009527102866856,47.027999839643634,ascent,drift,2026-104G,2026-104H,False
2026-05-19 00:00:00+00:00,QQ_same_launch,69079,69088,1,17.687865038439185,17.687865038439185,0.005112496490907848,55.92580495687743,ascent,drift,2026-104G,2026-104R,False
2026-05-19 00:00:00+00:00,QQ_same_launch,69082,69083,7,7.1151003390587295,12.245921792621273,0.014039577932811282,76.9479239497207,ascent,drift,2026-104K,2026-104L,False
2026-05-19 00:00:00+00:00,QQ_same_launch,69084,69086,6,2.8529971556339806,5.350935293984471,0.00725074687460171,57.69762294575378,drift,drift,2026-104M,2026-104P,False
2026-05-19 00:00:00+00:00,QQ_same_launch,69084,69090,1,18.614488818168525,18.614488818168525,0.02185753423822264,27.27990792541181,drift,drift,2026-104M,2026-104T,False
2026-05-19 00:00:00+00:00,QQ_same_launch,69085,69087,1,13.690119252560931,13.690119252560931,0.035304614919599145,41.79087695003781,drift,drift,2026-104N,2026-104Q,False
2026-05-22 00:00:00+00:00,QQ_diff_launch,60386,61565,15,15.633584240143952,17.478284328672252,13.84025666406567,86.86197385038616,operational,operational,2024-140H,2024-185P,True
2026-05-22 00:00:00+00:00,QQ_diff_launch,61562,63166,27,9.971040502126018,11.356749629350812,12.771145852692216,87.90566103841792,operational,operational,2024-185L,2025-046H,True
2026-05-22 00:00:00+00:00,QQ_diff_launch,61564,68646,1,5.614781895301657,5.614781895301657,11.221679691022489,88.43769197939487,stranded,ascent,2024-185N,2026-075L,False
2026-05-22 00:00:00+00:00,QQ_diff_launch,61569,63167,1,9.924931471627035,9.924931471627035,12.749670885690866,87.90707152113832,stranded,operational,2024-185T,2025-046J,False
2026-05-22 00:00:00+00:00,QQ_diff_launch,62238,63171,13,16.594467367029402,17.537601542760715,9.595400280834175,88.71778282046216,operational,operational,2024-232B,2025-046N,False
2026-05-22 00:00:00+00:00,QQ_diff_launch,62239,63162,13,7.127127372780434,7.336977071105566,9.533528628001863,88.67166356605989,operational,operational,2024-232C,2025-046D,False
2026-05-22 00:00:00+00:00,QQ_diff_launch,62241,63159,13,9.716784360182936,10.01235178199362,9.54897853635328,88.69418551058862,operational,operational,2024-232E,2025-046A,False
2026-05-22 00:00:00+00:00,QQ_diff_launch,62242,63164,14,6.5609824945464785,6.596345358264144,9.541607394686743,88.67384789634146,operational,operational,2024-232F,2025-046F,True
2026-05-22 00:00:00+00:00,QQ_diff_launch,62244,63176,14,11.724907238098083,11.741843809361981,9.546494430536292,88.69102085045483,operational,operational,2024-232H,2025-046T,True
2026-05-22 00:00:00+00:00,QQ_diff_launch,62245,63168,14,8.94641148391166,9.256696086417953,9.537720934644991,88.64060773424535,operational,operational,2024-232J,2025-046K,True
2026-05-22 00:00:00+00:00,QQ_diff_launch,62247,63160,24,17.631884849628705,18.623190299263157,9.597692553759709,88.71196755265234,operational,operational,2024-232L,2025-046B,True
2026-05-22 00:00:00+00:00,QQ_diff_launch,62250,63174,14,6.490571009653793,6.686866882474073,9.558881888153586,88.67102704832917,operational,operational,2024-232P,2025-046R,True
2026-05-22 00:00:00+00:00,QQ_diff_launch,62251,63165,14,9.285322750908824,9.929616656546887,9.579244420886607,88.6860789327032,operational,operational,2024-232Q,2025-046G,True
2026-05-22 00:00:00+00:00,QQ_same_launch,68639,68640,2,15.031134773635134,17.49988926853298,0.016845232568419397,47.72925956432369,ascent,ascent,2026-075D,2026-075E,False
2026-05-22 00:00:00+00:00,QQ_same_launch,68639,68653,1,15.123511599970474,15.123511599970474,0.007229373660676866,44.82159896273304,ascent,ascent,2026-075D,2026-075T,False
2026-05-22 00:00:00+00:00,QQ_same_launch,68642,68646,1,11.422500773120515,11.422500773120515,0.004993664613474522,55.11913625885845,ascent,ascent,2026-075G,2026-075L,False
2026-05-22 00:00:00+00:00,QQ_same_launch,69075,69088,1,17.3783592768904,17.3783592768904,0.010678500544022087,78.25151602772533,drift,ascent,2026-104C,2026-104R,False
2026-05-22 00:00:00+00:00,QQ_same_launch,69075,69089,1,18.258394844795735,18.258394844795735,0.008746015118546904,32.27328149379636,drift,drift,2026-104C,2026-104S,False
2026-05-22 00:00:00+00:00,QQ_same_launch,69080,69081,1,11.215323739994302,11.215323739994302,0.00296649593631916,71.21717983657085,drift,drift,2026-104H,2026-104J,False
2026-05-22 00:00:00+00:00,QQ_same_launch,69080,69082,1,17.160586937745208,17.160586937745208,0.006378603309526351,78.92092109049085,drift,drift,2026-104H,2026-104K,False
2026-05-22 00:00:00+00:00,QQ_same_launch,69086,69088,1,13.095628992870004,13.095628992870004,0.005548769013646532,37.53021246052255,ascent,ascent,2026-104P,2026-104R,False
2026-05-22 00:00:00+00:00,QQ_same_launch,69086,69090,1,18.764242046406896,18.764242046406896,0.008917389059964498,21.11045400126246,ascent,ascent,2026-104P,2026-104T,False
2026-05-22 00:00:00+00:00,QQ_same_launch,69088,69089,1,2.656833951462357,2.656833951462357,0.0005754665998200882,16.639857896775457,ascent,drift,2026-104R,2026-104S,False
2026-05-25 00:00:00+00:00,QQ_diff_launch,60380,61564,1,18.819064761927404,18.819064761927404,13.829295654376091,87.06434072410053,operational,stranded,2024-140B,2024-185N,False
2026-05-25 00:00:00+00:00,QQ_diff_launch,60384,61569,1,14.202127611409063,14.202127611409063,13.848943696666636,87.01618307106487,operational,stranded,2024-140F,2024-185T,False
2026-05-25 00:00:00+00:00,QQ_diff_launch,60385,69086,1,14.71201791285159,14.71201791285159,8.515896113583459,88.771936207157,drift,ascent,2024-140G,2026-104P,False
2026-05-25 00:00:00+00:00,QQ_diff_launch,61563,63176,5,4.009939351735659,14.804493339971378,12.70473885247845,87.90929846999332,operational,operational,2024-185M,2025-046T,False
2026-05-25 00:00:00+00:00,QQ_diff_launch,61569,63170,1,11.796663595052834,11.796663595052834,12.737578983104743,87.88388067411735,stranded,operational,2024-185T,2025-046M,False
2026-05-25 00:00:00+00:00,QQ_diff_launch,62238,63171,14,10.893968248885091,11.795533232662423,9.59561701229197,88.69938626966545,operational,operational,2024-232B,2025-046N,True
2026-05-25 00:00:00+00:00,QQ_diff_launch,62239,63162,14,8.408998397214594,8.58117266277766,9.535688055491619,88.67038343617087,operational,operational,2024-232C,2025-046D,True
2026-05-25 00:00:00+00:00,QQ_diff_launch,62240,69079,1,13.859069274117953,13.859069274117953,4.403204151690806,88.95875271232308,stranded,ascent,2024-232D,2026-104G,False
2026-05-25 00:00:00+00:00,QQ_diff_launch,62240,69080,1,17.737838151388218,17.737838151388218,4.403979434188315,88.96779704798172,stranded,ascent,2024-232D,2026-104H,False
2026-05-25 00:00:00+00:00,QQ_diff_launch,62241,63159,14,9.08462007702936,9.09089528094474,9.54931447526749,88.68159367720448,operational,operational,2024-232E,2025-046A,True
2026-05-25 00:00:00+00:00,QQ_diff_launch,62242,63164,13,6.981560337749597,7.218871027924098,9.54392637732655,88.65975659806988,operational,operational,2024-232F,2025-046F,False
2026-05-25 00:00:00+00:00,QQ_diff_launch,62244,63176,13,9.532897889233029,9.669549933491242,9.548686659524652,88.6623358106735,operational,operational,2024-232H,2025-046T,False
2026-05-25 00:00:00+00:00,QQ_diff_launch,62245,63168,14,10.759051868232964,11.031514090703062,9.539887252278811,88.63611782223887,operational,operational,2024-232J,2025-046K,True
2026-05-25 00:00:00+00:00,QQ_diff_launch,62247,63160,14,19.477021605116775,19.568458130712372,9.562329434591852,88.71561348262993,operational,operational,2024-232L,2025-046B,True
2026-05-25 00:00:00+00:00,QQ_diff_launch,62250,63174,27,7.8148316316440996,18.12128215396848,9.601709523431085,88.6029061738074,operational,operational,2024-232P,2025-046R,True
2026-05-25 00:00:00+00:00,QQ_diff_launch,62250,68645,1,17.8377171610864,17.8377171610864,7.485790879879066,88.79044067755677,operational,ascent,2024-232P,2026-075K,False
2026-05-25 00:00:00+00:00,QQ_diff_launch,62251,63165,13,10.544423704225299,10.649151283097169,9.57942468973154,88.68329244560809,operational,operational,2024-232Q,2025-046G,False
2026-05-25 00:00:00+00:00,QQ_same_launch,68637,68653,1,17.951370830608024,17.951370830608024,0.00987837997620438,46.31685377890737,ascent,ascent,2026-075B,2026-075T,False
2026-05-25 00:00:00+00:00,QQ_same_launch,68639,68653,1,16.818135870906822,16.818135870906822,0.00976942945173954,68.92401395604018,ascent,ascent,2026-075D,2026-075T,False
2026-05-25 00:00:00+00:00,QQ_same_launch,68641,68649,1,9.908370889990177,9.908370889990177,0.004581811119416115,13.427423696525318,ascent,ascent,2026-075F,2026-075P,False
2026-05-25 00:00:00+00:00,QQ_same_launch,68647,68650,1,15.975907500475854,15.975907500475854,0.007322088921658698,21.043864914933135,ascent,ascent,2026-075M,2026-075Q,False
2026-05-25 00:00:00+00:00,QQ_same_launch,69073,69086,1,17.685315841861843,17.685315841861843,0.019052546737921228,50.22465128500148,ascent,ascent,2026-104A,2026-104P,False
2026-05-25 00:00:00+00:00,QQ_same_launch,69083,69090,1,5.849488977542014,5.849488977542014,0.0034060921156291177,20.426484112257945,drift,drift,2026-104L,2026-104T,False
2026-05-25 00:00:00+00:00,QQ_same_launch,69084,69085,1,17.234312546840382,17.234312546840382,0.005249376430556901,10.900259459866415,drift,drift,2026-104M,2026-104N,False
2026-05-28 00:00:00+00:00,QQ_diff_launch,60384,63170,13,9.29300198610272,11.133386683924902,2.6736764321600512,88.94722496947674,operational,operational,2024-140F,2025-046M,False
2026-05-28 00:00:00+00:00,QQ_diff_launch,60387,68648,1,17.770888342856203,17.770888342856203,5.1053498555054775,88.92672838997542,operational,ascent,2024-140J,2026-075N,False
2026-05-28 00:00:00+00:00,QQ_diff_launch,61554,69080,1,14.547043658379165,14.547043658379165,8.913483435424142,88.70159456636017,stranded,drift,2024-185C,2026-104H,False
2026-05-28 00:00:00+00:00,QQ_diff_launch,61556,69077,1,18.071424345821413,18.071424345821413,8.999189683070753,88.72731766446022,stranded,drift,2024-185E,2026-104E,False
2026-05-28 00:00:00+00:00,QQ_diff_launch,61561,69089,1,18.373348747774063,18.373348747774063,8.893766631321812,88.77335880513013,stranded,drift,2024-185K,2026-104S,False
2026-05-28 00:00:00+00:00,QQ_diff_launch,61561,69090,1,15.918047629758926,15.918047629758926,8.893091199668962,88.75441745669482,stranded,drift,2024-185K,2026-104T,False
2026-05-28 00:00:00+00:00,QQ_diff_launch,61563,68648,1,7.757191426232094,7.757191426232094,11.239199824395158,88.38379045060424,operational,ascent,2024-185M,2026-075N,False
2026-05-28 00:00:00+00:00,QQ_diff_launch,61565,68644,1,13.722342491703568,13.722342491703568,11.260031752467155,88.36987060175949,operational,ascent,2024-185P,2026-075J,False
2026-05-28 00:00:00+00:00,QQ_diff_launch,61568,69120,1,19.915684364970332,19.915684364970332,4.2199023959024995,88.95447618436218,stranded,drift,2024-185S,2026-108S,False
2026-05-28 00:00:00+00:00,QQ_diff_launch,61569,62250,1,2.400905479069909,2.400905479069909,4.912198865730114,88.93231284344607,stranded,operational,2024-185T,2024-232P,False
2026-05-28 00:00:00+00:00,QQ_diff_launch,61569,63174,1,16.939070831510143,16.939070831510143,12.74986882778967,87.8239208126055,stranded,operational,2024-185T,2025-046R,False
2026-05-28 00:00:00+00:00,QQ_diff_launch,61569,66045,1,16.915166160305997,16.915166160305997,2.349872382001939,88.97879634961008,stranded,operational,2024-185T,2025-233N,False
2026-05-28 00:00:00+00:00,QQ_diff_launch,62238,63171,13,0.9177743610289847,1.8999024710702017,9.595755917386134,88.66557355093599,operational,operational,2024-232B,2025-046N,False
2026-05-28 00:00:00+00:00,QQ_diff_launch,62239,63162,13,9.433628833342794,9.57146989530544,9.538061085349254,88.66556102088593,operational,operational,2024-232C,2025-046D,False
2026-05-28 00:00:00+00:00,QQ_diff_launch,62239,68653,1,19.848644554656897,19.848644554656897,7.496657416734075,88.84985548864707,operational,ascent,2024-232C,2026-075T,False
2026-05-28 00:00:00+00:00,QQ_diff_launch,62241,63159,13,9.617273675273099,9.786451681318468,9.549443542301779,88.67040957489279,operational,operational,2024-232E,2025-046A,False
2026-05-28 00:00:00+00:00,QQ_diff_launch,62241,68651,2,16.0049495038459,17.166936790560165,7.433223491684224,88.83786541113601,operational,ascent,2024-232E,2026-075R,False
2026-05-28 00:00:00+00:00,QQ_diff_launch,62242,63164,14,9.737159741968663,10.337982879075117,9.546447573987226,88.64194568771143,operational,operational,2024-232F,2025-046F,True
2026-05-28 00:00:00+00:00,QQ_diff_launch,62243,69113,1,15.258228030646299,15.258228030646299,0.7819343364759153,89.00693695227943,stranded,drift,2024-232G,2026-108K,False
2026-05-28 00:00:00+00:00,QQ_diff_launch,62243,69117,1,18.167305791075012,18.167305791075012,0.7821783953231021,89.00422608563049,stranded,drift,2024-232G,2026-108P,False
2026-05-28 00:00:00+00:00,QQ_diff_launch,62243,69120,1,9.039951551822433,9.039951551822433,0.7825872539466548,89.00654245309586,stranded,drift,2024-232G,2026-108S,False
2026-05-28 00:00:00+00:00,QQ_diff_launch,62244,63176,14,12.639348101922748,13.484635823832754,9.551040957700975,88.6349704988115,operational,operational,2024-232H,2025-046T,True
2026-05-28 00:00:00+00:00,QQ_diff_launch,62245,63168,13,12.572810691492819,12.804432315223105,9.542193785632767,88.63098737065441,operational,operational,2024-232J,2025-046K,False
2026-05-28 00:00:00+00:00,QQ_diff_launch,62245,68652,1,14.849890509380138,14.849890509380138,7.472241079958985,88.86592731322234,operational,ascent,2024-232J,2026-075S,False
2026-05-28 00:00:00+00:00,QQ_diff_launch,62247,63160,13,18.832922104875884,18.927254767931135,9.563668072220723,88.71348557614118,operational,operational,2024-232L,2025-046B,False
2026-05-28 00:00:00+00:00,QQ_diff_launch,62250,63174,27,8.960482915436039,9.296321282937656,9.56350543231105,88.67445362738144,operational,operational,2024-232P,2025-046R,True
2026-05-28 00:00:00+00:00,QQ_diff_launch,62251,63165,14,11.414049967538848,11.566518499693746,9.57934476690563,88.68137699677415,operational,operational,2024-232Q,2025-046G,True
2026-05-28 00:00:00+00:00,QQ_diff_launch,62789,68652,1,5.259754698270032,5.259754698270032,12.825645736439938,87.83248023938339,operational,ascent,2025-016E,2026-075S,False
2026-05-28 00:00:00+00:00,QQ_diff_launch,62796,68646,1,4.960871719416201,4.960871719416201,12.820864424003371,87.8386867853676,operational,ascent,2025-016M,2026-075L,False
2026-05-28 00:00:00+00:00,QQ_diff_launch,62796,68648,1,10.104686387164323,10.104686387164323,12.816179017515388,87.83500485760011,operational,ascent,2025-016M,2026-075N,False
2026-05-28 00:00:00+00:00,QQ_diff_launch,62797,68643,1,18.57801238785356,18.57801238785356,12.82780537939579,87.98392811935892,operational,ascent,2025-016N,2026-075H,False
2026-05-28 00:00:00+00:00,QQ_diff_launch,62798,68651,1,19.592181782206133,19.592181782206133,12.825953241134588,88.00612742416023,operational,ascent,2025-016P,2026-075R,False
2026-05-28 00:00:00+00:00,QQ_diff_launch,62802,68639,1,17.88813693089833,17.88813693089833,12.833170670112882,87.97524720865579,operational,ascent,2025-016T,2026-075D,False
2026-05-28 00:00:00+00:00,QQ_diff_launch,63168,68652,2,13.171155642181535,13.342393351075573,2.5876996822699656,88.95598487854853,operational,ascent,2025-046K,2026-075S,False
2026-05-28 00:00:00+00:00,QQ_diff_launch,66046,68636,1,13.201473284912323,13.201473284912323,9.584172532840862,88.69759199859377,operational,ascent,2025-233P,2026-075A,False
2026-05-28 00:00:00+00:00,QQ_same_launch,68638,68643,1,18.90081168780578,18.90081168780578,0.0071804982053496275,55.31188960114848,ascent,ascent,2026-075C,2026-075H,False
2026-05-28 00:00:00+00:00,QQ_same_launch,68640,68650,1,10.154493196336604,10.154493196336604,0.005384859237288651,83.84824917478207,ascent,ascent,2026-075E,2026-075Q,False
2026-05-28 00:00:00+00:00,QQ_same_launch,68645,68647,1,19.60386016495426,19.60386016495426,0.010024422267928454,45.945475943636595,drift,ascent,2026-075K,2026-075M,False
2026-05-28 00:00:00+00:00,QQ_same_launch,69113,69115,1,3.190153759579706,3.190153759579706,0.0013326713269098613,34.70867358948983,drift,drift,2026-108K,2026-108M,False
2026-05-28 00:00:00+00:00,QQ_same_launch,69116,69118,1,1.5267493677802306,1.5267493677802306,0.0007137827222026875,73.12856644132029,drift,ascent,2026-108N,2026-108Q,False
2026-05-28 00:00:00+00:00,QQ_same_launch,69116,69120,7,0.9261176020465562,6.607920764231328,0.008565081131151763,65.05297017714658,drift,drift,2026-108N,2026-108S,False
2026-05-28 00:00:00+00:00,QQ_same_launch,69119,69121,5,1.5454903120133445,6.045260461519187,0.006486938544938417,72.25704365170095,drift,drift,2026-108R,2026-108T,False
2026-05-31 00:00:00+00:00,QQ_diff_launch,60379,61564,1,12.61191078892299,12.61191078892299,13.825236252308573,87.02824311532231,operational,stranded,2024-140A,2024-185N,False
2026-05-31 00:00:00+00:00,QQ_diff_launch,60381,68637,1,13.989360116438549,13.989360116438549,5.122148795758704,88.91372852970832,operational,operational,2024-140C,2026-075B,False
2026-05-31 00:00:00+00:00,QQ_diff_launch,60383,61569,1,15.228116558352284,15.228116558352284,13.841336911397443,86.70651873287386,operational,stranded,2024-140E,2024-185T,False
2026-05-31 00:00:00+00:00,QQ_diff_launch,60384,63170,15,11.31171136065018,14.59788411626986,2.663831559767681,88.94543687998465,operational,operational,2024-140F,2025-046M,True
2026-05-31 00:00:00+00:00,QQ_diff_launch,60385,69105,1,19.828122991696553,19.828122991696553,12.202100139145942,88.2200889746296,drift,drift,2024-140G,2026-108B,False
2026-05-31 00:00:00+00:00,QQ_diff_launch,61554,66043,1,18.071656467032273,18.071656467032273,1.8890144433546154,88.9755361454705,stranded,drift,2024-185C,2025-233L,False
2026-05-31 00:00:00+00:00,QQ_diff_launch,61556,69081,1,16.3161121796177,16.3161121796177,8.99798703041299,88.71262990628377,stranded,drift,2024-185E,2026-104J,False
2026-05-31 00:00:00+00:00,QQ_diff_launch,61562,68638,1,8.298543733100635,8.298543733100635,11.279438406918906,88.42774081602823,operational,ascent,2024-185L,2026-075C,False
2026-05-31 00:00:00+00:00,QQ_diff_launch,61563,63164,3,5.958036524031836,10.784445441762657,12.708612485532598,87.86637545308584,operational,operational,2024-185M,2025-046F,False
2026-05-31 00:00:00+00:00,QQ_diff_launch,61565,66050,10,5.619015070056705,10.589731737387892,2.371082257629512,88.97953103087002,operational,operational,2024-185P,2025-233T,False
2026-05-31 00:00:00+00:00,QQ_diff_launch,61567,63163,1,9.342177859511908,9.342177859511908,12.805718782088096,87.94683559951525,stranded,stranded,2024-185R,2025-046E,False
2026-05-31 00:00:00+00:00,QQ_diff_launch,61569,62241,1,2.8868288786022247,2.8868288786022247,4.953433004416262,88.93147052447344,stranded,operational,2024-185T,2024-232E,False
2026-05-31 00:00:00+00:00,QQ_diff_launch,61569,63159,1,15.317297772911235,15.317297772911235,12.735892890698082,87.8804613369088,stranded,operational,2024-185T,2025-046A,False
2026-05-31 00:00:00+00:00,QQ_diff_launch,62238,63171,24,7.012409743085009,9.782204331277939,9.59589635180009,88.6345613184059,operational,operational,2024-232B,2025-046N,True
2026-05-31 00:00:00+00:00,QQ_diff_launch,62239,63162,14,10.45940563352885,10.628766240530098,9.540548426384781,88.65860873454977,operational,operational,2024-232C,2025-046D,True
2026-05-31 00:00:00+00:00,QQ_diff_launch,62241,63159,14,11.025497847491774,11.269034548299734,9.549443145653647,88.66155171700075,operational,operational,2024-232E,2025-046A,True
2026-05-31 00:00:00+00:00,QQ_diff_launch,62242,63164,13,13.991367613247796,14.674104534018475,9.54908804137528,88.6235361822956,operational,operational,2024-232F,2025-046F,False
2026-05-31 00:00:00+00:00,QQ_diff_launch,62244,63176,8,18.815738721566095,19.398548008156347,9.553396865066752,88.60855640617253,operational,operational,2024-232H,2025-046T,False
2026-05-31 00:00:00+00:00,QQ_diff_launch,62245,63168,14,14.0467526280748,14.252093542714626,9.544646761770359,88.62661024609046,operational,operational,2024-232J,2025-046K,True
2026-05-31 00:00:00+00:00,QQ_diff_launch,62246,68650,2,15.139294122997864,16.93545453296481,7.473304281848208,88.82303755996864,operational,ascent,2024-232K,2026-075Q,False
2026-05-31 00:00:00+00:00,QQ_diff_launch,62247,63160,14,18.24691714707606,18.333686464556976,9.565104426510796,88.71186349387096,operational,operational,2024-232L,2025-046B,True
2026-05-31 00:00:00+00:00,QQ_diff_launch,62249,68653,1,18.83937159289009,18.83937159289009,7.457740893349225,88.814220196035,operational,ascent,2024-232N,2026-075T,False
2026-05-31 00:00:00+00:00,QQ_diff_launch,62250,63174,27,10.088075009957567,11.682948476052612,9.601824291180167,88.63518141781726,operational,operational,2024-232P,2025-046R,True
2026-05-31 00:00:00+00:00,QQ_diff_launch,62251,63165,13,12.423956444392322,12.566363450406879,9.579102795275613,88.68133031417855,operational,operational,2024-232Q,2025-046G,False
2026-05-31 00:00:00+00:00,QQ_diff_launch,62253,68637,1,18.663479243216173,18.663479243216173,7.466769719263538,88.8171543954985,operational,operational,2024-232S,2026-075B,False
2026-05-31 00:00:00+00:00,QQ_diff_launch,62255,63173,14,14.678289545553318,15.506867029588424,9.557941093726242,88.71517160107192,operational,operational,2024-232U,2025-046Q,True
2026-05-31 00:00:00+00:00,QQ_diff_launch,62786,68640,1,11.957654343157618,11.957654343157618,12.824681667459101,87.84677927111551,operational,drift,2025-016B,2026-075E,False
2026-05-31 00:00:00+00:00,QQ_diff_launch,62791,68641,1,15.439128352155214,15.439128352155214,12.853732235871677,87.77355850956316,operational,ascent,2025-016G,2026-075F,False
2026-05-31 00:00:00+00:00,QQ_diff_launch,62793,68644,1,15.687877485267155,15.687877485267155,12.827768017745958,87.94804769823543,operational,drift,2025-016J,2026-075J,False
2026-05-31 00:00:00+00:00,QQ_diff_launch,62795,68637,1,6.173710264313938,6.173710264313938,12.835719238179422,87.86045335604317,operational,operational,2025-016L,2026-075B,False
2026-05-31 00:00:00+00:00,QQ_diff_launch,63160,68641,1,14.502061573522267,14.502061573522267,2.5930421342886407,88.96463181399481,operational,ascent,2025-046B,2026-075F,False
2026-05-31 00:00:00+00:00,QQ_diff_launch,63166,68638,1,15.144664567457884,15.144664567457884,2.598718222708141,88.96181882072939,operational,ascent,2025-046H,2026-075C,False
2026-05-31 00:00:00+00:00,QQ_diff_launch,63172,68653,1,19.40055658197026,19.40055658197026,2.6053865889475745,88.96488866886831,operational,ascent,2025-046P,2026-075T,False
2026-05-31 00:00:00+00:00,QQ_diff_launch,66039,68641,2,13.386129852402835,16.239000439913223,9.601938696953841,88.67037629629056,operational,ascent,2025-233G,2026-075F,False
2026-05-31 00:00:00+00:00,QQ_diff_launch,66041,68646,1,14.544167948364805,14.544167948364805,9.618790189212147,88.7082205896269,operational,operational,2025-233J,2026-075L,False
2026-05-31 00:00:00+00:00,QQ_diff_launch,66045,68644,1,19.405799428778852,19.405799428778852,9.599807136828046,88.68226036627891,operational,drift,2025-233N,2026-075J,False
2026-05-31 00:00:00+00:00,QQ_diff_launch,66046,68644,1,18.91930927861552,18.91930927861552,9.589906693253418,88.65618166855354,operational,drift,2025-233P,2026-075J,False
2026-05-31 00:00:00+00:00,QQ_diff_launch,69078,69118,1,8.555911237365127,8.555911237365127,5.139634717922774,88.93429258576444,drift,drift,2026-104F,2026-108Q,False
2026-05-31 00:00:00+00:00,QQ_diff_launch,69088,69108,1,16.998795006491527,16.998795006491527,5.158558540148931,88.91811359044492,drift,drift,2026-104R,2026-108E,False
2026-05-31 00:00:00+00:00,QQ_diff_launch,69089,69109,1,19.818852246920407,19.818852246920407,5.1457919931998655,88.91667154135128,drift,drift,2026-104S,2026-108F,False
2026-05-31 00:00:00+00:00,QQ_same_launch,61554,61557,1,10.039231653726356,10.039231653726356,0.03298690395239947,86.0259550966894,stranded,stranded,2024-185C,2024-185F,False
2026-05-31 00:00:00+00:00,QQ_same_launch,61554,61560,1,19.315447776782122,19.315447776782122,0.013537025973975981,80.24453092134232,stranded,stranded,2024-185C,2024-185J,False
2026-05-31 00:00:00+00:00,QQ_same_launch,61557,61560,1,10.597352013088958,10.597352013088958,0.03981736755533512,88.8970168167975,stranded,stranded,2024-185F,2024-185J,False
2026-05-31 00:00:00+00:00,QQ_same_launch,68638,68645,1,8.762156067980191,8.762156067980191,0.0037307156161065593,42.033141331181774,ascent,drift,2026-075C,2026-075K,False
2026-05-31 00:00:00+00:00,QQ_same_launch,69116,69121,1,18.114731596958492,18.114731596958492,0.009681283558439575,65.79752683054309,drift,drift,2026-108N,2026-108T,False
2026-05-31 00:00:00+00:00,QQ_same_launch,69120,69121,1,5.4985254826851016,5.4985254826851016,0.0018983534217601363,79.87114527531378,drift,drift,2026-108S,2026-108T,False
2026-06-03 00:00:00+00:00,QQ_diff_launch,60379,68642,1,4.947250030677,4.947250030677,5.115463347217108,88.90351569543299,operational,operational,2024-140A,2026-075G,False
2026-06-03 00:00:00+00:00,QQ_diff_launch,60383,69326,1,12.760830026177242,12.760830026177242,2.6186411545116655,88.96891920607398,operational,drift,2024-140E,2026-121B,False
2026-06-03 00:00:00+00:00,QQ_diff_launch,60385,69120,1,12.239440194468495,12.239440194468495,12.231486360786388,88.21835171105982,drift,drift,2024-140G,2026-108S,False
2026-06-03 00:00:00+00:00,QQ_diff_launch,60390,68646,3,14.309049535672882,16.236022893542092,5.113546681279908,88.92345355459184,operational,operational,2024-140M,2026-075L,False
2026-06-03 00:00:00+00:00,QQ_diff_launch,61554,69077,1,7.152825089225945,7.152825089225945,8.889621759062534,88.74160157288463,stranded,drift,2024-185C,2026-104E,False
2026-06-03 00:00:00+00:00,QQ_diff_launch,62238,63171,27,7.63574734519142,10.775947528262176,9.576412140934666,88.68487277740971,operational,operational,2024-232B,2025-046N,True
2026-06-03 00:00:00+00:00,QQ_diff_launch,62239,63162,27,11.685852561988805,18.596361061145586,9.575081788647367,88.61210852793945,operational,operational,2024-232C,2025-046D,True
2026-06-03 00:00:00+00:00,QQ_diff_launch,62240,69110,1,18.29725404464708,18.29725404464708,0.7934772809930662,89.00518849496957,stranded,drift,2024-232D,2026-108G,False
2026-06-03 00:00:00+00:00,QQ_diff_launch,62241,63159,24,12.630020171710367,13.044123509391735,9.549229663774227,88.6553704694199,operational,operational,2024-232E,2025-046A,True
2026-06-03 00:00:00+00:00,QQ_diff_launch,62241,69326,1,16.49002573362983,16.49002573362983,9.575138118757126,88.72508998047634,operational,drift,2024-232E,2026-121B,False
2026-06-03 00:00:00+00:00,QQ_diff_launch,62242,63164,10,18.842687284625054,19.417535162445475,9.551719046525228,88.60470673712759,operational,operational,2024-232F,2025-046F,False
2026-06-03 00:00:00+00:00,QQ_diff_launch,62243,69080,1,19.912701442289176,19.912701442289176,4.415013661215721,88.92029852620959,stranded,drift,2024-232G,2026-104H,False
2026-06-03 00:00:00+00:00,QQ_diff_launch,62245,63168,13,15.414319146302446,15.604609466618026,9.547202883549659,88.62214215736098,operational,operational,2024-232J,2025-046K,False
2026-06-03 00:00:00+00:00,QQ_diff_launch,62246,68649,3,8.573867449166796,10.315454461909537,7.4866185380106565,88.8161303522262,operational,operational,2024-232K,2026-075P,False
2026-06-03 00:00:00+00:00,QQ_diff_launch,62247,63160,13,17.756908650604377,17.82810016379316,9.566673381356722,88.71123338317038,operational,operational,2024-232L,2025-046B,False
2026-06-03 00:00:00+00:00,QQ_diff_launch,62250,63174,27,9.98682926088008,10.976574163364539,9.568421526214273,88.67929128541483,operational,operational,2024-232P,2025-046R,True
2026-06-03 00:00:00+00:00,QQ_diff_launch,62251,63165,14,13.384642394721867,13.506469236171021,9.578657771917337,88.68249834695757,operational,operational,2024-232Q,2025-046G,True
2026-06-03 00:00:00+00:00,QQ_diff_launch,62251,68645,1,19.74509001266508,19.74509001266508,7.49484781508142,88.84873031745789,operational,drift,2024-232Q,2026-075K,False
2026-06-03 00:00:00+00:00,QQ_diff_launch,62255,63173,13,10.060842946601682,10.718543638509171,9.55826301968637,88.69805984533286,operational,operational,2024-232U,2025-046Q,False
2026-06-03 00:00:00+00:00,QQ_diff_launch,62789,68646,4,9.259516037296489,12.574541631428428,12.832302484625345,87.88949203016688,operational,operational,2025-016E,2026-075L,False
2026-06-03 00:00:00+00:00,QQ_diff_launch,62791,68636,1,17.157028099977406,17.157028099977406,12.841930529970277,87.91451572475812,operational,drift,2025-016G,2026-075A,False
2026-06-03 00:00:00+00:00,QQ_diff_launch,62791,68641,4,9.040597236663796,13.194825668924317,12.844679545320373,87.8920799967942,operational,drift,2025-016G,2026-075F,False
2026-06-03 00:00:00+00:00,QQ_diff_launch,63162,68651,1,19.554866009927572,19.554866009927572,2.5600325406476676,88.96256713491366,operational,drift,2025-046D,2026-075R,False
2026-06-03 00:00:00+00:00,QQ_diff_launch,63167,68649,2,2.9509804875422367,9.464751749460735,2.592666595029577,88.96417431440217,operational,operational,2025-046J,2026-075P,False
2026-06-03 00:00:00+00:00,QQ_diff_launch,69075,69119,2,7.634280377312478,13.611260487209748,5.157731300018549,88.91884437623216,drift,drift,2026-104C,2026-108R,False
2026-06-03 00:00:00+00:00,QQ_diff_launch,69076,69118,1,13.813286507899447,13.813286507899447,5.143368919267252,88.94306148626107,drift,drift,2026-104D,2026-108Q,False
2026-06-03 00:00:00+00:00,QQ_diff_launch,69078,69113,2,8.941616743769943,10.878317684195254,5.149496788858576,88.94246556037598,drift,drift,2026-104F,2026-108K,False
2026-06-03 00:00:00+00:00,QQ_diff_launch,69079,69121,1,19.179358623014352,19.179358623014352,5.144828655467531,88.91260001672569,drift,drift,2026-104G,2026-108T,False
2026-06-03 00:00:00+00:00,QQ_diff_launch,69080,69116,1,19.47210607825166,19.47210607825166,5.160588537092675,88.93324610538122,drift,drift,2026-104H,2026-108N,False
2026-06-03 00:00:00+00:00,QQ_diff_launch,69084,69106,1,11.867059859047597,11.867059859047597,5.159262021753905,88.94109067765264,drift,drift,2026-104M,2026-108C,False
2026-06-03 00:00:00+00:00,QQ_diff_launch,69086,69108,2,16.81026220774704,16.94416353657285,5.152280805984538,88.93436770222401,drift,drift,2026-104P,2026-108E,False
2026-06-03 00:00:00+00:00,QQ_diff_launch,69088,69109,1,11.991476225325671,11.991476225325671,5.1603077841038,88.92683096230638,drift,drift,2026-104R,2026-108F,False
2026-06-03 00:00:00+00:00,QQ_diff_launch,69090,69111,1,8.846092348294189,8.846092348294189,5.161662203763529,88.93139882454493,drift,drift,2026-104T,2026-108H,False
2026-06-03 00:00:00+00:00,QQ_same_launch,68638,68647,1,18.897435726011622,18.897435726011622,0.011329651941475753,11.229021238223991,operational,drift,2026-075C,2026-075M,False
2026-06-03 00:00:00+00:00,QQ_same_launch,69105,69117,1,4.642606988226905,4.642606988226905,0.002089938723720911,86.38326168129511,drift,drift,2026-108B,2026-108P,False
2026-06-06 00:00:00+00:00,QQ_diff_launch,60379,68642,13,12.097385892601558,12.379202556218912,5.118419497297867,88.90741118271391,operational,operational,2024-140A,2026-075G,False
2026-06-06 00:00:00+00:00,QQ_diff_launch,60381,69325,1,19.426080082640933,19.426080082640933,2.6228720577288356,88.96509284617929,operational,drift,2024-140C,2026-121A,False
2026-06-06 00:00:00+00:00,QQ_diff_launch,60386,68652,1,17.790518666388994,17.790518666388994,5.134460045205474,88.91302510944281,operational,operational,2024-140H,2026-075S,False
2026-06-06 00:00:00+00:00,QQ_diff_launch,60387,68639,1,8.712675710654477,8.712675710654477,5.105990334614763,88.91923992656375,operational,operational,2024-140J,2026-075D,False
2026-06-06 00:00:00+00:00,QQ_diff_launch,60395,61569,1,7.271440007152298,7.271440007152298,13.830689715645082,86.82586261714755,operational,stranded,2024-140S,2024-185T,False
2026-06-06 00:00:00+00:00,QQ_diff_launch,60395,69325,1,19.777431140577796,19.777431140577796,2.592536658246807,88.96669968386182,operational,drift,2024-140S,2026-121A,False
2026-06-06 00:00:00+00:00,QQ_diff_launch,61552,69080,1,13.15777825089794,13.15777825089794,9.052695802098778,88.7202515009198,stranded,ascent,2024-185A,2026-104H,False
2026-06-06 00:00:00+00:00,QQ_diff_launch,61554,69108,1,19.646105339696415,19.646105339696415,4.211136035943991,88.93973830951273,stranded,drift,2024-185C,2026-108E,False
2026-06-06 00:00:00+00:00,QQ_diff_launch,61556,69117,1,19.965031099994878,19.965031099994878,4.368617445320714,88.96003305233234,stranded,drift,2024-185E,2026-108P,False
2026-06-06 00:00:00+00:00,QQ_diff_launch,61562,68637,2,7.731954005409885,13.37539543418683,11.279569224175352,88.43214177371084,operational,operational,2024-185L,2026-075B,False
2026-06-06 00:00:00+00:00,QQ_diff_launch,61564,69325,1,13.719935268428785,13.719935268428785,12.730151154851054,88.06683948658956,stranded,drift,2024-185N,2026-121A,False
2026-06-06 00:00:00+00:00,QQ_diff_launch,61565,62246,7,13.723363325022557,15.703339718439823,4.915486763131468,88.9343490642001,operational,operational,2024-185P,2024-232K,False
2026-06-06 00:00:00+00:00,QQ_diff_launch,61569,68637,1,18.714339665392163,18.714339665392163,11.26558459305384,88.4730718218619,stranded,operational,2024-185T,2026-075B,False
2026-06-06 00:00:00+00:00,QQ_diff_launch,62238,63171,13,3.041193152036006,3.499985730059943,9.578139855286212,88.65527818251707,operational,operational,2024-232B,2025-046N,False
2026-06-06 00:00:00+00:00,QQ_diff_launch,62239,63162,27,13.147718401542463,13.696749879525383,9.54630996972266,88.63941136701334,operational,operational,2024-232C,2025-046D,True
2026-06-06 00:00:00+00:00,QQ_diff_launch,62240,69114,1,14.092461775593277,14.092461775593277,0.794066500409249,89.00538832711212,stranded,drift,2024-232D,2026-108L,False
2026-06-06 00:00:00+00:00,QQ_diff_launch,62241,63159,27,14.045108678177671,14.462483667332366,9.548920901863829,88.64943959221024,operational,operational,2024-232E,2025-046A,True
2026-06-06 00:00:00+00:00,QQ_diff_launch,62245,63168,14,16.630302097616042,16.836328046005878,9.54984429313228,88.61766103580595,operational,operational,2024-232J,2025-046K,True
2026-06-06 00:00:00+00:00,QQ_diff_launch,62247,63160,14,17.141127379079823,17.2548745089794,9.568394255311798,88.71084207712974,operational,operational,2024-232L,2025-046B,True
2026-06-06 00:00:00+00:00,QQ_diff_launch,62250,63174,27,9.984070928927045,10.32825486120325,9.601176302033869,88.66953778307979,operational,operational,2024-232P,2025-046R,True
2026-06-06 00:00:00+00:00,QQ_diff_launch,62251,63165,27,14.167244407524032,17.970382976674177,9.548888126815692,88.70524992484219,operational,operational,2024-232Q,2025-046G,True
2026-06-06 00:00:00+00:00,QQ_diff_launch,62255,63173,14,6.571619691012443,7.020915694542765,9.558559891664192,88.68157984614709,operational,operational,2024-232U,2025-046Q,True
2026-06-06 00:00:00+00:00,QQ_diff_launch,62785,68647,1,17.518379246306523,17.518379246306523,12.83745407113095,87.82986385340091,operational,excursion,2025-016A,2026-075M,False
2026-06-06 00:00:00+00:00,QQ_diff_launch,62792,68644,1,4.911967241536012,4.911967241536012,12.84868406249632,87.8691817316126,operational,operational,2025-016H,2026-075J,False
2026-06-06 00:00:00+00:00,QQ_diff_launch,63166,68637,2,8.427724984211281,9.90504566676325,2.6067664111884126,88.9620207971968,operational,operational,2025-046H,2026-075B,False
2026-06-06 00:00:00+00:00,QQ_diff_launch,63166,69325,1,14.229627966374693,14.229627966374693,0.008153189320384457,10.721337076187908,operational,drift,2025-046H,2026-121A,False
2026-06-06 00:00:00+00:00,QQ_diff_launch,63172,68649,1,16.327877643970524,16.327877643970524,2.601689495226775,88.95160028271584,operational,operational,2025-046P,2026-075P,False
2026-06-06 00:00:00+00:00,QQ_diff_launch,66037,68636,2,18.3831555871856,18.522032367817758,9.551728645915974,88.69033806201027,operational,operational,2025-233E,2026-075A,False
2026-06-06 00:00:00+00:00,QQ_diff_launch,66041,68646,3,10.365879321701357,18.120582557144495,9.620067186532905,88.70043249822199,operational,operational,2025-233J,2026-075L,False
2026-06-06 00:00:00+00:00,QQ_diff_launch,66047,68649,1,15.07499656208236,15.07499656208236,9.60202251561694,88.66905126602832,operational,operational,2025-233Q,2026-075P,False
2026-06-06 00:00:00+00:00,QQ_diff_launch,69074,69112,2,2.2884168437021675,6.168488538498324,5.149980812405772,88.92928894520128,ascent,drift,2026-104B,2026-108J,False
2026-06-06 00:00:00+00:00,QQ_diff_launch,69075,69121,2,15.609282908055828,17.114800433018573,5.159203071480049,88.90907662031877,ascent,drift,2026-104C,2026-108T,False
2026-06-06 00:00:00+00:00,QQ_diff_launch,69080,69119,1,14.839484178514596,14.839484178514596,5.16133822534137,88.92487242468714,ascent,drift,2026-104H,2026-108R,False
2026-06-06 00:00:00+00:00,QQ_diff_launch,69081,69121,1,19.171651400360847,19.171651400360847,5.161181891984241,88.9201924726337,drift,drift,2026-104J,2026-108T,False
2026-06-06 00:00:00+00:00,QQ_diff_launch,69084,69107,1,17.54862345514724,17.54862345514724,5.144507827482042,88.94247572986737,ascent,drift,2026-104M,2026-108D,False
2026-06-06 00:00:00+00:00,QQ_diff_launch,69089,69113,2,9.13579098193925,12.735336201924447,5.155859591160058,88.92972818063026,ascent,drift,2026-104S,2026-108K,False
2026-06-06 00:00:00+00:00,QQ_same_launch,68645,68649,1,13.817583959699755,13.817583959699755,0.007212630481623027,36.209876176272644,ascent,operational,2026-075K,2026-075P,False
2026-06-06 00:00:00+00:00,QQ_same_launch,69074,69090,1,14.713501501526586,14.713501501526586,0.007183361535059406,22.295562140010915,ascent,ascent,2026-104B,2026-104T,False
2026-06-06 00:00:00+00:00,QQ_same_launch,69075,69081,1,19.729995142492058,19.729995142492058,0.010030788040428649,20.076793821291155,ascent,drift,2026-104C,2026-104J,False
2026-06-06 00:00:00+00:00,QQ_same_launch,69078,69090,1,15.996949913020826,15.996949913020826,0.008819064270668793,45.61618498382978,ascent,ascent,2026-104F,2026-104T,False
2026-06-06 00:00:00+00:00,QQ_same_launch,69080,69083,1,19.933902406593372,19.933902406593372,0.01050072373957119,63.27281405558731,ascent,drift,2026-104H,2026-104L,False
2026-06-06 00:00:00+00:00,QQ_same_launch,69105,69118,1,8.86204721819842,8.86204721819842,0.008852012625967614,41.65445898054987,ascent,drift,2026-108B,2026-108Q,False
2026-06-09 00:00:00+00:00,QQ_diff_launch,60379,68642,14,12.629783506808476,13.15580532818051,5.119227952993752,88.9195068970125,operational,operational,2024-140A,2026-075G,True
2026-06-09 00:00:00+00:00,QQ_diff_launch,60379,68647,1,8.880563135138217,8.880563135138217,5.111107855818347,88.9059501978473,operational,operational,2024-140A,2026-075M,False
2026-06-09 00:00:00+00:00,QQ_diff_launch,60380,61569,1,15.774225278893663,15.774225278893663,13.841528707485601,87.0145718934839,operational,stranded,2024-140B,2024-185T,False
2026-06-09 00:00:00+00:00,QQ_diff_launch,60391,61564,1,15.020096602183028,15.020096602183028,13.815503050995332,86.88023456513868,operational,stranded,2024-140N,2024-185N,False
2026-06-09 00:00:00+00:00,QQ_diff_launch,60391,68638,2,7.800944837189398,8.13749531099923,5.109866225817597,88.91597080171043,operational,operational,2024-140N,2026-075C,False
2026-06-09 00:00:00+00:00,QQ_diff_launch,61553,69112,2,14.909984542375678,16.77445391149784,4.44500628028594,88.92943406654561,stranded,ascent,2024-185B,2026-108J,False
2026-06-09 00:00:00+00:00,QQ_diff_launch,61563,66046,2,9.88859959521028,10.322575168267932,2.3552333981405145,88.97304481009718,operational,operational,2024-185M,2025-233P,False
2026-06-09 00:00:00+00:00,QQ_diff_launch,61565,63167,1,19.791294718475203,19.791294718475203,12.736391927369068,87.77988019034748,operational,operational,2024-185P,2025-046J,False
2026-06-09 00:00:00+00:00,QQ_diff_launch,61569,66034,1,13.37855802978283,13.37855802978283,2.34963580598493,88.97272070139985,stranded,operational,2024-185T,2025-233B,False
2026-06-09 00:00:00+00:00,QQ_diff_launch,62238,63171,14,11.30813171094817,13.034952519410078,9.580134348634305,88.61725646011072,operational,operational,2024-232B,2025-046N,True
2026-06-09 00:00:00+00:00,QQ_diff_launch,62239,63162,27,15.121544808989462,15.7021538343291,9.57407139826157,88.6281003100404,operational,operational,2024-232C,2025-046D,True
2026-06-09 00:00:00+00:00,QQ_diff_launch,62241,63159,27,13.665131383850587,13.871383809031107,9.524362806726044,88.66106574402265,operational,operational,2024-232E,2025-046A,True
2026-06-09 00:00:00+00:00,QQ_diff_launch,62245,63168,27,17.996653050827536,18.316170300692658,9.577768750413362,88.61137209313307,operational,operational,2024-232J,2025-046K,True
2026-06-09 00:00:00+00:00,QQ_diff_launch,62247,63160,13,16.406587953186342,16.525872944504833,9.570193650815296,88.70990146698935,operational,operational,2024-232L,2025-046B,False
2026-06-09 00:00:00+00:00,QQ_diff_launch,62250,63174,27,11.789447246972195,12.059143950622772,9.573724582200681,88.6827595323844,operational,operational,2024-232P,2025-046R,True
2026-06-09 00:00:00+00:00,QQ_diff_launch,62250,68647,1,9.332483810226332,9.332483810226332,7.487571279355,88.83744817584642,operational,operational,2024-232P,2026-075M,False
2026-06-09 00:00:00+00:00,QQ_diff_launch,62251,63165,27,14.588290471085465,14.629460617960614,9.577332189414065,88.68525909336728,operational,operational,2024-232Q,2025-046G,True
2026-06-09 00:00:00+00:00,QQ_diff_launch,62255,63173,13,5.774289708375044,5.854573801007665,9.558895958083049,88.6644428530881,operational,operational,2024-232U,2025-046Q,False
2026-06-09 00:00:00+00:00,QQ_diff_launch,62255,68646,1,15.82572841329392,15.82572841329392,7.440807698842265,88.84457235684961,operational,operational,2024-232U,2026-075L,False
2026-06-09 00:00:00+00:00,QQ_diff_launch,62786,68638,4,3.4734060764624473,14.390911100697702,12.826093928429898,87.85976126704861,operational,operational,2025-016B,2026-075C,False
2026-06-09 00:00:00+00:00,QQ_diff_launch,62793,68647,1,15.897538730777104,15.897538730777104,12.843226156901304,87.97445501220064,operational,operational,2025-016J,2026-075M,False
2026-06-09 00:00:00+00:00,QQ_diff_launch,63170,68645,1,18.304042067426412,18.304042067426412,2.5745100713719626,88.96739962612382,operational,operational,2025-046M,2026-075K,False
2026-06-09 00:00:00+00:00,QQ_diff_launch,63174,68647,1,17.96338843729765,17.96338843729765,2.5992446563126506,88.94957581848612,operational,operational,2025-046R,2026-075M,False
2026-06-09 00:00:00+00:00,QQ_diff_launch,66048,68651,1,15.831207051938287,15.831207051938287,9.622041271780475,88.63020156634808,operational,operational,2025-233R,2026-075R,False
2026-06-09 00:00:00+00:00,QQ_diff_launch,69076,69113,2,13.043492088141067,15.320675136307706,5.1451039753071885,88.9420276045072,ascent,ascent,2026-104D,2026-108K,False
2026-06-09 00:00:00+00:00,QQ_diff_launch,69080,69104,2,11.269266782086145,14.14146508254471,5.1422742129067345,88.94677921236705,ascent,ascent,2026-104H,2026-108A,False
2026-06-09 00:00:00+00:00,QQ_diff_launch,69086,69109,2,4.429413160144638,6.806093482214333,5.144674272438778,88.92899298281549,ascent,ascent,2026-104P,2026-108F,False
2026-06-09 00:00:00+00:00,QQ_same_launch,68643,68651,1,15.06198658069654,15.06198658069654,0.007690634348193437,39.94589849112396,drift,operational,2026-075H,2026-075R,False
2026-06-09 00:00:00+00:00,QQ_same_launch,69078,69088,1,17.81110107974226,17.81110107974226,0.010253507048775215,1.3561673162024184,ascent,ascent,2026-104F,2026-104R,False
2026-06-09 00:00:00+00:00,QQ_same_launch,69105,69118,1,6.848723690901473,6.848723690901473,0.004259258196166992,15.522079395448754,ascent,ascent,2026-108B,2026-108Q,False
2026-06-09 00:00:00+00:00,QQ_same_launch,69106,69119,1,19.33144524260011,19.33144524260011,0.006242071522213592,41.72131481091848,ascent,ascent,2026-108C,2026-108R,False
2026-06-12 00:00:00+00:00,QQ_diff_launch,60379,68642,27,17.417283867005796,18.653604786964326,5.139355759580882,88.88833345726974,operational,operational,2024-140A,2026-075G,True
2026-06-12 00:00:00+00:00,QQ_diff_launch,60384,61564,1,19.14312679510541,19.14312679510541,13.829195052998433,86.82129742363094,operational,stranded,2024-140F,2024-185N,False
2026-06-12 00:00:00+00:00,QQ_diff_launch,60384,68645,4,19.15545250876625,19.4855152347791,5.149353437996647,88.88189912904707,operational,operational,2024-140F,2026-075K,False
2026-06-12 00:00:00+00:00,QQ_diff_launch,60396,61569,1,15.549590609936017,15.549590609936017,13.846224871384303,87.00035394279358,operational,stranded,2024-140T,2024-185T,False
2026-06-12 00:00:00+00:00,QQ_diff_launch,61563,62799,3,8.141604668669137,15.963812292653751,2.781671280005799,88.95730310383072,operational,operational,2024-185M,2025-016Q,False
2026-06-12 00:00:00+00:00,QQ_diff_launch,61563,68651,2,8.415452342668067,11.616977822779075,11.249980295522242,88.44171050029354,operational,operational,2024-185M,2026-075R,False
2026-06-12 00:00:00+00:00,QQ_diff_launch,61569,62246,1,16.28127671865829,16.28127671865829,4.9048556194563595,88.94691786852957,stranded,operational,2024-185T,2024-232K,False
2026-06-12 00:00:00+00:00,QQ_diff_launch,61569,63167,1,13.207750327702785,13.207750327702785,12.730051498531232,87.89418282676519,stranded,operational,2024-185T,2025-046J,False
2026-06-12 00:00:00+00:00,QQ_diff_launch,62241,63159,26,17.277664227358716,18.849339574089388,9.548205473078369,88.6231348490472,operational,operational,2024-232E,2025-046A,True
2026-06-12 00:00:00+00:00,QQ_diff_launch,62245,63168,23,15.718133493334985,16.368085234573023,9.577284896418382,88.62005207116927,operational,operational,2024-232J,2025-046K,True
2026-06-12 00:00:00+00:00,QQ_diff_launch,62246,63167,6,18.92929204237576,19.444744412057283,9.575559443358879,88.70952096012624,operational,operational,2024-232K,2025-046J,False
2026-06-12 00:00:00+00:00,QQ_diff_launch,62247,63160,14,15.50870907856542,15.633792407381975,9.572062458057204,88.70844655865254,operational,operational,2024-232L,2025-046B,True
2026-06-12 00:00:00+00:00,QQ_diff_launch,62250,63174,27,11.957384366345902,14.682162947345747,9.600156319594445,88.696267884417,operational,operational,2024-232P,2025-046R,True
2026-06-12 00:00:00+00:00,QQ_diff_launch,62251,63165,27,13.054312737543862,13.387928969837361,9.554658592950334,88.67223681817038,operational,operational,2024-232Q,2025-046G,True
2026-06-12 00:00:00+00:00,QQ_diff_launch,62255,63173,27,7.958179329936635,9.159953030445276,9.559181039399746,88.64910147202573,operational,operational,2024-232U,2025-046Q,True
2026-06-12 00:00:00+00:00,QQ_diff_launch,62789,68650,2,7.834702352867122,13.728839115734075,12.829961655897277,87.92851396149176,operational,operational,2025-016E,2026-075Q,False
2026-06-12 00:00:00+00:00,QQ_diff_launch,63163,69086,1,19.288020305458783,19.288020305458783,5.579499650970832,88.8940545827171,stranded,ascent,2025-046E,2026-104P,False
2026-06-12 00:00:00+00:00,QQ_diff_launch,63174,69326,1,17.094328662168095,17.094328662168095,0.006425300394651221,23.469001788436053,operational,drift,2025-046R,2026-121B,False
2026-06-12 00:00:00+00:00,QQ_diff_launch,66036,68638,3,6.136896748314261,13.097427048167408,9.58766769652954,88.68633398936872,operational,operational,2025-233D,2026-075C,False
2026-06-12 00:00:00+00:00,QQ_diff_launch,66036,68653,1,19.85415973669116,19.85415973669116,9.598708047710518,88.70748645604031,operational,ascent,2025-233D,2026-075T,False
2026-06-12 00:00:00+00:00,QQ_diff_launch,69075,69107,2,4.747559332234729,10.496004588562739,5.141052800445094,88.94111896306634,ascent,ascent,2026-104C,2026-108D,False
2026-06-12 00:00:00+00:00,QQ_diff_launch,69117,69384,1,19.93776305324068,19.93776305324068,2.6017790511150776,88.98830432168789,ascent,drift,2026-108P,2026-124C,False
2026-06-12 00:00:00+00:00,QQ_same_launch,61552,61556,1,15.056961517444384,15.056961517444384,0.037789919867047335,83.42396669067617,stranded,stranded,2024-185A,2024-185E,False
2026-06-12 00:00:00+00:00,QQ_same_launch,68643,68647,1,16.913875822499467,16.913875822499467,0.009359053732122216,75.05871104356464,operational,operational,2026-075H,2026-075M,False
2026-06-12 00:00:00+00:00,QQ_same_launch,69074,69087,1,9.87665719600992,9.87665719600992,0.0055130187267977936,24.384097184971797,ascent,ascent,2026-104B,2026-104Q,False
2026-06-12 00:00:00+00:00,QQ_same_launch,69075,69084,1,18.80192407878,18.80192407878,0.01184070030359358,15.591523222180276,ascent,ascent,2026-104C,2026-104M,False
2026-06-12 00:00:00+00:00,QQ_same_launch,69080,69089,1,18.244569107181658,18.244569107181658,0.010479873388853386,6.2909143965301695,ascent,ascent,2026-104H,2026-104S,False
2026-06-12 00:00:00+00:00,QQ_same_launch,69105,69106,1,10.233409219887362,10.233409219887362,0.005671013072505292,14.53699157243919,ascent,ascent,2026-108B,2026-108C,False
2026-06-12 00:00:00+00:00,QQ_same_launch,69106,69118,1,17.36023115820831,17.36023115820831,0.009437866309052915,36.17863952528371,ascent,ascent,2026-108C,2026-108Q,False
2026-06-12 00:00:00+00:00,QQ_same_launch,69107,69119,1,17.482696859356427,17.482696859356427,0.009528544060648835,27.94989764502845,ascent,ascent,2026-108D,2026-108R,False
2026-06-12 00:00:00+00:00,QQ_same_launch,69382,69398,4,4.73098213640501,16.224664312203043,0.01672211013626357,52.53731749271927,ascent,drift,2026-124A,2026-124S,False
2026-06-12 00:00:00+00:00,QQ_same_launch,69383,69385,1,12.152049143932993,12.152049143932993,0.007539141698775806,15.47733553813313,ascent,drift,2026-124B,2026-124D,False
2026-06-12 00:00:00+00:00,QQ_same_launch,69383,69386,1,12.604838214703491,12.604838214703491,0.008952633365719434,47.548226188916104,ascent,drift,2026-124B,2026-124E,False
2026-06-12 00:00:00+00:00,QQ_same_launch,69383,69387,1,14.461193954127742,14.461193954127742,0.009860924710946203,17.95708180221569,ascent,drift,2026-124B,2026-124F,False
2026-06-12 00:00:00+00:00,QQ_same_launch,69383,69389,1,8.689331466473748,8.689331466473748,0.004085726495153254,6.782673402541378,ascent,drift,2026-124B,2026-124H,False
2026-06-12 00:00:00+00:00,QQ_same_launch,69383,69390,1,10.510675012684269,10.510675012684269,0.007270609990630283,12.17810863998032,ascent,drift,2026-124B,2026-124J,False
2026-06-12 00:00:00+00:00,QQ_same_launch,69383,69399,1,11.411283498945895,11.411283498945895,0.006812888359226479,33.2690531295184,ascent,drift,2026-124B,2026-124T,False
2026-06-12 00:00:00+00:00,QQ_same_launch,69386,69392,1,11.077147185059449,11.077147185059449,0.006781033466852254,10.450739215202246,drift,drift,2026-124E,2026-124L,False
2026-06-12 00:00:00+00:00,QQ_same_launch,69386,69394,1,19.64860643266361,19.64860643266361,0.009427526505715097,20.957169674200003,drift,ascent,2026-124E,2026-124N,False
2026-06-12 00:00:00+00:00,QQ_same_launch,69387,69392,1,14.898780688053707,14.898780688053707,0.009913627534259827,42.08549717940093,drift,drift,2026-124F,2026-124L,False
2026-06-12 00:00:00+00:00,QQ_same_launch,69388,69389,1,3.8236705134842865,3.8236705134842865,0.0002643759838684448,71.04341704977892,drift,drift,2026-124G,2026-124H,False
2026-06-12 00:00:00+00:00,QQ_same_launch,69388,69390,1,4.527077248108852,4.527077248108852,0.002681221777241891,56.52165610241166,drift,drift,2026-124G,2026-124J,False
2026-06-12 00:00:00+00:00,QQ_same_launch,69388,69391,1,18.00018428514186,18.00018428514186,0.00921447566608872,7.231834927209804,drift,ascent,2026-124G,2026-124K,False
2026-06-12 00:00:00+00:00,QQ_same_launch,69388,69392,1,6.677668361008099,6.677668361008099,0.0046673653906529056,42.07231971428386,drift,drift,2026-124G,2026-124L,False
2026-06-12 00:00:00+00:00,QQ_same_launch,69388,69394,1,17.12695789695666,17.12695789695666,0.008381592917298595,66.03363486409486,drift,ascent,2026-124G,2026-124N,False
2026-06-12 00:00:00+00:00,QQ_same_launch,69388,69396,1,17.975258817597403,17.975258817597403,0.009332260399880846,11.952639705282843,drift,drift,2026-124G,2026-124Q,False
2026-06-12 00:00:00+00:00,QQ_same_launch,69388,69397,1,18.663882580505437,18.663882580505437,0.01006538336798732,26.834873354315413,drift,drift,2026-124G,2026-124R,False
2026-06-12 00:00:00+00:00,QQ_same_launch,69389,69392,1,15.21741359079847,15.21741359079847,0.01078609608289776,40.15832189015445,drift,drift,2026-124H,2026-124L,False
2026-06-12 00:00:00+00:00,QQ_same_launch,69389,69394,1,19.903357177638384,19.903357177638384,0.008804990817040536,44.533574910056736,drift,ascent,2026-124H,2026-124N,False
2026-06-12 00:00:00+00:00,QQ_same_launch,69390,69392,1,9.670733652597123,9.670733652597123,0.005896233816362734,47.469915537494344,drift,drift,2026-124J,2026-124L,False
2026-06-12 00:00:00+00:00,QQ_same_launch,69391,69392,1,16.32270894833629,16.32270894833629,0.010459325321671634,69.6861300406461,ascent,drift,2026-124K,2026-124L,False
2026-06-12 00:00:00+00:00,QQ_same_launch,69391,69393,1,18.38863211959965,18.38863211959965,0.007344640501031787,35.35216218198468,ascent,drift,2026-124K,2026-124M,False
2026-06-12 00:00:00+00:00,QQ_same_launch,69392,69394,1,13.499941046727509,13.499941046727509,0.007744434641572105,18.73729502094394,drift,ascent,2026-124L,2026-124N,False
2026-06-12 00:00:00+00:00,QQ_same_launch,69392,69395,1,11.203966034374648,11.203966034374648,0.008534266073580038,80.08832761843111,drift,drift,2026-124L,2026-124P,False
2026-06-12 00:00:00+00:00,QQ_same_launch,69392,69396,1,7.534780035636354,7.534780035636354,0.0017461074612111934,74.52624144544265,drift,drift,2026-124L,2026-124Q,False
2026-06-12 00:00:00+00:00,QQ_same_launch,69392,69397,1,10.007794485323174,10.007794485323174,0.004284848945821248,22.816827363645636,drift,drift,2026-124L,2026-124R,False
2026-06-12 00:00:00+00:00,QQ_same_launch,69392,69399,1,11.957658110498421,11.957658110498421,0.00687924927810918,10.282575112373925,drift,drift,2026-124L,2026-124T,False
2026-06-12 00:00:00+00:00,QQ_same_launch,69393,69397,1,19.326773471737475,19.326773471737475,0.008269451677804879,49.42028631912745,drift,drift,2026-124M,2026-124R,False
2026-06-12 00:00:00+00:00,QQ_same_launch,69396,69397,12,18.081855276572767,19.038889368472987,0.01976188136567122,41.33431479858435,drift,drift,2026-124Q,2026-124R,False
2026-06-15 00:00:00+00:00,QQ_diff_launch,60379,68642,13,15.278023198046663,15.719120775523525,5.139418460381091,88.89207521709297,operational,operational,2024-140A,2026-075G,False
2026-06-15 00:00:00+00:00,QQ_diff_launch,60383,68643,1,0.2874310088394287,0.2874310088394287,5.140486955336726,88.9096232276393,operational,operational,2024-140E,2026-075H,False
2026-06-15 00:00:00+00:00,QQ_diff_launch,60384,68645,14,9.918526677967847,11.292636901619098,5.150200467545746,88.89505150331543,operational,operational,2024-140F,2026-075K,True
2026-06-15 00:00:00+00:00,QQ_diff_launch,60386,68652,6,17.380716779268827,18.6108231311647,5.119489126826478,88.88462111925321,operational,operational,2024-140H,2026-075S,False
2026-06-15 00:00:00+00:00,QQ_diff_launch,60387,68639,14,12.09126357254315,14.023946561548993,5.112330386966464,88.89256890224397,operational,operational,2024-140J,2026-075D,True
2026-06-15 00:00:00+00:00,QQ_diff_launch,60388,68647,14,10.494176540675022,12.903644700573476,5.1875859421319515,88.89113950704012,operational,operational,2024-140K,2026-075M,True
2026-06-15 00:00:00+00:00,QQ_diff_launch,60390,68650,13,7.729280248316984,7.820436527766391,5.116901338812023,88.90253359930948,operational,operational,2024-140M,2026-075Q,False
2026-06-15 00:00:00+00:00,QQ_diff_launch,60396,61565,10,9.834631368585647,13.478263872319603,13.842163587546587,86.95395324623439,operational,operational,2024-140T,2024-185P,False
2026-06-15 00:00:00+00:00,QQ_diff_launch,61553,69116,2,16.045953291704507,17.24201800381075,4.443206865098268,88.93224072720045,stranded,ascent,2024-185B,2026-108N,False
2026-06-15 00:00:00+00:00,QQ_diff_launch,61563,66048,2,8.42746952537468,9.470707435689306,2.3468932123831294,88.97195863618646,operational,operational,2024-185M,2025-233R,False
2026-06-15 00:00:00+00:00,QQ_diff_launch,62245,63168,14,13.48515758999238,13.84048359564777,9.57683019409481,88.6312267885643,operational,operational,2024-232J,2025-046K,True
2026-06-15 00:00:00+00:00,QQ_diff_launch,62246,63167,21,12.832537035583918,13.844383194824111,9.578272506832617,88.6798115453469,operational,operational,2024-232K,2025-046J,True
2026-06-15 00:00:00+00:00,QQ_diff_launch,62247,63160,13,14.709541381176324,14.807865143100061,9.574026713674566,88.70713076988076,operational,operational,2024-232L,2025-046B,False
2026-06-15 00:00:00+00:00,QQ_diff_launch,62250,63174,27,11.59841952442471,11.75274616378212,9.579109035352815,88.68222116192136,operational,operational,2024-232P,2025-046R,True
2026-06-15 00:00:00+00:00,QQ_diff_launch,62251,63165,27,13.309360191538518,14.04856031220276,9.575890296079054,88.68373897952304,operational,operational,2024-232Q,2025-046G,True
2026-06-15 00:00:00+00:00,QQ_diff_launch,62255,63173,27,8.535151440751678,9.732482453976495,9.54317209519755,88.6743799190414,operational,operational,2024-232U,2025-046Q,True
2026-06-15 00:00:00+00:00,QQ_diff_launch,62798,68643,3,8.712486741376443,16.39484099121926,12.81952372362235,87.82315730213142,operational,operational,2025-016P,2026-075H,False
2026-06-15 00:00:00+00:00,QQ_same_launch,69076,69088,3,8.934916747491675,13.98275610487678,0.011919460978503991,38.39294748716186,ascent,ascent,2026-104D,2026-104R,False
2026-06-15 00:00:00+00:00,QQ_same_launch,69078,69085,1,10.014546231719018,10.014546231719018,0.0023784262079956883,5.275846296908285,ascent,ascent,2026-104F,2026-104N,False
2026-06-15 00:00:00+00:00,QQ_same_launch,69107,69108,1,8.55092166113274,8.55092166113274,0.00625192258086407,38.39605235709733,ascent,ascent,2026-108D,2026-108E,False
2026-06-15 00:00:00+00:00,QQ_same_launch,69107,69117,1,9.802046153281879,9.802046153281879,0.003085289713014566,81.2913520856773,ascent,ascent,2026-108D,2026-108P,False
2026-06-15 00:00:00+00:00,QQ_same_launch,69108,69117,1,19.531664186645468,19.531664186645468,0.009709014516553094,57.47703490544354,ascent,ascent,2026-108E,2026-108P,False
2026-06-15 00:00:00+00:00,QQ_same_launch,69110,69116,1,19.440190277444593,19.440190277444593,0.01238662029238775,68.9445204156445,ascent,ascent,2026-108G,2026-108N,False
2026-06-15 00:00:00+00:00,QQ_same_launch,69383,69384,1,6.853204163691541,6.853204163691541,0.004528098244876802,22.09821242056513,ascent,ascent,2026-124B,2026-124C,False
2026-06-15 00:00:00+00:00,QQ_same_launch,69391,69392,5,2.3943370882035313,5.722703596072653,0.0066203268736054815,76.4320832212021,ascent,ascent,2026-124K,2026-124L,False
2026-06-18 00:00:00+00:00,QQ_diff_launch,60379,61569,1,9.628705179587513,9.628705179587513,13.836932070525108,86.95397770406761,operational,stranded,2024-140A,2024-185T,False
2026-06-18 00:00:00+00:00,QQ_diff_launch,60379,68642,14,12.176067837548507,12.656607809087268,5.139405330381502,88.89634403311283,operational,operational,2024-140A,2026-075G,True
2026-06-18 00:00:00+00:00,QQ_diff_launch,60381,68640,14,16.712084492372902,17.470901116464624,5.128486838794779,88.88490181523451,operational,operational,2024-140C,2026-075E,True
2026-06-18 00:00:00+00:00,QQ_diff_launch,60383,68643,8,14.41824318486122,16.88455813510125,5.122648978567645,88.88553230102605,operational,operational,2024-140E,2026-075H,False
2026-06-18 00:00:00+00:00,QQ_diff_launch,60384,68645,13,2.464467341710631,3.3582298028212336,5.151167792289078,88.90752364755895,operational,operational,2024-140F,2026-075K,False
2026-06-18 00:00:00+00:00,QQ_diff_launch,60386,68652,13,3.4030183698877914,3.7386649230044045,5.120401379060819,88.91160447227605,operational,operational,2024-140H,2026-075S,False
2026-06-18 00:00:00+00:00,QQ_diff_launch,60387,68639,13,3.5502500798156187,3.7902221564056884,5.113380198346361,88.9106404638003,operational,operational,2024-140J,2026-075D,False
2026-06-18 00:00:00+00:00,QQ_diff_launch,60390,68650,14,7.219607730666877,7.238381359480909,5.117896780056308,88.90226649627098,operational,operational,2024-140M,2026-075Q,True
2026-06-18 00:00:00+00:00,QQ_diff_launch,61562,66035,10,5.347512445646019,10.716173311568863,2.387992791034363,88.97018354815626,operational,operational,2024-185L,2025-233C,False
2026-06-18 00:00:00+00:00,QQ_diff_launch,61563,62785,2,8.835775370804694,10.220634145501219,2.8194302682746972,88.95816477804944,operational,operational,2024-185M,2025-016A,False
2026-06-18 00:00:00+00:00,QQ_diff_launch,61563,63170,5,3.2642470016528096,16.360661044631442,12.720941608967763,87.92889681387531,operational,operational,2024-185M,2025-046M,False
2026-06-18 00:00:00+00:00,QQ_diff_launch,61563,68645,4,1.8101007423451176,13.421377005423068,11.248390379438405,88.44945492265202,operational,operational,2024-185M,2026-075K,False
2026-06-18 00:00:00+00:00,QQ_diff_launch,61569,68642,1,14.252836677880316,14.252836677880316,11.264380477068801,88.4189206959852,stranded,operational,2024-185T,2026-075G,False
2026-06-18 00:00:00+00:00,QQ_diff_launch,62245,63168,13,11.499433002340023,11.78341773410966,9.576361840125223,88.64048611424847,operational,operational,2024-232J,2025-046K,False
2026-06-18 00:00:00+00:00,QQ_diff_launch,62246,63167,28,12.950713105165212,14.60209591518706,9.587541630814872,88.66789084249606,operational,operational,2024-232K,2025-046J,True
2026-06-18 00:00:00+00:00,QQ_diff_launch,62247,63160,14,14.358682633446374,14.425565379173804,9.576009356138577,88.7072504558183,operational,operational,2024-232L,2025-046B,True
2026-06-18 00:00:00+00:00,QQ_diff_launch,62250,63174,13,11.14461960564224,11.237461487970545,9.581325802806393,88.68227239992551,operational,operational,2024-232P,2025-046R,False
2026-06-18 00:00:00+00:00,QQ_diff_launch,62251,63165,27,13.251728108714438,15.473135443107914,9.560307378275498,88.63024955204924,operational,operational,2024-232Q,2025-046G,True
2026-06-18 00:00:00+00:00,QQ_diff_launch,62255,63173,28,8.827232276192747,13.410145671674567,9.552412507399104,88.6289197408705,operational,operational,2024-232U,2025-046Q,True
2026-06-18 00:00:00+00:00,QQ_diff_launch,69077,69106,1,15.243348879949888,15.243348879949888,5.126256057177228,88.9488232181088,ascent,ascent,2026-104E,2026-108C,False
2026-06-18 00:00:00+00:00,QQ_diff_launch,69077,69115,1,14.799776778001531,14.799776778001531,5.126237547847489,88.94199096373289,ascent,ascent,2026-104E,2026-108M,False
2026-06-18 00:00:00+00:00,QQ_diff_launch,69085,69108,2,1.4141407346542927,8.003457386920262,5.13499407805613,88.93417618564837,ascent,ascent,2026-104N,2026-108E,False
2026-06-18 00:00:00+00:00,QQ_diff_launch,69111,69405,1,8.399764075807028,8.399764075807028,11.52036282655372,88.40353948129034,ascent,drift,2026-108H,2026-125E,False
2026-06-18 00:00:00+00:00,QQ_diff_launch,69114,69384,1,12.997973326579794,12.997973326579794,2.6004323734028745,88.97955589678308,ascent,ascent,2026-108L,2026-124C,False
2026-06-18 00:00:00+00:00,QQ_diff_launch,69114,69408,1,16.236476594578324,16.236476594578324,11.520698338223367,88.46252459006867,ascent,drift,2026-108L,2026-125H,False
2026-06-18 00:00:00+00:00,QQ_diff_launch,69115,69394,1,18.04270858638666,18.04270858638666,2.6036210330305183,88.9889868789435,ascent,ascent,2026-108M,2026-124N,False
2026-06-18 00:00:00+00:00,QQ_diff_launch,69116,69405,3,17.831830206036386,18.52828937313442,11.528532194193078,88.35213117700232,ascent,drift,2026-108N,2026-125E,False
2026-06-18 00:00:00+00:00,QQ_diff_launch,69387,69416,1,17.186366379488824,17.186366379488824,9.70963604359927,88.6157328085015,drift,drift,2026-124F,2026-125R,False
2026-06-18 00:00:00+00:00,QQ_diff_launch,69388,69417,1,9.661356986925943,9.661356986925943,9.685689753788786,88.65295994592759,drift,drift,2026-124G,2026-125S,False
2026-06-18 00:00:00+00:00,QQ_diff_launch,69389,69414,1,16.53899321950986,16.53899321950986,9.686031881822723,88.62468729714499,drift,drift,2026-124H,2026-125P,False
2026-06-18 00:00:00+00:00,QQ_diff_launch,69389,69415,1,10.019733272043787,10.019733272043787,9.690459253485965,88.66011799211016,drift,drift,2026-124H,2026-125Q,False
2026-06-18 00:00:00+00:00,QQ_diff_launch,69398,69408,3,4.486847611777921,10.21469763923526,9.679787254388755,88.6873429543204,drift,drift,2026-124S,2026-125H,False
2026-06-18 00:00:00+00:00,QQ_same_launch,61553,61558,1,12.632976798860046,12.632976798860046,0.0076805335277727455,58.20270892540747,stranded,stranded,2024-185B,2024-185G,False
2026-06-18 00:00:00+00:00,QQ_same_launch,69081,69090,1,11.74368614221994,11.74368614221994,0.0063260439772696115,69.57207804765515,ascent,ascent,2026-104J,2026-104T,False
2026-06-18 00:00:00+00:00,QQ_same_launch,69106,69115,1,15.342386262213607,15.342386262213607,0.008907041124847083,39.230966117018276,ascent,ascent,2026-108C,2026-108M,False
2026-06-18 00:00:00+00:00,QQ_same_launch,69111,69121,1,18.113284634260296,18.113284634260296,0.009754139448100562,46.88360722575318,ascent,ascent,2026-108H,2026-108T,False
2026-06-18 00:00:00+00:00,QQ_same_launch,69116,69120,1,4.0998207791967385,4.0998207791967385,0.0039848078146182565,81.72571379918763,ascent,ascent,2026-108N,2026-108S,False
2026-06-18 00:00:00+00:00,QQ_same_launch,69120,69121,3,3.0858067905703868,3.55498133663539,0.0048333080433656805,43.305618716029265,ascent,ascent,2026-108S,2026-108T,False
2026-06-21 00:00:00+00:00,QQ_diff_launch,60379,68642,13,8.835613192145665,9.355049479450178,5.1393644416778255,88.90075642523243,operational,operational,2024-140A,2026-075G,False
2026-06-21 00:00:00+00:00,QQ_diff_launch,60381,68640,12,12.53355526120564,13.089797962983337,5.1296320151931205,88.89166107194475,operational,operational,2024-140C,2026-075E,False
2026-06-21 00:00:00+00:00,QQ_diff_launch,60383,68643,13,4.43113234597507,4.539002046667641,5.124217814770141,88.91122652752807,operational,operational,2024-140E,2026-075H,False
2026-06-21 00:00:00+00:00,QQ_diff_launch,60384,68645,11,3.9620899479050435,4.796105291327982,5.152134771770183,88.91739672367926,operational,operational,2024-140F,2026-075K,False
2026-06-21 00:00:00+00:00,QQ_diff_launch,60386,68652,10,15.914524648476466,17.957501670447236,5.121451493116952,88.93410577194274,operational,operational,2024-140H,2026-075S,False
2026-06-21 00:00:00+00:00,QQ_diff_launch,60387,68639,13,8.91225617085713,10.44293029303406,5.114467572587807,88.92524322740502,operational,operational,2024-140J,2026-075D,False
2026-06-21 00:00:00+00:00,QQ_diff_launch,60390,68650,10,7.446843493945342,7.522898970055636,5.118905774082275,88.90085934326694,operational,operational,2024-140M,2026-075Q,False
2026-06-21 00:00:00+00:00,QQ_diff_launch,61553,69116,1,19.015808379661618,19.015808379661618,4.451194043753435,88.9645922369983,stranded,ascent,2024-185B,2026-108N,False
2026-06-21 00:00:00+00:00,QQ_diff_launch,61553,69120,1,12.017515236253905,12.017515236253905,4.450889652707702,88.9333883793007,stranded,ascent,2024-185B,2026-108S,False
2026-06-21 00:00:00+00:00,QQ_diff_launch,61563,66047,2,3.1602780131101174,4.432394816278354,2.3723811003867024,88.97658634396517,operational,operational,2024-185M,2025-233Q,False
2026-06-21 00:00:00+00:00,QQ_diff_launch,61567,69116,1,15.2057599739935,15.2057599739935,4.458800894596317,88.92946410387069,stranded,ascent,2024-185R,2026-108N,False
2026-06-21 00:00:00+00:00,QQ_diff_launch,61567,69121,1,14.344650020866585,14.344650020866585,4.458087521578488,88.92889852958798,stranded,ascent,2024-185R,2026-108T,False
2026-06-21 00:00:00+00:00,QQ_diff_launch,61569,63176,1,14.186684910615254,14.186684910615254,12.721358992471437,87.9884150770482,stranded,operational,2024-185T,2025-046T,False
2026-06-21 00:00:00+00:00,QQ_diff_launch,62240,66043,2,2.702914398236794,7.108609189223511,3.1579111039074887,88.97785540626856,stranded,drift,2024-232D,2025-233L,False
2026-06-21 00:00:00+00:00,QQ_diff_launch,62245,63168,13,9.829843025478903,10.070048684266974,9.575974440693278,88.64772063283802,operational,operational,2024-232J,2025-046K,False
2026-06-21 00:00:00+00:00,QQ_diff_launch,62246,63167,15,11.284692972514458,11.820997629022546,9.593707068390044,88.67356055804885,operational,operational,2024-232K,2025-046J,True
2026-06-21 00:00:00+00:00,QQ_diff_launch,62247,63160,12,14.113411600304973,14.153234017093578,9.578030479318858,88.70709681961083,operational,operational,2024-232L,2025-046B,False
2026-06-21 00:00:00+00:00,QQ_diff_launch,62250,63174,13,10.393078857881427,10.532524809882597,9.583875011105041,88.68156990411643,operational,operational,2024-232P,2025-046R,False
2026-06-21 00:00:00+00:00,QQ_diff_launch,62251,63165,18,11.95391475146817,12.282478206706132,9.57470412780483,88.67915773977265,operational,operational,2024-232Q,2025-046G,True
2026-06-21 00:00:00+00:00,QQ_diff_launch,62253,63175,11,16.023166381767275,16.919003737160104,9.555601256776507,88.70352922601445,operational,operational,2024-232S,2025-046S,False
2026-06-21 00:00:00+00:00,QQ_diff_launch,62255,63173,12,15.056734643951838,16.149554970032305,9.546069789487316,88.61684082958138,operational,operational,2024-232U,2025-046Q,False
2026-06-21 00:00:00+00:00,QQ_diff_launch,62801,68652,2,19.55916215802585,19.697293446584936,12.850352664565136,88.00693587257632,operational,operational,2025-016S,2026-075S,False
2026-06-21 00:00:00+00:00,QQ_diff_launch,63163,69088,2,8.72886795597237,13.895512045291145,5.580235513650617,88.90542528463362,stranded,ascent,2025-046E,2026-104R,False
2026-06-21 00:00:00+00:00,QQ_diff_launch,69386,69410,1,18.795723980535918,18.795723980535918,9.713823643184442,88.68436678019401,drift,drift,2026-124E,2026-125K,False
2026-06-21 00:00:00+00:00,QQ_same_launch,61554,61560,1,8.495469522257647,8.495469522257647,0.007118914550572448,62.93106947472802,stranded,stranded,2024-185C,2024-185J,False
2026-06-21 00:00:00+00:00,QQ_same_launch,69081,69088,1,15.32905293037281,15.32905293037281,0.007964344636959417,53.028193007403246,ascent,ascent,2026-104J,2026-104R,False
2026-06-21 00:00:00+00:00,QQ_same_launch,69117,69119,1,8.454351739730997,8.454351739730997,0.004571239114256376,31.871413218972148,ascent,ascent,2026-108P,2026-108R,False
2026-06-24 00:00:00+00:00,QQ_diff_launch,60379,68642,14,5.387277391825788,5.970674936060463,5.139232976757418,88.90495499595414,operational,operational,2024-140A,2026-075G,True
2026-06-24 00:00:00+00:00,QQ_diff_launch,60381,68640,14,8.83951609664761,9.371133353168439,5.130786843778819,88.89723851709243,operational,operational,2024-140C,2026-075E,True
2026-06-24 00:00:00+00:00,QQ_diff_launch,60383,68643,13,11.659226786509166,13.26705493387122,5.125374398095818,88.92636476139917,operational,operational,2024-140E,2026-075H,False
2026-06-24 00:00:00+00:00,QQ_diff_launch,60384,68645,13,10.813397045453332,11.805495557922246,5.153192759356996,88.92639114016752,operational,operational,2024-140F,2026-075K,False
2026-06-24 00:00:00+00:00,QQ_diff_launch,60386,68652,14,5.549168540316964,8.458317249537826,5.134848333416749,88.89997085817527,operational,operational,2024-140H,2026-075S,True
2026-06-24 00:00:00+00:00,QQ_diff_launch,60387,68639,4,19.24329747263007,19.618088460286778,5.1154926280030075,88.935998391512,operational,operational,2024-140J,2026-075D,False
2026-06-24 00:00:00+00:00,QQ_diff_launch,60390,68650,14,8.678230318720782,8.972293277504612,5.1200255080303565,88.898108215799,operational,operational,2024-140M,2026-075Q,True
2026-06-24 00:00:00+00:00,QQ_diff_launch,60391,68653,14,17.964072297009412,18.360727654029827,5.102452591322905,88.88524698050725,operational,operational,2024-140N,2026-075T,True
2026-06-24 00:00:00+00:00,QQ_diff_launch,60392,68644,14,1.9596162757568427,4.068078342864906,5.124237616019533,88.90529655036784,operational,operational,2024-140P,2026-075J,True
2026-06-24 00:00:00+00:00,QQ_diff_launch,60396,68648,14,7.7857443919849665,10.623355071101392,5.158673450804656,88.89599161218385,operational,operational,2024-140T,2026-075N,True
2026-06-24 00:00:00+00:00,QQ_diff_launch,61552,69388,1,15.402137907758693,15.402137907758693,6.814585014293957,88.87403910516993,stranded,drift,2024-185A,2026-124G,False
2026-06-24 00:00:00+00:00,QQ_diff_launch,61556,69393,1,13.201604135839533,13.201604135839533,6.786067832479094,88.86209212019912,stranded,drift,2024-185E,2026-124M,False
2026-06-24 00:00:00+00:00,QQ_diff_launch,61561,62240,1,14.488578707153955,14.488578707153955,4.962445342641831,88.9423671758416,stranded,stranded,2024-185K,2024-232D,False
2026-06-24 00:00:00+00:00,QQ_diff_launch,61563,62790,2,5.129401164505213,8.623877271768233,2.7968568342752818,88.95696291329094,operational,operational,2024-185M,2025-016F,False
2026-06-24 00:00:00+00:00,QQ_diff_launch,61563,68649,4,6.5452157005359926,10.835932813459754,11.249477847824174,88.38622229089516,operational,operational,2024-185M,2026-075P,False
2026-06-24 00:00:00+00:00,QQ_diff_launch,61568,62243,1,19.072151763066334,19.072151763066334,4.954906623186879,88.9113202062914,stranded,stranded,2024-185S,2024-232G,False
2026-06-24 00:00:00+00:00,QQ_diff_launch,62243,69389,1,19.277900265403115,19.277900265403115,1.8283192558029857,88.99549326555181,stranded,drift,2024-232G,2026-124H,False
2026-06-24 00:00:00+00:00,QQ_diff_launch,62243,69411,1,10.966264096222975,10.966264096222975,11.04500313177888,88.48631458787054,stranded,drift,2024-232G,2026-125L,False
2026-06-24 00:00:00+00:00,QQ_diff_launch,62245,63168,13,8.433804527492425,8.647769697726263,9.575652205349389,88.65212085823775,operational,operational,2024-232J,2025-046K,False
2026-06-24 00:00:00+00:00,QQ_diff_launch,62246,63167,14,10.178510195376528,10.22228349516315,9.593428581094471,88.65081167952209,operational,operational,2024-232K,2025-046J,True
2026-06-24 00:00:00+00:00,QQ_diff_launch,62247,63160,14,13.640285093755875,13.69002914825899,9.580098498133236,88.70581765730506,operational,operational,2024-232L,2025-046B,True
2026-06-24 00:00:00+00:00,QQ_diff_launch,62250,63174,13,9.30672008836148,9.490119202521983,9.58636299295557,88.67990224903275,operational,operational,2024-232P,2025-046R,False
2026-06-24 00:00:00+00:00,QQ_diff_launch,62251,63165,13,10.170654342308294,10.453536075617624,9.574215291473312,88.6730255293772,operational,operational,2024-232Q,2025-046G,False
2026-06-24 00:00:00+00:00,QQ_diff_launch,62253,63175,14,10.54747427574844,11.006229535242918,9.55817522011992,88.67155455975353,operational,operational,2024-232S,2025-046S,True
2026-06-24 00:00:00+00:00,QQ_diff_launch,62795,68640,2,19.758603564772283,19.86431006240604,12.848603947832403,88.00592247563179,operational,operational,2025-016L,2026-075E,False
2026-06-24 00:00:00+00:00,QQ_diff_launch,62796,68639,14,12.287363043845945,13.767536328028873,12.849417801313422,87.95676984382197,operational,operational,2025-016M,2026-075D,True
2026-06-24 00:00:00+00:00,QQ_diff_launch,62801,68652,14,8.674488635458571,9.945109822679198,12.851355810686805,87.930011886828,operational,operational,2025-016S,2026-075S,True
2026-06-24 00:00:00+00:00,QQ_diff_launch,69075,69107,1,4.749167168977769,4.749167168977769,5.111672049291036,88.92644245825872,ascent,ascent,2026-104C,2026-108D,False
2026-06-24 00:00:00+00:00,QQ_diff_launch,69391,69414,2,1.0730610301040449,6.2966401561435745,9.71446183593736,88.68627777914654,drift,drift,2026-124K,2026-125P,False
2026-06-24 00:00:00+00:00,QQ_diff_launch,69391,69416,1,13.374690212030474,13.374690212030474,9.698861048152702,88.71904580333067,drift,drift,2026-124K,2026-125R,False
2026-06-24 00:00:00+00:00,QQ_diff_launch,69392,69415,2,13.48725693561153,14.072388389975954,9.715522350861267,88.63001864359862,drift,drift,2026-124L,2026-125Q,False
2026-06-24 00:00:00+00:00,QQ_same_launch,69077,69085,1,2.4378711606658343,2.4378711606658343,8.58333691369338e-05,44.184915278346864,ascent,ascent,2026-104E,2026-104N,False
2026-06-24 00:00:00+00:00,QQ_same_launch,69079,69082,1,17.324168502639434,17.324168502639434,0.017017245438162854,66.04862366733441,ascent,ascent,2026-104G,2026-104K,False
2026-06-24 00:00:00+00:00,QQ_same_launch,69106,69107,1,17.592000159529157,17.592000159529157,0.009070466749964668,63.15367781125513,ascent,ascent,2026-108C,2026-108D,False
2026-06-24 00:00:00+00:00,QQ_same_launch,69109,69118,1,19.751575626319365,19.751575626319365,0.011062834929607156,8.846007123228903,ascent,ascent,2026-108F,2026-108Q,False
2026-06-24 00:00:00+00:00,QQ_same_launch,69112,69117,1,18.127585184294723,18.127585184294723,0.007431808620781071,76.31836486462076,ascent,ascent,2026-108J,2026-108P,False
2026-06-24 00:00:00+00:00,QQ_same_launch,69118,69119,1,17.055543220059654,17.055543220059654,0.010013715567026446,25.835691586289364,ascent,ascent,2026-108Q,2026-108R,False
2026-06-27 00:00:00+00:00,QQ_diff_launch,60379,68642,13,1.6244001839273976,2.1580279983452173,5.139117138490436,88.90989521667143,operational,operational,2024-140A,2026-075G,False
2026-06-27 00:00:00+00:00,QQ_diff_launch,60381,68640,13,6.133733542861424,6.457366761237128,5.1319367748040365,88.90181394201554,operational,operational,2024-140C,2026-075E,False
2026-06-27 00:00:00+00:00,QQ_diff_launch,60383,68643,13,16.43948365479867,17.962901704444285,5.1392119217965115,88.88362584822747,operational,operational,2024-140E,2026-075H,False
2026-06-27 00:00:00+00:00,QQ_diff_launch,60384,68645,27,16.13012904131152,17.654535024507904,5.154392845107585,88.93266401159963,operational,operational,2024-140F,2026-075K,True
2026-06-27 00:00:00+00:00,QQ_diff_launch,60386,68652,13,7.2591336917866105,9.966177223121036,5.134775548150938,88.92481002363265,operational,operational,2024-140H,2026-075S,False
2026-06-27 00:00:00+00:00,QQ_diff_launch,60387,68639,13,12.78139947850665,14.26687876447484,5.1274271118689345,88.89151113244476,operational,operational,2024-140J,2026-075D,False
2026-06-27 00:00:00+00:00,QQ_diff_launch,60390,68650,13,10.900172805064509,11.310820817077522,5.121100803879104,88.89460466185764,operational,operational,2024-140M,2026-075Q,False
2026-06-27 00:00:00+00:00,QQ_diff_launch,60391,68653,13,16.03592706658594,16.27665365684056,5.103470326428566,88.888573700589,operational,operational,2024-140N,2026-075T,False
2026-06-27 00:00:00+00:00,QQ_diff_launch,60392,68644,13,12.229362703789812,14.85778087836645,5.125456062810566,88.9286257138096,operational,operational,2024-140P,2026-075J,False
2026-06-27 00:00:00+00:00,QQ_diff_launch,60394,68641,14,18.793239708034505,19.295700270032125,5.124838652503388,88.93571138756971,operational,operational,2024-140R,2026-075F,True
2026-06-27 00:00:00+00:00,QQ_diff_launch,60396,68648,14,5.954485031006831,8.60326982568083,5.159710139468052,88.9215078449887,operational,operational,2024-140T,2026-075N,True
2026-06-27 00:00:00+00:00,QQ_diff_launch,61552,69418,1,13.836743164417907,13.836743164417907,13.750391679263528,87.28678720285785,stranded,drift,2024-185A,2026-125T,False
2026-06-27 00:00:00+00:00,QQ_diff_launch,61555,69083,1,11.756560951440525,11.756560951440525,9.191649762975434,88.68235166475824,stranded,ascent,2024-185D,2026-104L,False
2026-06-27 00:00:00+00:00,QQ_diff_launch,61557,69392,2,7.3449764664842885,10.028565801590673,6.675209140805717,88.86274736197996,stranded,drift,2024-185F,2026-124L,False
2026-06-27 00:00:00+00:00,QQ_diff_launch,61560,69416,1,15.288721132276095,15.288721132276095,13.750997200308701,87.30078832033878,stranded,drift,2024-185J,2026-125R,False
2026-06-27 00:00:00+00:00,QQ_diff_launch,61561,66043,1,6.599718187047634,6.599718187047634,1.883673721167208,88.97917412422073,stranded,drift,2024-185K,2025-233L,False
2026-06-27 00:00:00+00:00,QQ_diff_launch,61563,66049,2,4.818363342647393,7.331480819891896,2.3404224458976306,88.97245630994789,operational,operational,2024-185M,2025-233S,False
2026-06-27 00:00:00+00:00,QQ_diff_launch,61564,63170,1,17.311651990249548,17.311651990249548,12.692361001930069,87.86699766606851,stranded,operational,2024-185N,2025-046M,False
2026-06-27 00:00:00+00:00,QQ_diff_launch,61569,66039,1,18.89807547941786,18.89807547941786,2.335189392872031,88.97576605126572,stranded,operational,2024-185T,2025-233G,False
2026-06-27 00:00:00+00:00,QQ_diff_launch,62245,63168,14,7.106428716909981,7.321539957669916,9.575494344004106,88.65407941274526,operational,operational,2024-232J,2025-046K,True
2026-06-27 00:00:00+00:00,QQ_diff_launch,62246,63167,13,12.653601129655353,13.381362347991843,9.593346489628876,88.62435603117932,operational,operational,2024-232K,2025-046J,False
2026-06-27 00:00:00+00:00,QQ_diff_launch,62247,63160,13,13.275051282107208,13.311321273644168,9.582119161578,88.70409667668888,operational,operational,2024-232L,2025-046B,False
2026-06-27 00:00:00+00:00,QQ_diff_launch,62250,63174,14,7.8973751311768865,8.146535758896526,9.588674393074976,88.67727535697789,operational,operational,2024-232P,2025-046R,True
2026-06-27 00:00:00+00:00,QQ_diff_launch,62251,63165,14,8.362955451031896,8.624269255398215,9.573884485531371,88.66398513988472,operational,operational,2024-232Q,2025-046G,True
2026-06-27 00:00:00+00:00,QQ_diff_launch,62253,63175,13,11.095783408728417,11.696556098950618,9.560447469703465,88.63863591592693,operational,operational,2024-232S,2025-046S,False
2026-06-27 00:00:00+00:00,QQ_diff_launch,62795,68640,14,11.990707320055531,13.064209930145518,12.849246967662104,87.95061950058096,operational,operational,2025-016L,2026-075E,True
2026-06-27 00:00:00+00:00,QQ_diff_launch,62796,68639,27,8.601831663369673,14.413214660765297,12.805620101767735,87.95484243020445,operational,operational,2025-016M,2026-075D,True
2026-06-27 00:00:00+00:00,QQ_diff_launch,62798,68643,13,19.960901570564957,19.971364213638186,12.854608755013903,87.99968150641881,operational,operational,2025-016P,2026-075H,False
2026-06-27 00:00:00+00:00,QQ_diff_launch,62801,68652,27,7.229154641427551,14.51104049822381,12.808969994683164,87.9597133207494,operational,operational,2025-016S,2026-075S,True
2026-06-27 00:00:00+00:00,QQ_diff_launch,69086,69114,1,11.505995743231319,11.505995743231319,5.099332270357,88.92780152084356,ascent,ascent,2026-104P,2026-108L,False
2026-06-27 00:00:00+00:00,QQ_diff_launch,69385,69407,4,5.284219139283489,13.34330794748734,9.707104466316041,88.67109689130959,drift,drift,2026-124D,2026-125G,False
2026-06-27 00:00:00+00:00,QQ_diff_launch,69390,69412,4,2.716903488748535,13.169764735953638,9.713134597611695,88.68514135792766,drift,drift,2026-124J,2026-125M,False
2026-06-27 00:00:00+00:00,QQ_diff_launch,69395,69402,1,14.77732710238583,14.77732710238583,9.725100872711609,88.70372875261421,drift,drift,2026-124P,2026-125B,False
2026-06-27 00:00:00+00:00,QQ_diff_launch,69395,69417,3,13.851943937069896,16.3550791384136,9.701047295352652,88.62949685076323,drift,drift,2026-124P,2026-125S,False
2026-06-27 00:00:00+00:00,QQ_diff_launch,69399,69418,4,6.894721963100089,12.67425121431722,9.709084968543673,88.67731714912277,drift,drift,2026-124T,2026-125T,False
2026-06-27 00:00:00+00:00,QQ_same_launch,69073,69076,1,4.1895918177300935,4.1895918177300935,0.0018094970599476395,19.36201425187717,ascent,ascent,2026-104A,2026-104D,False
2026-06-27 00:00:00+00:00,QQ_same_launch,69082,69087,1,17.57678960707503,17.57678960707503,0.008482045414613771,20.185773363500235,ascent,ascent,2026-104K,2026-104Q,False
2026-06-27 00:00:00+00:00,QQ_same_launch,69109,69118,1,7.4419142078530225,7.4419142078530225,0.00467265181970959,29.867900184390685,ascent,ascent,2026-108F,2026-108Q,False
2026-06-27 00:00:00+00:00,QQ_same_launch,69111,69113,1,9.243622185696115,9.243622185696115,0.0056802143977833005,18.096145726636845,ascent,ascent,2026-108H,2026-108K,False
2026-06-30 00:00:00+00:00,QQ_diff_launch,60379,68642,14,1.8555059066279496,2.4783487570420233,5.1390055913190285,88.91526977478637,operational,operational,2024-140A,2026-075G,True
2026-06-30 00:00:00+00:00,QQ_diff_launch,60381,68640,14,4.6462208706148225,4.748028997503326,5.133086686988296,88.90553030017111,operational,operational,2024-140C,2026-075E,True
2026-06-30 00:00:00+00:00,QQ_diff_launch,60383,68643,14,5.805621527831916,7.448698968475972,5.139228682904637,88.89997520456492,operational,operational,2024-140E,2026-075H,True
2026-06-30 00:00:00+00:00,QQ_diff_launch,60384,68645,14,9.530465567946612,10.552917815077226,5.165347589700733,88.8971879999051,operational,operational,2024-140F,2026-075K,True
2026-06-30 00:00:00+00:00,QQ_diff_launch,60385,69411,1,19.794081125881934,19.794081125881934,1.127620972757504,88.97549127282788,drift,drift,2024-140G,2026-125L,False
2026-06-30 00:00:00+00:00,QQ_diff_launch,60386,61563,2,6.209574143557022,11.620817529617412,13.82119293862593,87.01103882260136,operational,operational,2024-140H,2024-185M,False
2026-06-30 00:00:00+00:00,QQ_diff_launch,60386,68652,14,17.058615319792374,17.074318759547445,5.134685427872425,88.93331534709961,operational,operational,2024-140H,2026-075S,True
2026-06-30 00:00:00+00:00,QQ_diff_launch,60387,68639,14,4.124283282626766,4.856441119085086,5.127355460827253,88.90784791482719,operational,operational,2024-140J,2026-075D,True
2026-06-30 00:00:00+00:00,QQ_diff_launch,60390,68650,14,13.746984657219365,14.323206268542062,5.1221904547143335,88.89058879743311,operational,operational,2024-140M,2026-075Q,True
2026-06-30 00:00:00+00:00,QQ_diff_launch,60391,68653,14,14.580940838240224,14.714925158621229,5.104531782709392,88.8914529261894,operational,operational,2024-140N,2026-075T,True
2026-06-30 00:00:00+00:00,QQ_diff_launch,60392,68644,13,11.3235770096743,13.906430907372142,5.137806005798521,88.89042997438423,operational,operational,2024-140P,2026-075J,False
2026-06-30 00:00:00+00:00,QQ_diff_launch,60393,68646,2,19.596954774012897,19.724512125320974,5.12748929843425,88.88333335982176,operational,operational,2024-140Q,2026-075L,False
2026-06-30 00:00:00+00:00,QQ_diff_launch,60394,68641,13,15.955555945355917,16.37587581325142,5.124820220681476,88.93271358246649,operational,operational,2024-140R,2026-075F,False
2026-06-30 00:00:00+00:00,QQ_diff_launch,60396,68648,14,7.94654832218028,10.491526588739614,5.169773702306861,88.89816498784687,operational,operational,2024-140T,2026-075N,True
2026-06-30 00:00:00+00:00,QQ_diff_launch,61556,69388,2,16.598797225428086,18.085812351500877,6.773160170815745,88.86176023089322,stranded,drift,2024-185E,2026-124G,False
2026-06-30 00:00:00+00:00,QQ_diff_launch,61556,69411,1,19.218915077219492,19.218915077219492,13.796027151361647,87.33450909630692,stranded,drift,2024-185E,2026-125L,False
2026-06-30 00:00:00+00:00,QQ_diff_launch,61559,69086,1,19.39449900901669,19.39449900901669,9.273147708860353,88.72315280960584,stranded,ascent,2024-185H,2026-104P,False
2026-06-30 00:00:00+00:00,QQ_diff_launch,61559,69104,1,8.719387143855018,8.719387143855018,4.707922912844664,88.94708259852067,stranded,ascent,2024-185H,2026-108A,False
2026-06-30 00:00:00+00:00,QQ_diff_launch,61563,62801,2,10.760786828128492,15.2276023547925,2.800157482177646,88.9524811644088,operational,operational,2024-185M,2025-016S,False
2026-06-30 00:00:00+00:00,QQ_diff_launch,61563,68652,4,7.888254329127577,11.196910278084953,11.249104277418784,88.41900054510225,operational,operational,2024-185M,2026-075S,False
2026-06-30 00:00:00+00:00,QQ_diff_launch,61569,62802,1,13.165538966592539,13.165538966592539,2.8109515207679254,88.96279862569733,stranded,operational,2024-185T,2025-016T,False
2026-06-30 00:00:00+00:00,QQ_diff_launch,61569,63161,1,13.620882633974835,13.620882633974835,12.713207438617745,88.00905693716139,stranded,operational,2024-185T,2025-046C,False
2026-06-30 00:00:00+00:00,QQ_diff_launch,61569,68636,1,19.28982798949825,19.28982798949825,11.238962542747272,88.36802982279568,stranded,operational,2024-185T,2026-075A,False
2026-06-30 00:00:00+00:00,QQ_diff_launch,62243,69416,1,16.42011159206209,16.42011159206209,11.00482471663479,88.564704882403,stranded,drift,2024-232G,2026-125R,False
2026-06-30 00:00:00+00:00,QQ_diff_launch,62245,63168,13,5.947872982591732,6.1073110413298854,9.575496437533035,88.65354472866886,operational,operational,2024-232J,2025-046K,False
2026-06-30 00:00:00+00:00,QQ_diff_launch,62246,63167,7,18.7215840991247,19.274610829538883,9.593426902503184,88.59731499076284,operational,operational,2024-232K,2025-046J,False
2026-06-30 00:00:00+00:00,QQ_diff_launch,62247,63160,14,12.92301826591335,12.973868221519876,9.584115985667923,88.70181470262071,operational,operational,2024-232L,2025-046B,True
2026-06-30 00:00:00+00:00,QQ_diff_launch,62249,63172,7,18.852229885154514,19.345581470060104,9.595449024438766,88.72180092731966,operational,operational,2024-232N,2025-046P,False
2026-06-30 00:00:00+00:00,QQ_diff_launch,62250,63174,13,6.224150221721075,6.488956919650099,9.59082702526952,88.6735496739225,operational,operational,2024-232P,2025-046R,False
2026-06-30 00:00:00+00:00,QQ_diff_launch,62251,63165,13,7.657962987121045,7.665936567518395,9.573717625712552,88.65234501173751,operational,operational,2024-232Q,2025-046G,False
2026-06-30 00:00:00+00:00,QQ_diff_launch,62253,63175,27,17.162186310767442,18.734402070607718,9.5628053700186,88.61005376185594,operational,operational,2024-232S,2025-046S,True
2026-06-30 00:00:00+00:00,QQ_diff_launch,62255,63173,5,18.963412893060646,19.41267614022123,9.562861093869715,88.60365214468226,operational,operational,2024-232U,2025-046Q,False
2026-06-30 00:00:00+00:00,QQ_diff_launch,62785,68645,4,19.526087233791113,19.73804101076172,12.86185308996537,87.99124774880127,operational,operational,2025-016A,2026-075K,False
2026-06-30 00:00:00+00:00,QQ_diff_launch,62795,68640,27,8.484735411175965,14.993011903631007,12.804953293394128,87.9607522592468,operational,operational,2025-016L,2026-075E,True
2026-06-30 00:00:00+00:00,QQ_diff_launch,62796,68639,27,9.739733275841786,14.054254684637378,12.850726965894927,87.80358777565314,operational,operational,2025-016M,2026-075D,True
2026-06-30 00:00:00+00:00,QQ_diff_launch,62800,68648,14,16.745050480180566,17.645665212655654,12.856314173382934,87.97541315546113,operational,operational,2025-016R,2026-075N,True
2026-06-30 00:00:00+00:00,QQ_diff_launch,62801,68652,27,10.989374483888755,11.602438444452746,12.852968631829388,87.81749991204683,operational,operational,2025-016S,2026-075S,True
2026-06-30 00:00:00+00:00,QQ_diff_launch,66039,69326,1,19.95401498551643,19.95401498551643,11.404979069522497,88.44989872685304,operational,drift,2025-233G,2026-121B,False
2026-06-30 00:00:00+00:00,QQ_diff_launch,69079,69107,1,18.319915920638906,18.319915920638906,5.097795814412059,88.95228829231556,ascent,ascent,2026-104G,2026-108D,False
2026-06-30 00:00:00+00:00,QQ_diff_launch,69391,69413,3,3.201093237300238,12.513523072387724,9.731514520968062,88.67237948871535,drift,drift,2026-124K,2026-125N,False
2026-06-30 00:00:00+00:00,QQ_diff_launch,69392,69416,4,9.361382283707439,9.608287273016398,9.714852084604182,88.68255254445927,drift,drift,2026-124L,2026-125R,False
2026-06-30 00:00:00+00:00,QQ_diff_launch,69395,69404,1,13.504038650509912,13.504038650509912,9.726287461871062,88.64221860159199,drift,drift,2026-124P,2026-125D,False
2026-06-30 00:00:00+00:00,QQ_same_launch,69112,69116,1,16.972574472857136,16.972574472857136,0.008401469798422262,67.92763918877391,ascent,ascent,2026-108J,2026-108N,False
2026-06-30 00:00:00+00:00,QQ_same_launch,69114,69118,1,15.607398859489686,15.607398859489686,0.010095272192529576,56.588665236339274,drift,ascent,2026-108L,2026-108Q,False
2026-06-30 00:00:00+00:00,QQ_same_launch,69382,69392,1,19.77274550523119,19.77274550523119,0.011052866124756535,28.770020692623447,drift,drift,2026-124A,2026-124L,False
2026-06-30 00:00:00+00:00,QQ_same_launch,69385,69397,1,18.504184736280507,18.504184736280507,0.008934171587902875,4.580683792678138,drift,drift,2026-124D,2026-124R,False
2026-06-30 00:00:00+00:00,QQ_same_launch,69401,69412,1,16.521247187126068,16.521247187126068,0.008229168348417772,1.0099620911474199,drift,drift,2026-125A,2026-125M,False
2026-06-30 00:00:00+00:00,QQ_same_launch,69402,69414,1,17.808015068740257,17.808015068740257,0.009265451172473318,83.47033327545282,drift,drift,2026-125B,2026-125P,False
2026-06-30 00:00:00+00:00,QQ_same_launch,69402,69416,1,18.401131018276878,18.401131018276878,0.009989253909625545,46.717084667836474,drift,drift,2026-125B,2026-125R,False
2026-06-30 00:00:00+00:00,QQ_same_launch,69403,69413,1,19.476625447776467,19.476625447776467,0.010047634571233081,35.80579539723965,drift,drift,2026-125C,2026-125N,False
2026-07-03 00:00:00+00:00,QQ_diff_launch,60379,68642,13,6.09390804088409,6.744949878009368,5.138919221331099,88.92054735167433,operational,operational,2024-140A,2026-075G,False
2026-07-03 00:00:00+00:00,QQ_diff_launch,60381,68640,13,4.735504898409416,4.822981888251389,5.134231788651881,88.90785652059071,operational,operational,2024-140C,2026-075E,False
2026-07-03 00:00:00+00:00,QQ_diff_launch,60383,68643,13,2.6522901095074634,3.9480193964616452,5.139272449506275,88.91472538001092,operational,operational,2024-140E,2026-075H,False
2026-07-03 00:00:00+00:00,QQ_diff_launch,60384,68645,13,5.11261252284628,5.383258662242638,5.16544969846956,88.90804157480375,operational,operational,2024-140F,2026-075K,False
2026-07-03 00:00:00+00:00,QQ_diff_launch,60386,68652,13,17.112557467805622,17.119070087576777,5.134646437308418,88.93296765871342,operational,operational,2024-140H,2026-075S,False
2026-07-03 00:00:00+00:00,QQ_diff_launch,60387,68639,13,7.393850717665145,8.784282566780767,5.127368891601872,88.92205912702696,operational,operational,2024-140J,2026-075D,False
2026-07-03 00:00:00+00:00,QQ_diff_launch,60390,68650,13,17.94270853310908,18.588659293490263,5.123295931681404,88.88436797309501,operational,operational,2024-140M,2026-075Q,False
2026-07-03 00:00:00+00:00,QQ_diff_launch,60391,68653,13,14.480578292491971,14.483677355449206,5.105581645832391,88.89226999761144,operational,operational,2024-140N,2026-075T,False
2026-07-03 00:00:00+00:00,QQ_diff_launch,60392,68644,14,3.3936555551159038,5.419524164757151,5.137841264584134,88.9162111694489,operational,operational,2024-140P,2026-075J,True
2026-07-03 00:00:00+00:00,QQ_diff_launch,60393,68646,13,10.16678550200077,11.43623448947499,5.128331552387889,88.89730800752132,operational,operational,2024-140Q,2026-075L,False
2026-07-03 00:00:00+00:00,QQ_diff_launch,60394,68641,14,13.2037107665746,13.60812033097885,5.124809840016392,88.9295692794074,operational,operational,2024-140R,2026-075F,True
2026-07-03 00:00:00+00:00,QQ_diff_launch,60396,61569,1,17.989948096580164,17.989948096580164,13.818462313576548,86.69006772888928,operational,stranded,2024-140T,2024-185T,False
2026-07-03 00:00:00+00:00,QQ_diff_launch,60396,68648,13,6.501156049924398,6.75458214951615,5.169872246654243,88.90795691400999,operational,operational,2024-140T,2026-075N,False
2026-07-03 00:00:00+00:00,QQ_diff_launch,61552,69405,1,6.2861313336161295,6.2861313336161295,13.747097641484801,87.26794247770718,stranded,ascent,2024-185A,2026-125E,False
2026-07-03 00:00:00+00:00,QQ_diff_launch,61559,69076,1,17.590379064893426,17.590379064893426,9.272400474357612,88.67358299366273,stranded,ascent,2024-185H,2026-104D,False
2026-07-03 00:00:00+00:00,QQ_diff_launch,61563,66050,2,3.0148622221075025,5.020649885455696,2.3408916892610354,88.97558015278992,operational,operational,2024-185M,2025-233T,False
2026-07-03 00:00:00+00:00,QQ_diff_launch,61565,63165,4,12.693878898481568,17.016234599441344,12.724358229242366,87.81991364438642,operational,operational,2024-185P,2025-046G,False
2026-07-03 00:00:00+00:00,QQ_diff_launch,61569,62251,1,12.786444944703021,12.786444944703021,4.882450994592111,88.92198227434999,stranded,operational,2024-185T,2024-232Q,False
2026-07-03 00:00:00+00:00,QQ_diff_launch,61569,66033,1,18.31756280040137,18.31756280040137,2.3384046436140653,88.9705826940613,stranded,operational,2024-185T,2025-233A,False
2026-07-03 00:00:00+00:00,QQ_diff_launch,62245,63168,14,5.546750212992521,5.55457523387207,9.575671634600583,88.64925953098961,operational,operational,2024-232J,2025-046K,True
2026-07-03 00:00:00+00:00,QQ_diff_launch,62247,63160,13,12.545639108194104,12.639189245356745,9.586037896142042,88.69904942684933,operational,operational,2024-232L,2025-046B,False
2026-07-03 00:00:00+00:00,QQ_diff_launch,62249,63172,14,11.835437445323912,12.989844639302689,9.59737936149729,88.70198236620874,operational,operational,2024-232N,2025-046P,True
2026-07-03 00:00:00+00:00,QQ_diff_launch,62250,63174,14,4.293192220578527,4.648910539642232,9.592746438233762,88.66948487511945,operational,operational,2024-232P,2025-046R,True
2026-07-03 00:00:00+00:00,QQ_diff_launch,62251,63165,14,8.89612360059894,9.401001212311368,9.573769477345406,88.6359188069845,operational,operational,2024-232Q,2025-046G,True
2026-07-03 00:00:00+00:00,QQ_diff_launch,62253,63175,14,10.909631169455007,12.115555234763713,9.56407470915986,88.69802470286368,operational,operational,2024-232S,2025-046S,True
2026-07-03 00:00:00+00:00,QQ_diff_launch,62255,63173,18,11.133398102624996,12.489913860664544,9.563627425396996,88.63295823261248,operational,operational,2024-232U,2025-046Q,True
2026-07-03 00:00:00+00:00,QQ_diff_launch,62785,68645,13,14.718922766582477,15.317780385249419,12.862476421933973,87.94790374393361,operational,operational,2025-016A,2026-075K,False
2026-07-03 00:00:00+00:00,QQ_diff_launch,62795,68640,14,13.216476869027575,14.316347879002045,12.850228370815959,87.95171690327092,operational,operational,2025-016L,2026-075E,True
2026-07-03 00:00:00+00:00,QQ_diff_launch,62796,68639,13,16.379208429324482,18.08134133642397,12.803253476492106,87.77329383157532,operational,operational,2025-016M,2026-075D,False
2026-07-03 00:00:00+00:00,QQ_diff_launch,62800,68648,13,17.305911400911313,17.812911523870962,12.856622522018428,87.97280609934691,operational,operational,2025-016R,2026-075N,False
2026-07-03 00:00:00+00:00,QQ_diff_launch,62801,68652,27,10.472464120406805,10.581348971634245,12.806244431995937,87.8984069235531,operational,operational,2025-016S,2026-075S,True
2026-07-03 00:00:00+00:00,QQ_diff_launch,66043,69414,1,19.36017154714038,19.36017154714038,12.926481489249777,88.04500251380843,drift,ascent,2025-233L,2026-125P,False
2026-07-03 00:00:00+00:00,QQ_diff_launch,69075,69119,7,11.449748983222115,16.232400909342974,5.094662141252465,88.93780499855421,ascent,ascent,2026-104C,2026-108R,False
2026-07-03 00:00:00+00:00,QQ_diff_launch,69079,69118,1,8.810066886209146,8.810066886209146,5.092531219586734,88.92028388527437,ascent,ascent,2026-104G,2026-108Q,False
2026-07-03 00:00:00+00:00,QQ_diff_launch,69391,69402,1,13.098880557379701,13.098880557379701,9.720635627507773,88.68677464908082,ascent,drift,2026-124K,2026-125B,False
2026-07-03 00:00:00+00:00,QQ_diff_launch,69396,69407,1,14.771687958438138,14.771687958438138,9.723048581970332,88.66225228680257,ascent,ascent,2026-124Q,2026-125G,False
2026-07-03 00:00:00+00:00,QQ_diff_launch,69397,69408,1,12.219334116042107,12.219334116042107,9.686433774949295,88.71489734466792,ascent,ascent,2026-124R,2026-125H,False
2026-07-03 00:00:00+00:00,QQ_same_launch,69073,69078,1,6.803633764827031,6.803633764827031,0.004324831251866287,52.152741038501375,ascent,ascent,2026-104A,2026-104F,False
2026-07-03 00:00:00+00:00,QQ_same_launch,69080,69090,1,19.278542999179944,19.278542999179944,0.012640545825829028,49.13632991561609,ascent,ascent,2026-104H,2026-104T,False
2026-07-03 00:00:00+00:00,QQ_same_launch,69110,69121,6,0.6528312900121667,2.480031450170965,0.005096305045250604,78.85742102988223,ascent,ascent,2026-108G,2026-108T,False
2026-07-03 00:00:00+00:00,QQ_same_launch,69112,69115,1,16.447315973877643,16.447315973877643,0.007576435059230387,23.64377905625231,ascent,ascent,2026-108J,2026-108M,False
2026-07-03 00:00:00+00:00,QQ_same_launch,69383,69393,1,15.156131168122883,15.156131168122883,0.009195579483318471,64.31745620413173,ascent,ascent,2026-124B,2026-124M,False
2026-07-03 00:00:00+00:00,QQ_same_launch,69385,69394,1,15.859829881069308,15.859829881069308,0.007574336717157794,87.22297727968092,ascent,ascent,2026-124D,2026-124N,False
2026-07-03 00:00:00+00:00,QQ_same_launch,69386,69396,1,13.678301309533438,13.678301309533438,0.005975493044667273,79.91301688712444,ascent,ascent,2026-124E,2026-124Q,False
2026-07-03 00:00:00+00:00,QQ_same_launch,69397,69399,1,16.842415387356752,16.842415387356752,0.009667679679374,49.28580068093359,ascent,ascent,2026-124R,2026-124T,False
2026-07-03 00:00:00+00:00,QQ_same_launch,69402,69412,1,16.017164523609296,16.017164523609296,0.008537199716582072,20.169767427208594,drift,ascent,2026-125B,2026-125M,False
2026-07-03 00:00:00+00:00,QQ_same_launch,69404,69414,1,17.837429668432012,17.837429668432012,0.00982995118493312,22.725701080404423,ascent,ascent,2026-125D,2026-125P,False
2026-07-03 00:00:00+00:00,QQ_same_launch,69404,69416,1,16.152856941599776,16.152856941599776,0.008436627469266102,5.492773003084344,ascent,ascent,2026-125D,2026-125R,False
2026-07-06 00:00:00+00:00,QQ_diff_launch,60379,68642,14,10.509754551834062,11.262812513143821,5.138837667673204,88.92564030331954,operational,operational,2024-140A,2026-075G,True
2026-07-06 00:00:00+00:00,QQ_diff_launch,60381,68640,14,5.598613469936692,5.766810536407193,5.13533331357542,88.90891877483679,operational,operational,2024-140C,2026-075E,True
2026-07-06 00:00:00+00:00,QQ_diff_launch,60382,61569,1,11.09508357969337,11.09508357969337,13.810383269026497,86.9403542837662,operational,stranded,2024-140D,2024-185T,False
2026-07-06 00:00:00+00:00,QQ_diff_launch,60383,68643,14,12.621718356850455,14.356046079316819,5.139388938471605,88.92790991973973,operational,operational,2024-140E,2026-075H,True
2026-07-06 00:00:00+00:00,QQ_diff_launch,60384,68645,14,6.592000734342678,7.411482945125435,5.16559151646572,88.91786426375916,operational,operational,2024-140F,2026-075K,True
2026-07-06 00:00:00+00:00,QQ_diff_launch,60385,62243,1,12.511615401959741,12.511615401959741,11.733383969573971,88.40194365933908,drift,stranded,2024-140G,2024-232G,False
2026-07-06 00:00:00+00:00,QQ_diff_launch,60386,68652,14,17.21736024131939,17.27451678882084,5.13462556878296,88.9324236231308,operational,operational,2024-140H,2026-075S,True
2026-07-06 00:00:00+00:00,QQ_diff_launch,60387,68639,14,8.207076514015212,9.265022016890939,5.127346965827623,88.90366471484313,operational,operational,2024-140J,2026-075D,True
2026-07-06 00:00:00+00:00,QQ_diff_launch,60390,69084,1,18.394454007459256,18.394454007459256,7.484881996324914,88.81732400898254,operational,ascent,2024-140M,2026-104M,False
2026-07-06 00:00:00+00:00,QQ_diff_launch,60391,68653,14,14.975869905776229,15.10069219533192,5.106604778596253,88.89180104638751,operational,operational,2024-140N,2026-075T,True
2026-07-06 00:00:00+00:00,QQ_diff_launch,60393,68646,14,5.636593421685932,5.696117512128419,5.129250616413495,88.91124704276719,operational,operational,2024-140Q,2026-075L,True
2026-07-06 00:00:00+00:00,QQ_diff_launch,60394,68641,13,11.11972915635766,11.392585676599511,5.124818551069567,88.92635388826339,operational,operational,2024-140R,2026-075F,False
2026-07-06 00:00:00+00:00,QQ_diff_launch,60396,61563,7,6.6894996533594995,14.988990023983847,13.832148821513469,86.82392662796973,operational,operational,2024-140T,2024-185M,False
2026-07-06 00:00:00+00:00,QQ_diff_launch,60396,68648,14,8.094370427754777,8.331603736048516,5.169991281831082,88.9062927470063,operational,operational,2024-140T,2026-075N,True
2026-07-06 00:00:00+00:00,QQ_diff_launch,61552,69405,1,17.41043749708505,17.41043749708505,13.789289662683556,87.12831685660208,stranded,ascent,2024-185A,2026-125E,False
2026-07-06 00:00:00+00:00,QQ_diff_launch,61558,69392,1,10.864170461609595,10.864170461609595,6.864849389498189,88.85513911733342,stranded,ascent,2024-185G,2026-124L,False
2026-07-06 00:00:00+00:00,QQ_diff_launch,61563,62800,2,10.973843133732732,14.952379509270134,2.8035719796360716,88.94560781968917,operational,operational,2024-185M,2025-016R,False
2026-07-06 00:00:00+00:00,QQ_diff_launch,61563,68648,2,17.34392454500208,18.52549277238947,11.248667271353472,88.32583938247674,operational,operational,2024-185M,2026-075N,False
2026-07-06 00:00:00+00:00,QQ_diff_launch,61564,63169,1,16.201806755284554,16.201806755284554,12.774058217226395,88.01926313278528,stranded,stranded,2024-185N,2025-046L,False
2026-07-06 00:00:00+00:00,QQ_diff_launch,61566,69105,1,14.675488028191172,14.675488028191172,4.548534156137725,88.92681385558286,drift,ascent,2024-185Q,2026-108B,False
2026-07-06 00:00:00+00:00,QQ_diff_launch,61569,62790,1,7.887718166136753,7.887718166136753,2.808310514650174,88.95705697539883,stranded,operational,2024-185T,2025-016F,False
2026-07-06 00:00:00+00:00,QQ_diff_launch,62242,63164,14,15.100052496841514,16.064569305768536,9.579198159934837,88.60700123988835,operational,operational,2024-232F,2025-046F,True
2026-07-06 00:00:00+00:00,QQ_diff_launch,62245,63168,13,6.449566433546335,6.765252300425661,9.576060834467867,88.64050996686827,operational,operational,2024-232J,2025-046K,False
2026-07-06 00:00:00+00:00,QQ_diff_launch,62247,63160,14,11.790595688147166,11.917655579324018,9.587901894155817,88.6939227851955,operational,operational,2024-232L,2025-046B,True
2026-07-06 00:00:00+00:00,QQ_diff_launch,62249,63172,13,4.508115342326737,5.632960049942499,9.599292042835362,88.67818542847998,operational,operational,2024-232N,2025-046P,False
2026-07-06 00:00:00+00:00,QQ_diff_launch,62250,63174,13,2.127874543135801,2.4604834791618386,9.594480056880963,88.6632675137767,operational,operational,2024-232P,2025-046R,False
2026-07-06 00:00:00+00:00,QQ_diff_launch,62251,63165,13,13.346922716126194,14.20792518042013,9.574065164851811,88.61467546220058,operational,operational,2024-232Q,2025-046G,False
2026-07-06 00:00:00+00:00,QQ_diff_launch,62253,63175,13,3.9585813677197774,4.781537815518902,9.564481697926622,88.6712220216389,operational,operational,2024-232S,2025-046S,False
2026-07-06 00:00:00+00:00,QQ_diff_launch,62255,63173,27,8.222266281920023,15.189683737853267,9.55197625703515,88.61868460184974,operational,operational,2024-232U,2025-046Q,True
2026-07-06 00:00:00+00:00,QQ_diff_launch,62785,68645,25,12.267550350566017,12.731461544375303,12.862931760237093,87.90861670522416,operational,operational,2025-016A,2026-075K,True
2026-07-06 00:00:00+00:00,QQ_diff_launch,62796,68639,9,19.243222077829508,19.605416303099013,12.802416913223592,87.76267782815118,operational,operational,2025-016M,2026-075D,False
2026-07-06 00:00:00+00:00,QQ_diff_launch,62801,68652,27,10.606491602485407,13.668856557332948,12.854110644948234,87.81223490559267,operational,operational,2025-016S,2026-075S,True
2026-07-06 00:00:00+00:00,QQ_diff_launch,69383,69413,1,3.4438764418128627,3.4438764418128627,9.668072979589441,88.66804859435533,ascent,ascent,2026-124B,2026-125N,False
2026-07-06 00:00:00+00:00,QQ_diff_launch,69384,69402,2,10.831229190191767,15.183762577196449,9.675856506402678,88.68660587503561,ascent,ascent,2026-124C,2026-125B,False
2026-07-06 00:00:00+00:00,QQ_diff_launch,69384,69411,1,19.022636653408696,19.022636653408696,9.666154943905207,88.60576723389717,ascent,ascent,2026-124C,2026-125L,False
2026-07-06 00:00:00+00:00,QQ_diff_launch,69392,69413,1,19.03148822647244,19.03148822647244,9.66410855998969,88.61544101181339,ascent,ascent,2026-124L,2026-125N,False
2026-07-06 00:00:00+00:00,QQ_same_launch,69073,69088,1,16.788229237154006,16.788229237154006,0.0073594401285337055,64.41127930293972,ascent,ascent,2026-104A,2026-104R,False
2026-07-06 00:00:00+00:00,QQ_same_launch,69077,69078,1,18.95968190098646,18.95968190098646,0.010607316873885777,49.83091591015751,ascent,ascent,2026-104E,2026-104F,False
2026-07-06 00:00:00+00:00,QQ_same_launch,69077,69086,1,8.628815363888204,8.628815363888204,0.005625330934926987,81.24079173003346,ascent,ascent,2026-104E,2026-104P,False
2026-07-06 00:00:00+00:00,QQ_same_launch,69078,69086,1,13.113319949114196,13.113319949114196,0.006371299189926196,12.255024611767059,ascent,ascent,2026-104F,2026-104P,False
2026-07-06 00:00:00+00:00,QQ_same_launch,69110,69112,1,11.317716484578174,11.317716484578174,0.006816078765156567,43.165587704489454,ascent,ascent,2026-108G,2026-108J,False
2026-07-06 00:00:00+00:00,QQ_same_launch,69115,69121,1,11.764926968347453,11.764926968347453,0.00633683631725375,49.06969388566158,ascent,ascent,2026-108M,2026-108T,False
2026-07-06 00:00:00+00:00,QQ_same_launch,69383,69392,1,13.75351366467071,13.75351366467071,0.006647384219631361,14.186122100107056,ascent,ascent,2026-124B,2026-124L,False
2026-07-06 00:00:00+00:00,QQ_same_launch,69402,69411,1,9.976260278557149,9.976260278557149,0.00517751775696116,61.91898534150628,ascent,ascent,2026-125B,2026-125L,False
2026-07-06 00:00:00+00:00,QQ_same_launch,69404,69413,1,3.8643849972786297,3.8643849972786297,0.0023501461599363806,85.35883329462735,ascent,ascent,2026-125D,2026-125N,False
2026-07-09 00:00:00+00:00,QQ_diff_launch,60379,68642,13,15.495940042566048,16.264336017168695,5.138824543722886,88.93113935094222,operational,operational,2024-140A,2026-075G,False
2026-07-09 00:00:00+00:00,QQ_diff_launch,60381,68640,13,6.6936525035928796,6.853909336190123,5.136410126804903,88.90944253812495,operational,operational,2024-140C,2026-075E,False
2026-07-09 00:00:00+00:00,QQ_diff_launch,60382,69325,1,11.805132872795156,11.805132872795156,2.637354818762055,88.97082468259597,operational,operational,2024-140D,2026-121A,False
2026-07-09 00:00:00+00:00,QQ_diff_launch,60384,68645,13,12.944441230125166,13.999325841572677,5.165791184634951,88.92741615548304,operational,operational,2024-140F,2026-075K,False
2026-07-09 00:00:00+00:00,QQ_diff_launch,60385,66043,5,3.5234577127164837,9.14457692465063,13.392768340598812,87.65036978686625,drift,drift,2024-140G,2025-233L,False
2026-07-09 00:00:00+00:00,QQ_diff_launch,60386,68652,13,17.740023780914036,17.84672856412563,5.134687574071699,88.93239763902015,operational,operational,2024-140H,2026-075S,False
2026-07-09 00:00:00+00:00,QQ_diff_launch,60387,68639,18,15.430977058001009,16.992502636922175,5.127436737489759,88.89233145542099,operational,operational,2024-140J,2026-075D,True
2026-07-09 00:00:00+00:00,QQ_diff_launch,60391,68653,13,16.09058460259002,16.278710377084142,5.107624138745884,88.89053039733149,operational,operational,2024-140N,2026-075T,False
2026-07-09 00:00:00+00:00,QQ_diff_launch,60391,69081,1,14.109973147118634,14.109973147118634,7.467163707313271,88.84145982934163,operational,ascent,2024-140N,2026-104J,False
2026-07-09 00:00:00+00:00,QQ_diff_launch,60392,69085,1,12.060054089697589,12.060054089697589,7.485555066459472,88.80054244592242,operational,ascent,2024-140P,2026-104N,False
2026-07-09 00:00:00+00:00,QQ_diff_launch,60393,68646,27,9.658984447594756,15.150670078171602,5.1378308567599955,88.89254389205938,operational,operational,2024-140Q,2026-075L,True
2026-07-09 00:00:00+00:00,QQ_diff_launch,60394,68641,14,9.70141308996813,9.859988983321886,5.1248730505584,88.92343392463181,operational,operational,2024-140R,2026-075F,True
2026-07-09 00:00:00+00:00,QQ_diff_launch,60396,68648,19,9.4875246547049,9.753679868001363,5.170187480740411,88.90494668506042,operational,operational,2024-140T,2026-075N,True
2026-07-09 00:00:00+00:00,QQ_diff_launch,61553,69406,2,8.743542040071631,13.400581069842467,13.770699138393372,87.23278467887644,stranded,ascent,2024-185B,2026-125F,False
2026-07-09 00:00:00+00:00,QQ_diff_launch,61559,69117,2,7.489509379140398,9.5097876704235,4.718988003768328,88.93445682850148,stranded,ascent,2024-185H,2026-108P,False
2026-07-09 00:00:00+00:00,QQ_diff_launch,61569,66046,1,19.788179705808545,19.788179705808545,2.347710540433464,88.97443965123897,stranded,operational,2024-185T,2025-233P,False
2026-07-09 00:00:00+00:00,QQ_diff_launch,62241,69080,1,13.61079241902812,13.61079241902812,5.080478091800562,88.94696185917599,operational,ascent,2024-232E,2026-104H,False
2026-07-09 00:00:00+00:00,QQ_diff_launch,62242,63164,13,10.016729412853769,10.75473720677038,9.579842332217302,88.62481050835278,operational,operational,2024-232F,2025-046F,False
2026-07-09 00:00:00+00:00,QQ_diff_launch,62245,63168,14,9.526839689759322,10.139496448818782,9.576682123238502,88.62705610141653,operational,operational,2024-232J,2025-046K,True
2026-07-09 00:00:00+00:00,QQ_diff_launch,62246,69073,1,17.572948679114273,17.572948679114273,5.12773335427601,88.94084194201122,operational,ascent,2024-232K,2026-104A,False
2026-07-09 00:00:00+00:00,QQ_diff_launch,62247,63160,13,10.807781712381729,10.90868528548341,9.589655809305247,88.6862710365446,operational,operational,2024-232L,2025-046B,False
2026-07-09 00:00:00+00:00,QQ_diff_launch,62249,63172,14,1.0479537055164063,2.2430650539866965,9.600974460326954,88.65227117239175,operational,operational,2024-232N,2025-046P,True
2026-07-09 00:00:00+00:00,QQ_diff_launch,62250,63174,14,1.4644913769572596,1.6401392708618463,9.595970429507696,88.65469687793333,operational,operational,2024-232P,2025-046R,True
2026-07-09 00:00:00+00:00,QQ_diff_launch,62251,69081,1,9.014102978486807,9.014102978486807,5.124418245506449,88.91539655952243,operational,ascent,2024-232Q,2026-104J,False
2026-07-09 00:00:00+00:00,QQ_diff_launch,62253,63175,14,5.807381003342292,7.139423367948416,9.565198760253647,88.63915936690205,operational,operational,2024-232S,2025-046S,True
2026-07-09 00:00:00+00:00,QQ_diff_launch,62255,63173,27,10.149765939874719,11.599762435648714,9.565657775781846,88.68574075037448,operational,operational,2024-232U,2025-046Q,True
2026-07-09 00:00:00+00:00,QQ_diff_launch,62785,68645,27,12.338015942733955,13.045634087628772,12.811132605712196,87.89661034119601,operational,operational,2025-016A,2026-075K,True
2026-07-09 00:00:00+00:00,QQ_diff_launch,62790,69325,2,11.764863886933156,14.355798553516763,13.871321341499813,86.89507562993157,operational,operational,2025-016F,2026-121A,False
2026-07-09 00:00:00+00:00,QQ_diff_launch,62792,69085,1,16.81329059356641,16.81329059356641,11.40942485457339,88.29722874558071,operational,ascent,2025-016H,2026-104N,False
2026-07-09 00:00:00+00:00,QQ_diff_launch,62793,68642,13,19.34505724071002,19.55895611698523,12.852329973753799,87.98686243198529,operational,operational,2025-016J,2026-075G,False
2026-07-09 00:00:00+00:00,QQ_diff_launch,62794,69084,2,12.861605995646608,14.609981092555095,11.374984494639374,88.42514004524966,operational,drift,2025-016K,2026-104M,False
2026-07-09 00:00:00+00:00,QQ_diff_launch,62794,69086,1,10.758494184648553,10.758494184648553,11.402712377084343,88.36058507481702,operational,ascent,2025-016K,2026-104P,False
2026-07-09 00:00:00+00:00,QQ_diff_launch,62795,69082,1,11.105910427523806,11.105910427523806,11.399471980322703,88.42701485478814,operational,drift,2025-016L,2026-104K,False
2026-07-09 00:00:00+00:00,QQ_diff_launch,62801,68652,27,11.306176387419809,11.642597067125598,12.80421776784267,87.85552863815064,operational,operational,2025-016S,2026-075S,True
2026-07-09 00:00:00+00:00,QQ_diff_launch,63159,69080,1,7.449656403287972,7.449656403287972,5.102166633568513,88.90278159754935,operational,ascent,2025-046A,2026-104H,False
2026-07-09 00:00:00+00:00,QQ_diff_launch,63163,69383,1,18.26296672852942,18.26296672852942,7.906219665129809,88.81446399994506,stranded,ascent,2025-046E,2026-124B,False
2026-07-09 00:00:00+00:00,QQ_diff_launch,63174,69074,1,5.276088067431503,5.276088067431503,5.121771439615689,88.90325947856822,operational,ascent,2025-046R,2026-104B,False
2026-07-09 00:00:00+00:00,QQ_diff_launch,66038,69080,1,10.588752664434674,10.588752664434674,7.491631058354359,88.83222095037404,operational,ascent,2025-233F,2026-104H,False
2026-07-09 00:00:00+00:00,QQ_diff_launch,66039,69326,1,9.428579836919006,9.428579836919006,11.434339274357086,88.38925933927626,operational,operational,2025-233G,2026-121B,False
2026-07-09 00:00:00+00:00,QQ_diff_launch,68637,69084,1,4.025695892663237,4.025695892663237,2.593937871364945,88.97067730398314,operational,drift,2026-075B,2026-104M,False
2026-07-09 00:00:00+00:00,QQ_diff_launch,68642,69074,1,19.95384557032604,19.95384557032604,2.604946323702263,88.96338141611211,operational,ascent,2026-075G,2026-104B,False
2026-07-09 00:00:00+00:00,QQ_diff_launch,68644,69085,1,17.654486068536166,17.654486068536166,2.604375198985445,88.97317217290818,operational,ascent,2026-075J,2026-104N,False
2026-07-09 00:00:00+00:00,QQ_diff_launch,69385,69412,1,9.292712833530059,9.292712833530059,9.647770303588329,88.69881981700205,ascent,ascent,2026-124D,2026-125M,False
2026-07-09 00:00:00+00:00,QQ_diff_launch,69388,69417,1,18.629825028820758,18.629825028820758,9.658340558355077,88.61588017808316,ascent,ascent,2026-124G,2026-125S,False
2026-07-09 00:00:00+00:00,QQ_diff_launch,69392,69404,1,11.599662686942311,11.599662686942311,9.65530180395922,88.69777424414028,ascent,ascent,2026-124L,2026-125D,False
2026-07-09 00:00:00+00:00,QQ_diff_launch,69398,69401,1,9.214879885507859,9.214879885507859,9.644152315435571,88.69616632489394,ascent,ascent,2026-124S,2026-125A,False
2026-07-09 00:00:00+00:00,QQ_same_launch,69074,69075,1,17.41110585862371,17.41110585862371,0.011447568651153662,79.32353065390456,ascent,ascent,2026-104B,2026-104C,False
2026-07-09 00:00:00+00:00,QQ_same_launch,69076,69077,1,16.419558421804286,16.419558421804286,0.009383712858964159,31.429076587177445,ascent,ascent,2026-104D,2026-104E,False
2026-07-09 00:00:00+00:00,QQ_same_launch,69076,69084,1,16.96551294644355,16.96551294644355,0.009322773187313973,34.209948143853495,ascent,drift,2026-104D,2026-104M,False
2026-07-09 00:00:00+00:00,QQ_same_launch,69078,69085,1,17.721329719206143,17.721329719206143,0.008636017028147676,7.644240921109486,ascent,ascent,2026-104F,2026-104N,False
2026-07-09 00:00:00+00:00,QQ_same_launch,69081,69089,1,16.688746441718028,16.688746441718028,0.008515037591397804,46.60692835632738,ascent,ascent,2026-104J,2026-104S,False
2026-07-09 00:00:00+00:00,QQ_same_launch,69084,69086,1,19.857374292681328,19.857374292681328,0.010632411431693198,44.94305889467068,drift,ascent,2026-104M,2026-104P,False
2026-07-09 00:00:00+00:00,QQ_same_launch,69085,69090,1,6.947251588088676,6.947251588088676,0.0027179512295943766,22.448220676483963,ascent,ascent,2026-104N,2026-104T,False
2026-07-09 00:00:00+00:00,QQ_same_launch,69107,69118,1,7.025167320765238,7.025167320765238,0.006225741263805492,78.00294878248043,ascent,ascent,2026-108D,2026-108Q,False
2026-07-09 00:00:00+00:00,QQ_same_launch,69110,69113,1,12.423591901578911,12.423591901578911,0.007572947471619659,75.13462580853394,ascent,ascent,2026-108G,2026-108K,False
2026-07-09 00:00:00+00:00,QQ_same_launch,69110,69117,1,13.4313104735009,13.4313104735009,0.006404699896165866,86.46589635564557,ascent,ascent,2026-108G,2026-108P,False
2026-07-09 00:00:00+00:00,QQ_same_launch,69401,69403,1,18.542786301309107,18.542786301309107,0.009729705608070294,6.129276916408725,ascent,drift,2026-125A,2026-125C,False
2026-07-09 00:00:00+00:00,QQ_same_launch,69401,69417,1,18.740556353309447,18.740556353309447,0.006667332230545615,63.38598092162743,ascent,ascent,2026-125A,2026-125S,False
2026-07-09 00:00:00+00:00,QQ_same_launch,69403,69417,1,15.843133202412984,15.843133202412984,0.008299470364558638,16.56685791760191,drift,ascent,2026-125C,2026-125S,False
2026-07-09 00:00:00+00:00,QQ_same_launch,69403,69418,1,15.860198323166337,15.860198323166337,0.008470360931386157,45.463491137790456,drift,ascent,2026-125C,2026-125T,False
2026-07-09 00:00:00+00:00,QQ_same_launch,69405,69416,1,10.368770233364286,10.368770233364286,0.005831886687326442,34.58387892774774,ascent,ascent,2026-125E,2026-125R,False
2026-07-09 00:00:00+00:00,QQ_same_launch,69407,69415,1,11.384510472975347,11.384510472975347,0.0057403827510560754,5.899673700471982,ascent,ascent,2026-125G,2026-125Q,False
2026-07-12 00:00:00+00:00,QQ_diff_launch,60379,69073,1,13.312598731665968,13.312598731665968,7.483312428605029,88.80209874033753,operational,drift,2024-140A,2026-104A,False
2026-07-12 00:00:00+00:00,QQ_diff_launch,60379,69089,1,17.989709983518722,17.989709983518722,7.479759127753335,88.8484905700874,operational,ascent,2024-140A,2026-104S,False
2026-07-12 00:00:00+00:00,QQ_diff_launch,60380,68638,14,16.619190945651955,17.457879400883126,5.151068026121699,88.88863137232582,operational,operational,2024-140B,2026-075C,True
2026-07-12 00:00:00+00:00,QQ_diff_launch,60381,68640,14,7.72946084345076,7.889995624079158,5.137449706629805,88.90951693502208,operational,operational,2024-140C,2026-075E,True
2026-07-12 00:00:00+00:00,QQ_diff_launch,60386,68652,14,18.493159984561423,18.625408131157457,5.134839662874139,88.9325846344442,operational,operational,2024-140H,2026-075S,True
2026-07-12 00:00:00+00:00,QQ_diff_launch,60387,68639,13,10.465509399830948,11.234084639458445,5.12198867271396,88.92065078681297,operational,operational,2024-140J,2026-075D,False
2026-07-12 00:00:00+00:00,QQ_diff_launch,60391,61563,6,6.335622704681751,13.472202954223604,13.80383821309633,86.87255969463615,operational,operational,2024-140N,2024-185M,False
2026-07-12 00:00:00+00:00,QQ_diff_launch,60391,68653,14,17.496462771811604,17.777139033537722,5.108609963291864,88.8888182801921,operational,operational,2024-140N,2026-075T,True
2026-07-12 00:00:00+00:00,QQ_diff_launch,60393,68646,24,7.704102512734373,8.60013852530692,5.138160684142704,88.91116071765897,operational,operational,2024-140Q,2026-075L,True
2026-07-12 00:00:00+00:00,QQ_diff_launch,60394,68641,13,9.094186926614109,9.160079702849638,5.1250040767402805,88.9208268620279,operational,operational,2024-140R,2026-075F,False
2026-07-12 00:00:00+00:00,QQ_diff_launch,60396,68648,27,10.579431119968545,10.89060661442028,5.170412453773161,88.90402361150409,operational,operational,2024-140T,2026-075N,True
2026-07-12 00:00:00+00:00,QQ_diff_launch,61555,69398,1,8.62884127573274,8.62884127573274,7.030448157862972,88.8392566209714,stranded,ascent,2024-185D,2026-124S,False
2026-07-12 00:00:00+00:00,QQ_diff_launch,61563,62786,2,12.470897776524009,12.891277981919174,2.7893178443843123,88.96116256131592,operational,operational,2024-185M,2025-016B,False
2026-07-12 00:00:00+00:00,QQ_diff_launch,61563,68653,1,7.0760085148417655,7.0760085148417655,11.235214826015634,88.39864352500678,operational,operational,2024-185M,2026-075T,False
2026-07-12 00:00:00+00:00,QQ_diff_launch,62242,63164,14,5.875164520396773,6.4917108958996765,9.58076735094605,88.63900936922869,operational,operational,2024-232F,2025-046F,True
2026-07-12 00:00:00+00:00,QQ_diff_launch,62245,63168,13,14.070886332440779,14.806112438878342,9.577541668621166,88.61046726468294,operational,operational,2024-232J,2025-046K,False
2026-07-12 00:00:00+00:00,QQ_diff_launch,62247,63160,14,10.196957076040903,10.24794405165647,9.591306050344254,88.67810421826707,operational,operational,2024-232L,2025-046B,True
2026-07-12 00:00:00+00:00,QQ_diff_launch,62247,69080,1,16.828112892038323,16.828112892038323,5.1322515905368515,88.93697416821408,operational,drift,2024-232L,2026-104H,False
2026-07-12 00:00:00+00:00,QQ_diff_launch,62249,63172,13,8.883830313126776,10.000347560015664,9.602414659165436,88.62589227324496,operational,operational,2024-232N,2025-046P,False
2026-07-12 00:00:00+00:00,QQ_diff_launch,62250,63174,13,3.7348027859532436,4.1375835869439905,9.597223573347948,88.64569892166337,operational,operational,2024-232P,2025-046R,False
2026-07-12 00:00:00+00:00,QQ_diff_launch,62250,69073,1,8.1126347458541,8.1126347458541,5.128038874806604,88.924337098781,operational,drift,2024-232P,2026-104A,False
2026-07-12 00:00:00+00:00,QQ_diff_launch,62253,63175,13,15.62918655647955,17.191338726931317,9.566204044056862,88.60259404152112,operational,operational,2024-232S,2025-046S,False
2026-07-12 00:00:00+00:00,QQ_diff_launch,62255,63173,27,8.28900355822047,9.336015307714945,9.553387629232729,88.64473488003054,operational,operational,2024-232U,2025-046Q,True
2026-07-12 00:00:00+00:00,QQ_diff_launch,62786,69082,1,14.427646012306639,14.427646012306639,11.403590454303746,88.3745160973024,operational,drift,2025-016B,2026-104K,False
2026-07-12 00:00:00+00:00,QQ_diff_launch,62787,68646,27,12.866683920880327,14.326187893479194,12.822024475064369,87.97162541323752,operational,operational,2025-016C,2026-075L,True
2026-07-12 00:00:00+00:00,QQ_diff_launch,62788,69090,2,18.56479880412119,19.186647858429513,11.376495422122359,88.41247860749343,operational,operational,2025-016D,2026-104T,False
2026-07-12 00:00:00+00:00,QQ_diff_launch,62793,68642,16,17.962169673785677,18.223613706887996,12.852345396018546,87.97297852048146,operational,operational,2025-016J,2026-075G,True
2026-07-12 00:00:00+00:00,QQ_diff_launch,62796,63164,1,15.684172792486285,15.684172792486285,13.86820422769512,86.6362190403237,operational,operational,2025-016M,2025-046F,False
2026-07-12 00:00:00+00:00,QQ_diff_launch,62799,69081,1,3.553445888569619,3.553445888569619,11.393834363635081,88.39203070569357,operational,drift,2025-016Q,2026-104J,False
2026-07-12 00:00:00+00:00,QQ_diff_launch,62801,68652,27,12.630719493684088,14.506432708105375,12.854310927792472,87.81314732182982,operational,operational,2025-016S,2026-075S,True
2026-07-12 00:00:00+00:00,QQ_diff_launch,63168,69075,1,16.220859035788763,16.220859035788763,5.10873227031338,88.9269546670087,operational,ascent,2025-046K,2026-104C,False
2026-07-12 00:00:00+00:00,QQ_diff_launch,63174,69089,1,4.784604557506997,4.784604557506997,5.116074897614182,88.91668112063789,operational,ascent,2025-046R,2026-104S,False
2026-07-12 00:00:00+00:00,QQ_diff_launch,66045,69073,1,10.24824432867415,10.24824432867415,7.495701076011483,88.83089146098116,operational,drift,2025-233N,2026-104A,False
2026-07-12 00:00:00+00:00,QQ_diff_launch,68651,69081,1,7.9669495494506455,7.9669495494506455,2.598842885604488,88.97598800050723,operational,drift,2026-075R,2026-104J,False
2026-07-12 00:00:00+00:00,QQ_diff_launch,69384,69408,1,10.935679257895526,10.935679257895526,9.635431025180837,88.69912712575407,ascent,ascent,2026-124C,2026-125H,False
2026-07-12 00:00:00+00:00,QQ_diff_launch,69388,69401,3,14.382549371785839,14.678221018659288,9.63563002755489,88.65816188203591,ascent,ascent,2026-124G,2026-125A,False
2026-07-12 00:00:00+00:00,QQ_diff_launch,69388,69406,1,13.060989811365685,13.060989811365685,9.639034834263878,88.63675709869096,ascent,ascent,2026-124G,2026-125F,False
2026-07-12 00:00:00+00:00,QQ_diff_launch,69393,69412,2,12.979135564358048,14.63610976620696,9.668422069788665,88.6602487451962,ascent,ascent,2026-124M,2026-125M,False
2026-07-12 00:00:00+00:00,QQ_diff_launch,69396,69401,1,12.46356525767824,12.46356525767824,9.685671684018434,88.63089428653181,ascent,ascent,2026-124Q,2026-125A,False
2026-07-12 00:00:00+00:00,QQ_diff_launch,69397,69401,1,18.627119341992483,18.627119341992483,9.640080812984873,88.66796574791167,ascent,ascent,2026-124R,2026-125A,False
2026-07-12 00:00:00+00:00,QQ_same_launch,69106,69111,1,17.65371167837837,17.65371167837837,0.008859870604560444,22.85545998559054,ascent,ascent,2026-108C,2026-108H,False
2026-07-12 00:00:00+00:00,QQ_same_launch,69107,69114,1,10.750272477189158,10.750272477189158,0.004779567266184837,85.13214667631628,ascent,ascent,2026-108D,2026-108L,False
2026-07-12 00:00:00+00:00,QQ_same_launch,69114,69121,1,15.298682576132109,15.298682576132109,0.006982078341691044,10.27870971589423,ascent,ascent,2026-108L,2026-108T,False
2026-07-12 00:00:00+00:00,QQ_same_launch,69382,69387,1,12.441128918378078,12.441128918378078,0.00623367185679151,23.47652535686941,ascent,ascent,2026-124A,2026-124F,False
2026-07-12 00:00:00+00:00,QQ_same_launch,69386,69399,1,2.5019906065995756,2.5019906065995756,0.0015719991955710322,82.85920431321463,ascent,ascent,2026-124E,2026-124T,False
2026-07-12 00:00:00+00:00,QQ_same_launch,69387,69394,1,12.234932443814108,12.234932443814108,0.00755066377192232,38.354914405353306,ascent,ascent,2026-124F,2026-124N,False
2026-07-12 00:00:00+00:00,QQ_same_launch,69387,69395,1,17.46499275454661,17.46499275454661,0.010976742369313043,72.94013315511499,ascent,ascent,2026-124F,2026-124P,False
2026-07-12 00:00:00+00:00,QQ_same_launch,69388,69396,1,15.338877891900362,15.338877891900362,0.007790785696646352,10.570321510820833,ascent,ascent,2026-124G,2026-124Q,False
2026-07-12 00:00:00+00:00,QQ_same_launch,69388,69397,1,11.80704951727243,11.80704951727243,0.006267755056366408,54.74011768500691,ascent,ascent,2026-124G,2026-124R,False
2026-07-12 00:00:00+00:00,QQ_same_launch,69391,69392,1,16.90590006212606,16.90590006212606,0.010185277453897301,51.804223560393574,ascent,ascent,2026-124K,2026-124L,False
2026-07-12 00:00:00+00:00,QQ_same_launch,69394,69395,1,4.016406903171317,4.016406903171317,0.0019903965018528568,33.290601759403486,ascent,ascent,2026-124N,2026-124P,False
2026-07-12 00:00:00+00:00,QQ_same_launch,69396,69397,1,4.370806969301181,4.370806969301181,0.0023053316116177663,28.806576974182864,ascent,ascent,2026-124Q,2026-124R,False
2026-07-12 00:00:00+00:00,QQ_same_launch,69401,69403,1,19.135251861653426,19.135251861653426,0.009914717161783448,29.715218858498456,ascent,drift,2026-125A,2026-125C,False
2026-07-12 00:00:00+00:00,QQ_same_launch,69401,69406,1,13.460320922351752,13.460320922351752,0.008820501044410676,77.14379244172233,ascent,ascent,2026-125A,2026-125F,False
2026-07-15 00:00:00+00:00,QQ_diff_launch,60379,68642,13,16.36055697504727,16.97781279799372,5.138943779004428,88.93025242995219,operational,operational,2024-140A,2026-075G,False
2026-07-15 00:00:00+00:00,QQ_diff_launch,60380,68638,13,12.160816680270976,12.734307650902242,5.151884671127163,88.89793830723615,operational,operational,2024-140B,2026-075C,False
2026-07-15 00:00:00+00:00,QQ_diff_launch,60381,68640,13,8.70572350622677,8.839588166434828,5.138451450312575,88.90889315349797,operational,operational,2024-140C,2026-075E,False
2026-07-15 00:00:00+00:00,QQ_diff_launch,60383,61564,1,18.340234121721334,18.340234121721334,13.7892812695672,87.05160822305247,operational,stranded,2024-140E,2024-185N,False
2026-07-15 00:00:00+00:00,QQ_diff_launch,60384,68645,13,11.645376633438834,11.962057038569364,5.166360800765494,88.92283173382782,operational,operational,2024-140F,2026-075K,False
2026-07-15 00:00:00+00:00,QQ_diff_launch,60386,68652,13,19.34115566267311,19.458671150696244,5.1350810220271015,88.93301550455053,operational,operational,2024-140H,2026-075S,False
2026-07-15 00:00:00+00:00,QQ_diff_launch,60386,69111,1,19.65852910880677,19.65852910880677,11.379672806810726,88.32169383206393,operational,ascent,2024-140H,2026-108H,False
2026-07-15 00:00:00+00:00,QQ_diff_launch,60387,68639,14,11.324011897512333,12.493989214172608,5.122911342338034,88.9031922089934,operational,operational,2024-140J,2026-075D,True
2026-07-15 00:00:00+00:00,QQ_diff_launch,60389,69079,1,17.414192617201415,17.414192617201415,7.502164061503409,88.82354407526634,operational,drift,2024-140L,2026-104G,False
2026-07-15 00:00:00+00:00,QQ_diff_launch,60390,61569,1,6.769557746683529,6.769557746683529,13.804422417303847,86.83961118954943,operational,stranded,2024-140M,2024-185T,False
2026-07-15 00:00:00+00:00,QQ_diff_launch,60391,68653,10,19.446078894085556,19.69408634829241,5.109528011813353,88.88628854488256,operational,operational,2024-140N,2026-075T,False
2026-07-15 00:00:00+00:00,QQ_diff_launch,60393,68646,14,11.888185091164958,13.558540675050875,5.138654231756658,88.92598900174474,operational,operational,2024-140Q,2026-075L,True
2026-07-15 00:00:00+00:00,QQ_diff_launch,60394,68641,14,9.029417771203667,9.035694340504378,5.125184403665828,88.9185818124366,operational,operational,2024-140R,2026-075F,True
2026-07-15 00:00:00+00:00,QQ_diff_launch,60396,68648,27,11.382874848673108,11.642418829296755,5.165386720128394,88.91887411114055,operational,operational,2024-140T,2026-075N,True
2026-07-15 00:00:00+00:00,QQ_diff_launch,61555,69412,1,15.4318464713936,15.4318464713936,13.76717229764298,87.14725164049251,stranded,ascent,2024-185D,2026-125M,False
2026-07-15 00:00:00+00:00,QQ_diff_launch,61561,69804,1,18.03423206136957,18.03423206136957,6.618554332113235,88.86599563097795,stranded,drift,2024-185K,2026-153E,False
2026-07-15 00:00:00+00:00,QQ_diff_launch,61566,69415,3,5.957234382180324,17.120471390212685,13.80737695985861,87.14534011343135,drift,ascent,2024-185Q,2026-125Q,False
2026-07-15 00:00:00+00:00,QQ_diff_launch,62242,63164,13,3.386053779007069,3.6325445919108,9.581956005903942,88.64995911128402,operational,operational,2024-232F,2025-046F,False
2026-07-15 00:00:00+00:00,QQ_diff_launch,62245,63168,4,19.429934328812696,19.64938005984461,9.57848033177357,88.59349765386685,operational,operational,2024-232J,2025-046K,False
2026-07-15 00:00:00+00:00,QQ_diff_launch,62247,63160,27,10.124939561413704,13.515241538269926,9.604335136856712,88.69116868666192,operational,operational,2024-232L,2025-046B,True
2026-07-15 00:00:00+00:00,QQ_diff_launch,62249,63172,21,16.401276045514393,18.271307085946273,9.60372666398783,88.60190519709967,operational,operational,2024-232N,2025-046P,True
2026-07-15 00:00:00+00:00,QQ_diff_launch,62250,63174,14,6.540915006466533,7.019983400693212,9.598228912816893,88.6367802229526,operational,operational,2024-232P,2025-046R,True
2026-07-15 00:00:00+00:00,QQ_diff_launch,62252,63170,12,6.275149784360877,12.700591328186421,9.579021347433255,88.61748063257926,operational,operational,2024-232R,2025-046M,False
2026-07-15 00:00:00+00:00,QQ_diff_launch,62253,69088,1,14.745477578476779,14.745477578476779,5.118062615059177,88.93152156081243,operational,ascent,2024-232S,2026-104R,False
2026-07-15 00:00:00+00:00,QQ_diff_launch,62255,63173,13,5.628321208832633,5.9868989466220555,9.553849886028134,88.65435454261456,operational,operational,2024-232U,2025-046Q,False
2026-07-15 00:00:00+00:00,QQ_diff_launch,62785,68645,27,13.671149608605628,13.79445874227332,12.809885100875167,87.83796025677869,operational,operational,2025-016A,2026-075K,True
2026-07-15 00:00:00+00:00,QQ_diff_launch,62787,68646,27,5.6996243423515445,6.954273037256516,12.85167068023182,87.92023713157728,operational,operational,2025-016C,2026-075L,True
2026-07-15 00:00:00+00:00,QQ_diff_launch,62791,68641,27,15.267344302026906,17.522540748138162,12.868657832362251,87.96806397317782,operational,operational,2025-016G,2026-075F,True
2026-07-15 00:00:00+00:00,QQ_diff_launch,62796,68639,27,14.112970124814378,17.53080978098064,12.801073755874134,87.78119911052524,operational,operational,2025-016M,2026-075D,True
2026-07-15 00:00:00+00:00,QQ_diff_launch,62798,69089,1,12.953960548430286,12.953960548430286,11.413022757668587,88.36657814838753,operational,drift,2025-016P,2026-104S,False
2026-07-15 00:00:00+00:00,QQ_diff_launch,62799,69077,1,16.073273710787884,16.073273710787884,11.398291916092845,88.33158539360579,operational,drift,2025-016Q,2026-104E,False
2026-07-15 00:00:00+00:00,QQ_diff_launch,62801,68652,27,14.308124309675668,14.50715465250338,12.802981803793259,87.81441627322722,operational,operational,2025-016S,2026-075S,True
2026-07-15 00:00:00+00:00,QQ_diff_launch,62802,68636,1,19.217001856919378,19.217001856919378,12.796426805080932,87.74280171551194,operational,operational,2025-016T,2026-075A,False
2026-07-15 00:00:00+00:00,QQ_diff_launch,63159,69073,1,18.934504710161804,18.934504710161804,5.100973053698794,88.91864180068578,operational,drift,2025-046A,2026-104A,False
2026-07-15 00:00:00+00:00,QQ_diff_launch,63166,69119,1,11.04570903232146,11.04570903232146,9.556147033470666,88.64151280030387,operational,ascent,2025-046H,2026-108R,False
2026-07-15 00:00:00+00:00,QQ_diff_launch,63169,69079,1,19.82743231790622,19.82743231790622,5.207330483431094,88.88560620459096,stranded,drift,2025-046L,2026-104G,False
2026-07-15 00:00:00+00:00,QQ_diff_launch,66042,69074,3,17.75625836586731,18.167784779023783,7.479058566570791,88.86474085850563,operational,ascent,2025-233K,2026-104B,False
2026-07-15 00:00:00+00:00,QQ_diff_launch,69084,69114,1,19.064531345283978,19.064531345283978,5.074258270375308,88.95124039120992,ascent,ascent,2026-104M,2026-108L,False
2026-07-15 00:00:00+00:00,QQ_diff_launch,69085,69111,1,18.45523578839105,18.45523578839105,5.077137599690109,88.95172111276878,drift,ascent,2026-104N,2026-108H,False
2026-07-15 00:00:00+00:00,QQ_diff_launch,69385,69409,1,9.837294170241917,9.837294170241917,9.629581862004597,88.64074710690619,ascent,ascent,2026-124D,2026-125J,False
2026-07-15 00:00:00+00:00,QQ_diff_launch,69396,69418,3,10.24239466346405,15.95740243404959,9.683235656364003,88.707550024034,ascent,ascent,2026-124Q,2026-125T,False
2026-07-15 00:00:00+00:00,QQ_same_launch,69083,69087,1,12.091338199436567,12.091338199436567,0.011201077363223046,71.10783880858303,ascent,ascent,2026-104L,2026-104Q,False
2026-07-15 00:00:00+00:00,QQ_same_launch,69111,69115,1,15.916727487669869,15.916727487669869,0.009712333096780427,58.486530850084606,ascent,ascent,2026-108H,2026-108M,False
2026-07-15 00:00:00+00:00,QQ_same_launch,69385,69390,1,14.934132321677648,14.934132321677648,0.008095852266025305,74.15726979461559,ascent,ascent,2026-124D,2026-124J,False
2026-07-15 00:00:00+00:00,QQ_same_launch,69391,69393,1,16.747495307487476,16.747495307487476,0.010826646775381563,41.710032396259884,ascent,ascent,2026-124K,2026-124M,False
2026-07-15 00:00:00+00:00,QQ_same_launch,69413,69414,1,13.553470803942943,13.553470803942943,0.007141060503374496,63.844156690843455,ascent,ascent,2026-125N,2026-125P,False
2026-07-15 00:00:00+00:00,QQ_same_launch,69802,69803,4,2.0529765328655905,7.8893201666296875,0.009581950468968533,42.544119893996815,ascent,ascent,2026-153C,2026-153D,False
2026-07-15 00:00:00+00:00,QQ_same_launch,69805,69808,1,17.76981599086129,17.76981599086129,0.00876050007985794,71.67747957359389,drift,drift,2026-153F,2026-153J,False
2026-07-15 00:00:00+00:00,QQ_same_launch,69806,69809,1,17.481083689070033,17.481083689070033,0.00916866907518818,0.812445583064399,drift,drift,2026-153G,2026-153K,False
2026-07-15 00:00:00+00:00,QQ_same_launch,69806,69810,1,19.07232979462381,19.07232979462381,0.00907398006517077,63.71078716066591,drift,ascent,2026-153G,2026-153L,False
2026-07-15 00:00:00+00:00,QQ_same_launch,69806,69811,1,17.890290563025612,17.890290563025612,0.008343709743174525,7.545355008062561,drift,drift,2026-153G,2026-153M,False
2026-07-15 00:00:00+00:00,QQ_same_launch,69807,69811,1,19.736027623358364,19.736027623358364,0.009534627484469618,8.132007198237199,drift,drift,2026-153H,2026-153M,False
2026-07-15 00:00:00+00:00,QQ_same_launch,69807,69814,1,19.344460819334035,19.344460819334035,0.009408337430948927,27.110638527703333,drift,drift,2026-153H,2026-153Q,False
2026-07-15 00:00:00+00:00,QQ_same_launch,69810,69811,3,3.961386593586588,7.809474099169713,0.008269723635864742,54.31332330798527,ascent,drift,2026-153L,2026-153M,False
2026-07-15 00:00:00+00:00,QQ_same_launch,69810,69812,1,19.896501041294265,19.896501041294265,0.00974880273253503,55.376788888475204,ascent,drift,2026-153L,2026-153N,False
2026-07-15 00:00:00+00:00,QQ_same_launch,69811,69812,1,15.644402195611402,15.644402195611402,0.0065262265064713,85.55297871553826,drift,drift,2026-153M,2026-153N,False
2026-07-15 00:00:00+00:00,QQ_same_launch,69811,69813,1,15.970725356797391,15.970725356797391,0.0068644187306652425,79.50300511947832,drift,drift,2026-153M,2026-153P,False
2026-07-15 00:00:00+00:00,QQ_same_launch,69811,69815,1,17.82014307033813,17.82014307033813,0.008792974412778844,36.94264853946381,drift,drift,2026-153M,2026-153R,False
2026-07-15 00:00:00+00:00,QQ_same_launch,69811,69816,1,19.958846015090607,19.958846015090607,0.011570105861147807,83.46491432963067,drift,drift,2026-153M,2026-153S,False
2026-07-15 00:00:00+00:00,QQ_same_launch,69812,69813,15,2.11982850734825,2.2236887337504028,0.0024517864834446394,9.300177084243096,drift,drift,2026-153N,2026-153P,True
2026-07-15 00:00:00+00:00,QQ_same_launch,69813,69815,14,18.394317081747538,19.20685945162068,0.020054475066744452,1.6908747765517762,drift,drift,2026-153P,2026-153R,True
2026-07-15 00:00:00+00:00,QQ_same_launch,69848,69855,1,13.79942317650175,13.79942317650175,0.00499842155337263,77.24675153826762,drift,drift,2026-155A,2026-155H,False
2026-07-15 00:00:00+00:00,QQ_same_launch,69848,69856,1,19.78150083784779,19.78150083784779,0.00951731299562457,49.07954204479971,drift,drift,2026-155A,2026-155J,False
2026-07-15 00:00:00+00:00,QQ_same_launch,69849,69851,1,10.92655002968898,10.92655002968898,0.003658242057926988,32.473758219406804,drift,drift,2026-155B,2026-155D,False
2026-07-15 00:00:00+00:00,QQ_same_launch,69849,69859,1,18.97825664377397,18.97825664377397,0.010285343061819248,2.6987594142237397,drift,drift,2026-155B,2026-155M,False
2026-07-15 00:00:00+00:00,QQ_same_launch,69850,69855,1,18.713934811195617,18.713934811195617,0.010976688015362888,58.97271510546528,drift,drift,2026-155C,2026-155H,False
2026-07-15 00:00:00+00:00,QQ_same_launch,69850,69856,1,19.542788996257382,19.542788996257382,0.009942726071346603,18.865992781790922,drift,drift,2026-155C,2026-155J,False
2026-07-15 00:00:00+00:00,QQ_same_launch,69854,69855,1,10.66471062516691,10.66471062516691,0.0072362852499800855,64.2520579489702,ascent,drift,2026-155G,2026-155H,False
2026-07-15 00:00:00+00:00,QQ_same_launch,69854,69857,1,19.97513220129483,19.97513220129483,0.009915445648918012,52.07277425294742,ascent,drift,2026-155G,2026-155K,False
2026-07-15 00:00:00+00:00,QQ_same_launch,69854,69863,1,19.498445196480137,19.498445196480137,0.009764582933829955,44.10201620457601,ascent,drift,2026-155G,2026-155R,False
2026-07-15 00:00:00+00:00,QQ_same_launch,69854,69864,1,19.267394515499877,19.267394515499877,0.009499033377634409,85.58944339980258,ascent,drift,2026-155G,2026-155S,False
2026-07-15 00:00:00+00:00,QQ_same_launch,69854,69865,1,19.551390788088327,19.551390788088327,0.00983406872673975,42.45294457870206,ascent,drift,2026-155G,2026-155T,False
2026-07-15 00:00:00+00:00,QQ_same_launch,69855,69856,1,4.225236304291045,4.225236304291045,0.0020103041350200274,44.62500533394126,drift,drift,2026-155H,2026-155J,False
2026-07-15 00:00:00+00:00,QQ_same_launch,69855,69857,1,10.535940720891928,10.535940720891928,0.003325383687778647,53.218400259434965,drift,drift,2026-155H,2026-155K,False
2026-07-15 00:00:00+00:00,QQ_same_launch,69855,69861,1,18.36347513765069,18.36347513765069,0.011657184999562515,72.72661041344996,drift,drift,2026-155H,2026-155P,False
2026-07-15 00:00:00+00:00,QQ_same_launch,69855,69862,1,10.191263552554565,10.191263552554565,0.003275483194083813,86.84723038707399,drift,drift,2026-155H,2026-155Q,False
2026-07-15 00:00:00+00:00,QQ_same_launch,69855,69863,1,12.890597338158912,12.890597338158912,0.0061397227719449795,6.406427252624188,drift,drift,2026-155H,2026-155R,False
2026-07-15 00:00:00+00:00,QQ_same_launch,69855,69864,1,16.711185811395044,16.711185811395044,0.010315477040537471,73.21224792103156,drift,drift,2026-155H,2026-155S,False
2026-07-15 00:00:00+00:00,QQ_same_launch,69855,69865,1,17.22167378854223,17.22167378854223,0.010977847923924072,56.77092126933948,drift,drift,2026-155H,2026-155T,False
2026-07-15 00:00:00+00:00,QQ_same_launch,69855,69866,1,11.974445037508806,11.974445037508806,0.005468840734236111,39.97294286507861,drift,drift,2026-155H,2026-155U,False
2026-07-15 00:00:00+00:00,QQ_same_launch,69855,69867,1,10.478978408486462,10.478978408486462,0.004075234044084811,18.854899626562695,drift,drift,2026-155H,2026-155V,False
2026-07-15 00:00:00+00:00,QQ_same_launch,69856,69857,1,17.387110067238893,17.387110067238893,0.008240854715665628,23.449575459020952,drift,drift,2026-155J,2026-155K,False
2026-07-15 00:00:00+00:00,QQ_same_launch,69856,69862,1,17.20871321437654,17.20871321437654,0.008326623664055998,38.012446503728555,drift,drift,2026-155J,2026-155Q,False
2026-07-15 00:00:00+00:00,QQ_same_launch,69856,69863,1,15.766632170376418,15.766632170376418,0.0068744939190995,75.44376214114256,drift,drift,2026-155J,2026-155R,False
2026-07-15 00:00:00+00:00,QQ_same_launch,69856,69864,1,17.089655323196876,17.089655323196876,0.00830818429204154,16.229999051619426,drift,drift,2026-155J,2026-155S,False
2026-07-15 00:00:00+00:00,QQ_same_launch,69856,69865,1,18.89478193867552,18.89478193867552,0.010240271799582193,30.798316347711037,drift,drift,2026-155J,2026-155T,False
2026-07-15 00:00:00+00:00,QQ_same_launch,69856,69867,1,18.395174556781686,18.395174556781686,0.01000737113047428,12.88268276803841,drift,drift,2026-155J,2026-155V,False
2026-07-15 00:00:00+00:00,QQ_same_launch,69857,69858,1,14.009829465298912,14.009829465298912,0.0056098591923176115,50.26004730125445,drift,drift,2026-155K,2026-155L,False
2026-07-15 00:00:00+00:00,QQ_same_launch,69858,69861,1,19.320764700444794,19.320764700444794,0.011205620179261851,26.736495580368462,drift,drift,2026-155L,2026-155P,False
2026-07-15 00:00:00+00:00,QQ_same_launch,69858,69862,1,17.8928908378841,17.8928908378841,0.009945637330593596,31.882606620814595,drift,drift,2026-155L,2026-155Q,False
2026-07-15 00:00:00+00:00,QQ_same_launch,69858,69863,1,13.648424180161957,13.648424180161957,0.005591575573926323,39.09593729090977,drift,drift,2026-155L,2026-155R,False
2026-07-15 00:00:00+00:00,QQ_same_launch,69858,69864,1,13.374157962506837,13.374157962506837,0.005344211741672355,67.34159715368213,drift,drift,2026-155L,2026-155S,False
2026-07-15 00:00:00+00:00,QQ_same_launch,69858,69865,1,16.51836448854866,16.51836448854866,0.00864866363016916,9.7558268611093,drift,drift,2026-155L,2026-155T,False
2026-07-15 00:00:00+00:00,QQ_same_launch,69858,69866,1,19.461534852775426,19.461534852775426,0.011898510277822726,68.90030884026572,drift,drift,2026-155L,2026-155U,False
2026-07-15 00:00:00+00:00,QQ_same_launch,69858,69867,1,17.646179205466243,17.646179205466243,0.010122884660577825,44.56541089149455,drift,drift,2026-155L,2026-155V,False
2026-07-18 00:00:00+00:00,QQ_diff_launch,60379,68642,14,13.123416156670471,13.521461790049932,5.1391064229179095,88.92339298769886,operational,operational,2024-140A,2026-075G,True
2026-07-18 00:00:00+00:00,QQ_diff_launch,60380,61563,5,10.586408684043981,17.486923745385784,13.829216043361376,86.90067778796703,operational,operational,2024-140B,2024-185M,False
2026-07-18 00:00:00+00:00,QQ_diff_launch,60380,68638,27,9.495252325070483,10.08151967404843,5.15275783187703,88.90482547631287,operational,operational,2024-140B,2026-075C,True
2026-07-18 00:00:00+00:00,QQ_diff_launch,60381,61562,14,15.02350804808162,16.963754715851877,13.818561738264815,86.72129333558291,operational,operational,2024-140C,2024-185L,True
2026-07-18 00:00:00+00:00,QQ_diff_launch,60381,68640,25,9.586411870500438,9.840119098738032,5.139502820334773,88.90725975979282,operational,operational,2024-140C,2026-075E,True
2026-07-18 00:00:00+00:00,QQ_diff_launch,60381,69074,1,18.642891758754484,18.642891758754484,7.501024269352917,88.83108333095082,operational,operational,2024-140C,2026-104B,False
2026-07-18 00:00:00+00:00,QQ_diff_launch,60384,68645,27,9.949588010766325,10.370280510892421,5.166689058147159,88.91874970236695,operational,operational,2024-140F,2026-075K,True
2026-07-18 00:00:00+00:00,QQ_diff_launch,60385,61554,1,18.940167027810272,18.940167027810272,14.100657770897683,86.55862130451122,drift,stranded,2024-140G,2024-185C,False
2026-07-18 00:00:00+00:00,QQ_diff_launch,60390,69081,1,17.50367130618622,17.50367130618622,7.484815661545317,88.77309898845401,operational,operational,2024-140M,2026-104J,False
2026-07-18 00:00:00+00:00,QQ_diff_launch,60394,61569,1,15.938456105863466,15.938456105863466,13.800155841835958,87.0556198334806,operational,stranded,2024-140R,2024-185T,False
2026-07-18 00:00:00+00:00,QQ_diff_launch,60394,68641,13,9.166761112823902,9.222055405493414,5.125453610241975,88.9160788310891,operational,operational,2024-140R,2026-075F,False
2026-07-18 00:00:00+00:00,QQ_diff_launch,60396,68648,27,10.250196819570084,12.175755729530595,5.171263246149634,88.9021066940914,operational,operational,2024-140T,2026-075N,True
2026-07-18 00:00:00+00:00,QQ_diff_launch,61557,69856,1,19.064295307559725,19.064295307559725,1.14353166132062,88.96520082275633,stranded,ascent,2024-185F,2026-155J,False
2026-07-18 00:00:00+00:00,QQ_diff_launch,61557,69860,2,8.131091021609757,13.322468964965733,1.1447513865787202,88.97640833260948,stranded,drift,2024-185F,2026-155N,False
2026-07-18 00:00:00+00:00,QQ_diff_launch,61560,69810,1,18.49321497174241,18.49321497174241,6.605185220943733,88.87424977101526,stranded,drift,2024-185J,2026-153L,False
2026-07-18 00:00:00+00:00,QQ_diff_launch,61561,69805,1,19.818833362317555,19.818833362317555,6.608057026157664,88.88226321479685,stranded,ascent,2024-185K,2026-153F,False
2026-07-18 00:00:00+00:00,QQ_diff_launch,61562,69074,2,15.149916083677317,15.63083391359326,9.448203082404387,88.62946946869222,operational,operational,2024-185L,2026-104B,False
2026-07-18 00:00:00+00:00,QQ_diff_launch,61567,69413,1,19.276907247725823,19.276907247725823,13.781103010715801,87.22893836338189,stranded,ascent,2024-185R,2026-125N,False
2026-07-18 00:00:00+00:00,QQ_diff_launch,61569,62247,1,7.159330351946697,7.159330351946697,4.871576717562856,88.93693837344581,stranded,operational,2024-185T,2024-232L,False
2026-07-18 00:00:00+00:00,QQ_diff_launch,61569,62791,1,10.278059587453926,10.278059587453926,2.8478557429285334,88.95419607063161,stranded,operational,2024-185T,2025-016G,False
2026-07-18 00:00:00+00:00,QQ_diff_launch,61569,63160,1,17.833975490133614,17.833975490133614,12.714026342896382,87.8386928695008,stranded,operational,2024-185T,2025-046B,False
2026-07-18 00:00:00+00:00,QQ_diff_launch,61569,68641,1,14.55681691910842,14.55681691910842,11.232468877889328,88.38430390933205,stranded,operational,2024-185T,2026-075F,False
2026-07-18 00:00:00+00:00,QQ_diff_launch,61569,69073,2,1.3532922808394539,7.494226785660674,9.417861275911275,88.68049066351456,stranded,excursion,2024-185T,2026-104A,False
2026-07-18 00:00:00+00:00,QQ_diff_launch,61569,69089,2,4.749994555440834,10.00360575760391,9.420043691990728,88.68880605647931,stranded,ascent,2024-185T,2026-104S,False
2026-07-18 00:00:00+00:00,QQ_diff_launch,62242,63164,14,3.2786458828646796,3.4197060954131975,9.583425766937392,88.65714701531634,operational,operational,2024-232F,2025-046F,True
2026-07-18 00:00:00+00:00,QQ_diff_launch,62243,69857,1,9.617344298082411,9.617344298082411,6.040112014558333,88.92702718580466,stranded,ascent,2024-232G,2026-155K,False
2026-07-18 00:00:00+00:00,QQ_diff_launch,62244,69077,1,14.857271463730262,14.857271463730262,5.136174095978836,88.92723421407331,operational,excursion,2024-232H,2026-104E,False
2026-07-18 00:00:00+00:00,QQ_diff_launch,62247,63160,27,10.318945846445839,16.68103843845664,9.594490626645117,88.61385007271213,operational,operational,2024-232L,2025-046B,True
2026-07-18 00:00:00+00:00,QQ_diff_launch,62247,69108,1,16.175453876759285,16.175453876759285,0.06146841373282345,88.94235919270258,operational,excursion,2024-232L,2026-108E,False
2026-07-18 00:00:00+00:00,QQ_diff_launch,62249,63172,14,10.136848300296197,11.308924275925534,9.605824684082657,88.69069435944576,operational,operational,2024-232N,2025-046P,True
2026-07-18 00:00:00+00:00,QQ_diff_launch,62250,63174,20,9.641695075929542,10.410704991300012,9.599072241431138,88.6281677436435,operational,operational,2024-232P,2025-046R,True
2026-07-18 00:00:00+00:00,QQ_diff_launch,62252,63170,14,2.732733845502234,3.4616230768796292,9.582511550676747,88.66459978974405,operational,operational,2024-232R,2025-046M,True
2026-07-18 00:00:00+00:00,QQ_diff_launch,62255,63173,14,4.062064452579055,4.204691442552927,9.554311040419924,88.66453265971563,operational,operational,2024-232U,2025-046Q,True
2026-07-18 00:00:00+00:00,QQ_diff_launch,62785,68645,27,13.695153900654695,13.772711923196796,12.862421244190672,87.83594973590236,operational,operational,2025-016A,2026-075K,True
2026-07-18 00:00:00+00:00,QQ_diff_launch,62786,68653,27,15.471174750567167,17.23136921289894,12.799801631006748,87.96184240814036,operational,operational,2025-016B,2026-075T,True
2026-07-18 00:00:00+00:00,QQ_diff_launch,62786,69088,1,10.740289294775215,10.740289294775215,11.402164865470631,88.32518827825544,operational,excursion,2025-016B,2026-104R,False
2026-07-18 00:00:00+00:00,QQ_diff_launch,62787,68646,27,0.5958652584187453,0.8670181333272153,12.821220381649427,87.86979470166285,operational,operational,2025-016C,2026-075L,True
2026-07-18 00:00:00+00:00,QQ_diff_launch,62791,68641,27,10.680041937111023,11.090158397726986,12.81881371442552,87.88954161366621,operational,operational,2025-016G,2026-075F,True
2026-07-18 00:00:00+00:00,QQ_diff_launch,62792,69113,1,15.028451882192403,15.028451882192403,7.506426489125075,88.80784821268152,operational,excursion,2025-016H,2026-108K,False
2026-07-18 00:00:00+00:00,QQ_diff_launch,62795,69074,1,4.349468107905136,4.349468107905136,11.39482415320828,88.36335012584011,operational,operational,2025-016L,2026-104B,False
2026-07-18 00:00:00+00:00,QQ_diff_launch,62795,69087,1,18.603848860933667,18.603848860933667,11.405923084290333,88.31269491519826,operational,drift,2025-016L,2026-104Q,False
2026-07-18 00:00:00+00:00,QQ_diff_launch,62796,68639,27,10.616591646361302,11.167107654968936,12.850093208875023,87.85805941564782,operational,operational,2025-016M,2026-075D,True
2026-07-18 00:00:00+00:00,QQ_diff_launch,62801,68652,27,11.64405379678659,12.167572406858332,12.853500633881056,87.85085469733801,operational,operational,2025-016S,2026-075S,True
2026-07-18 00:00:00+00:00,QQ_diff_launch,66036,69075,2,7.529467136890053,8.671017313930195,7.4955868211303995,88.82812073320832,operational,drift,2025-233D,2026-104C,False
2026-07-18 00:00:00+00:00,QQ_diff_launch,68640,69074,1,18.323360477244936,18.323360477244936,2.6050789057272974,88.98325827652427,operational,operational,2026-075E,2026-104B,False
2026-07-18 00:00:00+00:00,QQ_diff_launch,68650,69081,1,15.343221556150958,15.343221556150958,2.606082049013489,88.96522257947937,operational,operational,2026-075Q,2026-104J,False
2026-07-18 00:00:00+00:00,QQ_diff_launch,69082,69111,1,12.936094075343263,12.936094075343263,5.0766169436729855,88.94644842013659,excursion,ascent,2026-104K,2026-108H,False
2026-07-18 00:00:00+00:00,QQ_diff_launch,69105,69408,1,15.462716423318083,15.462716423318083,11.423875981795964,88.4726068429051,ascent,ascent,2026-108B,2026-125H,False
2026-07-18 00:00:00+00:00,QQ_diff_launch,69383,69402,1,16.305979149840805,16.305979149840805,9.656944277278162,88.64304767438112,ascent,ascent,2026-124B,2026-125B,False
2026-07-18 00:00:00+00:00,QQ_diff_launch,69385,69401,2,5.745532723732711,11.431584966289359,9.636881992901145,88.69340761429223,ascent,ascent,2026-124D,2026-125A,False
2026-07-18 00:00:00+00:00,QQ_diff_launch,69386,69404,3,11.916913992775989,17.239435159085062,9.657940702947796,88.66357781880373,ascent,ascent,2026-124E,2026-125D,False
2026-07-18 00:00:00+00:00,QQ_diff_launch,69388,69416,1,17.050852645497656,17.050852645497656,9.623002767498104,88.72850549585426,ascent,ascent,2026-124G,2026-125R,False
2026-07-18 00:00:00+00:00,QQ_diff_launch,69389,69416,1,7.918810073265417,7.918810073265417,9.625085496825431,88.69928146953153,ascent,ascent,2026-124H,2026-125R,False
2026-07-18 00:00:00+00:00,QQ_diff_launch,69394,69407,1,17.898859341876975,17.898859341876975,9.664015105382479,88.68882610742138,ascent,ascent,2026-124N,2026-125G,False
2026-07-18 00:00:00+00:00,QQ_diff_launch,69811,69849,1,15.322733887432655,15.322733887432655,7.637513896544956,88.84510195057683,ascent,drift,2026-153M,2026-155B,False
2026-07-18 00:00:00+00:00,QQ_same_launch,61564,61569,1,12.725626733300423,12.725626733300423,0.06285730359828616,88.16377813118504,stranded,stranded,2024-185N,2024-185T,False
2026-07-18 00:00:00+00:00,QQ_same_launch,61566,61567,1,19.76630062964925,19.76630062964925,0.0941197732204687,88.9275993889566,drift,stranded,2024-185Q,2024-185R,False
2026-07-18 00:00:00+00:00,QQ_same_launch,69074,69083,1,19.325118963370794,19.325118963370794,0.019432137834009,84.2704590364809,operational,ascent,2026-104B,2026-104L,False
2026-07-18 00:00:00+00:00,QQ_same_launch,69074,69087,1,17.66456549841834,17.66456549841834,0.010310933384156198,59.795746759122636,operational,drift,2026-104B,2026-104Q,False
2026-07-18 00:00:00+00:00,QQ_same_launch,69108,69121,1,17.412501368540752,17.412501368540752,0.011130839628291662,57.57666988146253,excursion,ascent,2026-108E,2026-108T,False
2026-07-18 00:00:00+00:00,QQ_same_launch,69111,69117,1,17.725656620138658,17.725656620138658,0.009132304560498327,40.16712522319797,ascent,ascent,2026-108H,2026-108P,False
2026-07-18 00:00:00+00:00,QQ_same_launch,69401,69413,1,14.159459980454024,14.159459980454024,0.0059802045626875765,60.67471340970117,ascent,ascent,2026-125A,2026-125N,False
2026-07-18 00:00:00+00:00,QQ_same_launch,69406,69415,1,10.571615110335506,10.571615110335506,0.006329472198545522,37.12819751690674,ascent,ascent,2026-125F,2026-125Q,False
2026-07-18 00:00:00+00:00,QQ_same_launch,69415,69418,1,10.566603624598935,10.566603624598935,0.0034973386684022502,72.7381450956409,ascent,ascent,2026-125Q,2026-125T,False
2026-07-18 00:00:00+00:00,QQ_same_launch,69800,69811,1,17.626914718775232,17.626914718775232,0.009319672186509503,54.90460331222089,ascent,ascent,2026-153A,2026-153M,False
2026-07-18 00:00:00+00:00,QQ_same_launch,69800,69812,1,18.0180696726591,18.0180696726591,0.009401983674850824,51.63590959884908,ascent,ascent,2026-153A,2026-153N,False
2026-07-18 00:00:00+00:00,QQ_same_launch,69811,69813,1,15.118948933811842,15.118948933811842,0.008165798126703918,36.98190662487781,ascent,drift,2026-153M,2026-153P,False
2026-07-18 00:00:00+00:00,QQ_same_launch,69811,69814,1,11.026889545780218,11.026889545780218,0.004076910510862922,22.678542714441825,ascent,drift,2026-153M,2026-153Q,False
2026-07-18 00:00:00+00:00,QQ_same_launch,69811,69815,1,10.121911619340338,10.121911619340338,0.003264027215846346,41.16825295214194,ascent,drift,2026-153M,2026-153R,False
2026-07-18 00:00:00+00:00,QQ_same_launch,69811,69816,1,15.565481435484822,15.565481435484822,0.010144361895547896,63.02004307666986,ascent,drift,2026-153M,2026-153S,False
2026-07-18 00:00:00+00:00,QQ_same_launch,69813,69814,6,19.369169557703497,19.644767095659844,0.020560716741000122,36.403818641710096,drift,drift,2026-153P,2026-153Q,False
2026-07-18 00:00:00+00:00,QQ_same_launch,69814,69815,16,5.080856962745505,5.318445442769189,0.00552764591176094,67.17792548876594,drift,drift,2026-153Q,2026-153R,True
2026-07-21 00:00:00+00:00,QQ_diff_launch,60379,68642,13,11.900607310797612,11.951724288101097,5.139373999651293,88.91656224407413,operational,operational,2024-140A,2026-075G,False
2026-07-21 00:00:00+00:00,QQ_diff_launch,60380,68638,27,9.254660886371667,9.490615458940646,5.1592375099469105,88.91353115771476,operational,operational,2024-140B,2026-075C,True
2026-07-21 00:00:00+00:00,QQ_diff_launch,60381,61562,16,15.298234261468489,17.119018007955287,13.842543313339721,86.91831304036266,operational,operational,2024-140C,2024-185L,True
2026-07-21 00:00:00+00:00,QQ_diff_launch,60381,68640,27,10.373349435328965,15.519697948790355,5.145697010904124,88.89364483961499,operational,operational,2024-140C,2026-075E,True
2026-07-21 00:00:00+00:00,QQ_diff_launch,60381,69115,1,3.533042497776748,3.533042497776748,11.380051687653722,88.4068776598417,operational,ascent,2024-140C,2026-108M,False
2026-07-21 00:00:00+00:00,QQ_diff_launch,60382,69119,2,5.56976272677305,10.999659049867793,11.385896451270913,88.40906401908606,operational,operational,2024-140D,2026-108R,False
2026-07-21 00:00:00+00:00,QQ_diff_launch,60384,68645,27,9.408168731296417,10.839578330996902,5.161517848589168,88.9185914721161,operational,operational,2024-140F,2026-075K,True
2026-07-21 00:00:00+00:00,QQ_diff_launch,60384,69075,1,19.87788267706689,19.87788267706689,7.510455428103458,88.78604476776212,operational,drift,2024-140F,2026-104C,False
2026-07-21 00:00:00+00:00,QQ_diff_launch,60387,69106,1,13.669557732633807,13.669557732633807,11.380352014632207,88.40143359759891,operational,drift,2024-140J,2026-108C,False
2026-07-21 00:00:00+00:00,QQ_diff_launch,60388,69106,1,16.626819505610683,16.626819505610683,11.429079282928067,88.42444035362095,operational,drift,2024-140K,2026-108C,False
2026-07-21 00:00:00+00:00,QQ_diff_launch,60389,69089,1,16.412224774840407,16.412224774840407,7.5007230899699495,88.80811798602478,operational,drift,2024-140L,2026-104S,False
2026-07-21 00:00:00+00:00,QQ_diff_launch,60390,69104,1,3.9181072705267206,3.9181072705267206,11.37859884934969,88.3769628420839,operational,ascent,2024-140M,2026-108A,False
2026-07-21 00:00:00+00:00,QQ_diff_launch,60394,68641,14,9.651539216544766,9.739740147946678,5.12580826807911,88.9141092294762,operational,operational,2024-140R,2026-075F,True
2026-07-21 00:00:00+00:00,QQ_diff_launch,60396,68648,27,11.685558269736159,12.705444620444712,5.1667575434566935,88.90116656505923,operational,operational,2024-140T,2026-075N,True
2026-07-21 00:00:00+00:00,QQ_diff_launch,61555,69397,1,12.684915553899268,12.684915553899268,7.013202317024098,88.8325275130754,stranded,ascent,2024-185D,2026-124R,False
2026-07-21 00:00:00+00:00,QQ_diff_launch,61556,69861,1,19.436329148743493,19.436329148743493,1.0217407255219646,88.96471630388129,stranded,drift,2024-185E,2026-155P,False
2026-07-21 00:00:00+00:00,QQ_diff_launch,61557,62240,1,16.985711551162268,16.985711551162268,4.988007405197419,88.94255269366026,stranded,stranded,2024-185F,2024-232D,False
2026-07-21 00:00:00+00:00,QQ_diff_launch,61559,69414,1,13.366596421849897,13.366596421849897,13.776618781331857,87.04140569526596,stranded,ascent,2024-185H,2026-125P,False
2026-07-21 00:00:00+00:00,QQ_diff_launch,61559,69418,1,5.397116244140694,5.397116244140694,13.770704907806092,87.0346000051543,stranded,ascent,2024-185H,2026-125T,False
2026-07-21 00:00:00+00:00,QQ_diff_launch,61566,63163,9,8.872314221163512,13.125585084807112,12.875414106513507,87.93486230133684,drift,stranded,2024-185Q,2025-046E,False
2026-07-21 00:00:00+00:00,QQ_diff_launch,61566,69415,1,9.235719154522217,9.235719154522217,13.80171878688657,87.1256145759529,drift,ascent,2024-185Q,2026-125Q,False
2026-07-21 00:00:00+00:00,QQ_diff_launch,61569,66037,1,16.205245966558632,16.205245966558632,2.391974706015965,88.97400124307255,stranded,operational,2024-185T,2025-233E,False
2026-07-21 00:00:00+00:00,QQ_diff_launch,61569,69078,1,12.76299657471098,12.76299657471098,9.39082809695031,88.67302155858931,stranded,operational,2024-185T,2026-104F,False
2026-07-21 00:00:00+00:00,QQ_diff_launch,61569,69114,2,8.169219453646534,9.353196750503205,4.93832183176336,88.92081480976918,stranded,drift,2024-185T,2026-108L,False
2026-07-21 00:00:00+00:00,QQ_diff_launch,62242,63164,13,4.618485970078414,4.852502989084858,9.58515390672813,88.65998249436912,operational,operational,2024-232F,2025-046F,False
2026-07-21 00:00:00+00:00,QQ_diff_launch,62245,69107,1,4.278456083489183,4.278456083489183,0.037318778721266495,88.83179908806775,operational,drift,2024-232J,2026-108D,False
2026-07-21 00:00:00+00:00,QQ_diff_launch,62247,63160,3,19.10451287211078,19.426767001165334,9.605582617266178,88.60299583838783,operational,operational,2024-232L,2025-046B,False
2026-07-21 00:00:00+00:00,QQ_diff_launch,62249,63172,13,7.868366858365737,8.33012439305272,9.607083834170924,88.65259535123029,operational,operational,2024-232N,2025-046P,False
2026-07-21 00:00:00+00:00,QQ_diff_launch,62250,63174,27,12.991424729981878,14.111926359806068,9.599628888717069,88.61799556420928,operational,operational,2024-232P,2025-046R,True
2026-07-21 00:00:00+00:00,QQ_diff_launch,62251,69083,1,15.362375367864853,15.362375367864853,5.147493321522332,88.93802088727055,operational,drift,2024-232Q,2026-104L,False
2026-07-21 00:00:00+00:00,QQ_diff_launch,62255,63173,13,3.9717186702368266,4.058205771975904,9.554709274735647,88.67283850644363,operational,operational,2024-232U,2025-046Q,False
2026-07-21 00:00:00+00:00,QQ_diff_launch,62785,68645,27,13.36508650541186,17.43261044919403,12.809650314694702,87.78537324829558,operational,operational,2025-016A,2026-075K,True
2026-07-21 00:00:00+00:00,QQ_diff_launch,62785,69075,1,9.9178858343494,9.9178858343494,11.422181160165618,88.3604446209561,operational,drift,2025-016A,2026-104C,False
2026-07-21 00:00:00+00:00,QQ_diff_launch,62786,68653,13,17.57873623642319,17.60240121676824,12.799581281284505,87.96838709882557,operational,operational,2025-016B,2026-075T,False
2026-07-21 00:00:00+00:00,QQ_diff_launch,62786,69109,1,5.591686858228325,5.591686858228325,7.492059489330122,88.83427878279737,operational,ascent,2025-016B,2026-108F,False
2026-07-21 00:00:00+00:00,QQ_diff_launch,62787,68646,27,6.321244161256388,7.581737677011923,12.851102321473562,87.81844488527753,operational,operational,2025-016C,2026-075L,True
2026-07-21 00:00:00+00:00,QQ_diff_launch,62789,69077,1,8.967466710968823,8.967466710968823,11.406744200825313,88.3351067090482,operational,excursion,2025-016E,2026-104E,False
2026-07-21 00:00:00+00:00,QQ_diff_launch,62790,69119,2,15.84879191194702,17.189346539683537,7.477705818258752,88.8451245703165,operational,operational,2025-016F,2026-108R,False
2026-07-21 00:00:00+00:00,QQ_diff_launch,62791,68641,27,10.734951657224249,10.941165159886522,12.867372937133482,87.89409471458963,operational,operational,2025-016G,2026-075F,True
2026-07-21 00:00:00+00:00,QQ_diff_launch,62795,69115,1,19.255870363892768,19.255870363892768,7.496970423202334,88.86196535773614,operational,ascent,2025-016L,2026-108M,False
2026-07-21 00:00:00+00:00,QQ_diff_launch,62796,68639,27,10.188067767671965,11.053180194520872,12.801197757155965,87.85690482967802,operational,operational,2025-016M,2026-075D,True
2026-07-21 00:00:00+00:00,QQ_diff_launch,62797,68647,3,19.519736072903036,19.692794659559222,12.801599510998463,87.99306057260125,operational,operational,2025-016N,2026-075M,False
2026-07-21 00:00:00+00:00,QQ_diff_launch,62799,69079,1,11.532158332475799,11.532158332475799,11.394360209878482,88.36467542853458,operational,drift,2025-016Q,2026-104G,False
2026-07-21 00:00:00+00:00,QQ_diff_launch,62801,68652,27,11.232078562241089,11.645903614583098,12.802660907696689,87.86111224930302,operational,operational,2025-016S,2026-075S,True
2026-07-21 00:00:00+00:00,QQ_diff_launch,63161,69108,2,12.816499515261004,14.30327855548411,9.52911881030072,88.6972274871047,operational,operational,2025-046C,2026-108E,False
2026-07-21 00:00:00+00:00,QQ_diff_launch,63163,69415,1,19.289935891736448,19.289935891736448,2.1574437885574755,88.97126564555927,stranded,ascent,2025-046E,2026-125Q,False
2026-07-21 00:00:00+00:00,QQ_diff_launch,63164,69085,1,13.002180649668267,13.002180649668267,5.104343368927222,88.90626550978196,operational,excursion,2025-046F,2026-104N,False
2026-07-21 00:00:00+00:00,QQ_diff_launch,63166,69117,1,15.832952249398474,15.832952249398474,9.554711753335303,88.696761914308,operational,ascent,2025-046H,2026-108P,False
2026-07-21 00:00:00+00:00,QQ_diff_launch,63168,69107,1,12.300534783155388,12.300534783155388,9.545534275145817,88.70311917385872,operational,drift,2025-046K,2026-108D,False
2026-07-21 00:00:00+00:00,QQ_diff_launch,63175,69114,1,11.20378496076691,11.20378496076691,9.5333372821383,88.70140838621596,operational,drift,2025-046S,2026-108L,False
2026-07-21 00:00:00+00:00,QQ_diff_launch,66035,69117,1,19.631843047194426,19.631843047194426,2.6853601684753197,88.99305185114325,operational,ascent,2025-233C,2026-108P,False
2026-07-21 00:00:00+00:00,QQ_diff_launch,66037,69073,4,3.015343666666325,6.763182783722247,7.435683528614598,88.82190974797894,operational,operational,2025-233E,2026-104A,False
2026-07-21 00:00:00+00:00,QQ_diff_launch,66041,69082,1,17.577358909337395,17.577358909337395,7.49389346409348,88.8511334823655,operational,operational,2025-233J,2026-104K,False
2026-07-21 00:00:00+00:00,QQ_diff_launch,68644,69111,2,8.662971763836786,11.051735087893043,7.433267002260958,88.82922913729716,operational,operational,2026-075J,2026-108H,False
2026-07-21 00:00:00+00:00,QQ_diff_launch,68649,69119,1,14.913657595343189,14.913657595343189,7.419636671788471,88.80970062900441,operational,operational,2026-075P,2026-108R,False
2026-07-21 00:00:00+00:00,QQ_diff_launch,68650,69104,1,16.640166020123896,16.640166020123896,7.446044540345942,88.80711174362045,operational,ascent,2026-075Q,2026-108A,False
2026-07-21 00:00:00+00:00,QQ_diff_launch,68653,69109,2,13.342347782878424,15.364617964952998,7.4364506081097,88.8419827119285,operational,ascent,2026-075T,2026-108F,False
2026-07-21 00:00:00+00:00,QQ_diff_launch,69073,69114,1,15.317356585243198,15.317356585243198,5.069777762794747,88.92502774243097,operational,drift,2026-104A,2026-108L,False
2026-07-21 00:00:00+00:00,QQ_diff_launch,69074,69118,1,8.381417577292076,8.381417577292076,5.062552548348399,88.94131282832753,operational,ascent,2026-104B,2026-108Q,False
2026-07-21 00:00:00+00:00,QQ_diff_launch,69077,69107,1,14.713400985810749,14.713400985810749,5.07552123605594,88.93374836567541,excursion,drift,2026-104E,2026-108D,False
2026-07-21 00:00:00+00:00,QQ_diff_launch,69086,69110,2,7.522466180374284,11.721463158307369,5.076171456766105,88.93532470207471,operational,operational,2026-104P,2026-108G,False
2026-07-21 00:00:00+00:00,QQ_diff_launch,69382,69410,1,11.711414271523818,11.711414271523818,9.6160969639576,88.64073473088582,ascent,ascent,2026-124A,2026-125K,False
2026-07-21 00:00:00+00:00,QQ_diff_launch,69388,69407,1,13.422512648822996,13.422512648822996,9.654223662686645,88.7193805624847,ascent,ascent,2026-124G,2026-125G,False
2026-07-21 00:00:00+00:00,QQ_diff_launch,69389,69417,2,2.459781304375692,8.684186433201365,9.644804786246482,88.67262308478274,ascent,ascent,2026-124H,2026-125S,False
2026-07-21 00:00:00+00:00,QQ_diff_launch,69395,69413,1,8.486100106542557,8.486100106542557,9.663191891692712,88.67752150234614,ascent,ascent,2026-124P,2026-125N,False
2026-07-21 00:00:00+00:00,QQ_diff_launch,69399,69401,1,19.87522647550542,19.87522647550542,9.600743007136098,88.6047152401204,ascent,ascent,2026-124T,2026-125A,False
2026-07-21 00:00:00+00:00,QQ_same_launch,61558,61567,1,13.590262513693482,13.590262513693482,0.03412624658440203,85.58315745216797,stranded,stranded,2024-185G,2024-185R,False
2026-07-21 00:00:00+00:00,QQ_same_launch,61560,61561,1,3.1792282516700237,3.1792282516700237,0.0014553909545893052,10.36001226082541,stranded,stranded,2024-185J,2024-185K,False
2026-07-21 00:00:00+00:00,QQ_same_launch,69087,69090,1,18.457304922158087,18.457304922158087,0.0061454395104731585,7.081635000017634,excursion,operational,2026-104Q,2026-104T,False
2026-07-21 00:00:00+00:00,QQ_same_launch,69112,69117,1,19.043663843883877,19.043663843883877,0.010783008918984772,56.96661521093569,ascent,ascent,2026-108J,2026-108P,False
2026-07-21 00:00:00+00:00,QQ_same_launch,69115,69118,1,12.378576852323006,12.378576852323006,0.007565912959545909,38.52501934998625,ascent,ascent,2026-108M,2026-108Q,False
2026-07-21 00:00:00+00:00,QQ_same_launch,69117,69118,1,13.251482056242615,13.251482056242615,0.006122091318790167,71.00342189240166,ascent,ascent,2026-108P,2026-108Q,False
2026-07-21 00:00:00+00:00,QQ_same_launch,69388,69394,1,9.82974665304024,9.82974665304024,0.005695314875518938,86.03625366611192,ascent,ascent,2026-124G,2026-124N,False
2026-07-21 00:00:00+00:00,QQ_same_launch,69390,69397,1,7.75354457117295,7.75354457117295,0.004553899331069514,59.64778401560844,ascent,ascent,2026-124J,2026-124R,False
2026-07-21 00:00:00+00:00,QQ_same_launch,69414,69416,4,0.19969185523727462,8.438101951600768,0.00920941892340176,31.888149048864356,ascent,ascent,2026-125P,2026-125R,False
2026-07-21 00:00:00+00:00,QQ_same_launch,69414,69418,1,12.860116335858663,12.860116335858663,0.00570676173816082,46.46879034524307,ascent,ascent,2026-125P,2026-125T,False
2026-07-21 00:00:00+00:00,QQ_same_launch,69416,69418,1,13.112093080752214,13.112093080752214,0.004943087704677264,3.5859681534771695,ascent,ascent,2026-125R,2026-125T,False
2026-07-21 00:00:00+00:00,QQ_same_launch,69800,69807,1,6.058445646689918,6.058445646689918,0.004253907167125069,47.014759661646956,drift,ascent,2026-153A,2026-153H,False
2026-07-21 00:00:00+00:00,QQ_same_launch,69802,69804,1,3.4370903590905098,3.4370903590905098,0.0023474802409190624,74.03830834463233,drift,ascent,2026-153C,2026-153E,False
2026-07-21 00:00:00+00:00,QQ_same_launch,69814,69815,15,8.070720597962161,8.793389317851544,0.009282692145027461,85.14969656820305,drift,drift,2026-153Q,2026-153R,True
2026-07-21 00:00:00+00:00,QQ_same_launch,69864,69867,1,19.63469778411714,19.63469778411714,0.009266563322013269,47.53679377195447,drift,drift,2026-155S,2026-155V,False
2026-07-24 00:00:00+00:00,QQ_diff_launch,60379,68642,22,12.161425786796633,12.417186944512341,5.139709105944505,88.9109470774886,operational,operational,2024-140A,2026-075G,True
2026-07-24 00:00:00+00:00,QQ_diff_launch,60380,68638,27,9.093028106539522,9.801204040743375,5.154101452014222,88.90575534025706,operational,operational,2024-140B,2026-075C,True
2026-07-24 00:00:00+00:00,QQ_diff_launch,60380,69073,1,15.825548258256312,15.825548258256312,7.501090020946301,88.82151236438426,operational,operational,2024-140B,2026-104A,False
2026-07-24 00:00:00+00:00,QQ_diff_launch,60381,68640,27,10.839746952573561,10.923869593699747,5.141187174572593,88.9049913012163,operational,operational,2024-140C,2026-075E,True
2026-07-24 00:00:00+00:00,QQ_diff_launch,60381,69104,1,14.2145433576442,14.2145433576442,11.390525134161178,88.41362591200806,operational,excursion,2024-140C,2026-108A,False
2026-07-24 00:00:00+00:00,QQ_diff_launch,60381,69107,1,15.737043145976005,15.737043145976005,11.38982765212919,88.34736596744396,operational,ascent,2024-140C,2026-108D,False
2026-07-24 00:00:00+00:00,QQ_diff_launch,60382,61564,1,11.655986244491286,11.655986244491286,13.791817178279203,86.87331840292508,operational,stranded,2024-140D,2024-185N,False
2026-07-24 00:00:00+00:00,QQ_diff_launch,60384,68645,27,9.50248061167652,9.64284269206686,5.167792040994153,88.90895574876349,operational,operational,2024-140F,2026-075K,True
2026-07-24 00:00:00+00:00,QQ_diff_launch,60389,61563,4,13.111518819867863,16.381600846710363,13.827178969050673,86.90022552160559,operational,operational,2024-140L,2024-185M,False
2026-07-24 00:00:00+00:00,QQ_diff_launch,60394,68641,27,10.191814007200433,15.289591734071491,5.121064838707853,88.92638200384317,operational,operational,2024-140R,2026-075F,True
2026-07-24 00:00:00+00:00,QQ_diff_launch,60394,69113,4,9.698574766667543,15.454506867969464,11.37083050229781,88.39501680895812,operational,operational,2024-140R,2026-108K,False
2026-07-24 00:00:00+00:00,QQ_diff_launch,60395,69111,1,6.0920820152516795,6.0920820152516795,11.36263204275812,88.42079116735002,operational,operational,2024-140S,2026-108H,False
2026-07-24 00:00:00+00:00,QQ_diff_launch,60396,68648,27,12.667980697488908,12.736546917428985,5.1724723513953,88.90062724895495,operational,operational,2024-140T,2026-075N,True
2026-07-24 00:00:00+00:00,QQ_diff_launch,60396,69118,1,16.18204498978186,16.18204498978186,11.405702926536398,88.40654145738878,operational,drift,2024-140T,2026-108Q,False
2026-07-24 00:00:00+00:00,QQ_diff_launch,61557,69858,1,13.496163285192608,13.496163285192608,1.1458473636569462,88.96724149215734,stranded,drift,2024-185F,2026-155L,False
2026-07-24 00:00:00+00:00,QQ_diff_launch,61562,69104,1,16.448593705287127,16.448593705287127,4.995446330682698,88.91344286039909,operational,excursion,2024-185L,2026-108A,False
2026-07-24 00:00:00+00:00,QQ_diff_launch,61563,69078,2,5.996448564427888,7.617203961890856,9.404032229262361,88.67882050541937,operational,operational,2024-185M,2026-104F,False
2026-07-24 00:00:00+00:00,QQ_diff_launch,61564,62254,1,9.998655750522023,9.998655750522023,4.819628467932194,88.93148184325595,stranded,operational,2024-185N,2024-232T,False
2026-07-24 00:00:00+00:00,QQ_diff_launch,61568,69863,1,14.94093629629314,14.94093629629314,1.2021338549055893,88.97114661308673,stranded,drift,2024-185S,2026-155R,False
2026-07-24 00:00:00+00:00,QQ_diff_launch,62239,69108,6,9.550244276498923,15.165036676604759,0.0589103048739243,86.19384401277631,operational,operational,2024-232C,2026-108E,False
2026-07-24 00:00:00+00:00,QQ_diff_launch,62240,69860,1,11.08231249692274,11.08231249692274,6.050906112960001,88.90862081579186,stranded,drift,2024-232D,2026-155N,False
2026-07-24 00:00:00+00:00,QQ_diff_launch,62242,63164,14,6.141539460630104,6.38859841213176,9.587137987385777,88.65980055271439,operational,operational,2024-232F,2025-046F,True
2026-07-24 00:00:00+00:00,QQ_diff_launch,62242,69075,1,14.414999933564307,14.414999933564307,5.132436754891054,88.93294431229165,operational,drift,2024-232F,2026-104C,False
2026-07-24 00:00:00+00:00,QQ_diff_launch,62249,63172,14,15.391487885855648,17.16135091866223,9.608631489809195,88.60910559217314,operational,operational,2024-232N,2025-046P,True
2026-07-24 00:00:00+00:00,QQ_diff_launch,62250,63174,27,9.738577728012988,11.12555031353605,9.604062049559138,88.6833165998399,operational,operational,2024-232P,2025-046R,True
2026-07-24 00:00:00+00:00,QQ_diff_launch,62255,63173,14,4.964317800862217,5.215651407972747,9.555033437737677,88.67996450257981,operational,operational,2024-232U,2025-046Q,True
2026-07-24 00:00:00+00:00,QQ_diff_launch,62785,68645,14,12.964466503797897,13.038934656776934,12.860780884261974,87.82947429826615,operational,operational,2025-016A,2026-075K,True
2026-07-24 00:00:00+00:00,QQ_diff_launch,62785,69109,1,15.647076493330813,15.647076493330813,7.518334033558409,88.84499457743043,operational,drift,2025-016A,2026-108F,False
2026-07-24 00:00:00+00:00,QQ_diff_launch,62786,68653,13,17.607121469855507,17.62897990721441,12.799602880665384,87.97224737403313,operational,operational,2025-016B,2026-075T,False
2026-07-24 00:00:00+00:00,QQ_diff_launch,62787,68646,27,13.319768856633626,14.250648890542314,12.820283030340544,87.77058373070335,operational,operational,2025-016C,2026-075L,True
2026-07-24 00:00:00+00:00,QQ_diff_launch,62791,68641,27,9.693326193670933,10.112147470012012,12.819395885221823,87.84883404245491,operational,operational,2025-016G,2026-075F,True
2026-07-24 00:00:00+00:00,QQ_diff_launch,62791,69113,2,12.19207096326117,15.606666024474189,7.508656216547789,88.8264432143138,operational,operational,2025-016G,2026-108K,False
2026-07-24 00:00:00+00:00,QQ_diff_launch,62793,69080,1,12.374490641874102,12.374490641874102,11.34857863563564,88.420389592747,operational,operational,2025-016J,2026-104H,False
2026-07-24 00:00:00+00:00,QQ_diff_launch,62796,68639,27,9.081822519101717,16.58543770475408,12.84807355470416,87.97292609162423,operational,operational,2025-016M,2026-075D,True
2026-07-24 00:00:00+00:00,QQ_diff_launch,62801,68652,27,10.445772837195072,14.549617459641317,12.851750175970613,87.94323919386585,operational,operational,2025-016S,2026-075S,True
2026-07-24 00:00:00+00:00,QQ_diff_launch,63162,69108,4,6.692322742590013,11.692092249073552,9.54431805182266,88.65726451648133,operational,operational,2025-046D,2026-108E,False
2026-07-24 00:00:00+00:00,QQ_diff_launch,63169,69116,1,12.027328897927578,12.027328897927578,9.62477943857589,88.6642333134377,stranded,ascent,2025-046L,2026-108N,False
2026-07-24 00:00:00+00:00,QQ_diff_launch,66042,69077,1,12.6631184755452,12.6631184755452,7.484779231591351,88.8159021576419,operational,operational,2025-233K,2026-104E,False
2026-07-24 00:00:00+00:00,QQ_diff_launch,66045,69080,1,13.160039100786078,13.160039100786078,7.490651726926128,88.83871255325435,operational,operational,2025-233N,2026-104H,False
2026-07-24 00:00:00+00:00,QQ_diff_launch,68637,69111,1,11.532981903551951,11.532981903551951,7.420312136817464,88.85820896790823,operational,operational,2026-075B,2026-108H,False
2026-07-24 00:00:00+00:00,QQ_diff_launch,68638,69073,1,6.627432813378796,6.627432813378796,2.59429463579117,88.97316320423629,operational,operational,2026-075C,2026-104A,False
2026-07-24 00:00:00+00:00,QQ_diff_launch,68641,69113,2,11.81313282046242,12.879160522576047,7.43054646592407,88.86562582325166,operational,operational,2026-075F,2026-108K,False
2026-07-24 00:00:00+00:00,QQ_diff_launch,69075,69121,3,4.84358303304398,14.271182400390128,5.087517125790074,88.92662835328682,drift,drift,2026-104C,2026-108T,False
2026-07-24 00:00:00+00:00,QQ_diff_launch,69383,69402,1,11.566133045028588,11.566133045028588,9.59664416783396,88.65693325611652,ascent,ascent,2026-124B,2026-125B,False
2026-07-24 00:00:00+00:00,QQ_diff_launch,69390,69409,1,15.396532909941941,15.396532909941941,9.596149680682599,88.63021210190999,ascent,ascent,2026-124J,2026-125J,False
2026-07-24 00:00:00+00:00,QQ_diff_launch,69391,69407,1,14.000983453242329,14.000983453242329,9.601708402565531,88.71595574935084,ascent,ascent,2026-124K,2026-125G,False
2026-07-24 00:00:00+00:00,QQ_diff_launch,69392,69405,2,2.1030043685735693,6.267499482306064,9.619955693882577,88.6753618317213,ascent,ascent,2026-124L,2026-125E,False
2026-07-24 00:00:00+00:00,QQ_diff_launch,69394,69402,2,6.265132079362658,11.968895550152169,9.616048610926796,88.7035771074882,ascent,ascent,2026-124N,2026-125B,False
2026-07-24 00:00:00+00:00,QQ_diff_launch,69397,69417,1,19.170071591642103,19.170071591642103,9.600373474459902,88.67397267326491,ascent,ascent,2026-124R,2026-125S,False
2026-07-24 00:00:00+00:00,QQ_diff_launch,69801,69861,1,11.272185620401595,11.272185620401595,7.653016986153117,88.84732578819768,drift,drift,2026-153B,2026-155P,False
2026-07-24 00:00:00+00:00,QQ_diff_launch,69803,69864,1,15.949506341848403,15.949506341848403,7.656507730385706,88.81497508149997,drift,drift,2026-153D,2026-155S,False
2026-07-24 00:00:00+00:00,QQ_diff_launch,69807,69853,2,9.93625925693201,14.24294454759464,7.648373144335889,88.8328118229633,drift,drift,2026-153H,2026-155F,False
2026-07-24 00:00:00+00:00,QQ_diff_launch,69808,69859,1,17.89662927922769,17.89662927922769,7.65125198713191,88.85818388655008,drift,drift,2026-153J,2026-155M,False
2026-07-24 00:00:00+00:00,QQ_diff_launch,69810,69851,1,15.153324473906146,15.153324473906146,7.65177911448043,88.81583288184167,drift,drift,2026-153L,2026-155D,False
2026-07-24 00:00:00+00:00,QQ_same_launch,62240,62243,4,9.287336450443025,13.75657260190534,0.015778851980758082,61.811829327106295,stranded,stranded,2024-232D,2024-232G,False
2026-07-24 00:00:00+00:00,QQ_same_launch,69383,69386,1,14.339507680450835,14.339507680450835,0.006929701980862003,55.10279332754136,ascent,ascent,2026-124B,2026-124E,False
2026-07-24 00:00:00+00:00,QQ_same_launch,69383,69394,1,14.209916625547033,14.209916625547033,0.007544191920612095,9.885033221875723,ascent,ascent,2026-124B,2026-124N,False
2026-07-24 00:00:00+00:00,QQ_same_launch,69383,69398,1,18.406543684560443,18.406543684560443,0.00899413738777174,73.05741857861393,ascent,ascent,2026-124B,2026-124S,False
2026-07-24 00:00:00+00:00,QQ_same_launch,69391,69394,1,14.681072272521137,14.681072272521137,0.008445687979331026,20.593161248676005,ascent,ascent,2026-124K,2026-124N,False
2026-07-24 00:00:00+00:00,QQ_same_launch,69404,69414,1,15.768963961712501,15.768963961712501,0.007404672726854699,18.621208818252178,ascent,ascent,2026-125D,2026-125P,False
2026-07-24 00:00:00+00:00,QQ_same_launch,69409,69416,1,18.722546001188707,18.722546001188707,0.009449433760462183,39.251747413411834,ascent,ascent,2026-125J,2026-125R,False
2026-07-24 00:00:00+00:00,QQ_same_launch,69803,69804,1,5.443065738556206,5.443065738556206,0.0027514948009215246,31.434482894768934,drift,drift,2026-153D,2026-153E,False
2026-07-24 00:00:00+00:00,QQ_same_launch,69805,69808,1,3.2243409541288406,3.2243409541288406,0.001734942313049757,13.932058925808326,drift,drift,2026-153F,2026-153J,False
2026-07-24 00:00:00+00:00,QQ_same_launch,69814,69815,15,4.1367100892163915,4.654506538701238,0.00500993170866846,81.45322802729521,drift,drift,2026-153Q,2026-153R,True
2026-07-24 00:00:00+00:00,QQ_same_launch,69853,69854,1,2.8227041729713855,2.8227041729713855,0.0013532132946242326,69.67779915913556,drift,drift,2026-155F,2026-155G,False
2026-07-27 00:00:00+00:00,QQ_diff_launch,60379,61564,1,15.596394333616713,15.596394333616713,13.789707459601452,86.76761353488178,operational,stranded,2024-140A,2024-185N,False
2026-07-27 00:00:00+00:00,QQ_diff_launch,60379,68642,27,13.138392615073608,13.67637774802116,5.136602981126026,88.91529566198413,operational,operational,2024-140A,2026-075G,True
2026-07-27 00:00:00+00:00,QQ_diff_launch,60379,69120,1,8.868437063103093,8.868437063103093,11.37953355932447,88.40356120596077,operational,ascent,2024-140A,2026-108S,False
2026-07-27 00:00:00+00:00,QQ_diff_launch,60380,68638,16,12.062161464312792,13.176335173989425,5.160918965209602,88.89643272308825,operational,operational,2024-140B,2026-075C,True
2026-07-27 00:00:00+00:00,QQ_diff_launch,60380,69107,1,15.138360241163118,15.138360241163118,11.397541246577067,88.4432382138061,operational,drift,2024-140B,2026-108D,False
2026-07-27 00:00:00+00:00,QQ_diff_launch,60381,68640,27,10.13484245922323,10.52935988259112,5.147102177096845,88.90653166768892,operational,operational,2024-140C,2026-075E,True
2026-07-27 00:00:00+00:00,QQ_diff_launch,60382,69119,1,3.4195845218612453,3.4195845218612453,11.392905325800086,88.40163106508079,operational,operational,2024-140D,2026-108R,False
2026-07-27 00:00:00+00:00,QQ_diff_launch,60384,68645,27,10.242875388889027,12.527913282340316,5.162786240121448,88.899786518755,operational,operational,2024-140F,2026-075K,True
2026-07-27 00:00:00+00:00,QQ_diff_launch,60384,69115,1,17.85736909249222,17.85736909249222,11.40069308159302,88.3219742894363,operational,ascent,2024-140F,2026-108M,False
2026-07-27 00:00:00+00:00,QQ_diff_launch,60386,68652,12,18.875354826191643,19.43118730099696,5.133005172228111,88.9309245665339,operational,operational,2024-140H,2026-075S,False
2026-07-27 00:00:00+00:00,QQ_diff_launch,60388,61564,1,14.557397436653769,14.557397436653769,13.809788733238012,86.77658844562922,operational,stranded,2024-140K,2024-185N,False
2026-07-27 00:00:00+00:00,QQ_diff_launch,60388,69112,8,8.062658679926022,11.494103712412464,11.418138769876187,88.36915811853956,operational,operational,2024-140K,2026-108J,False
2026-07-27 00:00:00+00:00,QQ_diff_launch,60393,69082,2,5.73191032373466,10.03722325220669,7.4881648286624465,88.81932846940369,operational,operational,2024-140Q,2026-104K,False
2026-07-27 00:00:00+00:00,QQ_diff_launch,60394,68641,27,10.544075532584769,10.61639315937923,5.126704816414999,88.91249247157474,operational,operational,2024-140R,2026-075F,True
2026-07-27 00:00:00+00:00,QQ_diff_launch,60396,68648,16,12.208440410749414,12.309808665514819,5.173334029313917,88.90091845144639,operational,operational,2024-140T,2026-075N,True
2026-07-27 00:00:00+00:00,QQ_diff_launch,61554,69864,1,14.761259560119372,14.761259560119372,1.1825113861817942,88.96810452606496,stranded,drift,2024-185C,2026-155S,False
2026-07-27 00:00:00+00:00,QQ_diff_launch,61554,69867,1,15.086870276913869,15.086870276913869,1.1844325895245698,88.96648717390111,stranded,drift,2024-185C,2026-155V,False
2026-07-27 00:00:00+00:00,QQ_diff_launch,61557,69804,1,9.950437928574464,9.950437928574464,6.6463174501626,88.86922923153648,stranded,drift,2024-185F,2026-153E,False
2026-07-27 00:00:00+00:00,QQ_diff_launch,61557,69814,1,18.286051776330538,18.286051776330538,6.642070403904395,88.82787010362698,stranded,drift,2024-185F,2026-153Q,False
2026-07-27 00:00:00+00:00,QQ_diff_launch,61557,69815,1,18.94887124933555,18.94887124933555,6.642011302270413,88.82649105278891,stranded,drift,2024-185F,2026-153R,False
2026-07-27 00:00:00+00:00,QQ_diff_launch,61563,62253,1,15.363348669016872,15.363348669016872,4.903055518258427,88.93887676373483,operational,operational,2024-185M,2024-232S,False
2026-07-27 00:00:00+00:00,QQ_diff_launch,61563,63175,3,6.310415113682141,13.221005024367665,12.701171783701218,87.95599485926451,operational,operational,2024-185M,2025-046S,False
2026-07-27 00:00:00+00:00,QQ_diff_launch,61565,63162,20,6.190124435634507,11.730578525888761,12.728377894476722,87.92001057135566,operational,operational,2024-185P,2025-046D,True
2026-07-27 00:00:00+00:00,QQ_diff_launch,61565,69107,1,17.004226082293833,17.004226082293833,4.970680104729226,88.91175879440655,operational,drift,2024-185P,2026-108D,False
2026-07-27 00:00:00+00:00,QQ_diff_launch,61568,69850,2,7.674689878894411,9.921347088464975,1.2044292195642214,88.97644630625564,stranded,drift,2024-185S,2026-155C,False
2026-07-27 00:00:00+00:00,QQ_diff_launch,61569,62254,1,10.371935944857814,10.371935944857814,4.8755450612600155,88.91656905361044,stranded,operational,2024-185T,2024-232T,False
2026-07-27 00:00:00+00:00,QQ_diff_launch,62240,69802,1,16.54680359275291,16.54680359275291,1.7871174632124003,88.99619562091313,stranded,drift,2024-232D,2026-153C,False
2026-07-27 00:00:00+00:00,QQ_diff_launch,62240,69803,1,10.899187653384582,10.899187653384582,1.787156181801176,88.98956806136464,stranded,drift,2024-232D,2026-153D,False
2026-07-27 00:00:00+00:00,QQ_diff_launch,62240,69862,1,11.204917217119476,11.204917217119476,6.049561563131391,88.89321143699787,stranded,drift,2024-232D,2026-155Q,False
2026-07-27 00:00:00+00:00,QQ_diff_launch,62242,63164,13,7.64982050136149,7.8794571710936445,9.589310562435681,88.65670847600282,operational,operational,2024-232F,2025-046F,False
2026-07-27 00:00:00+00:00,QQ_diff_launch,62242,69083,1,14.873593758465281,14.873593758465281,5.141791284260241,88.93182777758551,operational,ascent,2024-232F,2026-104L,False
2026-07-27 00:00:00+00:00,QQ_diff_launch,62243,69804,1,13.837908632637776,13.837908632637776,1.7968977601627514,88.99278182850489,stranded,drift,2024-232G,2026-153E,False
2026-07-27 00:00:00+00:00,QQ_diff_launch,62248,69079,1,14.557890472853678,14.557890472853678,5.1320420983306825,88.9402896430348,operational,ascent,2024-232M,2026-104G,False
2026-07-27 00:00:00+00:00,QQ_diff_launch,62250,63174,13,7.7396877166330995,7.762306306084745,9.606250105366433,88.66225159769563,operational,operational,2024-232P,2025-046R,False
2026-07-27 00:00:00+00:00,QQ_diff_launch,62255,63173,13,6.515335717703583,6.751236965299625,9.555324133177944,88.68583700182256,operational,operational,2024-232U,2025-046Q,False
2026-07-27 00:00:00+00:00,QQ_diff_launch,62785,68645,27,10.48711699074048,17.914076258753088,12.810422661299633,87.76816209884657,operational,operational,2025-016A,2026-075K,True
2026-07-27 00:00:00+00:00,QQ_diff_launch,62785,69116,1,9.094838792370156,9.094838792370156,7.52360895952398,88.81493866441595,operational,ascent,2025-016A,2026-108N,False
2026-07-27 00:00:00+00:00,QQ_diff_launch,62786,68653,14,17.397099819021186,17.430330420411693,12.799858928185872,87.97502705368188,operational,operational,2025-016B,2026-075T,True
2026-07-27 00:00:00+00:00,QQ_diff_launch,62787,68646,27,13.747402393567095,14.036233192955036,12.850539152263181,87.77199197730862,operational,operational,2025-016C,2026-075L,True
2026-07-27 00:00:00+00:00,QQ_diff_launch,62787,69082,3,0.5877137587165148,10.740465352872453,11.394991446635515,88.37652388798692,operational,operational,2025-016C,2026-104K,False
2026-07-27 00:00:00+00:00,QQ_diff_launch,62790,69119,2,15.906933436203685,16.07222236165271,7.475880933083642,88.83889498720808,operational,operational,2025-016F,2026-108R,False
2026-07-27 00:00:00+00:00,QQ_diff_launch,62791,68641,27,8.428149522758455,13.862590317546536,12.865218753744049,87.94801465774002,operational,operational,2025-016G,2026-075F,True
2026-07-27 00:00:00+00:00,QQ_diff_launch,62793,69120,1,4.7492289266392635,4.7492289266392635,7.504708528857491,88.82072569615323,operational,ascent,2025-016J,2026-108S,False
2026-07-27 00:00:00+00:00,QQ_diff_launch,62796,68639,14,9.991500834501476,10.362286332887209,12.80199707790158,87.92416162852429,operational,operational,2025-016M,2026-075D,True
2026-07-27 00:00:00+00:00,QQ_diff_launch,62797,68647,14,19.497136413058158,19.6391336179177,12.802138891021226,87.9984427340199,operational,operational,2025-016N,2026-075M,True
2026-07-27 00:00:00+00:00,QQ_diff_launch,62797,69112,2,14.958965851992152,16.012330881137885,7.480688048431546,88.84528240039438,operational,operational,2025-016N,2026-108J,False
2026-07-27 00:00:00+00:00,QQ_diff_launch,62798,69110,1,14.991517599179863,14.991517599179863,7.4656594885599254,88.84286460782745,operational,operational,2025-016P,2026-108G,False
2026-07-27 00:00:00+00:00,QQ_diff_launch,62801,68652,24,10.372218330960786,10.427831371843151,12.803224618816712,87.90478698051356,operational,operational,2025-016S,2026-075S,True
2026-07-27 00:00:00+00:00,QQ_diff_launch,63162,69107,1,19.364179630019894,19.364179630019894,9.529824279950228,88.69923969286366,operational,drift,2025-046D,2026-108D,False
2026-07-27 00:00:00+00:00,QQ_diff_launch,63166,69106,1,19.90001241170576,19.90001241170576,9.578446133967326,88.69390125832089,operational,ascent,2025-046H,2026-108C,False
2026-07-27 00:00:00+00:00,QQ_diff_launch,63169,69118,1,19.84158706699314,19.84158706699314,9.622178751629725,88.61122928091298,stranded,ascent,2025-046L,2026-108Q,False
2026-07-27 00:00:00+00:00,QQ_diff_launch,66034,69108,2,5.94267327262305,10.459841752020006,2.669535398455456,88.9896061810557,operational,operational,2025-233B,2026-108E,False
2026-07-27 00:00:00+00:00,QQ_diff_launch,66036,69107,1,19.456768038395936,19.456768038395936,2.6668122672470838,88.98817262969776,operational,drift,2025-233D,2026-108D,False
2026-07-27 00:00:00+00:00,QQ_diff_launch,66038,69110,1,14.019562897073177,14.019562897073177,2.6756869857811405,88.98519165675502,operational,operational,2025-233F,2026-108G,False
2026-07-27 00:00:00+00:00,QQ_diff_launch,66040,69079,1,15.070392003650923,15.070392003650923,7.484241570258573,88.81878074504453,operational,ascent,2025-233H,2026-104G,False
2026-07-27 00:00:00+00:00,QQ_diff_launch,66042,69113,1,17.751933231922195,17.751933231922195,2.6699793687215463,88.97627423640249,operational,operational,2025-233K,2026-108K,False
2026-07-27 00:00:00+00:00,QQ_diff_launch,66048,69115,1,13.41472865646972,13.41472865646972,2.67994548025404,88.98794388636873,operational,ascent,2025-233R,2026-108M,False
2026-07-27 00:00:00+00:00,QQ_diff_launch,68646,69082,2,13.177895683474553,14.196622767093935,2.5986485180921965,88.97403349697396,operational,operational,2026-075L,2026-104K,False
2026-07-27 00:00:00+00:00,QQ_diff_launch,68647,69112,5,5.425837121614454,9.534856504027559,7.423018005238227,88.85032885217757,operational,operational,2026-075M,2026-108J,False
2026-07-27 00:00:00+00:00,QQ_diff_launch,68649,69119,2,9.019521724218539,11.5213714317225,7.431001298486072,88.81760194620722,operational,operational,2026-075P,2026-108R,False
2026-07-27 00:00:00+00:00,QQ_diff_launch,69079,69325,1,9.80812438356509,9.80812438356509,5.110921972130544,88.93506261602104,ascent,operational,2026-104G,2026-121A,False
2026-07-27 00:00:00+00:00,QQ_diff_launch,69087,69117,1,12.344662479124008,12.344662479124008,5.069310508385878,88.94117766551639,operational,ascent,2026-104Q,2026-108P,False
2026-07-27 00:00:00+00:00,QQ_diff_launch,69385,69405,2,7.680304899114187,13.642360487304062,9.59845528807664,88.63499266318671,ascent,ascent,2026-124D,2026-125E,False
2026-07-27 00:00:00+00:00,QQ_diff_launch,69391,69401,1,19.04858587333777,19.04858587333777,9.637583698371445,88.60773332175751,ascent,ascent,2026-124K,2026-125A,False
2026-07-27 00:00:00+00:00,QQ_diff_launch,69393,69410,1,19.529129070043204,19.529129070043204,9.579203801954304,88.61155485182938,ascent,ascent,2026-124M,2026-125K,False
2026-07-27 00:00:00+00:00,QQ_diff_launch,69395,69413,5,7.839676270173255,8.469375482654929,9.591397703801935,88.67919057849578,ascent,ascent,2026-124P,2026-125N,False
2026-07-27 00:00:00+00:00,QQ_diff_launch,69800,69855,1,4.991828539602111,4.991828539602111,7.6381101906551265,88.82329121536145,drift,drift,2026-153A,2026-155H,False
2026-07-27 00:00:00+00:00,QQ_diff_launch,69802,69862,1,16.546571759274464,16.546571759274464,7.656524957470047,88.86266024172531,drift,drift,2026-153C,2026-155Q,False
2026-07-27 00:00:00+00:00,QQ_diff_launch,69812,69854,2,2.1376232528535746,10.143692978848863,7.646690205598091,88.85078499835525,drift,drift,2026-153N,2026-155G,False
2026-07-27 00:00:00+00:00,QQ_diff_launch,69817,69860,1,8.556256978102036,8.556256978102036,7.645928507169896,88.81847355305581,drift,drift,2026-153T,2026-155N,False
2026-07-27 00:00:00+00:00,QQ_same_launch,61554,61568,1,18.863630518626557,18.863630518626557,0.021422458394212536,55.097822459620296,stranded,stranded,2024-185C,2024-185S,False
2026-07-27 00:00:00+00:00,QQ_same_launch,69104,69108,1,9.50789106569501,9.50789106569501,0.0056238965686590215,2.854251278608336,operational,operational,2026-108A,2026-108E,False
2026-07-27 00:00:00+00:00,QQ_same_launch,69109,69112,1,18.61311585931875,18.61311585931875,0.01001754308977963,14.580891477697968,drift,operational,2026-108F,2026-108J,False
2026-07-27 00:00:00+00:00,QQ_same_launch,69115,69116,2,10.916394515409358,11.209805165843433,0.006181949174822614,21.32118479033464,ascent,ascent,2026-108M,2026-108N,False
2026-07-27 00:00:00+00:00,QQ_same_launch,69115,69117,1,17.982846354061934,17.982846354061934,0.008281996517878937,5.508536036627181,ascent,ascent,2026-108M,2026-108P,False
2026-07-27 00:00:00+00:00,QQ_same_launch,69408,69409,1,8.470766407080678,8.470766407080678,0.003336469626677788,86.09012911611484,ascent,ascent,2026-125H,2026-125J,False
2026-07-27 00:00:00+00:00,QQ_same_launch,69802,69803,1,2.6526975936017343,2.6526975936017343,0.0014711690358433541,69.37611474561912,drift,drift,2026-153C,2026-153D,False
2026-07-27 00:00:00+00:00,QQ_same_launch,69814,69815,18,0.017959859310789854,0.32040818943691296,0.0005012791069753707,67.44539907265076,drift,drift,2026-153Q,2026-153R,True
2026-07-27 00:00:00+00:00,QQ_same_launch,69858,69865,1,2.0687749564869873,2.0687749564869873,0.0008754041971070355,25.164538955592683,drift,drift,2026-155L,2026-155T,False
2026-07-30 00:00:00+00:00,QQ_diff_launch,60379,68642,27,13.903116760915362,15.336428141855912,5.140778855097586,88.90011314312855,operational,operational,2024-140A,2026-075G,True
2026-07-30 00:00:00+00:00,QQ_diff_launch,60379,69115,1,6.608750178417972,6.608750178417972,11.384708615504046,88.37464055410014,operational,operational,2024-140A,2026-108M,False
2026-07-30 00:00:00+00:00,QQ_diff_launch,60380,68638,5,19.076635411590715,19.459496522789504,5.161831623984043,88.88436176485003,operational,operational,2024-140B,2026-075C,False
2026-07-30 00:00:00+00:00,QQ_diff_launch,60381,61563,4,11.875637561450304,16.05164243025522,13.82558306753506,86.87594360829839,operational,operational,2024-140C,2024-185M,False
2026-07-30 00:00:00+00:00,QQ_diff_launch,60381,68640,27,10.274578981426789,10.723818181795002,5.142558257990199,88.90462262589381,operational,operational,2024-140C,2026-075E,True
2026-07-30 00:00:00+00:00,QQ_diff_launch,60383,69110,3,9.486199006243485,11.808369018712934,11.38597072896492,88.41681559420995,operational,operational,2024-140E,2026-108G,False
2026-07-30 00:00:00+00:00,QQ_diff_launch,60384,68645,24,11.224426669769974,11.554723497741268,5.169287004360054,88.90083924588983,operational,operational,2024-140F,2026-075K,True
2026-07-30 00:00:00+00:00,QQ_diff_launch,60386,68652,13,15.12925942743755,15.648791657723052,5.1334969840312725,88.92517905123256,operational,operational,2024-140H,2026-075S,False
2026-07-30 00:00:00+00:00,QQ_diff_launch,60390,69120,3,11.523140355049458,16.623052099975567,11.370559491733015,88.42600274651898,operational,ascent,2024-140M,2026-108S,False
2026-07-30 00:00:00+00:00,QQ_diff_launch,60393,61564,1,14.874780108316813,14.874780108316813,13.786302491154538,87.00729639323067,operational,stranded,2024-140Q,2024-185N,False
2026-07-30 00:00:00+00:00,QQ_diff_launch,60394,68641,27,10.677139588204902,10.698071930608176,5.122494297364781,88.91223421118495,operational,operational,2024-140R,2026-075F,True
2026-07-30 00:00:00+00:00,QQ_diff_launch,60394,69111,1,11.277008195812876,11.277008195812876,11.369158163202739,88.36815718956649,operational,operational,2024-140R,2026-108H,False
2026-07-30 00:00:00+00:00,QQ_diff_launch,60394,69398,1,15.833348582461195,15.833348582461195,9.569159330030262,88.63687474956924,operational,ascent,2024-140R,2026-124S,False
2026-07-30 00:00:00+00:00,QQ_diff_launch,60396,68648,14,11.58856318382863,11.689073056139591,5.174245141713806,88.90117432084287,operational,operational,2024-140T,2026-075N,True
2026-07-30 00:00:00+00:00,QQ_diff_launch,61554,69810,1,16.206960845997614,16.206960845997614,6.616574563309662,88.83202191461544,stranded,drift,2024-185C,2026-153L,False
2026-07-30 00:00:00+00:00,QQ_diff_launch,61556,69811,1,18.39082549734639,18.39082549734639,6.7403342221387765,88.89386011920247,stranded,drift,2024-185E,2026-153M,False
2026-07-30 00:00:00+00:00,QQ_diff_launch,61563,69074,3,2.8231570741256964,13.655276373818651,9.390258900319795,88.6780269759608,operational,operational,2024-185M,2026-104B,False
2026-07-30 00:00:00+00:00,QQ_diff_launch,61563,69121,1,17.887486324745993,17.887486324745993,4.953673213862342,88.93483472627764,operational,drift,2024-185M,2026-108T,False
2026-07-30 00:00:00+00:00,QQ_diff_launch,61569,62238,1,14.945539430283448,14.945539430283448,4.859128282031086,88.9192069290669,stranded,operational,2024-185T,2024-232B,False
2026-07-30 00:00:00+00:00,QQ_diff_launch,61569,62799,1,19.198412345355635,19.198412345355635,2.794160806713224,88.93995882243622,stranded,operational,2024-185T,2025-016Q,False
2026-07-30 00:00:00+00:00,QQ_diff_launch,61569,63171,1,14.252792468482355,14.252792468482355,12.712264980296954,87.96335966598177,stranded,operational,2024-185T,2025-046N,False
2026-07-30 00:00:00+00:00,QQ_diff_launch,62242,63164,27,10.424799540733975,12.602264099624634,9.591315557367446,88.68065930209475,operational,operational,2024-232F,2025-046F,True
2026-07-30 00:00:00+00:00,QQ_diff_launch,62243,69815,1,10.584447592743953,10.584447592743953,1.8093415860547226,88.98273805192895,stranded,drift,2024-232G,2026-153R,False
2026-07-30 00:00:00+00:00,QQ_diff_launch,62243,69861,2,9.896749985483416,11.415926882034064,6.03858558915613,88.90767467388267,stranded,drift,2024-232G,2026-155P,False
2026-07-30 00:00:00+00:00,QQ_diff_launch,62244,69116,1,16.927829238597482,16.927829238597482,0.07643531110258467,86.57336840044658,operational,drift,2024-232H,2026-108N,False
2026-07-30 00:00:00+00:00,QQ_diff_launch,62250,63174,14,10.458797190853598,11.430850428977172,9.608385029150838,88.6338852665776,operational,operational,2024-232P,2025-046R,True
2026-07-30 00:00:00+00:00,QQ_diff_launch,62255,63173,14,7.898617835437582,8.102029835972509,9.55557181040143,88.68995885502852,operational,operational,2024-232U,2025-046Q,True
2026-07-30 00:00:00+00:00,QQ_diff_launch,62785,68645,27,10.463053176398295,10.888212547701434,12.857804750956383,87.89949034031525,operational,operational,2025-016A,2026-075K,True
2026-07-30 00:00:00+00:00,QQ_diff_launch,62786,68653,13,17.389139941955023,17.4086600308629,12.800271185534314,87.97948572052105,operational,operational,2025-016B,2026-075T,False
2026-07-30 00:00:00+00:00,QQ_diff_launch,62787,68646,27,13.748134934813129,13.764520898370092,12.81938798928959,87.77425783580628,operational,operational,2025-016C,2026-075L,True
2026-07-30 00:00:00+00:00,QQ_diff_launch,62789,69109,1,19.312263804714796,19.312263804714796,7.49877729038849,88.78258107545635,operational,ascent,2025-016E,2026-108F,False
2026-07-30 00:00:00+00:00,QQ_diff_launch,62789,69120,2,12.400008744047168,13.164997844716089,7.492675821825646,88.80146232393446,operational,ascent,2025-016E,2026-108S,False
2026-07-30 00:00:00+00:00,QQ_diff_launch,62791,68641,27,6.968633642695634,7.456439507708774,12.820679825511661,87.86477040291955,operational,operational,2025-016G,2026-075F,True
2026-07-30 00:00:00+00:00,QQ_diff_launch,62793,69117,1,14.562325706494581,14.562325706494581,7.469456603213531,88.79121966260644,operational,operational,2025-016J,2026-108P,False
2026-07-30 00:00:00+00:00,QQ_diff_launch,62796,68639,13,13.233786762666162,13.829620632396923,12.80264682263081,87.96162805731235,operational,operational,2025-016M,2026-075D,False
2026-07-30 00:00:00+00:00,QQ_diff_launch,62797,68647,13,18.76942484014343,18.890005189820243,12.80264541366085,87.99634441574179,operational,operational,2025-016N,2026-075M,False
2026-07-30 00:00:00+00:00,QQ_diff_launch,62798,69075,1,16.500678892998984,16.500678892998984,11.361558836095465,88.29522277736221,operational,operational,2025-016P,2026-104C,False
2026-07-30 00:00:00+00:00,QQ_diff_launch,62798,69110,3,18.26321962250052,18.419444230502528,7.470120601924616,88.84566442798729,operational,operational,2025-016P,2026-108G,False
2026-07-30 00:00:00+00:00,QQ_diff_launch,62801,68652,13,11.003456681503303,11.167620064591128,12.803700224854333,87.92493982797482,operational,operational,2025-016S,2026-075S,False
2026-07-30 00:00:00+00:00,QQ_diff_launch,63159,69075,1,11.533717957648841,11.533717957648841,5.093411385517632,88.8960992644358,operational,operational,2025-046A,2026-104C,False
2026-07-30 00:00:00+00:00,QQ_diff_launch,63173,69082,1,14.107119192981246,14.107119192981246,5.114840678893885,88.927103519609,operational,operational,2025-046Q,2026-104K,False
2026-07-30 00:00:00+00:00,QQ_diff_launch,63175,69106,1,12.720675729779622,12.720675729779622,9.530611370351917,88.63788743144643,operational,operational,2025-046S,2026-108C,False
2026-07-30 00:00:00+00:00,QQ_diff_launch,66033,69107,1,12.896978736938417,12.896978736938417,2.672926393792748,88.98051459902435,operational,operational,2025-233A,2026-108D,False
2026-07-30 00:00:00+00:00,QQ_diff_launch,66038,69082,1,18.655452101198424,18.655452101198424,7.491255496352116,88.84747467566831,operational,operational,2025-233F,2026-104K,False
2026-07-30 00:00:00+00:00,QQ_diff_launch,66041,69083,2,10.15006317479536,13.425476467016923,7.51378301341607,88.79991921107708,operational,operational,2025-233J,2026-104L,False
2026-07-30 00:00:00+00:00,QQ_diff_launch,66045,69118,1,14.191351806078123,14.191351806078123,2.686752229540082,88.97871805867582,operational,excursion,2025-233N,2026-108Q,False
2026-07-30 00:00:00+00:00,QQ_diff_launch,68641,69111,2,2.001524957224634,6.0899366146840865,7.429562207015431,88.83326045158047,operational,operational,2026-075F,2026-108H,False
2026-07-30 00:00:00+00:00,QQ_diff_launch,68642,69117,1,14.80366699393662,14.80366699393662,7.429749417096188,88.82347664385391,operational,operational,2026-075G,2026-108P,False
2026-07-30 00:00:00+00:00,QQ_diff_launch,68643,69075,1,10.234873673530311,10.234873673530311,2.5920169725277686,88.97882167881949,operational,operational,2026-075H,2026-104C,False
2026-07-30 00:00:00+00:00,QQ_diff_launch,68643,69110,2,7.569939515621946,11.310480397112023,7.433929660562676,88.860535233605,operational,operational,2026-075H,2026-108G,False
2026-07-30 00:00:00+00:00,QQ_diff_launch,68650,69120,2,5.829850280368354,6.102776366576975,7.4267794214000515,88.84173304216048,operational,ascent,2026-075Q,2026-108S,False
2026-07-30 00:00:00+00:00,QQ_diff_launch,69075,69110,1,17.877335179780196,17.877335179780196,5.077100247312345,88.91346804722178,operational,operational,2026-104C,2026-108G,False
2026-07-30 00:00:00+00:00,QQ_diff_launch,69076,69104,1,10.454355240738362,10.454355240738362,5.069790996444415,88.92350004708818,operational,operational,2026-104D,2026-108A,False
2026-07-30 00:00:00+00:00,QQ_diff_launch,69081,69113,1,8.914036282468247,8.914036282468247,5.073832440302321,88.94529454251938,operational,operational,2026-104J,2026-108K,False
2026-07-30 00:00:00+00:00,QQ_diff_launch,69089,69119,5,17.95755055383023,18.84337721233955,5.08294778445534,88.90728295191487,operational,operational,2026-104S,2026-108R,False
2026-07-30 00:00:00+00:00,QQ_diff_launch,69105,69406,1,19.9155836521236,19.9155836521236,11.419636990554265,88.50795280444089,ascent,ascent,2026-108B,2026-125F,False
2026-07-30 00:00:00+00:00,QQ_diff_launch,69390,69409,2,4.999257683767568,7.195996850424244,9.59775617335853,88.65993014203741,ascent,ascent,2026-124J,2026-125J,False
2026-07-30 00:00:00+00:00,QQ_diff_launch,69397,69410,1,8.680399900191114,8.680399900191114,9.613076718929113,88.70313947911764,ascent,ascent,2026-124R,2026-125K,False
2026-07-30 00:00:00+00:00,QQ_diff_launch,69803,69849,1,18.701753936106126,18.701753936106126,7.632688156044754,88.78972435880492,drift,drift,2026-153D,2026-155B,False
2026-07-30 00:00:00+00:00,QQ_diff_launch,69804,69858,1,11.733663748653342,11.733663748653342,7.657303421308055,88.8475913614386,drift,drift,2026-153E,2026-155L,False
2026-07-30 00:00:00+00:00,QQ_diff_launch,69811,69854,2,19.045725847237193,19.424523484053665,7.646784885218526,88.83061778831993,drift,drift,2026-153M,2026-155G,False
2026-07-30 00:00:00+00:00,QQ_diff_launch,69811,69867,1,19.651398114996983,19.651398114996983,7.663878165112368,88.81561942778377,drift,ascent,2026-153M,2026-155V,False
2026-07-30 00:00:00+00:00,QQ_diff_launch,69812,69853,2,1.7733126752945183,3.801173166524495,7.647582298550185,88.82638808894181,drift,ascent,2026-153N,2026-155F,False
2026-07-30 00:00:00+00:00,QQ_diff_launch,69812,69855,2,7.756533651706334,9.694514293976383,7.64739636111999,88.81256706572006,drift,drift,2026-153N,2026-155H,False
2026-07-30 00:00:00+00:00,QQ_diff_launch,69814,69861,1,19.150218909606597,19.150218909606597,7.667969665318785,88.8675658419139,drift,drift,2026-153Q,2026-155P,False
2026-07-30 00:00:00+00:00,QQ_diff_launch,69815,69861,1,8.896305562666534,8.896305562666534,7.644441807546725,88.81995206020093,drift,drift,2026-153R,2026-155P,False
2026-07-30 00:00:00+00:00,QQ_diff_launch,69815,69862,1,14.979297669004083,14.979297669004083,7.643979194174081,88.80261031010231,drift,drift,2026-153R,2026-155Q,False
2026-07-30 00:00:00+00:00,QQ_same_launch,69109,69112,1,14.58214255523827,14.58214255523827,0.008201656962699038,15.69968626585606,ascent,operational,2026-108F,2026-108J,False
2026-07-30 00:00:00+00:00,QQ_same_launch,69115,69117,1,18.12202452519512,18.12202452519512,0.008271088836202905,20.116806491673863,operational,operational,2026-108M,2026-108P,False
2026-07-30 00:00:00+00:00,QQ_same_launch,69117,69118,1,18.519351973895915,18.519351973895915,0.008175854448856101,7.460784572791636,operational,excursion,2026-108P,2026-108Q,False
2026-07-30 00:00:00+00:00,QQ_same_launch,69404,69407,1,13.857025311651434,13.857025311651434,0.006647087971845139,44.84827532724577,ascent,ascent,2026-125D,2026-125G,False
2026-07-30 00:00:00+00:00,QQ_same_launch,69404,69418,1,14.178742742102207,14.178742742102207,0.0068642399938360615,53.36044319597537,ascent,ascent,2026-125D,2026-125T,False
2026-07-30 00:00:00+00:00,QQ_same_launch,69406,69414,1,9.454194941988106,9.454194941988106,0.005539747440301819,18.24468426105906,ascent,ascent,2026-125F,2026-125P,False
2026-07-30 00:00:00+00:00,QQ_same_launch,69412,69415,1,14.878192902450722,14.878192902450722,0.00633163296231301,73.61362553826633,ascent,ascent,2026-125M,2026-125Q,False
2026-07-30 00:00:00+00:00,QQ_same_launch,69803,69813,1,18.149909501287713,18.149909501287713,0.009588938430454958,72.68810312283094,drift,drift,2026-153D,2026-153P,False
2026-07-30 00:00:00+00:00,QQ_same_launch,69853,69855,1,2.170527571346918,2.170527571346918,0.0011859531694842888,41.04335735178653,ascent,drift,2026-155F,2026-155H,False
2026-07-30 00:00:00+00:00,QQ_same_launch,69863,69866,15,10.299152415431276,13.738295119628555,0.014739658644006134,27.9942108832287,ascent,ascent,2026-155R,2026-155U,True
2026-07-30 00:00:00+00:00,QQ_same_launch,69864,69867,10,12.382679551247723,16.134873060051326,0.01679315065247431,32.37298665490033,drift,ascent,2026-155S,2026-155V,False
2026-08-02 00:00:00+00:00,QQ_diff_launch,60379,68642,13,17.442958084065985,17.762743959581616,5.1416610645161995,88.89368363279885,operational,operational,2024-140A,2026-075G,False
2026-08-02 00:00:00+00:00,QQ_diff_launch,60381,68640,27,10.10852079920889,12.648398912763732,5.148930560729706,88.92084471561846,operational,operational,2024-140C,2026-075E,True
2026-08-02 00:00:00+00:00,QQ_diff_launch,60384,68645,13,12.4171437174954,12.60213914914052,5.17028948134887,88.89754649328052,operational,operational,2024-140F,2026-075K,False
2026-08-02 00:00:00+00:00,QQ_diff_launch,60384,69411,1,11.299827878665933,11.299827878665933,0.05960215875330976,83.96289420151916,operational,ascent,2024-140F,2026-125L,False
2026-08-02 00:00:00+00:00,QQ_diff_launch,60386,68652,14,12.089872988832816,12.505981237720015,5.133944088493884,88.9193596188039,operational,operational,2024-140H,2026-075S,True
2026-08-02 00:00:00+00:00,QQ_diff_launch,60389,68636,9,17.44212176946878,18.695637403413098,5.15955613306875,88.88448701758684,operational,operational,2024-140L,2026-075A,False
2026-08-02 00:00:00+00:00,QQ_diff_launch,60393,69114,1,18.378973039218653,18.378973039218653,11.388851310194845,88.3227583074916,operational,operational,2024-140Q,2026-108L,False
2026-08-02 00:00:00+00:00,QQ_diff_launch,60394,68641,27,10.494185648627745,10.575733486127353,5.128107574115927,88.91204999468566,operational,operational,2024-140R,2026-075F,True
2026-08-02 00:00:00+00:00,QQ_diff_launch,60394,69079,1,17.88746781574977,17.88746781574977,7.473006260981026,88.78245377457675,operational,operational,2024-140R,2026-104G,False
2026-08-02 00:00:00+00:00,QQ_diff_launch,60395,61564,1,10.8888725357857,10.8888725357857,13.779721976159685,86.89361353123739,operational,stranded,2024-140S,2024-185N,False
2026-08-02 00:00:00+00:00,QQ_diff_launch,60395,69120,1,15.747969624643309,15.747969624643309,11.360322191856525,88.47021394685463,operational,drift,2024-140S,2026-108S,False
2026-08-02 00:00:00+00:00,QQ_diff_launch,60396,68648,13,10.697993647053957,10.837477296022572,5.175216955625347,88.9014333815641,operational,operational,2024-140T,2026-075N,False
2026-08-02 00:00:00+00:00,QQ_diff_launch,61557,69852,1,15.234101671326922,15.234101671326922,1.1536368364171208,88.97169102557454,stranded,ascent,2024-185F,2026-155E,False
2026-08-02 00:00:00+00:00,QQ_diff_launch,61562,62795,13,1.9513143144032892,7.232477757148929,2.7368237977695906,88.95789872091163,operational,operational,2024-185L,2025-016L,False
2026-08-02 00:00:00+00:00,QQ_diff_launch,61562,68640,18,9.030626657339193,14.271458865006228,11.297661791030585,88.45941738214444,operational,operational,2024-185L,2026-075E,True
2026-08-02 00:00:00+00:00,QQ_diff_launch,61564,69120,1,12.465645824713242,12.465645824713242,4.87729272791302,88.92690645188625,stranded,drift,2024-185N,2026-108S,False
2026-08-02 00:00:00+00:00,QQ_diff_launch,61564,69390,1,15.255656916383113,15.255656916383113,7.265889191731465,88.80372581668738,stranded,ascent,2024-185N,2026-124J,False
2026-08-02 00:00:00+00:00,QQ_diff_launch,61564,69394,1,18.403240806848867,18.403240806848867,7.2699805090506935,88.80252908824181,stranded,ascent,2024-185N,2026-124N,False
2026-08-02 00:00:00+00:00,QQ_diff_launch,61565,62788,3,1.8565060211640818,7.910839925972969,2.7537888394335166,88.96078669094854,operational,operational,2024-185P,2025-016D,False
2026-08-02 00:00:00+00:00,QQ_diff_launch,61565,68638,15,5.719771398405672,11.676703984687824,11.282253238702578,88.40942006389477,operational,operational,2024-185P,2026-075C,True
2026-08-02 00:00:00+00:00,QQ_diff_launch,61569,66044,1,12.531805323067008,12.531805323067008,2.3318295079384077,88.9717969835973,stranded,operational,2024-185T,2025-233M,False
2026-08-02 00:00:00+00:00,QQ_diff_launch,61569,69085,1,12.473472415982181,12.473472415982181,9.392319925689534,88.6824879912728,stranded,operational,2024-185T,2026-104N,False
2026-08-02 00:00:00+00:00,QQ_diff_launch,61569,69388,1,7.1670968587512505,7.1670968587512505,7.3157017546898295,88.82905217278017,stranded,ascent,2024-185T,2026-124G,False
2026-08-02 00:00:00+00:00,QQ_diff_launch,62239,69398,1,17.64825553256487,17.64825553256487,2.6496036972289234,88.99620354125281,operational,drift,2024-232C,2026-124S,False
2026-08-02 00:00:00+00:00,QQ_diff_launch,62240,69816,2,13.156624557324225,16.17576640318016,1.7960949657394218,89.00092513561097,stranded,drift,2024-232D,2026-153S,False
2026-08-02 00:00:00+00:00,QQ_diff_launch,62242,63164,23,10.091604364010344,10.334902945037495,9.581459061637362,88.66210531857789,operational,operational,2024-232F,2025-046F,True
2026-08-02 00:00:00+00:00,QQ_diff_launch,62250,63174,11,17.775643698309242,18.835546401015794,9.61064446712053,88.60223302834935,operational,operational,2024-232P,2025-046R,False
2026-08-02 00:00:00+00:00,QQ_diff_launch,62255,63173,13,8.427751533683045,8.49797997413198,9.555823612041703,88.6901467552448,operational,operational,2024-232U,2025-046Q,False
2026-08-02 00:00:00+00:00,QQ_diff_launch,62785,68645,27,11.662803503639378,12.653178466137161,12.811931302785608,87.8087680684352,operational,operational,2025-016A,2026-075K,True
2026-08-02 00:00:00+00:00,QQ_diff_launch,62786,68653,14,17.387801229050854,17.40534406783747,12.800872954694928,87.98404941192766,operational,operational,2025-016B,2026-075T,True
2026-08-02 00:00:00+00:00,QQ_diff_launch,62786,69107,1,10.208294894243837,10.208294894243837,7.452245930977592,88.83155215910274,operational,operational,2025-016B,2026-108D,False
2026-08-02 00:00:00+00:00,QQ_diff_launch,62787,68646,27,13.754077466820151,14.390595946770228,12.84992524117643,87.76920553578385,operational,operational,2025-016C,2026-075L,True
2026-08-02 00:00:00+00:00,QQ_diff_launch,62787,69114,2,8.023461810104694,13.429651995023889,7.497363668128477,88.81328326848016,operational,operational,2025-016C,2026-108L,False
2026-08-02 00:00:00+00:00,QQ_diff_launch,62791,68641,27,5.570336187655291,18.70682081552616,12.862404577931162,87.99485300752902,operational,operational,2025-016G,2026-075F,True
2026-08-02 00:00:00+00:00,QQ_diff_launch,62791,69079,1,17.256776756008435,17.256776756008435,11.37249132211732,88.41804890645622,operational,operational,2025-016G,2026-104G,False
2026-08-02 00:00:00+00:00,QQ_diff_launch,62791,69112,1,17.479571462915725,17.479571462915725,7.5223301056905685,88.78454158876652,operational,operational,2025-016G,2026-108J,False
2026-08-02 00:00:00+00:00,QQ_diff_launch,62793,69117,1,15.095314584909904,15.095314584909904,7.467521012259088,88.8518367085522,operational,operational,2025-016J,2026-108P,False
2026-08-02 00:00:00+00:00,QQ_diff_launch,62796,68639,14,17.647155683517052,18.41012762697985,12.803434418015907,87.99935605079702,operational,operational,2025-016M,2026-075D,True
2026-08-02 00:00:00+00:00,QQ_diff_launch,62797,68647,14,18.046720625447968,18.180386633574876,12.803307989752334,87.99445512017311,operational,operational,2025-016N,2026-075M,True
2026-08-02 00:00:00+00:00,QQ_diff_launch,62801,68652,14,12.581615306263409,12.887140542771903,12.804396500556209,87.94871603486922,operational,operational,2025-016S,2026-075S,True
2026-08-02 00:00:00+00:00,QQ_diff_launch,63160,69109,1,16.864770337574726,16.864770337574726,9.565684021053292,88.61800199271765,operational,drift,2025-046B,2026-108F,False
2026-08-02 00:00:00+00:00,QQ_diff_launch,63160,69112,1,6.711558133009012,6.711558133009012,9.564807498340059,88.67853659216318,operational,operational,2025-046B,2026-108J,False
2026-08-02 00:00:00+00:00,QQ_diff_launch,63169,69382,2,10.619957623204819,13.421996065670639,7.539339985829141,88.82941155437734,stranded,ascent,2025-046L,2026-124A,False
2026-08-02 00:00:00+00:00,QQ_diff_launch,63173,69083,1,15.239219019186661,15.239219019186661,5.098484872546763,88.92214128504985,operational,operational,2025-046Q,2026-104L,False
2026-08-02 00:00:00+00:00,QQ_diff_launch,63176,69110,1,5.97873115115088,5.97873115115088,9.536805328231276,88.67618382676726,operational,operational,2025-046T,2026-108G,False
2026-08-02 00:00:00+00:00,QQ_diff_launch,66034,69108,1,19.582260863720958,19.582260863720958,2.6703757470508513,88.97843886061348,operational,operational,2025-233B,2026-108E,False
2026-08-02 00:00:00+00:00,QQ_diff_launch,66039,69079,1,19.031932602676825,19.031932602676825,7.491660767099374,88.86577501216934,operational,operational,2025-233G,2026-104G,False
2026-08-02 00:00:00+00:00,QQ_diff_launch,66039,69109,1,14.794178754371925,14.794178754371925,2.68271432801097,88.9932771997378,operational,drift,2025-233G,2026-108F,False
2026-08-02 00:00:00+00:00,QQ_diff_launch,66041,69083,1,17.718964211710713,17.718964211710713,7.50567410283953,88.79101441293378,operational,operational,2025-233J,2026-104L,False
2026-08-02 00:00:00+00:00,QQ_diff_launch,68641,69112,1,8.065585157235201,8.065585157235201,7.437667524858788,88.85167190076208,operational,operational,2026-075F,2026-108J,False
2026-08-02 00:00:00+00:00,QQ_diff_launch,68646,69114,2,7.08376207865765,13.101168389072035,7.434051707374563,88.84890248464569,operational,operational,2026-075L,2026-108L,False
2026-08-02 00:00:00+00:00,QQ_diff_launch,69075,69110,1,16.736293533432242,16.736293533432242,5.077942921775918,88.92656517917496,operational,operational,2026-104C,2026-108G,False
2026-08-02 00:00:00+00:00,QQ_diff_launch,69077,69111,5,16.885178297050558,18.17070664029982,5.082910082547173,88.954006327282,operational,operational,2026-104E,2026-108H,False
2026-08-02 00:00:00+00:00,QQ_diff_launch,69079,69111,1,18.198753984199666,18.198753984199666,5.077238029119505,88.93120840556479,operational,operational,2026-104G,2026-108H,False
2026-08-02 00:00:00+00:00,QQ_diff_launch,69080,69118,13,8.010709221994787,10.09625596822828,5.075037834026429,88.9429441888517,operational,operational,2026-104H,2026-108Q,False
2026-08-02 00:00:00+00:00,QQ_diff_launch,69383,69412,1,17.80739021161516,17.80739021161516,9.606229766931172,88.67273848161493,ascent,ascent,2026-124B,2026-125M,False
2026-08-02 00:00:00+00:00,QQ_diff_launch,69806,69852,1,11.710957579484312,11.710957579484312,7.6504517329606,88.83203742653893,ascent,ascent,2026-153G,2026-155E,False
2026-08-02 00:00:00+00:00,QQ_diff_launch,69810,69863,1,14.222021586875046,14.222021586875046,7.641600784241373,88.80699674301954,ascent,ascent,2026-153L,2026-155R,False
2026-08-02 00:00:00+00:00,QQ_diff_launch,69811,69854,1,16.213812243973933,16.213812243973933,7.623183333084579,88.84684341305244,ascent,ascent,2026-153M,2026-155G,False
2026-08-02 00:00:00+00:00,QQ_diff_launch,69813,69860,1,19.15476860265228,19.15476860265228,7.653970886541442,88.87237163116879,ascent,ascent,2026-153P,2026-155N,False
2026-08-02 00:00:00+00:00,QQ_same_launch,69111,69112,1,13.979630128831477,13.979630128831477,0.007529711214203616,52.21519731806342,operational,operational,2026-108H,2026-108J,False
2026-08-02 00:00:00+00:00,QQ_same_launch,69115,69118,1,11.276795247310137,11.276795247310137,0.005482897193768344,0.9337959060843851,operational,operational,2026-108M,2026-108Q,False
2026-08-02 00:00:00+00:00,QQ_same_launch,69384,69392,1,18.56983644125545,18.56983644125545,0.010456962665161279,50.7498231544028,ascent,ascent,2026-124C,2026-124L,False
2026-08-02 00:00:00+00:00,QQ_same_launch,69389,69390,1,17.874911259940355,17.874911259940355,0.008037160482477525,58.48428999845679,ascent,ascent,2026-124H,2026-124J,False
2026-08-02 00:00:00+00:00,QQ_same_launch,69390,69394,1,4.623063066339032,4.623063066339032,0.002043133242229546,56.81666772711139,ascent,ascent,2026-124J,2026-124N,False
2026-08-02 00:00:00+00:00,QQ_same_launch,69407,69409,1,11.016108083908037,11.016108083908037,0.005874735032362881,31.998903436779507,ascent,drift,2026-125G,2026-125J,False
2026-08-02 00:00:00+00:00,QQ_same_launch,69412,69413,1,15.17182454784139,15.17182454784139,0.007731063781481473,16.04722247155251,ascent,ascent,2026-125M,2026-125N,False
2026-08-02 00:00:00+00:00,QQ_same_launch,69810,69815,1,18.43201865823001,18.43201865823001,0.007242782841497685,36.2608712739471,ascent,ascent,2026-153L,2026-153R,False
2026-08-02 00:00:00+00:00,QQ_same_launch,69850,69867,1,8.52061886770997,8.52061886770997,0.0031251759786431986,2.49068511265893,drift,ascent,2026-155C,2026-155V,False
2026-08-02 00:00:00+00:00,QQ_same_launch,69851,69860,1,13.649855849084917,13.649855849084917,0.004019055708135334,27.347373067336687,ascent,ascent,2026-155D,2026-155N,False
2026-08-05 00:00:00+00:00,QQ_diff_launch,60379,68642,12,19.452539270167886,19.722700520235204,5.142489111146096,88.88859855801658,operational,operational,2024-140A,2026-075G,False
2026-08-05 00:00:00+00:00,QQ_diff_launch,60379,69115,2,19.705250309954366,19.847220386678888,11.374725038742056,88.39424633368999,operational,operational,2024-140A,2026-108M,False
2026-08-05 00:00:00+00:00,QQ_diff_launch,60380,61565,23,12.333260907356362,15.179661010211108,13.81047569005233,86.86143879281474,operational,operational,2024-140B,2024-185P,True
2026-08-05 00:00:00+00:00,QQ_diff_launch,60380,69108,1,16.598575789577634,16.598575789577634,11.391345743724957,88.415247829894,operational,operational,2024-140B,2026-108E,False
2026-08-05 00:00:00+00:00,QQ_diff_launch,60381,68640,27,9.05494987609503,9.416732097539319,5.143704388222937,88.90590654549769,operational,operational,2024-140C,2026-075E,True
2026-08-05 00:00:00+00:00,QQ_diff_launch,60382,69089,1,19.53224617065042,19.53224617065042,7.489599734428388,88.80053592868573,operational,operational,2024-140D,2026-104S,False
2026-08-05 00:00:00+00:00,QQ_diff_launch,60382,69121,1,14.469384802574144,14.469384802574144,11.395770901386337,88.41539360755151,operational,ascent,2024-140D,2026-108T,False
2026-08-05 00:00:00+00:00,QQ_diff_launch,60384,68645,14,13.64234870556058,13.837207122020867,5.1712573672102895,88.8940374194087,operational,operational,2024-140F,2026-075K,True
2026-08-05 00:00:00+00:00,QQ_diff_launch,60386,68652,13,10.095984191046684,10.326506808081916,5.134311312639209,88.91383880326492,operational,operational,2024-140H,2026-075S,False
2026-08-05 00:00:00+00:00,QQ_diff_launch,60387,69085,1,12.053844211868372,12.053844211868372,7.479788315848235,88.7885535581611,operational,operational,2024-140J,2026-104N,False
2026-08-05 00:00:00+00:00,QQ_diff_launch,60388,69393,1,19.632128950005832,19.632128950005832,9.624198823626708,88.69455226361974,operational,ascent,2024-140K,2026-124M,False
2026-08-05 00:00:00+00:00,QQ_diff_launch,60389,68636,13,8.990795505788558,9.33054595908785,5.16064897309275,88.90428514033898,operational,operational,2024-140L,2026-075A,False
2026-08-05 00:00:00+00:00,QQ_diff_launch,60389,69106,1,16.45182262508047,16.45182262508047,11.39551319245458,88.44754181875578,operational,operational,2024-140L,2026-108C,False
2026-08-05 00:00:00+00:00,QQ_diff_launch,60389,69402,1,16.789772972770376,16.789772972770376,0.05054853851874228,78.39284039993682,operational,ascent,2024-140L,2026-125B,False
2026-08-05 00:00:00+00:00,QQ_diff_launch,60390,69083,1,19.66919295450786,19.66919295450786,7.469096877196797,88.81621377434205,operational,operational,2024-140M,2026-104L,False
2026-08-05 00:00:00+00:00,QQ_diff_launch,60391,61564,1,13.016451218989094,13.016451218989094,13.780656253280931,86.88209738861634,operational,stranded,2024-140N,2024-185N,False
2026-08-05 00:00:00+00:00,QQ_diff_launch,60391,69399,1,16.668342827393484,16.668342827393484,9.56452359648382,88.68533029231237,operational,drift,2024-140N,2026-124T,False
2026-08-05 00:00:00+00:00,QQ_diff_launch,60392,69388,1,15.71041555416053,15.71041555416053,9.57227762583143,88.60680570191381,operational,ascent,2024-140P,2026-124G,False
2026-08-05 00:00:00+00:00,QQ_diff_launch,60392,69392,1,8.453841875376455,8.453841875376455,9.569486744492202,88.66022319522442,operational,ascent,2024-140P,2026-124L,False
2026-08-05 00:00:00+00:00,QQ_diff_launch,60393,61569,1,13.329546859085154,13.329546859085154,13.80184527550609,86.73751019619516,operational,stranded,2024-140Q,2024-185T,False
2026-08-05 00:00:00+00:00,QQ_diff_launch,60393,69082,1,13.347089430603642,13.347089430603642,7.491471251817104,88.79176319047995,operational,operational,2024-140Q,2026-104K,False
2026-08-05 00:00:00+00:00,QQ_diff_launch,60394,68641,27,10.095745450462656,14.558893309450417,5.123671399584061,88.89696980595089,operational,operational,2024-140R,2026-075F,True
2026-08-05 00:00:00+00:00,QQ_diff_launch,60395,61563,1,15.409732359903908,15.409732359903908,13.814848055789572,86.77850872332003,operational,operational,2024-140S,2024-185M,False
2026-08-05 00:00:00+00:00,QQ_diff_launch,60395,69383,1,8.745945375484384,8.745945375484384,9.555104144012475,88.63297659587579,operational,ascent,2024-140S,2026-124B,False
2026-08-05 00:00:00+00:00,QQ_diff_launch,60396,68648,14,9.6191481361763,9.806400835214738,5.176248444327058,88.90168388892144,operational,operational,2024-140T,2026-075N,True
2026-08-05 00:00:00+00:00,QQ_diff_launch,61563,69079,1,9.994998831924601,9.994998831924601,9.388374020192462,88.69379561132908,operational,operational,2024-185M,2026-104G,False
2026-08-05 00:00:00+00:00,QQ_diff_launch,61563,69112,1,17.334062713569672,17.334062713569672,4.94216997040797,88.94506116361426,operational,operational,2024-185M,2026-108J,False
2026-08-05 00:00:00+00:00,QQ_diff_launch,61564,62251,1,12.406709340708327,12.406709340708327,4.808649590712857,88.92672165711173,stranded,operational,2024-185N,2024-232Q,False
2026-08-05 00:00:00+00:00,QQ_diff_launch,61564,69404,2,9.046512362662968,13.48332181211343,13.799010610631472,87.08670982452261,stranded,ascent,2024-185N,2026-125D,False
2026-08-05 00:00:00+00:00,QQ_diff_launch,61569,63173,1,19.71258614628465,19.71258614628465,12.755278407851678,87.95307717140582,stranded,operational,2024-185T,2025-046Q,False
2026-08-05 00:00:00+00:00,QQ_diff_launch,61569,68646,1,12.975810812060729,12.975810812060729,11.228722456360869,88.39601406921949,stranded,operational,2024-185T,2026-075L,False
2026-08-05 00:00:00+00:00,QQ_diff_launch,62241,69406,1,12.05015132606023,12.05015132606023,11.376202515645698,88.45464028746021,operational,ascent,2024-232E,2026-125F,False
2026-08-05 00:00:00+00:00,QQ_diff_launch,62242,63164,13,15.127395904540965,16.79766281920712,9.580901913459144,88.70451237957583,operational,operational,2024-232F,2025-046F,False
2026-08-05 00:00:00+00:00,QQ_diff_launch,62248,69388,3,12.641518140528058,17.942453157378015,2.6490007843166357,88.99124012995085,operational,ascent,2024-232M,2026-124G,False
2026-08-05 00:00:00+00:00,QQ_diff_launch,62250,69115,1,15.151061760563731,15.151061760563731,0.06727751619316036,85.14308251323777,operational,operational,2024-232P,2026-108M,False
2026-08-05 00:00:00+00:00,QQ_diff_launch,62250,69408,1,5.060757194855073,5.060757194855073,11.40096260302743,88.38624655633748,operational,ascent,2024-232P,2026-125H,False
2026-08-05 00:00:00+00:00,QQ_diff_launch,62255,63173,14,8.642424851719207,8.700450249623323,9.556077950481502,88.68882712700395,operational,operational,2024-232U,2025-046Q,True
2026-08-05 00:00:00+00:00,QQ_diff_launch,62255,69384,1,4.061652014974386,4.061652014974386,2.601561995020676,88.9912658239222,operational,ascent,2024-232U,2026-124C,False
2026-08-05 00:00:00+00:00,QQ_diff_launch,62785,68645,27,8.411432007794804,16.144114647020885,12.85428320383291,87.97340615485021,operational,operational,2025-016A,2026-075K,True
2026-08-05 00:00:00+00:00,QQ_diff_launch,62785,69087,1,18.042787886897464,18.042787886897464,11.366599084965449,88.45065795371994,operational,operational,2025-016A,2026-104Q,False
2026-08-05 00:00:00+00:00,QQ_diff_launch,62786,68653,13,17.433014513084316,17.434026199349976,12.801611241706075,87.98805117144119,operational,operational,2025-016B,2026-075T,False
2026-08-05 00:00:00+00:00,QQ_diff_launch,62787,68646,27,14.039403549766456,14.195013595439189,12.818361848418945,87.7707406934851,operational,operational,2025-016C,2026-075L,True
2026-08-05 00:00:00+00:00,QQ_diff_launch,62787,69082,1,16.924498585416952,16.924498585416952,11.391633326766398,88.36374684819944,operational,operational,2025-016C,2026-104K,False
2026-08-05 00:00:00+00:00,QQ_diff_launch,62788,69108,1,4.721748707498652,4.721748707498652,7.450685550195259,88.82452284156,operational,operational,2025-016D,2026-108E,False
2026-08-05 00:00:00+00:00,QQ_diff_launch,62788,69404,1,14.855155482877528,14.855155482877528,14.5006000464518,82.86498903489986,operational,ascent,2025-016D,2026-125D,False
2026-08-05 00:00:00+00:00,QQ_diff_launch,62789,69083,1,6.7157463596952836,6.7157463596952836,11.366070760902799,88.38807549146107,operational,operational,2025-016E,2026-104L,False
2026-08-05 00:00:00+00:00,QQ_diff_launch,62790,69089,1,9.83158713447263,9.83158713447263,11.352675016455366,88.34712051346301,operational,operational,2025-016F,2026-104S,False
2026-08-05 00:00:00+00:00,QQ_diff_launch,62791,68641,14,4.414201117322632,4.580404085298852,12.82228235163748,87.88173926840747,operational,operational,2025-016G,2026-075F,True
2026-08-05 00:00:00+00:00,QQ_diff_launch,62791,69077,1,12.297394468351502,12.297394468351502,11.37754827551429,88.41863528915545,operational,operational,2025-016G,2026-104E,False
2026-08-05 00:00:00+00:00,QQ_diff_launch,62792,69388,1,13.096868190700498,13.096868190700498,9.577316479791518,88.6664598550146,operational,ascent,2025-016H,2026-124G,False
2026-08-05 00:00:00+00:00,QQ_diff_launch,62792,69392,1,16.55821699324402,16.55821699324402,9.577752630836061,88.60676923904622,operational,ascent,2025-016H,2026-124L,False
2026-08-05 00:00:00+00:00,QQ_diff_launch,62794,69079,1,10.22481472617283,10.22481472617283,11.348969563972643,88.39721707313534,operational,operational,2025-016K,2026-104G,False
2026-08-05 00:00:00+00:00,QQ_diff_launch,62796,69411,5,10.114745473605652,17.656262398552094,14.498835293010169,82.86397848691564,operational,ascent,2025-016M,2026-125L,False
2026-08-05 00:00:00+00:00,QQ_diff_launch,62797,68647,13,17.350698501153428,17.458321243906788,12.80410112056795,87.99215591804703,operational,operational,2025-016N,2026-075M,False
2026-08-05 00:00:00+00:00,QQ_diff_launch,62798,69075,1,16.784221287801234,16.784221287801234,11.364382793402687,88.2939218771759,operational,operational,2025-016P,2026-104C,False
2026-08-05 00:00:00+00:00,QQ_diff_launch,62801,68652,13,14.852273593813509,15.213916290519567,12.805218570688163,87.97180453844462,operational,operational,2025-016S,2026-075S,False
2026-08-05 00:00:00+00:00,QQ_diff_launch,62802,69106,1,17.82163926932993,17.82163926932993,7.4578346550814265,88.85829151494646,operational,operational,2025-016T,2026-108C,False
2026-08-05 00:00:00+00:00,QQ_diff_launch,63161,69108,1,16.30001640911105,16.30001640911105,9.518766715764789,88.65618320972038,operational,operational,2025-046C,2026-108E,False
2026-08-05 00:00:00+00:00,QQ_diff_launch,63162,69120,1,9.914866646595172,9.914866646595172,9.541606407486773,88.68077290836659,operational,ascent,2025-046D,2026-108S,False
2026-08-05 00:00:00+00:00,QQ_diff_launch,63165,69107,1,14.486646069938748,14.486646069938748,9.521167962486667,88.65067604631375,operational,operational,2025-046G,2026-108D,False
2026-08-05 00:00:00+00:00,QQ_diff_launch,63167,69390,2,15.203485956524764,16.55760343057763,7.446184682191657,88.83623675719132,operational,ascent,2025-046J,2026-124J,False
2026-08-05 00:00:00+00:00,QQ_diff_launch,63173,69384,2,12.26735844090165,14.432426941843344,7.44811462523756,88.80604205058893,operational,ascent,2025-046Q,2026-124C,False
2026-08-05 00:00:00+00:00,QQ_diff_launch,63173,69414,1,18.06376439958732,18.06376439958732,2.5912453873033936,88.96302381144241,operational,ascent,2025-046Q,2026-125P,False
2026-08-05 00:00:00+00:00,QQ_diff_launch,63174,69118,1,19.441389301401433,19.441389301401433,9.544158833853231,88.71015078292089,operational,operational,2025-046R,2026-108Q,False
2026-08-05 00:00:00+00:00,QQ_diff_launch,63174,69408,1,14.119626163049553,14.119626163049553,2.583872503700102,88.96047611970417,operational,ascent,2025-046R,2026-125H,False
2026-08-05 00:00:00+00:00,QQ_diff_launch,63174,69410,1,14.010886286487446,14.010886286487446,2.5911279525834527,88.9626858876539,operational,ascent,2025-046R,2026-125K,False
2026-08-05 00:00:00+00:00,QQ_diff_launch,66037,69106,1,19.20107542625803,19.20107542625803,2.60377832435348,88.98923226563392,operational,operational,2025-233E,2026-108C,False
2026-08-05 00:00:00+00:00,QQ_diff_launch,66040,69392,1,16.230747509372122,16.230747509372122,5.1518736368673075,88.92347978884912,operational,ascent,2025-233H,2026-124L,False
2026-08-05 00:00:00+00:00,QQ_diff_launch,66047,69382,1,14.852378200043605,14.852378200043605,5.151556880664116,88.93646251771517,operational,ascent,2025-233Q,2026-124A,False
2026-08-05 00:00:00+00:00,QQ_diff_launch,66049,69119,1,19.118843603084766,19.118843603084766,2.674271152003761,88.97667520181955,operational,operational,2025-233S,2026-108R,False
2026-08-05 00:00:00+00:00,QQ_diff_launch,66049,69121,1,8.068383536196153,8.068383536196153,2.687522507985342,88.9846732687151,operational,ascent,2025-233S,2026-108T,False
2026-08-05 00:00:00+00:00,QQ_diff_launch,66050,69390,2,6.724719606488553,8.456185933608804,5.187505705920761,88.92556510630266,operational,ascent,2025-233T,2026-124J,False
2026-08-05 00:00:00+00:00,QQ_diff_launch,68636,69106,1,18.162387393029157,18.162387393029157,7.422963354175721,88.87189919358018,operational,operational,2026-075A,2026-108C,False
2026-08-05 00:00:00+00:00,QQ_diff_launch,68637,69383,1,12.907748383166204,12.907748383166204,5.086011284731993,88.93508732336046,operational,ascent,2026-075B,2026-124B,False
2026-08-05 00:00:00+00:00,QQ_diff_launch,68637,69387,2,10.650633847926724,12.62298197620736,5.076701999642813,88.9398447387415,operational,ascent,2026-075B,2026-124F,False
2026-08-05 00:00:00+00:00,QQ_diff_launch,68638,69108,1,14.481234293001155,14.481234293001155,7.427931984013605,88.81354992349534,operational,operational,2026-075C,2026-108E,False
2026-08-05 00:00:00+00:00,QQ_diff_launch,68639,69085,1,18.05721152924394,18.05721152924394,2.592736689345915,88.96477877292399,operational,operational,2026-075D,2026-104N,False
2026-08-05 00:00:00+00:00,QQ_diff_launch,68639,69110,1,12.11756051331326,12.11756051331326,7.424889474561453,88.82271514255146,operational,excursion,2026-075D,2026-108G,False
2026-08-05 00:00:00+00:00,QQ_diff_launch,68641,69077,1,18.860296960791807,18.860296960791807,2.590388836233622,88.9833495810071,operational,operational,2026-075F,2026-104E,False
2026-08-05 00:00:00+00:00,QQ_diff_launch,68642,69086,1,16.49259376300828,16.49259376300828,2.5908089334238955,88.96574842478317,operational,operational,2026-075G,2026-104P,False
2026-08-05 00:00:00+00:00,QQ_diff_launch,68642,69105,1,16.428151220562867,16.428151220562867,7.4234127042779745,88.87143657853247,operational,ascent,2026-075G,2026-108B,False
2026-08-05 00:00:00+00:00,QQ_diff_launch,68642,69118,1,18.00684548595096,18.00684548595096,7.415625749432386,88.83130511878066,operational,operational,2026-075G,2026-108Q,False
2026-08-05 00:00:00+00:00,QQ_diff_launch,68642,69408,1,18.66069027541489,18.66069027541489,5.113432430834731,88.93417347505253,operational,ascent,2026-075G,2026-125H,False
2026-08-05 00:00:00+00:00,QQ_diff_launch,68643,69075,1,6.043156145943054,6.043156145943054,2.592426569380577,88.9777386991729,operational,operational,2026-075H,2026-104C,False
2026-08-05 00:00:00+00:00,QQ_diff_launch,68644,69388,1,16.702554113744185,16.702554113744185,5.089850868316298,88.93054726956998,operational,ascent,2026-075J,2026-124G,False
2026-08-05 00:00:00+00:00,QQ_diff_launch,68644,69392,2,10.685573808703769,12.449697659659908,5.078863479275611,88.91608517109437,operational,ascent,2026-075J,2026-124L,False
2026-08-05 00:00:00+00:00,QQ_diff_launch,68645,69087,1,16.518319184376406,16.518319184376406,2.588450835318722,88.96572304682695,operational,operational,2026-075K,2026-104Q,False
2026-08-05 00:00:00+00:00,QQ_diff_launch,68646,69082,1,16.356201121716936,16.356201121716936,2.600443878685586,88.97350652214622,operational,operational,2026-075L,2026-104K,False
2026-08-05 00:00:00+00:00,QQ_diff_launch,68646,69397,1,18.751569946423803,18.751569946423803,5.08301561348317,88.9446746374392,operational,ascent,2026-075L,2026-124R,False
2026-08-05 00:00:00+00:00,QQ_diff_launch,68649,69119,1,13.051243632179343,13.051243632179343,7.4274212596338955,88.81080503848895,operational,operational,2026-075P,2026-108R,False
2026-08-05 00:00:00+00:00,QQ_diff_launch,69074,69109,1,4.569997505655826,4.569997505655826,5.069140864432229,88.94025087895133,operational,operational,2026-104B,2026-108F,False
2026-08-05 00:00:00+00:00,QQ_diff_launch,69076,69104,13,9.223265583561053,9.402458038042006,5.07427651091396,88.9337872177084,operational,operational,2026-104D,2026-108A,False
2026-08-05 00:00:00+00:00,QQ_diff_launch,69076,69120,1,14.733748180415876,14.733748180415876,5.071746380103745,88.92310832016992,operational,ascent,2026-104D,2026-108S,False
2026-08-05 00:00:00+00:00,QQ_diff_launch,69076,69404,1,12.863248726423189,12.863248726423189,7.458244997279362,88.80157381161803,operational,ascent,2026-104D,2026-125D,False
2026-08-05 00:00:00+00:00,QQ_diff_launch,69079,69112,1,12.192511660723286,12.192511660723286,5.076109121254941,88.93718501582374,operational,operational,2026-104G,2026-108J,False
2026-08-05 00:00:00+00:00,QQ_diff_launch,69081,69113,1,19.74303261655092,19.74303261655092,5.071430579703679,88.94783092979547,operational,operational,2026-104J,2026-108K,False
2026-08-05 00:00:00+00:00,QQ_diff_launch,69081,69116,2,6.0508155945204924,11.99368811875568,5.060543103701656,88.93966206560876,operational,operational,2026-104J,2026-108N,False
2026-08-05 00:00:00+00:00,QQ_diff_launch,69083,69114,1,7.791551214273953,7.791551214273953,5.08387138333639,88.94233328046337,operational,operational,2026-104L,2026-108L,False
2026-08-05 00:00:00+00:00,QQ_diff_launch,69085,69110,1,9.198935646056125,9.198935646056125,5.070493139185638,88.94421563599286,operational,excursion,2026-104N,2026-108G,False
2026-08-05 00:00:00+00:00,QQ_diff_launch,69090,69107,1,11.874021253750168,11.874021253750168,5.0749161892905414,88.92018002042383,operational,operational,2026-104T,2026-108D,False
2026-08-05 00:00:00+00:00,QQ_diff_launch,69105,69396,1,7.866824212171737,7.866824212171737,2.5875027835139344,88.99307198774508,ascent,ascent,2026-108B,2026-124Q,False
2026-08-05 00:00:00+00:00,QQ_diff_launch,69105,69401,1,14.88318253167856,14.88318253167856,11.369066582742935,88.47049062561327,ascent,ascent,2026-108B,2026-125A,False
2026-08-05 00:00:00+00:00,QQ_diff_launch,69112,69387,1,13.671674093765064,13.671674093765064,2.593804829209866,88.99929313364474,operational,ascent,2026-108J,2026-124F,False
2026-08-05 00:00:00+00:00,QQ_diff_launch,69113,69392,1,10.685046924760305,10.685046924760305,2.598864814344439,88.99000764762962,operational,ascent,2026-108K,2026-124L,False
2026-08-05 00:00:00+00:00,QQ_diff_launch,69115,69410,1,18.2500781807802,18.2500781807802,11.358840019906486,88.41394481737802,operational,ascent,2026-108M,2026-125K,False
2026-08-05 00:00:00+00:00,QQ_diff_launch,69121,69326,1,8.364787309504456,8.364787309504456,9.547555772898802,88.6862137507112,ascent,operational,2026-108T,2026-121B,False
2026-08-05 00:00:00+00:00,QQ_diff_launch,69121,69385,1,19.68632191334213,19.68632191334213,2.591224939197799,88.99355731209619,ascent,drift,2026-108T,2026-124D,False
2026-08-05 00:00:00+00:00,QQ_diff_launch,69382,69407,1,19.058143040607664,19.058143040607664,9.589025075052843,88.73037062314324,ascent,ascent,2026-124A,2026-125G,False
2026-08-05 00:00:00+00:00,QQ_diff_launch,69382,69409,1,16.876451640481665,16.876451640481665,9.55963109490505,88.681515360498,ascent,ascent,2026-124A,2026-125J,False
2026-08-05 00:00:00+00:00,QQ_diff_launch,69395,69415,2,13.807408673988615,14.18467734443852,9.577386362512062,88.713549658265,ascent,ascent,2026-124P,2026-125Q,False
2026-08-05 00:00:00+00:00,QQ_diff_launch,69397,69414,2,10.63482146903309,15.230505448236961,9.57361207903504,88.63266510215671,ascent,ascent,2026-124R,2026-125P,False
2026-08-05 00:00:00+00:00,QQ_diff_launch,69804,69849,1,8.020591810381596,8.020591810381596,7.600388544177587,88.83189133329527,ascent,ascent,2026-153E,2026-155B,False
2026-08-05 00:00:00+00:00,QQ_diff_launch,69806,69860,2,15.358602306354102,16.242748728086273,7.623556755087591,88.85443501723518,ascent,ascent,2026-153G,2026-155N,False
2026-08-05 00:00:00+00:00,QQ_diff_launch,69809,69848,2,13.00353740572985,15.376350025701772,7.628886195602653,88.85034418011719,ascent,ascent,2026-153K,2026-155A,False
2026-08-05 00:00:00+00:00,QQ_same_launch,69115,69117,1,6.441031899466586,6.441031899466586,0.005240820628152396,86.27223605622471,operational,excursion,2026-108M,2026-108P,False
2026-08-05 00:00:00+00:00,QQ_same_launch,69385,69389,1,2.9835779130732307,2.9835779130732307,0.004852657925582966,71.244830682845,drift,ascent,2026-124D,2026-124H,False
2026-08-05 00:00:00+00:00,QQ_same_launch,69391,69397,1,14.530122086421017,14.530122086421017,0.008044160217742612,37.775150131720864,ascent,ascent,2026-124K,2026-124R,False
2026-08-05 00:00:00+00:00,QQ_same_launch,69407,69409,1,19.02424705887343,19.02424705887343,0.010745481603706326,18.03264410411095,ascent,ascent,2026-125G,2026-125J,False
2026-08-05 00:00:00+00:00,QQ_same_launch,69801,69804,1,16.23557800223142,16.23557800223142,0.010304358194840976,56.90460620356929,ascent,ascent,2026-153B,2026-153E,False
2026-08-05 00:00:00+00:00,QQ_same_launch,69801,69807,2,4.806569415504746,5.133872648613838,0.005951860743313229,69.32598629556327,ascent,ascent,2026-153B,2026-153H,False
2026-08-05 00:00:00+00:00,QQ_same_launch,69804,69807,1,13.82203317177717,13.82203317177717,0.006679841993594022,73.66007808006151,ascent,ascent,2026-153E,2026-153H,False
2026-08-05 00:00:00+00:00,QQ_same_launch,69810,69813,1,17.436508318188828,17.436508318188828,0.011100679618052342,85.53264998729419,drift,ascent,2026-153L,2026-153P,False
2026-08-05 00:00:00+00:00,QQ_same_launch,69853,69855,1,10.515856464401432,10.515856464401432,0.0030156482965591285,31.254586703436658,ascent,ascent,2026-155F,2026-155H,False
2026-08-05 00:00:00+00:00,QQ_same_launch,69854,69862,1,19.17336908285126,19.17336908285126,0.009222529021860949,25.07050709662864,ascent,ascent,2026-155G,2026-155Q,False
2026-08-05 00:00:00+00:00,QQ_same_launch,69863,69866,1,14.98927482103594,14.98927482103594,0.0073191065079894905,69.50914126322112,ascent,ascent,2026-155R,2026-155U,False
2026-08-08 00:00:00+00:00,QQ_diff_launch,60380,68638,14,13.04488899815444,14.542319390636038,5.1651384398199,88.88999719462697,operational,operational,2024-140B,2026-075C,True
2026-08-08 00:00:00+00:00,QQ_diff_launch,60381,68640,13,7.7882837868232855,7.973680139683822,5.144120725433133,88.90764124437014,operational,operational,2024-140C,2026-075E,False
2026-08-08 00:00:00+00:00,QQ_diff_launch,60384,61564,1,18.0521123611873,18.0521123611873,13.794556024126702,86.78432384859713,operational,stranded,2024-140F,2024-185N,False
2026-08-08 00:00:00+00:00,QQ_diff_launch,60384,68645,13,14.7786136740267,14.964979539158374,5.17229826941007,88.8908872009373,operational,operational,2024-140F,2026-075K,False
2026-08-08 00:00:00+00:00,QQ_diff_launch,60384,69121,1,6.284705649724188,6.284705649724188,11.402140298891887,88.41296629965932,operational,operational,2024-140F,2026-108T,False
2026-08-08 00:00:00+00:00,QQ_diff_launch,60385,61554,1,17.95815375227384,17.95815375227384,14.135951170504635,86.72588806038392,drift,stranded,2024-140G,2024-185C,False
2026-08-08 00:00:00+00:00,QQ_diff_launch,60386,68652,14,9.02889488604705,9.146051797713003,5.134602713566563,88.90932646276696,operational,operational,2024-140H,2026-075S,True
2026-08-08 00:00:00+00:00,QQ_diff_launch,60386,69412,1,17.539539806911705,17.539539806911705,0.04453167617515378,65.74078352270588,operational,drift,2024-140H,2026-125M,False
2026-08-08 00:00:00+00:00,QQ_diff_launch,60389,68636,27,13.147941555765177,14.942637315572794,5.16171927907979,88.920042850998,operational,operational,2024-140L,2026-075A,True
2026-08-08 00:00:00+00:00,QQ_diff_launch,60391,68653,13,16.053863868530694,16.711083691685758,5.122100705468103,88.89477021294725,operational,operational,2024-140N,2026-075T,False
2026-08-08 00:00:00+00:00,QQ_diff_launch,60391,69405,1,7.310380692507166,7.310380692507166,0.014581110361998613,46.45393728788239,operational,ascent,2024-140N,2026-125E,False
2026-08-08 00:00:00+00:00,QQ_diff_launch,60392,69386,1,13.245436474966372,13.245436474966372,9.571791796121575,88.68380982200404,operational,operational,2024-140P,2026-124E,False
2026-08-08 00:00:00+00:00,QQ_diff_launch,60394,68641,27,9.569282522643519,9.75160921613535,5.129864474490792,88.91316773094975,operational,operational,2024-140R,2026-075F,True
2026-08-08 00:00:00+00:00,QQ_diff_launch,60395,69384,1,16.344381876549807,16.344381876549807,9.559801289450927,88.70072468931616,operational,ascent,2024-140S,2026-124C,False
2026-08-08 00:00:00+00:00,QQ_diff_launch,60395,69397,5,12.576039018097076,15.54315552113712,9.561316987930384,88.67505473210646,operational,operational,2024-140S,2026-124R,False
2026-08-08 00:00:00+00:00,QQ_diff_launch,60396,68648,13,8.23361710971248,8.436241747996007,5.177365967103998,88.90251084023546,operational,operational,2024-140T,2026-075N,False
2026-08-08 00:00:00+00:00,QQ_diff_launch,61552,69856,1,19.37607922063984,19.37607922063984,0.9875475164991622,88.97811091625672,stranded,ascent,2024-185A,2026-155J,False
2026-08-08 00:00:00+00:00,QQ_diff_launch,61562,69417,1,15.347549562694688,15.347549562694688,13.854379738012032,86.7904609957271,operational,ascent,2024-185L,2026-125S,False
2026-08-08 00:00:00+00:00,QQ_diff_launch,61563,62247,1,10.603294516570045,10.603294516570045,4.8770001977825626,88.9362107259547,operational,operational,2024-185M,2024-232L,False
2026-08-08 00:00:00+00:00,QQ_diff_launch,61563,63160,5,3.468200790949364,12.181053556161153,12.74883087601059,87.93490979968229,operational,operational,2024-185M,2025-046B,False
2026-08-08 00:00:00+00:00,QQ_diff_launch,61564,62252,1,17.97922160585835,17.97922160585835,4.808911379743537,88.94372537496656,stranded,operational,2024-185N,2024-232R,False
2026-08-08 00:00:00+00:00,QQ_diff_launch,61564,69413,2,12.134588139524764,14.136028788773142,13.797644831102897,86.92164668106969,stranded,ascent,2024-185N,2026-125N,False
2026-08-08 00:00:00+00:00,QQ_diff_launch,61569,69325,1,13.274551055359263,13.274551055359263,12.702596942497483,88.00392048298112,stranded,operational,2024-185T,2026-121A,False
2026-08-08 00:00:00+00:00,QQ_diff_launch,62238,69117,2,16.294400377440056,16.31642378499513,0.07723479739289826,88.05411225738986,operational,operational,2024-232B,2026-108P,False
2026-08-08 00:00:00+00:00,QQ_diff_launch,62238,69390,7,5.594895169249741,11.970877470087594,2.669548181485294,88.9882645052629,operational,drift,2024-232B,2026-124J,False
2026-08-08 00:00:00+00:00,QQ_diff_launch,62238,69418,2,7.841675779137731,10.37401287657504,11.413681724747683,88.38476137354367,operational,operational,2024-232B,2026-125T,False
2026-08-08 00:00:00+00:00,QQ_diff_launch,62239,69387,1,17.976630829405316,17.976630829405316,2.6569356525488796,88.992931902803,operational,drift,2024-232C,2026-124F,False
2026-08-08 00:00:00+00:00,QQ_diff_launch,62241,69408,1,5.44333372696475,5.44333372696475,11.370100028118904,88.3912713858714,operational,ascent,2024-232E,2026-125H,False
2026-08-08 00:00:00+00:00,QQ_diff_launch,62242,69394,1,17.68506235348534,17.68506235348534,2.653423403961813,88.98910249240488,operational,drift,2024-232F,2026-124N,False
2026-08-08 00:00:00+00:00,QQ_diff_launch,62242,69407,1,15.279308086220228,15.279308086220228,11.399752306447764,88.3548909872586,operational,ascent,2024-232F,2026-125G,False
2026-08-08 00:00:00+00:00,QQ_diff_launch,62245,69116,1,14.610646263670107,14.610646263670107,0.05936048001415528,88.30920596605998,operational,operational,2024-232J,2026-108N,False
2026-08-08 00:00:00+00:00,QQ_diff_launch,62246,69120,2,14.828232551682666,16.767510872131005,0.0707685171097876,88.02022731533845,operational,operational,2024-232K,2026-108S,False
2026-08-08 00:00:00+00:00,QQ_diff_launch,62248,69411,1,11.467322181950633,11.467322181950633,11.393518344744653,88.42022403228526,operational,drift,2024-232M,2026-125L,False
2026-08-08 00:00:00+00:00,QQ_diff_launch,62250,69394,1,16.673111444534005,16.673111444534005,2.6586340642395743,88.98602113986149,operational,drift,2024-232P,2026-124N,False
2026-08-08 00:00:00+00:00,QQ_diff_launch,62253,69392,1,17.34381566566061,17.34381566566061,2.639832868221467,88.9958111178023,operational,drift,2024-232S,2026-124L,False
2026-08-08 00:00:00+00:00,QQ_diff_launch,62255,63173,13,5.8394873739716155,6.469352126331985,9.55640204854717,88.67514414590009,operational,operational,2024-232U,2025-046Q,False
2026-08-08 00:00:00+00:00,QQ_diff_launch,62785,68645,15,5.051922154638848,5.624973138262063,12.81385333159852,87.84682125044259,operational,operational,2025-016A,2026-075K,True
2026-08-08 00:00:00+00:00,QQ_diff_launch,62785,69121,1,11.003096802445338,11.003096802445338,7.50489079725575,88.80531493690931,operational,operational,2025-016A,2026-108T,False
2026-08-08 00:00:00+00:00,QQ_diff_launch,62786,68653,14,17.530809421347037,17.568853969854782,12.802469511425825,87.99206140099722,operational,operational,2025-016B,2026-075T,True
2026-08-08 00:00:00+00:00,QQ_diff_launch,62787,68646,27,14.64122419598561,15.601718872723382,12.849294592155227,87.76009384850899,operational,operational,2025-016C,2026-075L,True
2026-08-08 00:00:00+00:00,QQ_diff_launch,62788,69416,1,18.5709501303014,18.5709501303014,14.498729939208388,82.51675387946692,operational,drift,2025-016D,2026-125R,False
2026-08-08 00:00:00+00:00,QQ_diff_launch,62790,69404,6,7.505320528255865,10.778137824506159,14.47153534570863,82.80374325441514,operational,drift,2025-016F,2026-125D,False
2026-08-08 00:00:00+00:00,QQ_diff_launch,62790,69413,1,15.028522156910272,15.028522156910272,14.500731716481038,82.81366559947662,operational,ascent,2025-016F,2026-125N,False
2026-08-08 00:00:00+00:00,QQ_diff_launch,62791,68641,13,3.941036498944513,3.9567315284808795,12.823276989290862,87.890579987187,operational,operational,2025-016G,2026-075F,False
2026-08-08 00:00:00+00:00,QQ_diff_launch,62792,69386,3,8.651674819277547,10.374863350450786,9.602769781672656,88.64512777008943,operational,operational,2025-016H,2026-124E,False
2026-08-08 00:00:00+00:00,QQ_diff_launch,62794,69397,2,7.713446750792162,7.8791300115497735,9.586847137936697,88.660298803167,operational,operational,2025-016K,2026-124R,False
2026-08-08 00:00:00+00:00,QQ_diff_launch,62794,69414,4,14.973481123933151,18.53686884510104,14.475575184128894,82.91690093507289,operational,drift,2025-016K,2026-125P,False
2026-08-08 00:00:00+00:00,QQ_diff_launch,62797,68647,14,16.731020460135454,16.817857855730146,12.80498739653093,87.98967159742264,operational,operational,2025-016N,2026-075M,True
2026-08-08 00:00:00+00:00,QQ_diff_launch,62797,69409,1,16.72163350189137,16.72163350189137,14.500223853576738,83.02089610698621,operational,excursion,2025-016N,2026-125J,False
2026-08-08 00:00:00+00:00,QQ_diff_launch,62798,69075,1,18.21220368809481,18.21220368809481,11.365220416549073,88.28676726556952,operational,operational,2025-016P,2026-104C,False
2026-08-08 00:00:00+00:00,QQ_diff_launch,62799,69390,1,18.318677842903465,18.318677842903465,9.593991216082944,88.69894306217842,operational,drift,2025-016Q,2026-124J,False
2026-08-08 00:00:00+00:00,QQ_diff_launch,62801,68652,14,17.457652113667663,17.92196347982508,12.806146488145119,87.99445496117778,operational,operational,2025-016S,2026-075S,True
2026-08-08 00:00:00+00:00,QQ_diff_launch,63159,69408,1,17.585025743082305,17.585025743082305,2.613433332111087,88.9543359348925,operational,ascent,2025-046A,2026-125H,False
2026-08-08 00:00:00+00:00,QQ_diff_launch,63159,69410,1,11.159088296921135,11.159088296921135,2.6038123507972166,88.96557110095834,operational,drift,2025-046A,2026-125K,False
2026-08-08 00:00:00+00:00,QQ_diff_launch,63167,69120,1,12.66687704885432,12.66687704885432,9.565919797912047,88.62601066476267,operational,operational,2025-046J,2026-108S,False
2026-08-08 00:00:00+00:00,QQ_diff_launch,63168,69116,1,11.065939201208126,11.065939201208126,9.538749167474359,88.64411224587273,operational,operational,2025-046K,2026-108N,False
2026-08-08 00:00:00+00:00,QQ_diff_launch,63171,69117,2,13.194851195471504,15.952584196116245,9.55113696200744,88.67972451804542,operational,operational,2025-046N,2026-108P,False
2026-08-08 00:00:00+00:00,QQ_diff_launch,63171,69418,1,5.63995841947268,5.63995841947268,2.5898567055115684,88.96463619496566,operational,operational,2025-046N,2026-125T,False
2026-08-08 00:00:00+00:00,QQ_diff_launch,66035,69414,2,9.214008764129899,14.07114225955469,12.867582512359833,87.85507586194049,operational,drift,2025-233C,2026-125P,False
2026-08-08 00:00:00+00:00,QQ_diff_launch,66036,69416,1,17.215580945519743,17.215580945519743,12.840639925211008,87.77211779160493,operational,drift,2025-233D,2026-125R,False
2026-08-08 00:00:00+00:00,QQ_diff_launch,66047,69404,3,6.725390373096695,17.596631377239056,12.825966424811938,87.94496270431229,operational,drift,2025-233Q,2026-125D,False
2026-08-08 00:00:00+00:00,QQ_diff_launch,66047,69413,1,18.83735457356587,18.83735457356587,12.835555312955266,87.98469194186382,operational,ascent,2025-233Q,2026-125N,False
2026-08-08 00:00:00+00:00,QQ_diff_launch,68637,69397,6,4.252974705279881,12.158377346939117,5.078333623240024,88.93267868678899,operational,operational,2026-075B,2026-124R,False
2026-08-08 00:00:00+00:00,QQ_diff_launch,68643,69075,1,6.9469318027201865,6.9469318027201865,2.592473351467794,88.97803738232817,operational,operational,2026-075H,2026-104C,False
2026-08-08 00:00:00+00:00,QQ_diff_launch,68644,69386,2,3.516565314822776,8.03250518940892,5.074171457672918,88.93738326926166,operational,operational,2026-075J,2026-124E,False
2026-08-08 00:00:00+00:00,QQ_diff_launch,68645,69121,1,19.33812214694666,19.33812214694666,7.432110677660778,88.88058560444199,operational,operational,2026-075K,2026-108T,False
2026-08-08 00:00:00+00:00,QQ_diff_launch,68647,69409,1,18.080343862032695,18.080343862032695,5.1095090195070645,88.91702461352023,operational,excursion,2026-075M,2026-125J,False
2026-08-08 00:00:00+00:00,QQ_diff_launch,68652,69412,2,12.774608981164292,14.367720172683168,5.123233569938067,88.9199724162871,operational,drift,2026-075S,2026-125M,False
2026-08-08 00:00:00+00:00,QQ_diff_launch,69073,69108,27,10.04950194701855,14.165017975148197,5.089700030423424,88.91563824787092,operational,operational,2026-104A,2026-108E,True
2026-08-08 00:00:00+00:00,QQ_diff_launch,69074,69109,13,6.853846817460082,9.108523603196357,5.0698607594880025,88.94432743493803,operational,operational,2026-104B,2026-108F,False
2026-08-08 00:00:00+00:00,QQ_diff_launch,69074,69414,2,16.89096013835557,17.77094955077295,7.47454094157492,88.82249173453619,operational,drift,2026-104B,2026-125P,False
2026-08-08 00:00:00+00:00,QQ_diff_launch,69076,69416,5,3.4395399527252626,12.10357390506441,7.461434921154037,88.81073425276153,operational,drift,2026-104D,2026-125R,False
2026-08-08 00:00:00+00:00,QQ_diff_launch,69077,69111,27,13.839407234831805,15.519936096984498,5.086638849383173,88.95334310350212,operational,operational,2026-104E,2026-108H,True
2026-08-08 00:00:00+00:00,QQ_diff_launch,69079,69112,13,12.824832688563017,13.207801112647218,5.074986206675601,88.92412572492306,operational,operational,2026-104G,2026-108J,False
2026-08-08 00:00:00+00:00,QQ_diff_launch,69080,69118,27,8.380409323052987,11.474710946203476,5.066984526222309,88.91898645391159,operational,operational,2026-104H,2026-108Q,True
2026-08-08 00:00:00+00:00,QQ_diff_launch,69083,69114,13,10.99629118184777,12.36052208469322,5.089156261139876,88.94230804600448,operational,operational,2026-104L,2026-108L,False
2026-08-08 00:00:00+00:00,QQ_diff_launch,69085,69110,19,7.509016109268658,10.823664708045127,5.0771163746966375,88.92800052511049,operational,operational,2026-104N,2026-108G,True
2026-08-08 00:00:00+00:00,QQ_diff_launch,69085,69407,1,19.851566903863983,19.851566903863983,7.462236473755581,88.841231170004,operational,ascent,2026-104N,2026-125G,False
2026-08-08 00:00:00+00:00,QQ_diff_launch,69088,69120,1,13.618373253710836,13.618373253710836,5.077681440256037,88.95107032378061,operational,operational,2026-104R,2026-108S,False
2026-08-08 00:00:00+00:00,QQ_diff_launch,69088,69412,1,19.50255980357477,19.50255980357477,7.456346061532821,88.7846473904767,operational,drift,2026-104R,2026-125M,False
2026-08-08 00:00:00+00:00,QQ_diff_launch,69090,69107,27,14.71463367613757,16.50065349797666,5.0762006174789205,88.9113159590019,operational,operational,2026-104T,2026-108D,True
2026-08-08 00:00:00+00:00,QQ_diff_launch,69104,69416,1,12.986532967116588,12.986532967116588,11.361780201901619,88.36149842814662,operational,drift,2026-108A,2026-125R,False
2026-08-08 00:00:00+00:00,QQ_diff_launch,69106,69391,1,14.553282338588637,14.553282338588637,2.608557935152445,88.98103073225879,operational,ascent,2026-108C,2026-124K,False
2026-08-08 00:00:00+00:00,QQ_diff_launch,69109,69414,1,5.756764718732306,5.756764718732306,11.35926312723623,88.39154834784954,operational,drift,2026-108F,2026-125P,False
2026-08-08 00:00:00+00:00,QQ_diff_launch,69111,69406,1,18.66711762524752,18.66711762524752,11.352769356392937,88.32179125076212,operational,ascent,2026-108H,2026-125F,False
2026-08-08 00:00:00+00:00,QQ_diff_launch,69117,69390,1,16.29644401835515,16.29644401835515,2.5905010279522673,88.9798704694248,operational,drift,2026-108P,2026-124J,False
2026-08-08 00:00:00+00:00,QQ_diff_launch,69117,69418,1,14.932971920249225,14.932971920249225,11.354646939205018,88.47457930701901,operational,operational,2026-108P,2026-125T,False
2026-08-08 00:00:00+00:00,QQ_diff_launch,69325,69411,1,10.248720861758512,10.248720861758512,2.619971661981195,88.97962075813801,operational,drift,2026-121A,2026-125L,False
2026-08-08 00:00:00+00:00,QQ_diff_launch,69386,69411,2,9.581411963025674,9.613150610165906,9.56258191852001,88.69108710539795,operational,drift,2026-124E,2026-125L,False
2026-08-08 00:00:00+00:00,QQ_diff_launch,69387,69416,1,19.546065666502237,19.546065666502237,9.58091685841835,88.63583672490935,drift,drift,2026-124F,2026-125R,False
2026-08-08 00:00:00+00:00,QQ_diff_launch,69395,69410,1,17.339614647971835,17.339614647971835,9.566091192877625,88.64183259814193,ascent,drift,2026-124P,2026-125K,False
2026-08-08 00:00:00+00:00,QQ_same_launch,69391,69392,1,11.589873673248976,11.589873673248976,0.0060891836483390315,40.53045350670622,ascent,drift,2026-124K,2026-124L,False
2026-08-08 00:00:00+00:00,QQ_same_launch,69402,69412,1,11.737165310562617,11.737165310562617,0.005580129429293587,43.51786753271069,drift,drift,2026-125B,2026-125M,False
2026-08-08 00:00:00+00:00,QQ_same_launch,69408,69410,5,2.3506676476823416,5.207555926885272,0.005844236053115554,66.06492851146997,ascent,drift,2026-125H,2026-125K,False
2026-08-08 00:00:00+00:00,QQ_same_launch,69414,69417,1,18.789251579982025,18.789251579982025,0.011284215100150723,38.49112015970596,drift,ascent,2026-125P,2026-125S,False
2026-08-08 00:00:00+00:00,QQ_same_launch,69800,69815,1,18.02768185001033,18.02768185001033,0.010030019802278668,39.16560743778969,drift,drift,2026-153A,2026-153R,False
2026-08-08 00:00:00+00:00,QQ_same_launch,69850,69864,1,2.9733509085687038,2.9733509085687038,0.0011995564544593827,47.74228141944385,ascent,ascent,2026-155C,2026-155S,False
2026-08-08 00:00:00+00:00,QQ_same_launch,69853,69862,1,10.99158118245576,10.99158118245576,0.0017487858229735447,57.332114446880205,ascent,ascent,2026-155F,2026-155Q,False
2026-08-08 00:00:00+00:00,QQ_same_launch,69856,69866,1,16.394854265992784,16.394854265992784,0.00891754280499451,84.93253986734634,ascent,ascent,2026-155J,2026-155U,False
2026-08-08 00:00:00+00:00,QQ_same_launch,69857,69863,1,12.087722659245276,12.087722659245276,0.003019713635692456,82.79262251195281,ascent,ascent,2026-155K,2026-155R,False
2026-08-08 00:00:00+00:00,QQ_same_launch,69863,69866,1,16.042470382591112,16.042470382591112,0.00864713636732,33.027144074157555,ascent,ascent,2026-155R,2026-155U,False
2026-08-08 00:00:00+00:00,QQ_same_launch,69865,69867,1,12.219906251989919,12.219906251989919,0.0042686933324065325,84.49418664774899,ascent,ascent,2026-155T,2026-155V,False
2026-08-11 00:00:00+00:00,QQ_diff_launch,60380,68638,13,8.98935831109933,9.438080082941804,5.16631864661769,88.89737405625459,operational,operational,2024-140B,2026-075C,False
2026-08-11 00:00:00+00:00,QQ_diff_launch,60381,61569,1,6.515907589482227,6.515907589482227,13.804156333256293,86.84718373833246,operational,stranded,2024-140C,2024-185T,False
2026-08-11 00:00:00+00:00,QQ_diff_launch,60381,68640,14,6.757738530033406,6.868761859715635,5.144551791154065,88.91048848994149,operational,operational,2024-140C,2026-075E,True
2026-08-11 00:00:00+00:00,QQ_diff_launch,60383,69390,1,16.5096195781289,16.5096195781289,9.579964721234198,88.62590378505374,operational,excursion,2024-140E,2026-124J,False
2026-08-11 00:00:00+00:00,QQ_diff_launch,60384,68645,14,15.954198705131022,16.18516641352916,5.173419843777736,88.88792851104341,operational,operational,2024-140F,2026-075K,True
2026-08-11 00:00:00+00:00,QQ_diff_launch,60385,62240,2,7.517446552819541,12.924049036778168,11.769852168765293,88.3569991915332,drift,stranded,2024-140G,2024-232D,False
2026-08-11 00:00:00+00:00,QQ_diff_launch,60386,68652,13,8.576674330742012,8.606860634113133,5.134833431064354,88.90571037660384,operational,operational,2024-140H,2026-075S,False
2026-08-11 00:00:00+00:00,QQ_diff_launch,60387,69409,1,17.403719960546262,17.403719960546262,0.020454273811746023,87.63163603359641,operational,operational,2024-140J,2026-125J,False
2026-08-11 00:00:00+00:00,QQ_diff_launch,60389,68636,14,6.8129969847742125,7.078613833459157,5.155014877170403,88.90492783986073,operational,operational,2024-140L,2026-075A,True
2026-08-11 00:00:00+00:00,QQ_diff_launch,60390,68650,11,17.68372303919673,18.804696086089795,5.141370310268415,88.88431103846328,operational,operational,2024-140M,2026-075Q,False
2026-08-11 00:00:00+00:00,QQ_diff_launch,60391,68653,14,11.642514677927462,12.38718943330597,5.122264563000229,88.90982817577056,operational,operational,2024-140N,2026-075T,True
2026-08-11 00:00:00+00:00,QQ_diff_launch,60392,68644,14,12.049936230122997,13.4567315857891,5.139326252068589,88.92054296300611,operational,operational,2024-140P,2026-075J,True
2026-08-11 00:00:00+00:00,QQ_diff_launch,60392,69105,2,16.634086321003497,16.9759519216516,11.378630835164715,88.38298938648065,operational,operational,2024-140P,2026-108B,False
2026-08-11 00:00:00+00:00,QQ_diff_launch,60394,68641,13,8.998411246832301,9.088941284511055,5.131053290628084,88.91446721082777,operational,operational,2024-140R,2026-075F,False
2026-08-11 00:00:00+00:00,QQ_diff_launch,60395,69386,2,18.35629721908593,19.10049427782077,9.556764363797257,88.60516625050091,operational,operational,2024-140S,2026-124E,False
2026-08-11 00:00:00+00:00,QQ_diff_launch,60395,69406,1,15.167579800598785,15.167579800598785,0.03738771236327234,84.20277517489073,operational,operational,2024-140S,2026-125F,False
2026-08-11 00:00:00+00:00,QQ_diff_launch,60396,68648,14,6.686732519261651,6.9099518098625765,5.178543471797635,88.90345576109598,operational,operational,2024-140T,2026-075N,True
2026-08-11 00:00:00+00:00,QQ_diff_launch,61556,69804,1,18.1075112766488,18.1075112766488,6.744172815636164,88.83323972419859,stranded,drift,2024-185E,2026-153E,False
2026-08-11 00:00:00+00:00,QQ_diff_launch,61557,69814,1,6.3094981143891635,6.3094981143891635,6.650084764746056,88.87719926940247,stranded,drift,2024-185F,2026-153Q,False
2026-08-11 00:00:00+00:00,QQ_diff_launch,61562,69403,1,17.410507391952752,17.410507391952752,13.85581798633069,86.90117839410154,operational,ascent,2024-185L,2026-125C,False
2026-08-11 00:00:00+00:00,QQ_diff_launch,61563,69077,2,2.594315638798286,5.541554460332426,9.407507357681519,88.67140655414079,operational,operational,2024-185M,2026-104E,False
2026-08-11 00:00:00+00:00,QQ_diff_launch,61563,69111,2,7.788957138720526,10.651032941918848,4.932405541723125,88.94129318814001,operational,operational,2024-185M,2026-108H,False
2026-08-11 00:00:00+00:00,QQ_diff_launch,61569,69074,1,12.76087650911282,12.76087650911282,9.38772483809367,88.66344864913192,stranded,operational,2024-185T,2026-104B,False
2026-08-11 00:00:00+00:00,QQ_diff_launch,62245,69410,2,12.02259388163775,12.588787199091783,11.402264082198258,88.40406574726114,operational,operational,2024-232J,2026-125K,False
2026-08-11 00:00:00+00:00,QQ_diff_launch,62246,69417,3,12.447134470830898,18.351397286950423,11.401397704012936,88.44017129319799,operational,ascent,2024-232K,2026-125S,False
2026-08-11 00:00:00+00:00,QQ_diff_launch,62247,69395,1,18.436454830794002,18.436454830794002,2.669447270490934,88.98922423918592,operational,drift,2024-232L,2026-124P,False
2026-08-11 00:00:00+00:00,QQ_diff_launch,62248,69105,1,13.811341478540852,13.811341478540852,0.07678032623035731,88.29231433707592,operational,operational,2024-232M,2026-108B,False
2026-08-11 00:00:00+00:00,QQ_diff_launch,62250,69402,1,19.45991763079681,19.45991763079681,11.404642737657309,88.3866002659807,operational,drift,2024-232P,2026-125B,False
2026-08-11 00:00:00+00:00,QQ_diff_launch,62255,63173,27,9.157449448613526,12.20679216232719,9.556776755717754,88.64001905145247,operational,operational,2024-232U,2025-046Q,True
2026-08-11 00:00:00+00:00,QQ_diff_launch,62255,69407,4,6.493115989156891,9.876116062988952,11.391047902804365,88.44965649595306,operational,operational,2024-232U,2026-125G,False
2026-08-11 00:00:00+00:00,QQ_diff_launch,62785,68645,13,2.2704023194353136,2.57423021685845,12.814997320959932,87.86796949157585,operational,operational,2025-016A,2026-075K,False
2026-08-11 00:00:00+00:00,QQ_diff_launch,62786,68653,13,17.936459857158585,18.0181787149474,12.803424133213532,87.99705263953992,operational,operational,2025-016B,2026-075T,False
2026-08-11 00:00:00+00:00,QQ_diff_launch,62787,68646,27,15.291953606554566,15.542926334798745,12.817326723693784,87.76048014663634,operational,operational,2025-016C,2026-075L,True
2026-08-11 00:00:00+00:00,QQ_diff_launch,62791,68641,14,4.232871777824035,4.376112424238229,12.82432413789817,87.89978742040495,operational,operational,2025-016G,2026-075F,True
2026-08-11 00:00:00+00:00,QQ_diff_launch,62792,69105,1,5.924090413428227,5.924090413428227,7.498529433478343,88.83106945393227,operational,operational,2025-016H,2026-108B,False
2026-08-11 00:00:00+00:00,QQ_diff_launch,62792,69408,9,14.624255023089322,18.700320764090126,14.489925440173712,83.35878775180535,operational,operational,2025-016H,2026-125H,False
2026-08-11 00:00:00+00:00,QQ_diff_launch,62793,69413,6,8.797533977953488,12.41642468626392,14.443022793774016,82.80730897346679,operational,ascent,2025-016J,2026-125N,False
2026-08-11 00:00:00+00:00,QQ_diff_launch,62794,69386,2,14.346756500106682,14.983638455550873,9.576823695860268,88.65042057489902,operational,operational,2025-016K,2026-124E,False
2026-08-11 00:00:00+00:00,QQ_diff_launch,62797,68647,13,16.409274996404722,16.452433943683324,12.805939849591638,87.98816386347852,operational,operational,2025-016N,2026-075M,False
2026-08-11 00:00:00+00:00,QQ_diff_launch,62797,69409,2,18.911270592095786,19.389560286269997,14.443133029751118,82.85661656608792,operational,operational,2025-016N,2026-125J,False
2026-08-11 00:00:00+00:00,QQ_diff_launch,62797,69418,5,8.66620334193357,13.109190468695967,14.444515602765811,82.77938396526386,operational,operational,2025-016N,2026-125T,False
2026-08-11 00:00:00+00:00,QQ_diff_launch,62801,69416,5,8.705552560660168,14.062198819628854,14.443002354620706,82.89971070762816,operational,operational,2025-016S,2026-125R,False
2026-08-11 00:00:00+00:00,QQ_diff_launch,62802,68636,7,18.568058542075658,19.190785314803122,12.803029226660172,88.00319751573521,operational,operational,2025-016T,2026-075A,False
2026-08-11 00:00:00+00:00,QQ_diff_launch,62802,69411,1,17.834101171662947,17.834101171662947,14.50248712261346,82.88983650179672,operational,drift,2025-016T,2026-125L,False
2026-08-11 00:00:00+00:00,QQ_diff_launch,63162,69104,1,18.749183429809175,18.749183429809175,9.519058247566608,88.62979430891036,operational,operational,2025-046D,2026-108A,False
2026-08-11 00:00:00+00:00,QQ_diff_launch,63163,69860,1,8.02034279865598,8.02034279865598,13.185209229583888,87.76049258056364,stranded,ascent,2025-046E,2026-155N,False
2026-08-11 00:00:00+00:00,QQ_diff_launch,63167,69417,4,2.4011860774522304,5.573965924180499,2.59127681248433,88.96176948085215,operational,ascent,2025-046J,2026-125S,False
2026-08-11 00:00:00+00:00,QQ_diff_launch,63173,69407,1,11.665915626691943,11.665915626691943,2.594492636076355,88.9655175122331,operational,operational,2025-046Q,2026-125G,False
2026-08-11 00:00:00+00:00,QQ_diff_launch,66044,69409,1,17.439640871285782,17.439640871285782,12.83189765058465,87.91614187498287,operational,operational,2025-233M,2026-125J,False
2026-08-11 00:00:00+00:00,QQ_diff_launch,66044,69418,2,10.102559151826446,14.896218612734149,12.849992985544537,87.81656971245738,operational,operational,2025-233M,2026-125T,False
2026-08-11 00:00:00+00:00,QQ_diff_launch,66045,69413,2,5.131753006750038,10.81330786526728,12.858269733219831,87.85368669728322,operational,ascent,2025-233N,2026-125N,False
2026-08-11 00:00:00+00:00,QQ_diff_launch,66049,69416,2,6.922106586101305,11.187726081493334,12.856787857830417,87.91233397729546,operational,operational,2025-233S,2026-125R,False
2026-08-11 00:00:00+00:00,QQ_diff_launch,68637,69386,1,10.895276312153449,10.895276312153449,5.07063594698114,88.94246507959143,operational,operational,2026-075B,2026-124E,False
2026-08-11 00:00:00+00:00,QQ_diff_launch,68637,69406,1,19.964177484082175,19.964177484082175,5.11115022802262,88.90127781650163,operational,operational,2026-075B,2026-125F,False
2026-08-11 00:00:00+00:00,QQ_diff_launch,68639,69409,1,19.22842995905629,19.22842995905629,5.119053739931008,88.94123044722527,operational,operational,2026-075D,2026-125J,False
2026-08-11 00:00:00+00:00,QQ_diff_launch,68644,69105,1,17.97015173233458,17.97015173233458,7.423861584206756,88.87817295252768,operational,operational,2026-075J,2026-108B,False
2026-08-11 00:00:00+00:00,QQ_diff_launch,69073,69108,27,5.432819302853894,9.492778606769551,5.078531301051933,88.94818474416127,operational,operational,2026-104A,2026-108E,True
2026-08-11 00:00:00+00:00,QQ_diff_launch,69074,69109,3,19.36462229671243,19.66643151852399,5.080597950815432,88.95840380737926,operational,operational,2026-104B,2026-108F,False
2026-08-11 00:00:00+00:00,QQ_diff_launch,69076,69396,5,1.6009534470644327,7.182046270037241,2.5495286858352006,88.98390671457956,operational,operational,2026-104D,2026-124Q,False
2026-08-11 00:00:00+00:00,QQ_diff_launch,69078,69384,1,14.433450932501382,14.433450932501382,2.5648187038242103,88.98640087644833,operational,operational,2026-104F,2026-124C,False
2026-08-11 00:00:00+00:00,QQ_diff_launch,69079,69112,1,19.179994205952028,19.179994205952028,5.080600698319308,88.94944712889136,operational,operational,2026-104G,2026-108J,False
2026-08-11 00:00:00+00:00,QQ_diff_launch,69079,69386,1,15.386381357723744,15.386381357723744,2.5621067023510444,88.97696666727843,operational,operational,2026-104G,2026-124E,False
2026-08-11 00:00:00+00:00,QQ_diff_launch,69080,69118,27,3.3637969924445734,6.240307091237813,5.079580753409677,88.94334266949757,operational,operational,2026-104H,2026-108Q,True
2026-08-11 00:00:00+00:00,QQ_diff_launch,69082,69389,1,7.3008443680877155,7.3008443680877155,2.5574264701155336,88.97875521709217,operational,operational,2026-104K,2026-124H,False
2026-08-11 00:00:00+00:00,QQ_diff_launch,69083,69116,2,11.557726380690188,13.283636004143267,5.082387401413106,88.93961246241102,operational,operational,2026-104L,2026-108N,False
2026-08-11 00:00:00+00:00,QQ_diff_launch,69084,69117,3,16.440064358586323,18.635710464939955,5.070089694190876,88.94144790124687,operational,operational,2026-104M,2026-108P,False
2026-08-11 00:00:00+00:00,QQ_diff_launch,69085,69110,26,12.63979521991094,16.175318391575306,5.081228917710945,88.95450756233564,operational,operational,2026-104N,2026-108G,True
2026-08-11 00:00:00+00:00,QQ_diff_launch,69085,69409,1,15.712089803820241,15.712089803820241,7.454575860249451,88.81152716177922,operational,operational,2026-104N,2026-125J,False
2026-08-11 00:00:00+00:00,QQ_diff_launch,69087,69121,1,12.276174372436264,12.276174372436264,5.072365703187705,88.92093167625586,operational,operational,2026-104Q,2026-108T,False
2026-08-11 00:00:00+00:00,QQ_diff_launch,69088,69391,1,14.083767136698915,14.083767136698915,2.5591601753003563,88.98633488231862,operational,operational,2026-104R,2026-124K,False
2026-08-11 00:00:00+00:00,QQ_diff_launch,69105,69415,1,11.164210411613002,11.164210411613002,11.369618819597052,88.36986650517707,operational,ascent,2026-108B,2026-125Q,False
2026-08-11 00:00:00+00:00,QQ_diff_launch,69106,69384,1,9.193400411898006,9.193400411898006,2.5981896287156765,88.99373741716552,operational,operational,2026-108C,2026-124C,False
2026-08-11 00:00:00+00:00,QQ_diff_launch,69120,69391,1,16.924050621282863,16.924050621282863,2.590773308039922,89.00114167612632,operational,operational,2026-108S,2026-124K,False
2026-08-11 00:00:00+00:00,QQ_diff_launch,69386,69406,2,12.194712383626573,13.265647019147934,9.550044538699439,88.63410032656036,operational,operational,2026-124E,2026-125F,False
2026-08-11 00:00:00+00:00,QQ_diff_launch,69396,69414,2,13.81761198729563,16.858973213950826,9.554167958484413,88.62304751551825,operational,operational,2026-124Q,2026-125P,False
2026-08-11 00:00:00+00:00,QQ_diff_launch,69812,69864,6,7.701047731226019,16.649456036879613,7.650411304111158,88.83716267102163,drift,drift,2026-153N,2026-155S,False
2026-08-11 00:00:00+00:00,QQ_same_launch,61562,61569,1,19.47408524137266,19.47408524137266,0.06089435025667617,88.94379728035884,operational,stranded,2024-185L,2024-185T,False
2026-08-11 00:00:00+00:00,QQ_same_launch,69114,69116,1,11.911882109949495,11.911882109949495,0.009969156198212396,56.12764499214886,operational,operational,2026-108L,2026-108N,False
2026-08-11 00:00:00+00:00,QQ_same_launch,69388,69391,1,18.52427240154611,18.52427240154611,0.009246868832765416,65.91748184016626,drift,operational,2026-124G,2026-124K,False
2026-08-11 00:00:00+00:00,QQ_same_launch,69396,69397,1,16.859690013994626,16.859690013994626,0.00739616753032244,79.49833924293846,operational,excursion,2026-124Q,2026-124R,False
2026-08-11 00:00:00+00:00,QQ_same_launch,69409,69418,1,12.411702173380865,12.411702173380865,0.007173481306416328,13.012735162441171,operational,operational,2026-125J,2026-125T,False
2026-08-11 00:00:00+00:00,QQ_same_launch,69803,69808,1,6.702431839381232,6.702431839381232,0.0035391798641281735,7.150091718572112,drift,drift,2026-153D,2026-153J,False
2026-08-11 00:00:00+00:00,QQ_same_launch,69812,69813,1,14.954340460751206,14.954340460751206,0.00784838893814245,1.7667254046957581,drift,drift,2026-153N,2026-153P,False
2026-08-11 00:00:00+00:00,QQ_same_launch,69848,69856,1,11.296662665694184,11.296662665694184,0.0035723968074721233,54.70775679451219,ascent,ascent,2026-155A,2026-155J,False
2026-08-11 00:00:00+00:00,QQ_same_launch,69853,69860,1,8.86144919647176,8.86144919647176,0.0053527288556091315,84.92160768964708,ascent,ascent,2026-155F,2026-155N,False
2026-08-11 00:00:00+00:00,QQ_same_launch,69857,69861,1,10.356480664512803,10.356480664512803,0.0044096691407272,80.91512583059189,ascent,ascent,2026-155K,2026-155P,False
2026-08-11 00:00:00+00:00,QQ_same_launch,69858,69867,1,12.210541945043024,12.210541945043024,0.0074065870818974975,18.207242264339158,ascent,ascent,2026-155L,2026-155V,False
2026-08-14 00:00:00+00:00,QQ_diff_launch,60380,68638,14,6.200983028775135,6.6545270494284505,5.167571316734075,88.90071361244632,operational,operational,2024-140B,2026-075C,True
2026-08-14 00:00:00+00:00,QQ_diff_launch,60380,69395,2,6.800625734099906,12.204035135624416,9.591165907808099,88.67481000000933,operational,operational,2024-140B,2026-124P,False
2026-08-14 00:00:00+00:00,QQ_diff_launch,60381,68640,13,6.653490484722595,6.742029127283849,5.1449466595628515,88.91380991737707,operational,operational,2024-140C,2026-075E,False
2026-08-14 00:00:00+00:00,QQ_diff_launch,60383,68643,13,12.573086151413364,14.329990749896133,5.140337344018653,88.92316802345584,operational,operational,2024-140E,2026-075H,False
2026-08-14 00:00:00+00:00,QQ_diff_launch,60384,68645,13,17.480977429376686,17.71736326487951,5.17458584774346,88.88453084158206,operational,operational,2024-140F,2026-075K,False
2026-08-14 00:00:00+00:00,QQ_diff_launch,60386,68652,14,8.417499888302883,8.43533380974361,5.135023704498039,88.9028157983386,operational,operational,2024-140H,2026-075S,True
2026-08-14 00:00:00+00:00,QQ_diff_launch,60386,69414,1,14.981936597798892,14.981936597798892,0.033998104906740184,67.98515965199331,operational,excursion,2024-140H,2026-125P,False
2026-08-14 00:00:00+00:00,QQ_diff_launch,60387,69399,1,15.429520624769703,15.429520624769703,9.571307952255081,88.63116268289295,operational,operational,2024-140J,2026-124T,False
2026-08-14 00:00:00+00:00,QQ_diff_launch,60389,68636,13,10.213543002622515,11.563688893662475,5.155537408007243,88.91858067359246,operational,operational,2024-140L,2026-075A,False
2026-08-14 00:00:00+00:00,QQ_diff_launch,60390,61564,1,18.00562291019779,18.00562291019779,13.784591898526877,86.83759474729175,operational,stranded,2024-140M,2024-185N,False
2026-08-14 00:00:00+00:00,QQ_diff_launch,60390,68650,14,8.978915179087888,10.241359748103111,5.1424833874743685,88.89817645253541,operational,operational,2024-140M,2026-075Q,True
2026-08-14 00:00:00+00:00,QQ_diff_launch,60391,68653,13,7.496515990630571,8.043836878748458,5.122481741398839,88.9177951696984,operational,operational,2024-140N,2026-075T,False
2026-08-14 00:00:00+00:00,QQ_diff_launch,60392,68644,13,8.510718088824927,8.585322862037264,5.1396563533301896,88.90567520492857,operational,operational,2024-140P,2026-075J,False
2026-08-14 00:00:00+00:00,QQ_diff_launch,60393,69390,1,6.146428147044406,6.146428147044406,9.582048016031706,88.67536700669459,operational,operational,2024-140Q,2026-124J,False
2026-08-14 00:00:00+00:00,QQ_diff_launch,60394,68641,14,8.407434912029146,8.493368449405672,5.132166828603024,88.9154906827898,operational,operational,2024-140R,2026-075F,True
2026-08-14 00:00:00+00:00,QQ_diff_launch,60395,68637,6,18.523232113867405,19.199536054520742,5.126192465380715,88.88506502358601,operational,operational,2024-140S,2026-075B,False
2026-08-14 00:00:00+00:00,QQ_diff_launch,60396,68648,13,5.345989845708915,5.537663122034153,5.179769569075281,88.90395407720904,operational,operational,2024-140T,2026-075N,False
2026-08-14 00:00:00+00:00,QQ_diff_launch,60396,69397,1,9.2693941663792,9.2693941663792,9.604928915163244,88.64534537866244,operational,operational,2024-140T,2026-124R,False
2026-08-14 00:00:00+00:00,QQ_diff_launch,61552,69811,1,15.502837970292802,15.502837970292802,6.7820065407424845,88.88900820135969,stranded,drift,2024-185A,2026-153M,False
2026-08-14 00:00:00+00:00,QQ_diff_launch,61553,69800,1,19.347809114280423,19.347809114280423,6.823994253062693,88.81903541968653,stranded,drift,2024-185B,2026-153A,False
2026-08-14 00:00:00+00:00,QQ_diff_launch,61555,69863,1,16.026669441638415,16.026669441638415,0.6556485588109414,88.95538414654959,stranded,ascent,2024-185D,2026-155R,False
2026-08-14 00:00:00+00:00,QQ_diff_launch,61563,62248,2,6.787583521953157,10.196488472021704,4.879165796303896,88.93208754658593,operational,operational,2024-185M,2024-232M,False
2026-08-14 00:00:00+00:00,QQ_diff_launch,61563,69325,4,6.091011841862753,9.976464115896974,12.716629707643271,87.98629552761415,operational,operational,2024-185M,2026-121A,False
2026-08-14 00:00:00+00:00,QQ_diff_launch,61565,66034,11,7.167610131579105,12.66975521676533,2.364746911731512,88.97575870219822,operational,operational,2024-185P,2025-233B,False
2026-08-14 00:00:00+00:00,QQ_diff_launch,61568,66043,1,4.6542344213446905,4.6542344213446905,1.8499517832529921,88.97680079335571,stranded,drift,2024-185S,2025-233L,False
2026-08-14 00:00:00+00:00,QQ_diff_launch,61569,62239,1,8.796478114971016,8.796478114971016,4.8621093959590445,88.92589937826777,stranded,operational,2024-185T,2024-232C,False
2026-08-14 00:00:00+00:00,QQ_diff_launch,61569,66036,1,15.772484146215136,15.772484146215136,2.325084524864627,88.97353553883708,stranded,operational,2024-185T,2025-233D,False
2026-08-14 00:00:00+00:00,QQ_diff_launch,61569,69076,1,15.660851063134805,15.660851063134805,9.387120495120337,88.64621954611093,stranded,operational,2024-185T,2026-104D,False
2026-08-14 00:00:00+00:00,QQ_diff_launch,61569,69104,1,19.516866005263495,19.516866005263495,4.914900965354978,88.94682712227983,stranded,operational,2024-185T,2026-108A,False
2026-08-14 00:00:00+00:00,QQ_diff_launch,62239,69383,1,16.02503949466972,16.02503949466972,2.654165391838143,88.99265165818728,operational,operational,2024-232C,2026-124B,False
2026-08-14 00:00:00+00:00,QQ_diff_launch,62242,69413,1,19.625657204420353,19.625657204420353,11.4044663694205,88.39562900343948,operational,ascent,2024-232F,2026-125N,False
2026-08-14 00:00:00+00:00,QQ_diff_launch,62250,69412,1,16.220025588916066,16.220025588916066,11.394063466431263,88.40792574235613,operational,operational,2024-232P,2026-125M,False
2026-08-14 00:00:00+00:00,QQ_diff_launch,62255,63173,1,11.733169287051386,11.733169287051386,9.551168952815708,88.65236794878966,operational,operational,2024-232U,2025-046Q,False
2026-08-14 00:00:00+00:00,QQ_diff_launch,62255,69116,1,5.723102193449704,5.723102193449704,0.024269206671952023,86.14988512186687,operational,operational,2024-232U,2026-108N,False
2026-08-14 00:00:00+00:00,QQ_diff_launch,62785,68645,14,2.699549293139778,3.132624641121703,12.816213748129154,87.89114038826223,operational,operational,2025-016A,2026-075K,True
2026-08-14 00:00:00+00:00,QQ_diff_launch,62786,68653,14,18.758554521141654,18.898520897964044,12.80444723900554,88.00388452239831,operational,operational,2025-016B,2026-075T,True
2026-08-14 00:00:00+00:00,QQ_diff_launch,62787,68646,27,10.711362613281372,12.003430380209206,12.848607944298154,87.78540362020934,operational,operational,2025-016C,2026-075L,True
2026-08-14 00:00:00+00:00,QQ_diff_launch,62787,69407,1,14.332894407575587,14.332894407575587,14.452305919523818,82.57343996171312,operational,operational,2025-016C,2026-125G,False
2026-08-14 00:00:00+00:00,QQ_diff_launch,62789,69410,4,8.17560660745163,15.346605380879247,14.463887566280487,82.85060443059287,operational,operational,2025-016E,2026-125K,False
2026-08-14 00:00:00+00:00,QQ_diff_launch,62790,69416,2,14.506698686837435,15.157149416654104,14.44736354557956,82.83713580086422,operational,operational,2025-016F,2026-125R,False
2026-08-14 00:00:00+00:00,QQ_diff_launch,62791,68641,13,5.63408132538643,5.8896251920915415,12.825402802407355,87.91071238574682,operational,operational,2025-016G,2026-075F,False
2026-08-14 00:00:00+00:00,QQ_diff_launch,62791,69406,1,19.735036544558394,19.735036544558394,14.450744133771243,82.45043675534112,operational,excursion,2025-016G,2026-125F,False
2026-08-14 00:00:00+00:00,QQ_diff_launch,62791,69408,2,8.561527894472997,13.01563288672817,14.45462321784758,82.91492453136975,operational,operational,2025-016G,2026-125H,False
2026-08-14 00:00:00+00:00,QQ_diff_launch,62793,69412,7,3.390623507100216,14.283912055769624,14.451957354359468,82.81223277069209,operational,operational,2025-016J,2026-125M,False
2026-08-14 00:00:00+00:00,QQ_diff_launch,62796,69418,1,10.025549597653836,10.025549597653836,14.449195773239957,82.87344872527687,operational,operational,2025-016M,2026-125T,False
2026-08-14 00:00:00+00:00,QQ_diff_launch,62797,68647,14,16.361283402975914,16.362589494770507,12.806943914116774,87.98766641255176,operational,operational,2025-016N,2026-075M,True
2026-08-14 00:00:00+00:00,QQ_diff_launch,62797,69409,1,13.26341490493245,13.26341490493245,14.446427480741225,82.83194272334397,operational,operational,2025-016N,2026-125J,False
2026-08-14 00:00:00+00:00,QQ_diff_launch,62797,69413,2,7.879191714141511,12.71186027528081,14.44939221446231,82.70179841632756,operational,ascent,2025-016N,2026-125N,False
2026-08-14 00:00:00+00:00,QQ_diff_launch,62800,69397,1,11.071511532814116,11.071511532814116,9.598977153817668,88.64480313672603,operational,operational,2025-016R,2026-124R,False
2026-08-14 00:00:00+00:00,QQ_diff_launch,62800,69403,9,5.350063580325386,13.03068606048501,14.456913883000096,82.6838196802901,operational,ascent,2025-016R,2026-125C,False
2026-08-14 00:00:00+00:00,QQ_diff_launch,62800,69411,6,8.796921818415182,13.301747507539519,14.474113263876127,82.88429156164499,operational,drift,2025-016R,2026-125L,False
2026-08-14 00:00:00+00:00,QQ_diff_launch,62801,69414,2,11.755873414059884,14.465022200135241,14.491288666927865,82.77967939312329,operational,excursion,2025-016S,2026-125P,False
2026-08-14 00:00:00+00:00,QQ_diff_launch,62802,68636,13,10.49663848651029,11.716915915037816,12.804193062338006,87.95308873727704,operational,operational,2025-016T,2026-075A,False
2026-08-14 00:00:00+00:00,QQ_diff_launch,62802,69384,1,14.25404064052539,14.25404064052539,9.564194711537372,88.63627848161266,operational,operational,2025-016T,2026-124C,False
2026-08-14 00:00:00+00:00,QQ_diff_launch,62802,69401,12,2.0362568950809865,12.604659179005207,14.466444460100293,82.66885850763498,operational,operational,2025-016T,2026-125A,False
2026-08-14 00:00:00+00:00,QQ_diff_launch,63161,69401,1,9.090727538827512,9.090727538827512,2.614703905550377,88.95738717280497,operational,operational,2025-046C,2026-125A,False
2026-08-14 00:00:00+00:00,QQ_diff_launch,63164,69405,1,18.196082072709572,18.196082072709572,2.6074589513256896,88.95734434869537,operational,drift,2025-046F,2026-125E,False
2026-08-14 00:00:00+00:00,QQ_diff_launch,63166,69382,1,5.016687050730978,5.016687050730978,7.4709594487645425,88.81514016029894,operational,operational,2025-046H,2026-124A,False
2026-08-14 00:00:00+00:00,QQ_diff_launch,63166,69386,1,7.3573185747672705,7.3573185747672705,7.44129444191336,88.81272433238311,operational,operational,2025-046H,2026-124E,False
2026-08-14 00:00:00+00:00,QQ_diff_launch,63167,69403,1,16.201909707255354,16.201909707255354,2.598860416161608,88.95517199547912,operational,ascent,2025-046J,2026-125C,False
2026-08-14 00:00:00+00:00,QQ_diff_launch,63168,69410,1,15.35450328138137,15.35450328138137,2.5870358824185953,88.96698791546594,operational,operational,2025-046K,2026-125K,False
2026-08-14 00:00:00+00:00,QQ_diff_launch,63172,69416,1,12.274090292046223,12.274090292046223,2.5750529382343283,88.9611792677541,operational,operational,2025-046P,2026-125R,False
2026-08-14 00:00:00+00:00,QQ_diff_launch,63173,69407,1,18.815851312223685,18.815851312223685,2.584440235491938,88.95322823033636,operational,operational,2025-046Q,2026-125G,False
2026-08-14 00:00:00+00:00,QQ_diff_launch,66033,69397,1,19.95501888359504,19.95501888359504,5.182284446217922,88.93300263766623,operational,operational,2025-233A,2026-124R,False
2026-08-14 00:00:00+00:00,QQ_diff_launch,66034,69401,5,6.291120298658097,11.922345526962726,12.838543263422519,87.8508558463322,operational,operational,2025-233B,2026-125A,False
2026-08-14 00:00:00+00:00,QQ_diff_launch,66039,69406,1,19.10885101427658,19.10885101427658,12.837165962822258,87.93141015257406,operational,excursion,2025-233G,2026-125F,False
2026-08-14 00:00:00+00:00,QQ_diff_launch,66040,69410,1,9.591150125613487,9.591150125613487,12.824730435755853,87.93229577561382,operational,operational,2025-233H,2026-125K,False
2026-08-14 00:00:00+00:00,QQ_diff_launch,66044,69413,1,10.612687898301774,10.612687898301774,12.838179560136522,87.85214064038728,operational,ascent,2025-233M,2026-125N,False
2026-08-14 00:00:00+00:00,QQ_diff_launch,66045,69412,2,12.123552790927096,13.265059360803066,12.857935591502592,87.91214615290545,operational,operational,2025-233N,2026-125M,False
2026-08-14 00:00:00+00:00,QQ_diff_launch,66047,69416,2,12.259626842756305,15.589308872321451,12.839966658814777,87.89186201731435,operational,operational,2025-233Q,2026-125R,False
2026-08-14 00:00:00+00:00,QQ_diff_launch,66048,69392,2,17.855567818291505,18.071865602298637,5.183736245679179,88.90634612968748,operational,operational,2025-233R,2026-124L,False
2026-08-14 00:00:00+00:00,QQ_diff_launch,66049,69396,2,11.35772372908939,13.166955640312189,5.193184323276647,88.94557506852743,operational,operational,2025-233S,2026-124Q,False
2026-08-14 00:00:00+00:00,QQ_diff_launch,66050,69403,2,2.9831543409719865,6.649877563263104,12.863281730352087,87.90223643180968,operational,ascent,2025-233T,2026-125C,False
2026-08-14 00:00:00+00:00,QQ_diff_launch,66050,69411,2,10.091003949523882,10.500064301672115,12.86233024097111,87.90040234624604,operational,drift,2025-233T,2026-125L,False
2026-08-14 00:00:00+00:00,QQ_diff_launch,68637,69386,1,16.59792035680552,16.59792035680552,5.0698089440759,88.935113169685,operational,operational,2026-075B,2026-124E,False
2026-08-14 00:00:00+00:00,QQ_diff_launch,68638,69395,2,15.15019243821217,16.13066840883959,5.075110690518635,88.92675962831609,operational,operational,2026-075C,2026-124P,False
2026-08-14 00:00:00+00:00,QQ_diff_launch,68644,69105,1,6.751467429182539,6.751467429182539,7.41322559178322,88.82768152000698,operational,excursion,2026-075J,2026-108B,False
2026-08-14 00:00:00+00:00,QQ_diff_launch,68646,69116,3,16.738130152192934,17.659093020853216,7.421505350128189,88.83798420322174,operational,operational,2026-075L,2026-108N,False
2026-08-14 00:00:00+00:00,QQ_diff_launch,68648,69397,1,18.33930784913842,18.33930784913842,5.068184473665913,88.90722288788814,operational,operational,2026-075N,2026-124R,False
2026-08-14 00:00:00+00:00,QQ_diff_launch,68651,69417,1,17.33610565109689,17.33610565109689,5.128021867946494,88.94524115593866,operational,drift,2026-075R,2026-125S,False
2026-08-14 00:00:00+00:00,QQ_diff_launch,69075,69398,2,9.946846979524315,14.691176763056301,2.573861111967688,88.98761257361542,operational,operational,2026-104C,2026-124S,False
2026-08-14 00:00:00+00:00,QQ_diff_launch,69081,69389,2,10.420736131254005,14.940925112981631,2.5599954336159865,88.98556693135063,operational,operational,2026-104J,2026-124H,False
2026-08-14 00:00:00+00:00,QQ_diff_launch,69084,69117,1,3.233276854331154,3.233276854331154,5.06965826252559,88.9372649974132,operational,operational,2026-104M,2026-108P,False
2026-08-14 00:00:00+00:00,QQ_diff_launch,69084,69417,1,12.528566029373412,12.528566029373412,7.469907200147918,88.83911112887593,operational,drift,2026-104M,2026-125S,False
2026-08-14 00:00:00+00:00,QQ_diff_launch,69085,69110,27,5.945653891106358,7.909390390956211,5.07597987072186,88.94552147530183,operational,operational,2026-104N,2026-108G,True
2026-08-14 00:00:00+00:00,QQ_diff_launch,69087,69121,1,9.180082051748167,9.180082051748167,5.072179807745461,88.92212831544865,operational,operational,2026-104Q,2026-108T,False
2026-08-14 00:00:00+00:00,QQ_diff_launch,69090,69107,27,4.209904203197232,5.907453050983205,5.077676832845307,88.92760402563444,operational,operational,2026-104T,2026-108D,True
2026-08-14 00:00:00+00:00,QQ_diff_launch,69113,69389,2,13.148663745720361,14.796999851055666,2.601663240492958,88.98862164033206,operational,operational,2026-108K,2026-124H,False
2026-08-14 00:00:00+00:00,QQ_diff_launch,69114,69407,2,9.102475373210838,14.346882135113908,11.363252619058251,88.40263752415075,operational,operational,2026-108L,2026-125G,False
2026-08-14 00:00:00+00:00,QQ_diff_launch,69117,69391,1,7.21895399003152,7.21895399003152,2.5970320981463444,88.98516313403289,operational,operational,2026-108P,2026-124K,False
2026-08-14 00:00:00+00:00,QQ_diff_launch,69326,69396,1,11.185331803548294,11.185331803548294,7.42128159916832,88.85308307642072,operational,operational,2026-121B,2026-124Q,False
2026-08-14 00:00:00+00:00,QQ_diff_launch,69326,69414,2,14.186073446403,16.369365422462906,2.6204493174390184,88.98164753063213,operational,excursion,2026-121B,2026-125P,False
2026-08-14 00:00:00+00:00,QQ_diff_launch,69384,69415,1,17.561158971025872,17.561158971025872,9.543074292826931,88.65850066501305,operational,drift,2026-124C,2026-125Q,False
2026-08-14 00:00:00+00:00,QQ_diff_launch,69391,69417,4,9.007615862751255,15.251155787871397,9.55696029475278,88.66125040578754,operational,drift,2026-124K,2026-125S,False
2026-08-14 00:00:00+00:00,QQ_same_launch,69388,69391,1,17.532297680528846,17.532297680528846,0.00945665999226704,87.39888555178787,drift,operational,2026-124G,2026-124K,False
2026-08-14 00:00:00+00:00,QQ_same_launch,69406,69408,1,4.006045625965202,4.006045625965202,0.000329076300537537,54.01500129303118,excursion,operational,2026-125F,2026-125H,False
2026-08-14 00:00:00+00:00,QQ_same_launch,69803,69807,1,9.873472572456304,9.873472572456304,0.005404390958628725,22.590078896341375,drift,drift,2026-153D,2026-153H,False
2026-08-14 00:00:00+00:00,QQ_same_launch,69805,69814,1,19.83768685409025,19.83768685409025,0.009857743102209167,16.697333998375797,drift,drift,2026-153F,2026-153Q,False
2026-08-14 00:00:00+00:00,QQ_same_launch,69854,69867,1,19.544491807807198,19.544491807807198,0.009810681411210631,39.82351664342159,ascent,ascent,2026-155G,2026-155V,False
2026-08-14 00:00:00+00:00,QQ_same_launch,69859,69861,1,17.57219019455299,17.57219019455299,0.007284156045315287,43.43973132889524,ascent,ascent,2026-155M,2026-155P,False
2026-08-17 00:00:00+00:00,QQ_diff_launch,60379,69392,2,8.272268676691926,12.976958486066936,9.57171671394169,88.65836009248383,operational,operational,2024-140A,2026-124L,False
2026-08-17 00:00:00+00:00,QQ_diff_launch,60380,68638,14,3.156724129958865,3.648943387658115,5.16884371418098,88.90402018602545,operational,operational,2024-140B,2026-075C,True
2026-08-17 00:00:00+00:00,QQ_diff_launch,60380,69383,13,11.577244581738412,13.22345392490336,9.58666626026446,88.69842063914271,operational,operational,2024-140B,2026-124B,False
2026-08-17 00:00:00+00:00,QQ_diff_launch,60381,61564,1,19.479348847607408,19.479348847607408,13.786456046821517,86.89294654239043,operational,stranded,2024-140C,2024-185N,False
2026-08-17 00:00:00+00:00,QQ_diff_launch,60381,68640,14,8.107748836827717,8.545056960858954,5.145314800651301,88.91787733456727,operational,operational,2024-140C,2026-075E,True
2026-08-17 00:00:00+00:00,QQ_diff_launch,60383,68643,14,6.919308288339762,7.011767851275955,5.14064017457981,88.90571726734854,operational,operational,2024-140E,2026-075H,True
2026-08-17 00:00:00+00:00,QQ_diff_launch,60383,69398,1,18.59010402774729,18.59010402774729,9.576664640396029,88.6413905972393,operational,operational,2024-140E,2026-124S,False
2026-08-17 00:00:00+00:00,QQ_diff_launch,60384,68645,14,19.15314377132842,19.424443971633654,5.175816458900945,88.88093630756444,operational,operational,2024-140F,2026-075K,True
2026-08-17 00:00:00+00:00,QQ_diff_launch,60386,68652,13,8.159858424419031,8.227929732802925,5.135156619660909,88.90073752831722,operational,operational,2024-140H,2026-075S,False
2026-08-17 00:00:00+00:00,QQ_diff_launch,60387,69399,1,13.585827487628102,13.585827487628102,9.573390769405258,88.63465367240754,operational,operational,2024-140J,2026-124T,False
2026-08-17 00:00:00+00:00,QQ_diff_launch,60390,68650,13,5.42397929730044,5.478326143826015,5.1436846039042585,88.91070729976276,operational,operational,2024-140M,2026-075Q,False
2026-08-17 00:00:00+00:00,QQ_diff_launch,60390,69405,1,17.276413404984037,17.276413404984037,0.035231529411696036,60.42307056599138,operational,ascent,2024-140M,2026-125E,False
2026-08-17 00:00:00+00:00,QQ_diff_launch,60391,68653,14,5.582221796920958,5.603345992160561,5.122750280650204,88.92533822794584,operational,operational,2024-140N,2026-075T,True
2026-08-17 00:00:00+00:00,QQ_diff_launch,60391,69401,1,18.640162334229142,18.640162334229142,0.019861442057091644,6.28171473813847,operational,operational,2024-140N,2026-125A,False
2026-08-17 00:00:00+00:00,QQ_diff_launch,60392,68644,14,13.332758121264437,14.65894272227041,5.1399657550467115,88.88988282602804,operational,operational,2024-140P,2026-075J,True
2026-08-17 00:00:00+00:00,QQ_diff_launch,60392,69389,13,4.219645724887192,4.9345152813208015,9.584358112450683,88.66132910693885,operational,operational,2024-140P,2026-124H,False
2026-08-17 00:00:00+00:00,QQ_diff_launch,60393,69390,1,18.651926068324347,18.651926068324347,9.564164555428592,88.62962558049858,operational,operational,2024-140Q,2026-124J,False
2026-08-17 00:00:00+00:00,QQ_diff_launch,60394,68641,13,7.971249365879308,8.01300222112981,5.133336487307495,88.91639855840322,operational,operational,2024-140R,2026-075F,False
2026-08-17 00:00:00+00:00,QQ_diff_launch,60394,69408,2,17.624329202198027,18.235464499038585,0.019378462595831095,57.14873760473697,operational,operational,2024-140R,2026-125H,False
2026-08-17 00:00:00+00:00,QQ_diff_launch,60395,68637,13,8.166296139634309,9.620511594649019,5.12721745780565,88.9000137402269,operational,operational,2024-140S,2026-075B,False
2026-08-17 00:00:00+00:00,QQ_diff_launch,60396,68648,14,3.986173180126171,4.188765811024149,5.181048660568884,88.90426535127334,operational,operational,2024-140T,2026-075N,True
2026-08-17 00:00:00+00:00,QQ_diff_launch,61561,69864,1,19.03818434248754,19.03818434248754,1.2022720335491501,88.98058355055433,stranded,drift,2024-185K,2026-155S,False
2026-08-17 00:00:00+00:00,QQ_diff_launch,61563,69081,2,2.99820864372262,5.774128512091969,9.404624746032713,88.66283234935514,operational,operational,2024-185M,2026-104J,False
2026-08-17 00:00:00+00:00,QQ_diff_launch,61563,69113,2,10.079344027223481,11.850954146805332,4.927224483266423,88.91855499289314,operational,operational,2024-185M,2026-108K,False
2026-08-17 00:00:00+00:00,QQ_diff_launch,61565,69382,1,12.502745306871931,12.502745306871931,7.303159394905698,88.81012802580551,operational,operational,2024-185P,2026-124A,False
2026-08-17 00:00:00+00:00,QQ_diff_launch,61566,69860,1,7.632167338561888,7.632167338561888,0.7787040012075791,88.97047650510346,drift,ascent,2024-185Q,2026-155N,False
2026-08-17 00:00:00+00:00,QQ_diff_launch,61567,69808,1,18.88412324182105,18.88412324182105,6.84965052754757,88.86358281040232,stranded,drift,2024-185R,2026-153J,False
2026-08-17 00:00:00+00:00,QQ_diff_launch,61569,69088,1,16.968182113585808,16.968182113585808,9.392860639946914,88.70491952290801,stranded,operational,2024-185T,2026-104R,False
2026-08-17 00:00:00+00:00,QQ_diff_launch,62239,63162,13,17.82200718958467,18.506846511246007,9.571040134918361,88.6123273457339,operational,operational,2024-232C,2025-046D,False
2026-08-17 00:00:00+00:00,QQ_diff_launch,62239,69394,1,1.6190090873307335,1.6190090873307335,2.6597323604092344,88.98944291922503,operational,operational,2024-232C,2026-124N,False
2026-08-17 00:00:00+00:00,QQ_diff_launch,62245,69105,2,9.264954511728114,14.22820530396661,0.06290839443490578,84.45935792935668,operational,operational,2024-232J,2026-108B,False
2026-08-17 00:00:00+00:00,QQ_diff_launch,62254,69414,1,17.530533586034117,17.530533586034117,11.392932833315633,88.39649363759882,operational,operational,2024-232T,2026-125P,False
2026-08-17 00:00:00+00:00,QQ_diff_launch,62255,63173,27,8.609710689069342,18.890385011634574,9.557787402823118,88.60333933782425,operational,operational,2024-232U,2025-046Q,True
2026-08-17 00:00:00+00:00,QQ_diff_launch,62255,69387,3,7.730990286241261,9.970408291865084,2.609813990370853,88.98266247219426,operational,operational,2024-232U,2026-124F,False
2026-08-17 00:00:00+00:00,QQ_diff_launch,62785,68645,13,6.066800775048013,6.600635075555549,12.817446950032362,87.91454716503361,operational,operational,2025-016A,2026-075K,False
2026-08-17 00:00:00+00:00,QQ_diff_launch,62786,68653,13,19.71978278610131,19.851216316846767,12.805502327916537,88.00979269969346,operational,operational,2025-016B,2026-075T,False
2026-08-17 00:00:00+00:00,QQ_diff_launch,62787,68646,27,6.237192774452993,7.537184513924466,12.81628967184848,87.81662378282655,operational,operational,2025-016C,2026-075L,True
2026-08-17 00:00:00+00:00,QQ_diff_launch,62787,69407,2,11.566589884826156,12.908828398728954,14.466543952025976,83.00908052797347,operational,operational,2025-016C,2026-125G,False
2026-08-17 00:00:00+00:00,QQ_diff_launch,62788,69415,6,10.269645067582024,16.184795870536554,14.462802666321608,82.80202513220077,operational,operational,2025-016D,2026-125Q,False
2026-08-17 00:00:00+00:00,QQ_diff_launch,62789,69405,1,17.911274426680574,17.911274426680574,14.491074839728087,82.88748016304397,operational,ascent,2025-016E,2026-125E,False
2026-08-17 00:00:00+00:00,QQ_diff_launch,62789,69410,27,7.258224236968681,7.712496104331913,14.452909767482128,83.07754823170323,operational,operational,2025-016E,2026-125K,True
2026-08-17 00:00:00+00:00,QQ_diff_launch,62790,69416,27,3.56019534816087,7.085002993159358,14.482737112815276,83.06667928303463,operational,operational,2025-016F,2026-125R,True
2026-08-17 00:00:00+00:00,QQ_diff_launch,62791,68641,14,7.523598968668327,7.818961707309882,12.82646868938511,87.92169036836003,operational,operational,2025-016G,2026-075F,True
2026-08-17 00:00:00+00:00,QQ_diff_launch,62792,69389,27,0.4961526230592799,5.9019379888505,9.579965036522996,88.66509062521456,operational,operational,2025-016H,2026-124H,True
2026-08-17 00:00:00+00:00,QQ_diff_launch,62792,69402,12,6.1799700840631475,10.267661838161102,14.468344699857392,83.1434644295494,operational,operational,2025-016H,2026-125B,False
2026-08-17 00:00:00+00:00,QQ_diff_launch,62793,69412,27,7.619460191011945,10.037119674084696,14.481923629820637,83.14401042451054,operational,operational,2025-016J,2026-125M,True
2026-08-17 00:00:00+00:00,QQ_diff_launch,62796,69399,1,10.932804408906055,10.932804408906055,9.57064219365465,88.63050875102451,operational,operational,2025-016M,2026-124T,False
2026-08-17 00:00:00+00:00,QQ_diff_launch,62796,69418,27,7.71871785633878,7.815479853448119,14.455800007732513,83.10799583403151,operational,operational,2025-016M,2026-125T,True
2026-08-17 00:00:00+00:00,QQ_diff_launch,62797,68647,13,16.45083266475021,16.46132103196027,12.807951609063839,87.98720519297422,operational,operational,2025-016N,2026-075M,False
2026-08-17 00:00:00+00:00,QQ_diff_launch,62797,69409,3,9.86292688358463,16.63673608047864,14.449841189253934,83.0359453663817,operational,operational,2025-016N,2026-125J,False
2026-08-17 00:00:00+00:00,QQ_diff_launch,62800,69397,1,19.40201319389646,19.40201319389646,9.579165210240408,88.66161128692417,operational,operational,2025-016R,2026-124R,False
2026-08-17 00:00:00+00:00,QQ_diff_launch,62801,69414,2,10.319369357006927,14.224615795477398,14.451195922029973,82.99777392234745,operational,operational,2025-016S,2026-125P,False
2026-08-17 00:00:00+00:00,QQ_diff_launch,62802,68636,14,2.3694436200598274,3.617714613057273,12.805535744332479,87.89795456785583,operational,operational,2025-016T,2026-075A,True
2026-08-17 00:00:00+00:00,QQ_diff_launch,62802,69384,14,10.524755181895749,11.586000069959393,9.568379904654659,88.61694077766603,operational,operational,2025-016T,2026-124C,True
2026-08-17 00:00:00+00:00,QQ_diff_launch,63162,69394,3,8.045792794534306,11.479338399754809,7.403226869671603,88.80570429886208,operational,operational,2025-046D,2026-124N,False
2026-08-17 00:00:00+00:00,QQ_diff_launch,63165,69397,1,17.257395491921177,17.257395491921177,7.399478678843966,88.80423017005018,operational,operational,2025-046G,2026-124R,False
2026-08-17 00:00:00+00:00,QQ_diff_launch,63166,69385,1,19.587682623902698,19.587682623902698,7.440495149779591,88.78469557425349,operational,operational,2025-046H,2026-124D,False
2026-08-17 00:00:00+00:00,QQ_diff_launch,63170,69117,1,19.710588123926705,19.710588123926705,9.521416881290182,88.72212118912373,operational,operational,2025-046M,2026-108P,False
2026-08-17 00:00:00+00:00,QQ_diff_launch,63173,69387,6,5.324143601177484,10.576200539346917,7.4325374482277855,88.83084365040284,operational,operational,2025-046Q,2026-124F,False
2026-08-17 00:00:00+00:00,QQ_diff_launch,63173,69390,1,8.385124553479827,8.385124553479827,7.43067715020747,88.80396066839013,operational,operational,2025-046Q,2026-124J,False
2026-08-17 00:00:00+00:00,QQ_diff_launch,63175,69404,1,10.004512416547039,10.004512416547039,2.611404343238407,88.963615377985,operational,excursion,2025-046S,2026-125D,False
2026-08-17 00:00:00+00:00,QQ_diff_launch,66034,69382,1,11.202014470817083,11.202014470817083,5.171898031517923,88.92910306850682,operational,operational,2025-233B,2026-124A,False
2026-08-17 00:00:00+00:00,QQ_diff_launch,66035,69404,1,19.11399775355128,19.11399775355128,12.881475591487687,87.89499045672372,operational,excursion,2025-233C,2026-125D,False
2026-08-17 00:00:00+00:00,QQ_diff_launch,66036,69415,1,19.573916046451885,19.573916046451885,12.838847169848854,87.76173233823461,operational,operational,2025-233D,2026-125Q,False
2026-08-17 00:00:00+00:00,QQ_diff_launch,66038,69116,1,11.370336652705069,11.370336652705069,2.6861709099614974,88.98436152097128,operational,operational,2025-233F,2026-108N,False
2026-08-17 00:00:00+00:00,QQ_diff_launch,68642,69392,1,14.180329843239136,14.180329843239136,5.079793350786143,88.93934133580039,operational,operational,2026-075G,2026-124L,False
2026-08-17 00:00:00+00:00,QQ_diff_launch,68645,69393,1,19.220368068240802,19.220368068240802,5.086029135108895,88.93322381007889,operational,operational,2026-075K,2026-124M,False
2026-08-17 00:00:00+00:00,QQ_diff_launch,68649,69411,1,15.718122848870738,15.718122848870738,5.10804995072002,88.93956009376323,operational,operational,2026-075P,2026-125L,False
2026-08-17 00:00:00+00:00,QQ_diff_launch,68650,69405,1,19.130529793928083,19.130529793928083,5.121241491651075,88.92398559700823,operational,ascent,2026-075Q,2026-125E,False
2026-08-17 00:00:00+00:00,QQ_diff_launch,68653,69401,1,0.5734211408264044,0.5734211408264044,5.104119791160892,88.91968149533854,operational,operational,2026-075T,2026-125A,False
2026-08-17 00:00:00+00:00,QQ_diff_launch,69074,69385,1,17.083510427902375,17.083510427902375,2.564344289515695,88.98326133934661,operational,operational,2026-104B,2026-124D,False
2026-08-17 00:00:00+00:00,QQ_diff_launch,69077,69406,1,4.417982754729562,4.417982754729562,7.457633063077099,88.83644441165765,operational,operational,2026-104E,2026-125F,False
2026-08-17 00:00:00+00:00,QQ_diff_launch,69077,69408,1,19.553053039214873,19.553053039214873,7.470133989192081,88.82877659278469,operational,operational,2026-104E,2026-125H,False
2026-08-17 00:00:00+00:00,QQ_diff_launch,69080,69413,3,4.738202729171555,11.784641979406668,7.478167443851378,88.8384573424239,operational,drift,2026-104H,2026-125N,False
2026-08-17 00:00:00+00:00,QQ_diff_launch,69085,69110,27,5.087225398442082,6.360894362935538,5.08878020982881,88.94391731402426,operational,operational,2026-104N,2026-108G,True
2026-08-17 00:00:00+00:00,QQ_diff_launch,69089,69119,27,14.370067834110603,16.84848187792753,5.090950348533874,88.91238814674722,operational,operational,2026-104S,2026-108R,True
2026-08-17 00:00:00+00:00,QQ_diff_launch,69090,69107,27,11.802794705899531,13.719471200304174,5.090286591792572,88.91653971341144,operational,operational,2026-104T,2026-108D,True
2026-08-17 00:00:00+00:00,QQ_diff_launch,69104,69415,1,6.461940189184936,6.461940189184936,11.385458431977973,88.38343538081858,operational,operational,2026-108A,2026-125Q,False
2026-08-17 00:00:00+00:00,QQ_diff_launch,69111,69406,3,0.6921771826175023,12.619189312150535,11.380045162920208,88.41418077973317,operational,operational,2026-108H,2026-125F,False
2026-08-17 00:00:00+00:00,QQ_diff_launch,69118,69413,4,5.675136364112334,11.046602111603232,11.36819083071326,88.4432821464648,operational,drift,2026-108Q,2026-125N,False
2026-08-17 00:00:00+00:00,QQ_diff_launch,69119,69411,1,16.528136700051945,16.528136700051945,11.353331812961946,88.45297838644213,operational,operational,2026-108R,2026-125L,False
2026-08-17 00:00:00+00:00,QQ_diff_launch,69325,69402,1,10.030629414443434,10.030629414443434,2.612062760954882,88.98862341854564,operational,operational,2026-121A,2026-125B,False
2026-08-17 00:00:00+00:00,QQ_diff_launch,69391,69409,1,18.509414496649736,18.509414496649736,9.552984960026981,88.6467420474634,operational,operational,2026-124K,2026-125J,False
2026-08-17 00:00:00+00:00,QQ_same_launch,69385,69386,1,14.501772550067614,14.501772550067614,0.00835497811611243,62.440075346356274,operational,operational,2026-124D,2026-124E,False
2026-08-17 00:00:00+00:00,QQ_same_launch,69409,69413,1,13.786633644573344,13.786633644573344,0.0015559795096554269,14.628737727130096,operational,drift,2026-125J,2026-125N,False
2026-08-17 00:00:00+00:00,QQ_same_launch,69802,69813,1,19.631099685046884,19.631099685046884,0.0106274597802972,38.98681480155279,drift,drift,2026-153C,2026-153P,False
2026-08-17 00:00:00+00:00,QQ_same_launch,69807,69809,1,13.639689830443047,13.639689830443047,0.006979349259328063,43.64648534874338,drift,drift,2026-153H,2026-153K,False
2026-08-17 00:00:00+00:00,QQ_same_launch,69810,69812,1,6.589326488437654,6.589326488437654,0.0034587946155993318,19.848243254949843,drift,drift,2026-153L,2026-153N,False
2026-08-17 00:00:00+00:00,QQ_same_launch,69849,69856,1,12.945020131690908,12.945020131690908,0.005711429470191761,66.02308244179235,ascent,ascent,2026-155B,2026-155J,False
2026-08-17 00:00:00+00:00,QQ_same_launch,69852,69865,1,6.284741420164247,6.284741420164247,0.0038416910760758756,74.78313264707214,ascent,ascent,2026-155E,2026-155T,False
2026-08-17 00:00:00+00:00,QQ_same_launch,69855,69867,1,14.733930740131521,14.733930740131521,0.00965527466489592,73.37278306169968,ascent,ascent,2026-155H,2026-155V,False
2026-08-17 00:00:00+00:00,QQ_same_launch,69857,69859,3,2.718109548564481,6.4820764545533125,0.0046517664258838055,6.809560268492527,ascent,ascent,2026-155K,2026-155M,False
2026-08-17 00:00:00+00:00,QQ_same_launch,69857,69860,1,17.03416737585731,17.03416737585731,0.010361741036561631,26.87552922730697,ascent,ascent,2026-155K,2026-155N,False
2026-08-17 00:00:00+00:00,QQ_same_launch,69859,69860,1,11.708153033237485,11.708153033237485,0.008361141439735906,63.558778649708344,ascent,ascent,2026-155M,2026-155N,False
2026-08-17 00:00:00+00:00,QQ_same_launch,69861,69862,2,11.277974845717095,13.797969479163235,0.014830754176343204,14.901159002313742,ascent,ascent,2026-155P,2026-155Q,False
2026-08-20 00:00:00+00:00,QQ_diff_launch,60379,69392,13,6.7325541318495015,7.016502288967895,9.582912455746325,88.64798784004351,operational,operational,2024-140A,2026-124L,False
2026-08-20 00:00:00+00:00,QQ_diff_launch,60380,68638,13,5.698000748374105,6.759348493797659,5.170147849398693,88.89854110287847,operational,operational,2024-140B,2026-075C,False
2026-08-20 00:00:00+00:00,QQ_diff_launch,60380,69383,14,0.5259022778025859,2.4101833015405774,9.586806248319698,88.64883156613735,operational,operational,2024-140B,2026-124B,True
2026-08-20 00:00:00+00:00,QQ_diff_launch,60381,68640,13,11.663768856538947,12.314215276200011,5.145666298049774,88.92291144140744,operational,operational,2024-140C,2026-075E,False
2026-08-20 00:00:00+00:00,QQ_diff_launch,60381,69385,13,13.8715923331125,14.822560899707838,9.577092576738295,88.70194977621252,operational,operational,2024-140C,2026-124D,False
2026-08-20 00:00:00+00:00,QQ_diff_launch,60381,69402,1,16.423605265469774,16.423605265469774,0.043125387089479494,87.73174013145238,operational,operational,2024-140C,2026-125B,False
2026-08-20 00:00:00+00:00,QQ_diff_launch,60383,68643,13,13.657997952133055,15.246090979714824,5.140914321410472,88.88741733020858,operational,operational,2024-140E,2026-075H,False
2026-08-20 00:00:00+00:00,QQ_diff_launch,60383,69116,1,14.312224019652207,14.312224019652207,11.383456790218215,88.36398781063849,operational,operational,2024-140E,2026-108N,False
2026-08-20 00:00:00+00:00,QQ_diff_launch,60384,69395,2,6.15117326376874,7.650997593805099,9.595803780519185,88.65070869220615,operational,operational,2024-140F,2026-124P,False
2026-08-20 00:00:00+00:00,QQ_diff_launch,60386,68652,14,7.160373766934843,7.359357876875645,5.135266537280191,88.90040251162861,operational,operational,2024-140H,2026-075S,True
2026-08-20 00:00:00+00:00,QQ_diff_launch,60386,69396,3,5.05760987323644,9.651297583926468,9.57864230622116,88.66227244294369,operational,operational,2024-140H,2026-124Q,False
2026-08-20 00:00:00+00:00,QQ_diff_launch,60387,69403,1,19.198484766299167,19.198484766299167,0.019627286795747798,33.73599645430754,operational,operational,2024-140J,2026-125C,False
2026-08-20 00:00:00+00:00,QQ_diff_launch,60388,68647,13,13.232361145614297,14.672039106242158,5.2139279931172355,88.88719270382684,operational,operational,2024-140K,2026-075M,False
2026-08-20 00:00:00+00:00,QQ_diff_launch,60389,69404,1,19.25083869655905,19.25083869655905,0.06196015263352407,74.88196834384688,operational,operational,2024-140L,2026-125D,False
2026-08-20 00:00:00+00:00,QQ_diff_launch,60390,68650,14,10.542298667942994,11.932701237432394,5.144935154671702,88.92243614859673,operational,operational,2024-140M,2026-075Q,True
2026-08-20 00:00:00+00:00,QQ_diff_launch,60391,68653,13,7.206743311532654,7.776253333081014,5.123053722571755,88.93290969836237,operational,operational,2024-140N,2026-075T,False
2026-08-20 00:00:00+00:00,QQ_diff_launch,60391,69382,14,1.489224948175624,7.749099642440746,9.557530381147643,88.65077332600849,operational,operational,2024-140N,2026-124A,True
2026-08-20 00:00:00+00:00,QQ_diff_launch,60392,68644,12,18.180654900256293,19.08135622894435,5.149592752854414,88.92971905082268,operational,operational,2024-140P,2026-075J,False
2026-08-20 00:00:00+00:00,QQ_diff_launch,60392,69389,14,17.08925149419925,17.171798331995973,9.58762588771936,88.60130950669229,operational,operational,2024-140P,2026-124H,True
2026-08-20 00:00:00+00:00,QQ_diff_launch,60394,68641,14,7.956655603067503,7.9810018733547405,5.134558642260819,88.91773490290245,operational,operational,2024-140R,2026-075F,True
2026-08-20 00:00:00+00:00,QQ_diff_launch,60395,68637,14,4.671821798880202,5.459731487366618,5.128420701792043,88.91538849568255,operational,operational,2024-140S,2026-075B,True
2026-08-20 00:00:00+00:00,QQ_diff_launch,60395,69386,14,1.103806898325944,3.476549136170715,9.567574933278646,88.64906185540546,operational,operational,2024-140S,2026-124E,True
2026-08-20 00:00:00+00:00,QQ_diff_launch,60395,69405,1,17.86775922413064,17.86775922413064,0.038591669358603566,42.861382306146545,operational,ascent,2024-140S,2026-125E,False
2026-08-20 00:00:00+00:00,QQ_diff_launch,60396,68648,13,2.7751782344342866,2.921019583650048,5.182326131083237,88.90485774568582,operational,operational,2024-140T,2026-075N,False
2026-08-20 00:00:00+00:00,QQ_diff_launch,61556,69814,1,9.269696326244896,9.269696326244896,6.7397644750215635,88.85508503954098,stranded,drift,2024-185E,2026-153Q,False
2026-08-20 00:00:00+00:00,QQ_diff_launch,61560,69814,1,14.729104293738006,14.729104293738006,6.612140561730671,88.8571872799281,stranded,drift,2024-185J,2026-153Q,False
2026-08-20 00:00:00+00:00,QQ_diff_launch,61562,63175,5,15.188113069126475,17.21407125353113,12.776113778453526,87.78870508732645,operational,operational,2024-185L,2025-046S,False
2026-08-20 00:00:00+00:00,QQ_diff_launch,61563,62245,2,6.315137556270635,7.662816812981928,4.893444019760851,88.93340280512774,operational,operational,2024-185M,2024-232J,False
2026-08-20 00:00:00+00:00,QQ_diff_launch,61565,69404,1,14.666698632918228,14.666698632918228,13.831782545201943,87.07223707204912,operational,operational,2024-185P,2026-125D,False
2026-08-20 00:00:00+00:00,QQ_diff_launch,62239,63162,14,13.499039141966138,14.132615421028573,9.570657617662405,88.63171226551889,operational,operational,2024-232C,2025-046D,True
2026-08-20 00:00:00+00:00,QQ_diff_launch,62239,69401,2,9.880094167674676,11.591031739197362,11.403019844929998,88.39982719224435,operational,operational,2024-232C,2026-125A,False
2026-08-20 00:00:00+00:00,QQ_diff_launch,62245,69388,2,18.50693324304481,19.214883537150733,2.6375004555773485,88.97864162645581,operational,operational,2024-232J,2026-124G,False
2026-08-20 00:00:00+00:00,QQ_diff_launch,62248,69387,2,14.846810981824,15.529572908864102,2.6537618617230083,88.98906405533599,operational,operational,2024-232M,2026-124F,False
2026-08-20 00:00:00+00:00,QQ_diff_launch,62250,69413,4,4.453771216680811,12.292695341135806,11.407799994774798,88.37435887954825,operational,drift,2024-232P,2026-125N,False
2026-08-20 00:00:00+00:00,QQ_diff_launch,62252,69395,1,4.934537130393144,4.934537130393144,2.667093910825501,88.98458428501765,operational,operational,2024-232R,2026-124P,False
2026-08-20 00:00:00+00:00,QQ_diff_launch,62255,63173,14,12.397218875874138,13.201777844864033,9.5895691994603,88.62893705489043,operational,operational,2024-232U,2025-046Q,True
2026-08-20 00:00:00+00:00,QQ_diff_launch,62785,68645,14,6.291232291698255,7.209390014962882,12.818688370247969,87.91360355082506,operational,operational,2025-016A,2026-075K,True
2026-08-20 00:00:00+00:00,QQ_diff_launch,62785,69395,2,10.026581327841907,13.105657507954184,9.606499544141164,88.61244747280446,operational,operational,2025-016A,2026-124P,False
2026-08-20 00:00:00+00:00,QQ_diff_launch,62786,69415,1,10.543871127630842,10.543871127630842,14.45323490795122,82.75539315281192,operational,operational,2025-016B,2026-125Q,False
2026-08-20 00:00:00+00:00,QQ_diff_launch,62787,68646,27,2.1838446017267574,3.426509236245052,12.84785553462221,87.84521706240596,operational,operational,2025-016C,2026-075L,True
2026-08-20 00:00:00+00:00,QQ_diff_launch,62787,69407,1,16.603359424747214,16.603359424747214,14.447075348689362,82.89345003400399,operational,operational,2025-016C,2026-125G,False
2026-08-20 00:00:00+00:00,QQ_diff_launch,62789,69410,27,6.233879745945102,10.986862823209272,14.484272574419562,83.16210691039876,operational,operational,2025-016E,2026-125K,True
2026-08-20 00:00:00+00:00,QQ_diff_launch,62790,69416,27,5.84270964533543,6.502085801622638,14.4543575192997,83.03501989713679,operational,operational,2025-016F,2026-125R,True
2026-08-20 00:00:00+00:00,QQ_diff_launch,62791,68641,13,9.491763324369487,9.77123419211069,12.827492903407785,87.93167982085684,operational,operational,2025-016G,2026-075F,False
2026-08-20 00:00:00+00:00,QQ_diff_launch,62791,69405,1,13.842591149856341,13.842591149856341,14.489510931526455,82.89941469362056,operational,ascent,2025-016G,2026-125E,False
2026-08-20 00:00:00+00:00,QQ_diff_launch,62791,69408,1,16.21585829830101,16.21585829830101,14.480071511393113,82.64375590135107,operational,operational,2025-016G,2026-125H,False
2026-08-20 00:00:00+00:00,QQ_diff_launch,62792,69389,13,10.679784378270842,11.45231627352107,9.578683770102343,88.6204357300093,operational,operational,2025-016H,2026-124H,False
2026-08-20 00:00:00+00:00,QQ_diff_launch,62792,69406,27,3.9582808214184975,4.807268869816019,14.476344270872318,82.9429194705483,operational,operational,2025-016H,2026-125F,True
2026-08-20 00:00:00+00:00,QQ_diff_launch,62793,69412,27,5.83166225447585,5.910447578267108,14.453688458696957,83.0429438716627,operational,operational,2025-016J,2026-125M,True
2026-08-20 00:00:00+00:00,QQ_diff_launch,62794,68637,13,19.442215464696883,19.582190467275968,12.804589144443403,88.00791247651951,operational,operational,2025-016K,2026-075B,False
2026-08-20 00:00:00+00:00,QQ_diff_launch,62795,69385,19,10.164974782064238,11.613544829883466,9.56834491875909,88.62208332778695,operational,operational,2025-016L,2026-124D,True
2026-08-20 00:00:00+00:00,QQ_diff_launch,62796,69399,27,13.195924147830306,14.72713172667943,9.587069253865385,88.69549828394076,operational,operational,2025-016M,2026-124T,True
2026-08-20 00:00:00+00:00,QQ_diff_launch,62796,69418,27,9.433515200810293,14.287152113639388,14.481434340292285,83.27085681174724,operational,operational,2025-016M,2026-125T,True
2026-08-20 00:00:00+00:00,QQ_diff_launch,62797,68647,14,16.601773693276034,16.6203913581669,12.808923286347504,87.98593096426673,operational,operational,2025-016N,2026-075M,True
2026-08-20 00:00:00+00:00,QQ_diff_launch,62797,69409,27,0.9698615587520849,1.4688406466766188,14.456520869343489,82.92141433726442,operational,operational,2025-016N,2026-125J,True
2026-08-20 00:00:00+00:00,QQ_diff_launch,62798,69116,1,14.642067390124538,14.642067390124538,7.480022553455706,88.850992793074,operational,operational,2025-016P,2026-108N,False
2026-08-20 00:00:00+00:00,QQ_diff_launch,62799,69393,11,17.16610554302074,18.458113216896347,9.577477608912922,88.5938408020072,operational,operational,2025-016Q,2026-124M,False
2026-08-20 00:00:00+00:00,QQ_diff_launch,62799,69411,27,11.025026867075539,13.997910422646598,14.459290920684898,83.27455683673863,operational,operational,2025-016Q,2026-125L,True
2026-08-20 00:00:00+00:00,QQ_diff_launch,62801,69396,2,3.4416147770840224,4.766918338720405,9.588266496850915,88.65835717614858,operational,operational,2025-016S,2026-124Q,False
2026-08-20 00:00:00+00:00,QQ_diff_launch,62801,69414,27,2.428260435056222,2.7432797681006242,14.458138840520274,82.89694886648819,operational,operational,2025-016S,2026-125P,True
2026-08-20 00:00:00+00:00,QQ_diff_launch,62802,68636,13,3.658497913308081,4.847744963510277,12.80689029284773,87.84222255345553,operational,operational,2025-016T,2026-075A,False
2026-08-20 00:00:00+00:00,QQ_diff_launch,62802,69384,13,17.502219286876866,18.542278879744572,9.568633565738487,88.59364421646474,operational,operational,2025-016T,2026-124C,False
2026-08-20 00:00:00+00:00,QQ_diff_launch,62802,69404,2,5.879375398288727,10.991068261712224,14.4822143352484,82.73398650597537,operational,operational,2025-016T,2026-125D,False
2026-08-20 00:00:00+00:00,QQ_diff_launch,63174,69413,1,10.452276793217274,10.452276793217274,2.5829862481180847,88.96077275241038,operational,drift,2025-046R,2026-125N,False
2026-08-20 00:00:00+00:00,QQ_diff_launch,66033,69415,1,14.475137037019215,14.475137037019215,12.84658095916352,87.96697076334593,operational,operational,2025-233A,2026-125Q,False
2026-08-20 00:00:00+00:00,QQ_diff_launch,66039,69408,1,18.662704497225125,18.662704497225125,12.867274031633837,87.90242071817731,operational,operational,2025-233G,2026-125H,False
2026-08-20 00:00:00+00:00,QQ_diff_launch,66042,69387,1,4.763604201122593,4.763604201122593,5.186596827061429,88.93841099173959,operational,operational,2025-233K,2026-124F,False
2026-08-20 00:00:00+00:00,QQ_diff_launch,66049,69394,1,10.302228664744987,10.302228664744987,5.1992770769925185,88.93412506794208,operational,excursion,2025-233S,2026-124N,False
2026-08-20 00:00:00+00:00,QQ_diff_launch,68636,69404,1,19.757503386196227,19.757503386196227,5.12104112723929,88.94722631644828,operational,operational,2026-075A,2026-125D,False
2026-08-20 00:00:00+00:00,QQ_diff_launch,68638,69383,27,5.091222707548764,7.668932741966067,5.078420376593183,88.94153174148944,operational,operational,2026-075C,2026-124B,True
2026-08-20 00:00:00+00:00,QQ_diff_launch,68640,69402,1,16.3174153404098,16.3174153404098,5.115534377662842,88.92367053147228,operational,operational,2026-075E,2026-125B,False
2026-08-20 00:00:00+00:00,QQ_diff_launch,68642,69392,27,4.365318198922721,5.4480704110107,5.070175864605613,88.92413091297657,operational,operational,2026-075G,2026-124L,True
2026-08-20 00:00:00+00:00,QQ_diff_launch,68645,69395,1,16.189047922094733,16.189047922094733,5.077541513594203,88.9037687291284,operational,operational,2026-075K,2026-124P,False
2026-08-20 00:00:00+00:00,QQ_diff_launch,68646,69390,14,13.611526907703805,16.032315717148165,5.084163447040778,88.90808586390361,operational,operational,2026-075L,2026-124J,True
2026-08-20 00:00:00+00:00,QQ_diff_launch,68652,69396,2,9.7418807769919,11.692062770769091,5.0739732844001875,88.93284328758462,operational,operational,2026-075S,2026-124Q,False
2026-08-20 00:00:00+00:00,QQ_diff_launch,68653,69382,26,6.757513476689062,12.710919376559165,5.088065666046408,88.93121032555129,operational,operational,2026-075T,2026-124A,True
2026-08-20 00:00:00+00:00,QQ_diff_launch,69084,69117,27,6.803597267237106,9.37563838879219,5.06920344190529,88.92326769872555,operational,operational,2026-104M,2026-108P,True
2026-08-20 00:00:00+00:00,QQ_diff_launch,69085,69110,27,3.4552621395092498,3.971965982477946,5.077573649304352,88.94112195649406,operational,operational,2026-104N,2026-108G,True
2026-08-20 00:00:00+00:00,QQ_diff_launch,69085,69403,2,17.899576927631458,18.73926943222346,7.475033308277245,88.79850636720303,operational,operational,2026-104N,2026-125C,False
2026-08-20 00:00:00+00:00,QQ_diff_launch,69087,69121,15,16.25482596238081,18.177088738065724,5.073391212985967,88.91010153601184,operational,operational,2026-104Q,2026-108T,True
2026-08-20 00:00:00+00:00,QQ_diff_launch,69089,69119,27,1.9122433605943447,4.6419548577244445,5.079812306818832,88.93039270821713,operational,operational,2026-104S,2026-108R,True
2026-08-20 00:00:00+00:00,QQ_diff_launch,69090,69415,1,6.7169594018151955,6.7169594018151955,7.462486235367581,88.83592809199928,operational,operational,2026-104T,2026-125Q,False
2026-08-20 00:00:00+00:00,QQ_diff_launch,69105,69407,1,17.930919467809606,17.930919467809606,11.35186733917325,88.32674433334107,operational,operational,2026-108B,2026-125G,False
2026-08-20 00:00:00+00:00,QQ_diff_launch,69112,69405,1,16.010987978715242,16.010987978715242,11.384052401761387,88.36068165342793,operational,ascent,2026-108J,2026-125E,False
2026-08-20 00:00:00+00:00,QQ_diff_launch,69112,69408,1,17.227077240428258,17.227077240428258,11.350700135742247,88.3558747105995,operational,operational,2026-108J,2026-125H,False
2026-08-20 00:00:00+00:00,QQ_diff_launch,69114,69388,1,19.57037394637557,19.57037394637557,2.6016260930204695,88.97751765769003,operational,operational,2026-108L,2026-124G,False
2026-08-20 00:00:00+00:00,QQ_diff_launch,69114,69407,1,17.89478020489553,17.89478020489553,11.375910720447923,88.38204095537988,operational,operational,2026-108L,2026-125G,False
2026-08-20 00:00:00+00:00,QQ_diff_launch,69385,69402,1,16.530381470771925,16.530381470771925,9.56051750062044,88.68939207176544,operational,operational,2026-124D,2026-125B,False
2026-08-20 00:00:00+00:00,QQ_diff_launch,69391,69409,2,4.989624383295033,6.996410467041814,9.549655936575817,88.65564058799154,operational,operational,2026-124K,2026-125J,False
2026-08-20 00:00:00+00:00,QQ_diff_launch,69802,69850,1,10.954828363988774,10.954828363988774,7.60731681564929,88.85751504965839,drift,drift,2026-153C,2026-155C,False
2026-08-20 00:00:00+00:00,QQ_same_launch,69394,69396,1,17.874162690316158,17.874162690316158,0.008210551276467875,41.51005055477186,excursion,operational,2026-124N,2026-124Q,False
2026-08-20 00:00:00+00:00,QQ_same_launch,69801,69803,1,5.567704951438745,5.567704951438745,0.0024277750172659314,4.7861674398340925,drift,drift,2026-153B,2026-153D,False
2026-08-20 00:00:00+00:00,QQ_same_launch,69801,69806,1,10.712002397953608,10.712002397953608,0.0054068168897100435,10.550771610693516,drift,drift,2026-153B,2026-153G,False
2026-08-20 00:00:00+00:00,QQ_same_launch,69848,69851,1,19.31465472573134,19.31465472573134,0.009932367615640345,36.79064380756202,ascent,ascent,2026-155A,2026-155D,False
2026-08-20 00:00:00+00:00,QQ_same_launch,69852,69861,1,16.534843373274896,16.534843373274896,0.005840421760812922,34.01609023921421,ascent,ascent,2026-155E,2026-155P,False
2026-08-20 00:00:00+00:00,QQ_same_launch,69861,69862,1,19.98804128937457,19.98804128937457,0.013507240524037472,88.96881691323578,ascent,ascent,2026-155P,2026-155Q,False
2026-08-23 00:00:00+00:00,QQ_diff_launch,60379,69392,14,14.757924892820874,16.076037843447953,9.585154509559278,88.6087197773291,operational,operational,2024-140A,2026-124L,True
2026-08-23 00:00:00+00:00,QQ_diff_launch,60380,69383,21,4.980493741413899,9.262702827213559,9.611551989607669,88.676178827329,operational,operational,2024-140B,2026-124B,True
2026-08-23 00:00:00+00:00,QQ_diff_launch,60381,68640,14,16.540475131614993,17.4113358978259,5.146017848723973,88.92858625753047,operational,operational,2024-140C,2026-075E,True
2026-08-23 00:00:00+00:00,QQ_diff_launch,60381,69385,14,17.936426956050646,18.952837451510817,9.57701625784382,88.71478963841695,operational,operational,2024-140C,2026-124D,True
2026-08-23 00:00:00+00:00,QQ_diff_launch,60383,68643,13,11.8948053365179,13.278211210355959,5.1516125435576425,88.92318029878832,operational,operational,2024-140E,2026-075H,False
2026-08-23 00:00:00+00:00,QQ_diff_launch,60385,69817,1,11.83655814276509,11.83655814276509,10.596937333499866,88.54915865788713,drift,drift,2024-140G,2026-153T,False
2026-08-23 00:00:00+00:00,QQ_diff_launch,60386,68652,13,5.853256509469389,6.057698832325646,5.1353697947174854,88.90123048370995,operational,operational,2024-140H,2026-075S,False
2026-08-23 00:00:00+00:00,QQ_diff_launch,60388,61569,1,19.941377054768566,19.941377054768566,13.861337928610066,86.97461670736747,operational,stranded,2024-140K,2024-185T,False
2026-08-23 00:00:00+00:00,QQ_diff_launch,60388,68647,14,4.440893741909474,5.455553774949514,5.215162556094224,88.90197401305821,operational,operational,2024-140K,2026-075M,True
2026-08-23 00:00:00+00:00,QQ_diff_launch,60388,69391,2,7.089507679339128,11.797978038738183,9.625877214059548,88.64297928378053,operational,operational,2024-140K,2026-124K,False
2026-08-23 00:00:00+00:00,QQ_diff_launch,60389,69384,9,18.63991167328438,19.252858301865697,9.608678294788751,88.58718587517019,operational,operational,2024-140L,2026-124C,False
2026-08-23 00:00:00+00:00,QQ_diff_launch,60390,68650,15,12.818437573566504,14.280490229397653,5.134801322174601,88.8884147392706,operational,operational,2024-140M,2026-075Q,True
2026-08-23 00:00:00+00:00,QQ_diff_launch,60391,68653,14,11.6633356680741,12.476123319681566,5.123408471824541,88.94003177447726,operational,operational,2024-140N,2026-075T,True
2026-08-23 00:00:00+00:00,QQ_diff_launch,60391,69382,14,3.793334714180808,4.7954888053249665,9.574151231245157,88.69089472140408,operational,operational,2024-140N,2026-124A,True
2026-08-23 00:00:00+00:00,QQ_diff_launch,60392,68644,13,11.715180200626362,12.70298194374291,5.151005894435378,88.9225657504858,operational,operational,2024-140P,2026-075J,False
2026-08-23 00:00:00+00:00,QQ_diff_launch,60392,69389,13,17.419793699688725,17.503668114723393,9.589842297585559,88.59870331110204,operational,operational,2024-140P,2026-124H,False
2026-08-23 00:00:00+00:00,QQ_diff_launch,60393,69390,8,16.975480709631725,18.33379448054571,9.570347484253512,88.71333540657888,operational,operational,2024-140Q,2026-124J,False
2026-08-23 00:00:00+00:00,QQ_diff_launch,60393,69403,1,19.560098366160513,19.560098366160513,0.028719439470130493,76.03735794955901,operational,operational,2024-140Q,2026-125C,False
2026-08-23 00:00:00+00:00,QQ_diff_launch,60394,68641,13,8.388670191133079,8.48633682662304,5.135850866558898,88.91926731380511,operational,operational,2024-140R,2026-075F,False
2026-08-23 00:00:00+00:00,QQ_diff_launch,60395,68637,13,13.716037956050753,15.33962678462277,5.129700121370785,88.92895296247103,operational,operational,2024-140S,2026-075B,False
2026-08-23 00:00:00+00:00,QQ_diff_launch,60395,69386,13,12.727829181010842,15.452037979027745,9.56860179600097,88.70772092956639,operational,operational,2024-140S,2026-124E,False
2026-08-23 00:00:00+00:00,QQ_diff_launch,60396,68648,14,2.2432390067217565,2.2479040727565955,5.18361903799399,88.90561975481576,operational,operational,2024-140T,2026-075N,True
2026-08-23 00:00:00+00:00,QQ_diff_launch,61562,62253,1,19.336608521015073,19.336608521015073,4.942972743800304,88.94913105210404,operational,operational,2024-185L,2024-232S,False
2026-08-23 00:00:00+00:00,QQ_diff_launch,61562,63175,16,7.3394650885722355,9.12901236296824,12.717345591691718,87.93632050955594,operational,operational,2024-185L,2025-046S,True
2026-08-23 00:00:00+00:00,QQ_diff_launch,61562,69417,1,9.344204920164518,9.344204920164518,13.843594843119362,86.81258322028397,operational,drift,2024-185L,2026-125S,False
2026-08-23 00:00:00+00:00,QQ_diff_launch,61563,69083,4,8.43798163571076,13.920613636828396,9.415950932307357,88.68050329999932,operational,operational,2024-185M,2026-104L,False
2026-08-23 00:00:00+00:00,QQ_diff_launch,61569,62797,1,13.168242865475515,13.168242865475515,2.801534865861622,88.95758911531294,stranded,operational,2024-185T,2025-016N,False
2026-08-23 00:00:00+00:00,QQ_diff_launch,61569,63164,1,9.45115814839537,9.45115814839537,12.753073690978699,87.94052532762873,stranded,operational,2024-185T,2025-046F,False
2026-08-23 00:00:00+00:00,QQ_diff_launch,61569,68647,1,18.825694113371817,18.825694113371817,11.259177408048975,88.42161451632917,stranded,operational,2024-185T,2026-075M,False
2026-08-23 00:00:00+00:00,QQ_diff_launch,61569,69391,1,15.946172434801829,15.946172434801829,7.285978704257136,88.84624333398753,stranded,operational,2024-185T,2026-124K,False
2026-08-23 00:00:00+00:00,QQ_diff_launch,62239,63162,13,10.353290360797411,10.720919876774536,9.570390989031976,88.65044311018376,operational,operational,2024-232C,2025-046D,False
2026-08-23 00:00:00+00:00,QQ_diff_launch,62253,69402,1,13.140141421625145,13.140141421625145,11.381475162107543,88.4337211801556,operational,operational,2024-232S,2026-125B,False
2026-08-23 00:00:00+00:00,QQ_diff_launch,62255,63173,13,17.9093750846327,18.791798767821376,9.59128243129576,88.60521165606409,operational,operational,2024-232U,2025-046Q,False
2026-08-23 00:00:00+00:00,QQ_diff_launch,62785,68645,13,4.9376844639490445,5.453449401914384,12.819800883791828,87.85692030584836,operational,operational,2025-016A,2026-075K,False
2026-08-23 00:00:00+00:00,QQ_diff_launch,62786,69415,1,16.61842028404143,16.61842028404143,14.449846295861128,82.7820238946582,operational,operational,2025-016B,2026-125Q,False
2026-08-23 00:00:00+00:00,QQ_diff_launch,62787,68646,27,10.599652347768547,14.071893619347483,12.815329078199657,87.76972617382106,operational,operational,2025-016C,2026-075L,True
2026-08-23 00:00:00+00:00,QQ_diff_launch,62787,69407,27,4.554511612373849,6.282393525134151,14.454008260580482,82.65312755259951,operational,operational,2025-016C,2026-125G,True
2026-08-23 00:00:00+00:00,QQ_diff_launch,62788,69401,27,6.2341437661854116,9.933355647169535,14.479708785570294,83.14314732379705,operational,operational,2025-016D,2026-125A,True
2026-08-23 00:00:00+00:00,QQ_diff_launch,62789,69410,27,5.803821133067505,5.886600680387651,14.455703750865409,83.01010500426361,operational,operational,2025-016E,2026-125K,True
2026-08-23 00:00:00+00:00,QQ_diff_launch,62790,69416,27,7.995747534811149,12.69408172717518,14.48078632120517,83.20085652063084,operational,operational,2025-016F,2026-125R,True
2026-08-23 00:00:00+00:00,QQ_diff_launch,62791,68641,14,11.397813703049625,11.700887600156005,12.828447895120158,87.94090482951731,operational,operational,2025-016G,2026-075F,True
2026-08-23 00:00:00+00:00,QQ_diff_launch,62791,69408,27,8.081407755148472,8.16065999468672,14.461129907035406,82.96137306327628,operational,operational,2025-016G,2026-125H,True
2026-08-23 00:00:00+00:00,QQ_diff_launch,62792,69389,27,15.45352080366541,16.75877048779044,9.578662458288697,88.60540432834568,operational,operational,2025-016H,2026-124H,True
2026-08-23 00:00:00+00:00,QQ_diff_launch,62792,69406,27,2.91640232560095,3.5394864606275633,14.460026334624263,82.96538467502116,operational,operational,2025-016H,2026-125F,True
2026-08-23 00:00:00+00:00,QQ_diff_launch,62793,69412,27,6.011237026667564,10.985606173735329,14.481982971301694,83.166080753614,operational,operational,2025-016J,2026-125M,True
2026-08-23 00:00:00+00:00,QQ_diff_launch,62794,68637,14,18.604552641606695,18.735220953793082,12.805339104564563,87.99915813127666,operational,operational,2025-016K,2026-075B,True
2026-08-23 00:00:00+00:00,QQ_diff_launch,62794,69405,2,6.07129494148334,12.206967538477826,14.46041948138996,83.08198893061274,operational,operational,2025-016K,2026-125E,False
2026-08-23 00:00:00+00:00,QQ_diff_launch,62795,69385,27,12.764382100830302,14.438426542663542,9.568060592145692,88.61147987697404,operational,operational,2025-016L,2026-124D,True
2026-08-23 00:00:00+00:00,QQ_diff_launch,62795,69402,1,11.136978926702394,11.136978926702394,14.457013343633065,82.76050382279634,operational,operational,2025-016L,2026-125B,False
2026-08-23 00:00:00+00:00,QQ_diff_launch,62795,69417,1,15.143393314859164,15.143393314859164,14.482559362820096,82.84231139296276,operational,drift,2025-016L,2026-125S,False
2026-08-23 00:00:00+00:00,QQ_diff_launch,62796,69399,27,12.124605970360626,13.706816835543178,9.570253198520946,88.6220047942186,operational,operational,2025-016M,2026-124T,True
2026-08-23 00:00:00+00:00,QQ_diff_launch,62796,69418,27,10.632768467000911,11.021697023535387,14.456162567012566,83.1606582374908,operational,operational,2025-016M,2026-125T,True
2026-08-23 00:00:00+00:00,QQ_diff_launch,62797,68647,13,16.749745494572455,16.782363510759744,12.809852766136277,87.98370426769266,operational,operational,2025-016N,2026-075M,False
2026-08-23 00:00:00+00:00,QQ_diff_launch,62797,69391,2,4.595544454103539,5.2420602415422355,9.583411427611628,88.6541829751963,operational,operational,2025-016N,2026-124K,False
2026-08-23 00:00:00+00:00,QQ_diff_launch,62797,69409,1,19.012965833315693,19.012965833315693,14.451197228954653,82.65004324497384,operational,operational,2025-016N,2026-125J,False
2026-08-23 00:00:00+00:00,QQ_diff_launch,62798,69398,1,16.53293088993288,16.53293088993288,9.57159735300842,88.65912468484743,operational,operational,2025-016P,2026-124S,False
2026-08-23 00:00:00+00:00,QQ_diff_launch,62799,69411,1,19.40178689133344,19.40178689133344,14.44792439729635,82.81091422271001,operational,operational,2025-016Q,2026-125L,False
2026-08-23 00:00:00+00:00,QQ_diff_launch,62801,69414,27,1.5641736549403067,2.5651582875716366,14.477416549218022,82.94084409505778,operational,operational,2025-016S,2026-125P,True
2026-08-23 00:00:00+00:00,QQ_diff_launch,62802,68636,27,11.597903206627093,13.593481981495273,12.808438065103076,87.79544039537424,operational,operational,2025-016T,2026-075A,True
2026-08-23 00:00:00+00:00,QQ_diff_launch,62802,69384,13,15.906711479490166,17.044330976521735,9.586654709466815,88.70776457899106,operational,operational,2025-016T,2026-124C,False
2026-08-23 00:00:00+00:00,QQ_diff_launch,62802,69404,27,9.78370094098804,9.813327394058586,14.464509450276115,82.77100705337617,operational,operational,2025-016T,2026-125D,True
2026-08-23 00:00:00+00:00,QQ_diff_launch,63166,69405,1,13.993510709728891,13.993510709728891,2.5729116344738605,88.95209717990198,operational,operational,2025-046H,2026-125E,False
2026-08-23 00:00:00+00:00,QQ_diff_launch,66033,69415,1,17.24856156621885,17.24856156621885,12.842790632094829,87.96469624945898,operational,operational,2025-233A,2026-125Q,False
2026-08-23 00:00:00+00:00,QQ_diff_launch,66034,69404,13,11.643363077944333,12.092832823991495,12.863125706726265,87.83892023915699,operational,operational,2025-233B,2026-125D,False
2026-08-23 00:00:00+00:00,QQ_diff_launch,66037,69402,1,16.921474249623163,16.921474249623163,12.812589562449444,87.79693632535682,operational,operational,2025-233E,2026-125B,False
2026-08-23 00:00:00+00:00,QQ_diff_launch,66044,69409,1,13.250931266905516,13.250931266905516,12.835293189094319,87.88035755461486,operational,operational,2025-233M,2026-125J,False
2026-08-23 00:00:00+00:00,QQ_diff_launch,66046,69411,1,15.650741505256141,15.650741505256141,12.835154163060254,87.91490049686321,operational,operational,2025-233P,2026-125L,False
2026-08-23 00:00:00+00:00,QQ_diff_launch,66049,69414,11,18.441681173988304,19.170933504560686,12.87263919128655,88.02098855877797,operational,operational,2025-233S,2026-125P,False
2026-08-23 00:00:00+00:00,QQ_diff_launch,68638,69383,27,4.651200419945187,5.1394318436802084,5.091224717274556,88.93833231372682,operational,operational,2026-075C,2026-124B,True
2026-08-23 00:00:00+00:00,QQ_diff_launch,68642,69392,27,15.372405458219001,16.80336069247036,5.082703088755859,88.9078085667325,operational,operational,2026-075G,2026-124L,True
2026-08-23 00:00:00+00:00,QQ_diff_launch,68646,69105,2,14.30955727018084,16.928665196334904,7.420158572632449,88.84923758357978,operational,operational,2026-075L,2026-108B,False
2026-08-23 00:00:00+00:00,QQ_diff_launch,68647,69391,2,9.868163449997896,12.440445791035422,5.076159597740357,88.91512685965472,operational,operational,2026-075M,2026-124K,False
2026-08-23 00:00:00+00:00,QQ_diff_launch,69084,69117,27,7.267481430652406,8.659158802486079,5.081900274871655,88.92437615077192,operational,operational,2026-104M,2026-108P,True
2026-08-23 00:00:00+00:00,QQ_diff_launch,69085,69110,20,13.391536234736451,16.89840968873378,5.078354771131563,88.95620611756726,operational,operational,2026-104N,2026-108G,True
2026-08-23 00:00:00+00:00,QQ_diff_launch,69085,69409,1,10.082424292318102,10.082424292318102,7.455963052440012,88.82736790600387,operational,operational,2026-104N,2026-125J,False
2026-08-23 00:00:00+00:00,QQ_diff_launch,69086,69411,1,19.56402840701134,19.56402840701134,7.471791111591828,88.83293461837374,operational,operational,2026-104P,2026-125L,False
2026-08-23 00:00:00+00:00,QQ_diff_launch,69086,69413,2,8.50372576602608,10.834714242042516,7.469112250236552,88.82456479962698,operational,operational,2026-104P,2026-125N,False
2026-08-23 00:00:00+00:00,QQ_diff_launch,69087,69121,27,0.35102230660722417,1.7751018164081596,5.086105028484659,88.93781673330281,operational,operational,2026-104Q,2026-108T,True
2026-08-23 00:00:00+00:00,QQ_diff_launch,69089,69119,27,8.237965282656152,9.657890277871005,5.092538792833115,88.92345258696203,operational,operational,2026-104S,2026-108R,True
2026-08-23 00:00:00+00:00,QQ_diff_launch,69105,69390,2,10.472984488440371,14.21869857321787,2.5818935647662187,88.98475481735265,operational,operational,2026-108B,2026-124J,False
2026-08-23 00:00:00+00:00,QQ_diff_launch,69105,69403,1,11.134676119305464,11.134676119305464,11.370330814354954,88.44747070894888,operational,operational,2026-108B,2026-125C,False
2026-08-23 00:00:00+00:00,QQ_diff_launch,69109,69402,1,18.55188931831674,18.55188931831674,11.353015042500548,88.37238926629523,operational,operational,2026-108F,2026-125B,False
2026-08-23 00:00:00+00:00,QQ_diff_launch,69111,69387,1,10.894288301410874,10.894288301410874,2.5992441022529187,88.99740061516327,operational,operational,2026-108H,2026-124F,False
2026-08-23 00:00:00+00:00,QQ_diff_launch,69115,69413,4,6.079473485550215,16.14204721274472,11.370848376213807,88.3964002272113,operational,operational,2026-108M,2026-125N,False
2026-08-23 00:00:00+00:00,QQ_diff_launch,69394,69414,1,19.98367455156992,19.98367455156992,9.542923711855801,88.65458944756756,operational,operational,2026-124N,2026-125P,False
2026-08-23 00:00:00+00:00,QQ_same_launch,69803,69813,1,14.100935144566979,14.100935144566979,0.008604011751325562,66.11724469425666,drift,drift,2026-153D,2026-153P,False
2026-08-23 00:00:00+00:00,QQ_same_launch,69809,69813,1,19.050217318254138,19.050217318254138,0.009940220401484111,25.36836761488825,drift,drift,2026-153K,2026-153P,False
2026-08-23 00:00:00+00:00,QQ_same_launch,69814,69816,1,16.57784740106231,16.57784740106231,0.008375605131028118,20.510496808281477,drift,drift,2026-153Q,2026-153S,False
2026-08-23 00:00:00+00:00,QQ_same_launch,69814,69817,1,17.04480203771093,17.04480203771093,0.008773075783884778,20.629448330907348,drift,drift,2026-153Q,2026-153T,False
2026-08-23 00:00:00+00:00,QQ_same_launch,69848,69852,1,6.938668003452636,6.938668003452636,0.005574720434196703,72.55256643032894,ascent,ascent,2026-155A,2026-155E,False
2026-08-23 00:00:00+00:00,QQ_same_launch,69852,69854,1,13.751976040121022,13.751976040121022,0.008164611082285698,19.74083807340986,ascent,ascent,2026-155E,2026-155G,False
2026-08-26 00:00:00+00:00,QQ_diff_launch,60380,69383,13,7.92739049365579,10.547513725563167,9.61378760624946,88.62256378228174,operational,operational,2024-140B,2026-124B,False
2026-08-26 00:00:00+00:00,QQ_diff_launch,60382,69394,1,14.474305840488913,14.474305840488913,9.57015088078275,88.67977213918023,operational,operational,2024-140D,2026-124N,False
2026-08-26 00:00:00+00:00,QQ_diff_launch,60383,68643,14,2.666789224788892,4.0414781717720185,5.152999656337052,88.91149197837294,operational,operational,2024-140E,2026-075H,True
2026-08-26 00:00:00+00:00,QQ_diff_launch,60383,69403,1,15.598552925416888,15.598552925416888,0.03421601482417055,82.96015882986417,operational,operational,2024-140E,2026-125C,False
2026-08-26 00:00:00+00:00,QQ_diff_launch,60386,68652,14,12.196770475181989,13.06474971350837,5.135451936386806,88.89051375841424,operational,operational,2024-140H,2026-075S,True
2026-08-26 00:00:00+00:00,QQ_diff_launch,60388,68647,13,5.929849779431177,7.119161057978762,5.216388476809719,88.9149652271862,operational,operational,2024-140K,2026-075M,False
2026-08-26 00:00:00+00:00,QQ_diff_launch,60389,69384,14,12.324388428485227,13.280767426254446,9.610802087301668,88.60771239164495,operational,operational,2024-140L,2026-124C,True
2026-08-26 00:00:00+00:00,QQ_diff_launch,60390,68650,13,3.9192100836629575,5.287844180471769,5.135121939993105,88.90069675012214,operational,operational,2024-140M,2026-075Q,False
2026-08-26 00:00:00+00:00,QQ_diff_launch,60391,68653,27,16.981772730320245,17.81577408419447,5.111801893652813,88.89678983503592,operational,operational,2024-140N,2026-075T,True
2026-08-26 00:00:00+00:00,QQ_diff_launch,60391,69382,13,0.7008482672872788,1.343441510705071,9.575405533150631,88.67206789324602,operational,operational,2024-140N,2026-124A,False
2026-08-26 00:00:00+00:00,QQ_diff_launch,60392,68644,14,4.895226022888382,5.997428015538658,5.152494835874849,88.91452028161052,operational,operational,2024-140P,2026-075J,True
2026-08-26 00:00:00+00:00,QQ_diff_launch,60392,69389,14,18.00044590599085,18.147421248019114,9.5921471893368,88.59583777444627,operational,operational,2024-140P,2026-124H,True
2026-08-26 00:00:00+00:00,QQ_diff_launch,60394,68641,14,9.21672192294307,9.380186414060335,5.137143579218893,88.92075041400882,operational,operational,2024-140R,2026-075F,True
2026-08-26 00:00:00+00:00,QQ_diff_launch,60394,69387,1,12.030162996440351,12.030162996440351,9.572184860816352,88.6885880788387,operational,operational,2024-140R,2026-124F,False
2026-08-26 00:00:00+00:00,QQ_diff_launch,60395,68637,13,12.102036098668933,13.728790845037626,5.118944189178699,88.89052852719159,operational,operational,2024-140S,2026-075B,False
2026-08-26 00:00:00+00:00,QQ_diff_launch,60396,68648,13,2.6430382657393476,2.7904907137916792,5.18492558524316,88.90636070489619,operational,operational,2024-140T,2026-075N,False
2026-08-26 00:00:00+00:00,QQ_diff_launch,61552,69808,2,15.47890461449856,17.338907094937742,6.765875506660718,88.87005543287255,stranded,drift,2024-185A,2026-153J,False
2026-08-26 00:00:00+00:00,QQ_diff_launch,61554,69805,1,12.875943446265547,12.875943446265547,6.599332469942842,88.87450983747668,stranded,drift,2024-185C,2026-153F,False
2026-08-26 00:00:00+00:00,QQ_diff_launch,61563,62255,2,6.24504132173687,7.500247420002699,4.914864663277065,88.93543211377457,operational,operational,2024-185M,2024-232U,False
2026-08-26 00:00:00+00:00,QQ_diff_launch,61563,63173,4,7.510472928218925,10.450091068324376,12.73107100891474,87.93990756398703,operational,operational,2024-185M,2025-046Q,False
2026-08-26 00:00:00+00:00,QQ_diff_launch,61565,68636,9,4.565340398891744,8.795379250888786,11.278298358127788,88.37678204985242,operational,operational,2024-185P,2026-075A,False
2026-08-26 00:00:00+00:00,QQ_diff_launch,61565,69384,9,4.322005747642547,10.43038469715452,7.303323200628798,88.84776586169218,operational,operational,2024-185P,2026-124C,False
2026-08-26 00:00:00+00:00,QQ_diff_launch,61569,63159,1,7.94726965619502,7.94726965619502,12.751173434762693,87.93551908021219,stranded,operational,2024-185T,2025-046A,False
2026-08-26 00:00:00+00:00,QQ_diff_launch,61569,63169,1,16.16493311577838,16.16493311577838,12.768521784380168,87.84010356101423,stranded,stranded,2024-185T,2025-046L,False
2026-08-26 00:00:00+00:00,QQ_diff_launch,61569,68643,1,16.778776087739235,16.778776087739235,11.228996170104372,88.38265734530111,stranded,operational,2024-185T,2026-075H,False
2026-08-26 00:00:00+00:00,QQ_diff_launch,62238,69413,3,9.4053920477144,15.956773980397289,11.40976722023062,88.38431692467927,operational,operational,2024-232B,2026-125N,False
2026-08-26 00:00:00+00:00,QQ_diff_launch,62239,63162,14,9.252337011083224,9.262293170937681,9.570259172051474,88.66844815409834,operational,operational,2024-232C,2025-046D,True
2026-08-26 00:00:00+00:00,QQ_diff_launch,62241,69398,1,8.085397223041419,8.085397223041419,2.6062594140215842,88.98999499790997,operational,operational,2024-232E,2026-124S,False
2026-08-26 00:00:00+00:00,QQ_diff_launch,62241,69403,1,19.320605501356145,19.320605501356145,11.370562029695895,88.330204193949,operational,operational,2024-232E,2026-125C,False
2026-08-26 00:00:00+00:00,QQ_diff_launch,62251,69415,1,19.431879516962276,19.431879516962276,11.393490695511368,88.46117959768313,operational,operational,2024-232Q,2026-125Q,False
2026-08-26 00:00:00+00:00,QQ_diff_launch,62251,69417,1,3.0675926963255113,3.0675926963255113,11.40603810558728,88.40731077271171,operational,operational,2024-232Q,2026-125S,False
2026-08-26 00:00:00+00:00,QQ_diff_launch,62785,68645,27,10.123386076827535,11.382665920142966,12.820979755717751,87.81465106390532,operational,operational,2025-016A,2026-075K,True
2026-08-26 00:00:00+00:00,QQ_diff_launch,62786,69382,13,16.061971317224263,17.2074852331838,9.57900267156512,88.6018749551225,operational,operational,2025-016B,2026-124A,False
2026-08-26 00:00:00+00:00,QQ_diff_launch,62786,69415,4,11.171190318794478,14.351534890068908,14.46184374777308,82.91719500254608,operational,operational,2025-016B,2026-125Q,False
2026-08-26 00:00:00+00:00,QQ_diff_launch,62787,68646,27,16.851152648201396,18.029321874853448,12.846993809504369,87.74103411378815,operational,operational,2025-016C,2026-075L,True
2026-08-26 00:00:00+00:00,QQ_diff_launch,62787,69407,27,8.380162455548072,9.666264859683896,14.488517883911696,82.56367156333036,operational,operational,2025-016C,2026-125G,True
2026-08-26 00:00:00+00:00,QQ_diff_launch,62788,69401,27,6.259968880919519,6.33869674647648,14.454875973785537,83.003427533454,operational,operational,2025-016D,2026-125A,True
2026-08-26 00:00:00+00:00,QQ_diff_launch,62789,69388,1,15.00643254427926,15.00643254427926,9.584499632662615,88.66319850605461,operational,operational,2025-016E,2026-124G,False
2026-08-26 00:00:00+00:00,QQ_diff_launch,62789,69410,27,5.935856045425621,9.237688892762515,14.481068916418668,83.08382416446307,operational,operational,2025-016E,2026-125K,True
2026-08-26 00:00:00+00:00,QQ_diff_launch,62790,69416,27,10.197835216328317,10.892298295796465,14.457262716478189,83.1208234703254,operational,operational,2025-016F,2026-125R,True
2026-08-26 00:00:00+00:00,QQ_diff_launch,62791,68641,13,13.361023516973763,13.644695306759743,12.829293477409825,87.95056879700681,operational,operational,2025-016G,2026-075F,False
2026-08-26 00:00:00+00:00,QQ_diff_launch,62791,69387,2,5.501112467099845,7.370340039914932,9.610133983903179,88.67693900239772,operational,operational,2025-016G,2026-124F,False
2026-08-26 00:00:00+00:00,QQ_diff_launch,62791,69408,27,8.144687380426763,11.381777898729919,14.48527076242733,83.03205486966095,operational,operational,2025-016G,2026-125H,True
2026-08-26 00:00:00+00:00,QQ_diff_launch,62792,69389,14,9.569313507834424,10.313636625321042,9.591702221734083,88.6804257270667,operational,operational,2025-016H,2026-124H,True
2026-08-26 00:00:00+00:00,QQ_diff_launch,62792,69406,2,10.464817772227617,13.23054722759009,14.472847336568186,82.7601716674102,operational,operational,2025-016H,2026-125F,False
2026-08-26 00:00:00+00:00,QQ_diff_launch,62793,69412,27,6.628907786635587,6.887039496294984,14.456757874402708,83.01159528936546,operational,operational,2025-016J,2026-125M,True
2026-08-26 00:00:00+00:00,QQ_diff_launch,62794,68637,13,17.903682778318235,18.004574767752032,12.805986637837728,87.9903775906599,operational,operational,2025-016K,2026-075B,False
2026-08-26 00:00:00+00:00,QQ_diff_launch,62794,69405,27,9.12675883476032,10.809969350990743,14.46603375222061,82.72489023189628,operational,operational,2025-016K,2026-125E,True
2026-08-26 00:00:00+00:00,QQ_diff_launch,62795,69385,16,7.319715175500283,7.972633080975557,9.582447956072627,88.67043765003905,operational,operational,2025-016L,2026-124D,True
2026-08-26 00:00:00+00:00,QQ_diff_launch,62795,69402,27,16.022799466108328,19.000708016248147,14.475995315287642,83.4075951872886,operational,operational,2025-016L,2026-125B,True
2026-08-26 00:00:00+00:00,QQ_diff_launch,62796,69399,13,8.685527606476665,9.002526956180038,9.570072884355497,88.64003775940071,operational,operational,2025-016M,2026-124T,False
2026-08-26 00:00:00+00:00,QQ_diff_launch,62796,69418,27,11.960670070656539,15.739275785946818,14.478254794557635,83.28668302430557,operational,operational,2025-016M,2026-125T,True
2026-08-26 00:00:00+00:00,QQ_diff_launch,62797,68647,14,17.060997902665942,17.108067039152928,12.810684808755866,87.98209674817626,operational,operational,2025-016N,2026-075M,True
2026-08-26 00:00:00+00:00,QQ_diff_launch,62797,69391,13,9.510899038891784,9.717028797865783,9.59097659881572,88.67807982238143,operational,operational,2025-016N,2026-124K,False
2026-08-26 00:00:00+00:00,QQ_diff_launch,62797,69409,3,13.175989008430669,14.307156509503102,14.470839728552711,82.75376386289129,operational,operational,2025-016N,2026-125J,False
2026-08-26 00:00:00+00:00,QQ_diff_launch,62798,69398,1,17.371231687941336,17.371231687941336,9.572226842434825,88.65994665527157,operational,operational,2025-016P,2026-124S,False
2026-08-26 00:00:00+00:00,QQ_diff_launch,62799,69393,14,10.348845099047482,11.208888574952384,9.561843805496022,88.62679520140412,operational,operational,2025-016Q,2026-124M,True
2026-08-26 00:00:00+00:00,QQ_diff_launch,62799,69411,4,10.942301597606884,14.577175597147445,14.460046155243688,82.91592025606802,operational,operational,2025-016Q,2026-125L,False
2026-08-26 00:00:00+00:00,QQ_diff_launch,62801,69396,1,12.070719375484224,12.070719375484224,9.589843495973867,88.6799026723901,operational,operational,2025-016S,2026-124Q,False
2026-08-26 00:00:00+00:00,QQ_diff_launch,62801,69414,27,1.1365689376406387,1.1606727861864923,14.462538050212766,82.86531911233313,operational,operational,2025-016S,2026-125P,True
2026-08-26 00:00:00+00:00,QQ_diff_launch,62802,68636,20,7.844270765338998,8.388036992862066,12.831126482146328,87.904573393129,operational,operational,2025-016T,2026-075A,True
2026-08-26 00:00:00+00:00,QQ_diff_launch,62802,69384,14,8.815517213756813,9.70943947760725,9.58421345778236,88.68009343750882,operational,operational,2025-016T,2026-124C,True
2026-08-26 00:00:00+00:00,QQ_diff_launch,62802,69404,27,9.600401076850785,9.659554084542014,14.467865512116255,82.76284382673923,operational,operational,2025-016T,2026-125D,True
2026-08-26 00:00:00+00:00,QQ_diff_launch,63159,69390,1,16.43000163353484,16.43000163353484,7.414803579175956,88.79599917691976,operational,operational,2025-046A,2026-124J,False
2026-08-26 00:00:00+00:00,QQ_diff_launch,63159,69403,1,10.331210644400509,10.331210644400509,2.603512202493337,88.95531927922633,operational,operational,2025-046A,2026-125C,False
2026-08-26 00:00:00+00:00,QQ_diff_launch,63171,69411,1,12.817927009978778,12.817927009978778,2.5859380765064346,88.95312973586068,operational,operational,2025-046N,2026-125L,False
2026-08-26 00:00:00+00:00,QQ_diff_launch,63171,69413,1,19.968176136608506,19.968176136608506,2.5901172701659125,88.95564041204935,operational,operational,2025-046N,2026-125N,False
2026-08-26 00:00:00+00:00,QQ_diff_launch,63172,69394,1,12.931889816667589,12.931889816667589,7.440705462733071,88.79263539270838,operational,operational,2025-046P,2026-124N,False
2026-08-26 00:00:00+00:00,QQ_diff_launch,63173,69388,1,9.769608330617196,9.769608330617196,7.432752907450898,88.82409513686095,operational,operational,2025-046Q,2026-124G,False
2026-08-26 00:00:00+00:00,QQ_diff_launch,63176,69116,1,10.287916845255856,10.287916845255856,9.526951331634377,88.63745748911049,operational,operational,2025-046T,2026-108N,False
2026-08-26 00:00:00+00:00,QQ_diff_launch,66033,69415,1,9.724228448118927,9.724228448118927,12.843444769131658,87.90090658442134,operational,operational,2025-233A,2026-125Q,False
2026-08-26 00:00:00+00:00,QQ_diff_launch,66034,69404,14,11.577640371731603,11.815190085973045,12.861672899128823,87.88651326233537,operational,operational,2025-233B,2026-125D,True
2026-08-26 00:00:00+00:00,QQ_diff_launch,66042,69406,1,16.261272228129112,16.261272228129112,12.865100426618449,87.838709530202,operational,operational,2025-233K,2026-125F,False
2026-08-26 00:00:00+00:00,QQ_diff_launch,66044,69409,1,11.513156148191563,11.513156148191563,12.835513316401277,87.92628947818358,operational,operational,2025-233M,2026-125J,False
2026-08-26 00:00:00+00:00,QQ_diff_launch,66046,69411,1,9.958584792405597,9.958584792405597,12.837506587147931,87.85699879065346,operational,operational,2025-233P,2026-125L,False
2026-08-26 00:00:00+00:00,QQ_diff_launch,66049,69414,13,19.238140485313927,19.272054311068008,12.87213214199137,88.02026481115418,operational,operational,2025-233S,2026-125P,False
2026-08-26 00:00:00+00:00,QQ_diff_launch,68637,69386,14,15.690830241126793,17.126189438091174,5.083829865315838,88.90795411820415,operational,operational,2026-075B,2026-124E,True
2026-08-26 00:00:00+00:00,QQ_diff_launch,68638,69383,27,3.131561519021583,3.5873112870938666,5.079604594453529,88.93642183735294,operational,operational,2026-075C,2026-124B,True
2026-08-26 00:00:00+00:00,QQ_diff_launch,68639,69399,27,18.386922620731756,18.88329179967479,5.090593811552123,88.90152927426644,operational,operational,2026-075D,2026-124T,True
2026-08-26 00:00:00+00:00,QQ_diff_launch,68646,69390,1,18.345362056699226,18.345362056699226,5.072538272048415,88.9468438409925,operational,operational,2026-075L,2026-124J,False
2026-08-26 00:00:00+00:00,QQ_diff_launch,68650,69388,1,12.82129059456026,12.82129059456026,5.077925438747186,88.94613950769224,operational,operational,2026-075Q,2026-124G,False
2026-08-26 00:00:00+00:00,QQ_diff_launch,69080,69391,1,18.6168335897934,18.6168335897934,2.5582301668038934,88.97608996739903,operational,operational,2026-104H,2026-124K,False
2026-08-26 00:00:00+00:00,QQ_diff_launch,69082,69105,27,15.394877911749179,15.570742664345232,5.0650243822512655,88.94083547046651,operational,operational,2026-104K,2026-108B,True
2026-08-26 00:00:00+00:00,QQ_diff_launch,69084,69117,27,11.82020883984321,13.243296522861572,5.070862858222006,88.91809729633778,operational,operational,2026-104M,2026-108P,True
2026-08-26 00:00:00+00:00,QQ_diff_launch,69087,69121,5,18.49342796343447,19.05952051720674,5.074859248525014,88.95875848830187,operational,operational,2026-104Q,2026-108T,False
2026-08-26 00:00:00+00:00,QQ_diff_launch,69089,69119,27,12.251144276451939,13.62919924911588,5.0814627937389725,88.91801281210994,operational,operational,2026-104S,2026-108R,True
2026-08-26 00:00:00+00:00,QQ_diff_launch,69388,69407,1,16.760796664074256,16.760796664074256,9.542851500108416,88.65205750983527,operational,operational,2026-124G,2026-125G,False
2026-08-26 00:00:00+00:00,QQ_diff_launch,69801,69864,1,13.559822042944354,13.559822042944354,7.649133685387924,88.85770933636074,drift,ascent,2026-153B,2026-155S,False
2026-08-26 00:00:00+00:00,QQ_diff_launch,69811,69850,1,17.290959193968927,17.290959193968927,7.637448521330099,88.84519057228057,drift,ascent,2026-153M,2026-155C,False
2026-08-26 00:00:00+00:00,QQ_same_launch,69411,69413,1,9.576281457544011,9.576281457544011,0.02192268368398511,77.96742821178604,operational,operational,2026-125L,2026-125N,False
2026-08-26 00:00:00+00:00,QQ_same_launch,69415,69417,1,3.6758726323854782,3.6758726323854782,0.018647796154658943,68.02961950444417,operational,operational,2026-125Q,2026-125S,False
2026-08-26 00:00:00+00:00,QQ_same_launch,69812,69814,1,12.504841510575819,12.504841510575819,0.008019207048047273,50.18774157496685,drift,drift,2026-153N,2026-153Q,False
2026-08-26 00:00:00+00:00,QQ_same_launch,69849,69866,1,10.667383109743842,10.667383109743842,0.0038922416232270475,6.664396208355226,drift,ascent,2026-155B,2026-155U,False
2026-08-26 00:00:00+00:00,QQ_same_launch,69852,69860,1,15.089373230671773,15.089373230671773,0.007432799040111937,32.13316752046448,ascent,ascent,2026-155E,2026-155N,False
2026-08-26 00:00:00+00:00,QQ_same_launch,69855,69862,1,19.06731557502027,19.06731557502027,0.008532893609379671,18.077470713431563,ascent,ascent,2026-155H,2026-155Q,False
2026-08-26 00:00:00+00:00,QQ_same_launch,69856,69866,1,12.990489120531091,12.990489120531091,0.006863270944614049,69.83930318647049,ascent,ascent,2026-155J,2026-155U,False
2026-08-26 00:00:00+00:00,QQ_same_launch,69857,69858,1,6.947516694040524,6.947516694040524,0.001433483346005522,10.699242532703163,ascent,ascent,2026-155K,2026-155L,False
2026-08-29 00:00:00+00:00,QQ_diff_launch,60380,69073,1,12.235671032268012,12.235671032268012,7.501535195956642,88.78940227408354,operational,operational,2024-140B,2026-104A,False
2026-08-29 00:00:00+00:00,QQ_diff_launch,60383,68643,13,4.683578600095913,6.074375384896877,5.154441989065623,88.89815122438576,operational,operational,2024-140E,2026-075H,False
2026-08-29 00:00:00+00:00,QQ_diff_launch,60386,68652,13,17.250461968519367,17.914840747050416,5.135560622178602,88.88277212199974,operational,operational,2024-140H,2026-075S,False
2026-08-29 00:00:00+00:00,QQ_diff_launch,60386,69396,27,16.357914942899605,18.02499800654247,9.587431380309614,88.70869425644739,operational,operational,2024-140H,2026-124Q,True
2026-08-29 00:00:00+00:00,QQ_diff_launch,60388,68647,23,14.782643735956453,17.380448638522317,5.2174401011124125,88.92503439624146,operational,operational,2024-140K,2026-075M,True
2026-08-29 00:00:00+00:00,QQ_diff_launch,60389,61565,7,5.0731785423301865,12.199295299232569,13.803782749395953,86.96721062227678,operational,operational,2024-140L,2024-185P,False
2026-08-29 00:00:00+00:00,QQ_diff_launch,60389,69106,1,17.604755037965518,17.604755037965518,11.388405661821794,88.30659158745173,operational,operational,2024-140L,2026-108C,False
2026-08-29 00:00:00+00:00,QQ_diff_launch,60389,69384,13,6.9907092453246715,7.702391014242796,9.613025555527692,88.62772159163411,operational,operational,2024-140L,2026-124C,False
2026-08-29 00:00:00+00:00,QQ_diff_launch,60390,68650,14,2.6635458099430482,4.249133281240935,5.135447350884901,88.91267897435787,operational,operational,2024-140M,2026-075Q,True
2026-08-29 00:00:00+00:00,QQ_diff_launch,60390,69083,1,15.8898365008283,15.8898365008283,7.470627324317796,88.83702132586538,operational,operational,2024-140M,2026-104L,False
2026-08-29 00:00:00+00:00,QQ_diff_launch,60391,68653,13,11.941202102929301,12.753237227523837,5.111110468318371,88.90315224460474,operational,operational,2024-140N,2026-075T,False
2026-08-29 00:00:00+00:00,QQ_diff_launch,60391,69382,14,6.405386153198975,7.37061164624918,9.576689912701022,88.65186869057834,operational,operational,2024-140N,2026-124A,True
2026-08-29 00:00:00+00:00,QQ_diff_launch,60392,61569,1,17.742122510984363,17.742122510984363,13.835568993399896,86.9304444726555,operational,stranded,2024-140P,2024-185T,False
2026-08-29 00:00:00+00:00,QQ_diff_launch,60392,68644,13,6.566946018143367,7.0215164868997535,5.153965325655089,88.91552682185633,operational,operational,2024-140P,2026-075J,False
2026-08-29 00:00:00+00:00,QQ_diff_launch,60392,69389,13,11.866129361731463,12.861327134770352,9.59444247656327,88.61386843207755,operational,operational,2024-140P,2026-124H,False
2026-08-29 00:00:00+00:00,QQ_diff_launch,60393,69082,1,10.851896354385325,10.851896354385325,7.484511278003472,88.82641549923461,operational,operational,2024-140Q,2026-104K,False
2026-08-29 00:00:00+00:00,QQ_diff_launch,60393,69390,14,10.05251112228954,12.204911339596071,9.567515697149336,88.69522684468521,operational,operational,2024-140Q,2026-124J,True
2026-08-29 00:00:00+00:00,QQ_diff_launch,60394,68641,13,10.331909949192475,10.511706740537972,5.1384726360574415,88.92183845815288,operational,operational,2024-140R,2026-075F,False
2026-08-29 00:00:00+00:00,QQ_diff_launch,60394,69387,1,12.78697605157404,12.78697605157404,9.556854240886604,88.63222442089203,operational,operational,2024-140R,2026-124F,False
2026-08-29 00:00:00+00:00,QQ_diff_launch,60395,68637,14,1.3236504535357994,2.710547005466749,5.11909450911262,88.90596848551016,operational,operational,2024-140S,2026-075B,True
2026-08-29 00:00:00+00:00,QQ_diff_launch,60396,68648,14,3.860903883015909,4.069295915397424,5.186206330093012,88.90646206792354,operational,operational,2024-140T,2026-075N,True
2026-08-29 00:00:00+00:00,QQ_diff_launch,60396,69397,11,18.299192384713105,19.117525558193456,9.594866552012961,88.70478528429436,operational,operational,2024-140T,2026-124R,False
2026-08-29 00:00:00+00:00,QQ_diff_launch,61552,69814,1,11.472599143892333,11.472599143892333,6.769835424108337,88.88282530026535,stranded,drift,2024-185A,2026-153Q,False
2026-08-29 00:00:00+00:00,QQ_diff_launch,61553,69801,1,19.644748645315747,19.644748645315747,6.82487836320913,88.82612215916764,stranded,drift,2024-185B,2026-153B,False
2026-08-29 00:00:00+00:00,QQ_diff_launch,61553,69804,2,9.998781673731747,10.309873114655893,6.825903828087747,88.86967666484492,stranded,drift,2024-185B,2026-153E,False
2026-08-29 00:00:00+00:00,QQ_diff_launch,61562,69402,1,19.350094326208325,19.350094326208325,13.836359498002324,86.67413729878263,operational,operational,2024-185L,2026-125B,False
2026-08-29 00:00:00+00:00,QQ_diff_launch,61569,69325,1,19.99070807057478,19.99070807057478,12.69928151848661,88.04861641841848,stranded,operational,2024-185T,2026-121A,False
2026-08-29 00:00:00+00:00,QQ_diff_launch,62239,63162,13,10.103105634619613,10.415939321051182,9.570359371841624,88.68553110220796,operational,operational,2024-232C,2025-046D,False
2026-08-29 00:00:00+00:00,QQ_diff_launch,62253,69106,1,19.270698052856424,19.270698052856424,0.03794080857785307,86.28092887677022,operational,operational,2024-232S,2026-108C,False
2026-08-29 00:00:00+00:00,QQ_diff_launch,62253,69385,1,18.584077713203406,18.584077713203406,2.6327459754290943,89.00210864352103,operational,operational,2024-232S,2026-124D,False
2026-08-29 00:00:00+00:00,QQ_diff_launch,62785,68645,27,10.35504051119108,15.501994182445848,12.838243346366944,87.95771225979634,operational,operational,2025-016A,2026-075K,True
2026-08-29 00:00:00+00:00,QQ_diff_launch,62786,69382,14,9.719619528060448,10.459751398404407,9.576786182029,88.6309691009191,operational,operational,2025-016B,2026-124A,True
2026-08-29 00:00:00+00:00,QQ_diff_launch,62786,69415,27,8.946013442150655,12.804503874447473,14.478174810062088,83.19539024165968,operational,operational,2025-016B,2026-125Q,True
2026-08-29 00:00:00+00:00,QQ_diff_launch,62787,68646,27,12.699249272249405,13.928265238542773,12.814488174955924,87.77015913347505,operational,operational,2025-016C,2026-075L,True
2026-08-29 00:00:00+00:00,QQ_diff_launch,62787,69407,1,16.79597739374895,16.79597739374895,14.446208476297649,82.84284344114994,operational,operational,2025-016C,2026-125G,False
2026-08-29 00:00:00+00:00,QQ_diff_launch,62788,69108,2,14.979741880135599,17.409533102450986,7.445767167336323,88.82878174632438,operational,operational,2025-016D,2026-108E,False
2026-08-29 00:00:00+00:00,QQ_diff_launch,62788,69401,27,6.741500072091605,8.535977366559562,14.476913589771952,83.0442184057044,operational,operational,2025-016D,2026-125A,True
2026-08-29 00:00:00+00:00,QQ_diff_launch,62789,69083,1,19.82969107580652,19.82969107580652,11.370227957429561,88.3337810078304,operational,operational,2025-016E,2026-104L,False
2026-08-29 00:00:00+00:00,QQ_diff_launch,62789,69388,1,19.118792273796828,19.118792273796828,9.576339351461556,88.6871361866293,operational,operational,2025-016E,2026-124G,False
2026-08-29 00:00:00+00:00,QQ_diff_launch,62789,69410,1,16.063783541033054,16.063783541033054,14.458899572207901,83.04697155798726,operational,operational,2025-016E,2026-125K,False
2026-08-29 00:00:00+00:00,QQ_diff_launch,62790,69394,27,13.574868734485127,15.158831551617435,9.58609709681355,88.69021823421055,operational,operational,2025-016F,2026-124N,True
2026-08-29 00:00:00+00:00,QQ_diff_launch,62790,69416,27,11.339873832326361,14.844553902991338,14.477597635288609,83.22380822270885,operational,operational,2025-016F,2026-125R,True
2026-08-29 00:00:00+00:00,QQ_diff_launch,62791,68641,14,15.344567636027621,15.64464858929762,12.83003111622946,87.96123277503703,operational,operational,2025-016G,2026-075F,True
2026-08-29 00:00:00+00:00,QQ_diff_launch,62791,69408,27,8.4682198082681,8.599658148658811,14.463680784854006,82.90512554205287,operational,operational,2025-016G,2026-125H,True
2026-08-29 00:00:00+00:00,QQ_diff_launch,62792,69389,13,8.18160863342454,8.406498129705499,9.589649945561288,88.65379203259849,operational,operational,2025-016H,2026-124H,False
2026-08-29 00:00:00+00:00,QQ_diff_launch,62792,69406,27,7.355401036644519,7.770501480097871,14.45937026962376,82.89347831630529,operational,operational,2025-016H,2026-125F,True
2026-08-29 00:00:00+00:00,QQ_diff_launch,62793,69412,27,7.601477139274406,10.818276777819493,14.478549370326293,83.11410840990328,operational,operational,2025-016J,2026-125M,True
2026-08-29 00:00:00+00:00,QQ_diff_launch,62794,68637,14,17.383074091944685,17.476230096732085,12.80652384005393,87.9823683571342,operational,operational,2025-016K,2026-075B,True
2026-08-29 00:00:00+00:00,QQ_diff_launch,62794,69386,1,17.727911611967723,17.727911611967723,9.566614699056368,88.67633676369783,operational,operational,2025-016K,2026-124E,False
2026-08-29 00:00:00+00:00,QQ_diff_launch,62795,69402,14,19.03583049873749,19.282088450785942,14.456413100698796,83.388098418168,operational,operational,2025-016L,2026-125B,True
2026-08-29 00:00:00+00:00,QQ_diff_launch,62796,69399,14,8.509371367551397,8.79735235847588,9.569792309991518,88.66105747521497,operational,operational,2025-016M,2026-124T,True
2026-08-29 00:00:00+00:00,QQ_diff_launch,62796,69418,27,13.306096134779194,13.714214768802181,14.458508545504099,83.2019513096715,operational,operational,2025-016M,2026-125T,True
2026-08-29 00:00:00+00:00,QQ_diff_launch,62797,68647,13,17.512802824434722,17.566378893087375,12.811419816885289,87.98122207125144,operational,operational,2025-016N,2026-075M,False
2026-08-29 00:00:00+00:00,QQ_diff_launch,62797,69391,27,11.015921733204744,11.351807472825174,9.588761080349464,88.68076222396695,operational,operational,2025-016N,2026-124K,True
2026-08-29 00:00:00+00:00,QQ_diff_launch,62797,69409,27,12.898477427703623,16.40311456937959,14.477950148755196,83.29391260735478,operational,operational,2025-016N,2026-125J,True
2026-08-29 00:00:00+00:00,QQ_diff_launch,62798,69398,10,1.0751377188688596,9.926300306747152,9.5771622049803,88.68898384851784,operational,operational,2025-016P,2026-124S,False
2026-08-29 00:00:00+00:00,QQ_diff_launch,62798,69403,27,9.75741015544335,10.255819000405644,14.459656325449712,83.0553806851171,operational,operational,2025-016P,2026-125C,True
2026-08-29 00:00:00+00:00,QQ_diff_launch,62799,69393,13,8.242038523733298,8.315552702915872,9.561585709609135,88.65536068246612,operational,operational,2025-016Q,2026-124M,False
2026-08-29 00:00:00+00:00,QQ_diff_launch,62799,69411,13,17.842249871402768,17.85138323118,14.455749445917446,83.36481535305046,operational,operational,2025-016Q,2026-125L,False
2026-08-29 00:00:00+00:00,QQ_diff_launch,62800,69417,2,10.726405548450542,14.553748582500226,14.465203342008884,83.00166592135082,operational,operational,2025-016R,2026-125S,False
2026-08-29 00:00:00+00:00,QQ_diff_launch,62801,69396,14,7.463897510435858,7.806224817911808,9.592806318243827,88.65863698490651,operational,operational,2025-016S,2026-124Q,True
2026-08-29 00:00:00+00:00,QQ_diff_launch,62801,69414,2,12.976720034469077,15.610681122889794,14.463483108602146,83.18346738427581,operational,operational,2025-016S,2026-125P,False
2026-08-29 00:00:00+00:00,QQ_diff_launch,62802,68636,27,9.436248039027522,18.70634973828548,12.81084209726417,87.75413615177872,operational,operational,2025-016T,2026-075A,True
2026-08-29 00:00:00+00:00,QQ_diff_launch,62802,69078,1,10.657224081532453,10.657224081532453,11.365332680625896,88.38974845493595,operational,operational,2025-016T,2026-104F,False
2026-08-29 00:00:00+00:00,QQ_diff_launch,62802,69106,1,15.683394804382834,15.683394804382834,7.459920851391539,88.79938664704476,operational,operational,2025-016T,2026-108C,False
2026-08-29 00:00:00+00:00,QQ_diff_launch,62802,69384,13,7.5954591215650495,8.059060086864282,9.581861920886862,88.65015655699261,operational,operational,2025-016T,2026-124C,False
2026-08-29 00:00:00+00:00,QQ_diff_launch,62802,69404,4,6.1340130660576495,11.651536818214499,14.463198130080324,82.91404202406127,operational,operational,2025-016T,2026-125D,False
2026-08-29 00:00:00+00:00,QQ_diff_launch,63161,69404,1,16.019355258963238,16.019355258963238,2.6089250071637227,88.95095740298697,operational,operational,2025-046C,2026-125D,False
2026-08-29 00:00:00+00:00,QQ_diff_launch,63167,69417,1,17.454243008530234,17.454243008530234,2.589626769701552,88.95127649523391,operational,operational,2025-046J,2026-125S,False
2026-08-29 00:00:00+00:00,QQ_diff_launch,63168,69081,1,16.362379397795326,16.362379397795326,5.11227070745454,88.92405255065736,operational,operational,2025-046K,2026-104J,False
2026-08-29 00:00:00+00:00,QQ_diff_launch,63175,69078,1,13.450609513183318,13.450609513183318,5.100384839735098,88.91996968250123,operational,operational,2025-046S,2026-104F,False
2026-08-29 00:00:00+00:00,QQ_diff_launch,66034,69404,1,9.992568818432328,9.992568818432328,12.867631136302727,87.91843675538952,operational,operational,2025-233B,2026-125D,False
2026-08-29 00:00:00+00:00,QQ_diff_launch,68639,69399,27,15.011073181829582,15.743927182726095,5.078603665142044,88.90647438723586,operational,operational,2026-075D,2026-124T,True
2026-08-29 00:00:00+00:00,QQ_diff_launch,68641,69387,1,14.731500928167526,14.731500928167526,5.072898042888723,88.91486377704427,operational,operational,2026-075F,2026-124F,False
2026-08-29 00:00:00+00:00,QQ_diff_launch,68650,69083,1,10.557203543450317,10.557203543450317,2.5825338727005995,88.97466009425396,operational,operational,2026-075Q,2026-104L,False
2026-08-29 00:00:00+00:00,QQ_diff_launch,68651,69393,22,17.041106680769705,18.60923912762781,5.086690821330425,88.9527092200779,operational,operational,2026-075R,2026-124M,True
2026-08-29 00:00:00+00:00,QQ_diff_launch,69073,69108,13,7.413213210093799,9.817153533159534,5.077757047772906,88.92391668647006,operational,operational,2026-104A,2026-108E,False
2026-08-29 00:00:00+00:00,QQ_diff_launch,69079,69386,1,15.328997833447797,15.328997833447797,2.566015624365206,88.97579364729998,operational,operational,2026-104G,2026-124E,False
2026-08-29 00:00:00+00:00,QQ_diff_launch,69084,69117,27,16.57916898149668,18.12223619816503,5.0836188434474465,88.91099744033977,operational,operational,2026-104M,2026-108P,True
2026-08-29 00:00:00+00:00,QQ_diff_launch,69084,69413,2,14.230480100061401,16.205453679917333,7.470622534405466,88.843942932312,operational,operational,2026-104M,2026-125N,False
2026-08-29 00:00:00+00:00,QQ_diff_launch,69089,69119,27,16.53168010779818,18.032791903205236,5.0942580012380505,88.91151809123122,operational,operational,2026-104S,2026-108R,True
2026-08-29 00:00:00+00:00,QQ_diff_launch,69113,69410,1,8.239323297265852,8.239323297265852,11.364153058035745,88.37475124860752,operational,operational,2026-108K,2026-125K,False
2026-08-29 00:00:00+00:00,QQ_diff_launch,69117,69413,2,10.528996106217196,14.05001590517134,11.369423363116812,88.39848330791628,operational,operational,2026-108P,2026-125N,False
2026-08-29 00:00:00+00:00,QQ_diff_launch,69408,69851,1,13.111110705049594,13.111110705049594,13.857544536247715,86.80176833628055,operational,ascent,2026-125H,2026-155D,False
2026-08-29 00:00:00+00:00,QQ_diff_launch,69805,69864,1,17.786721168400092,17.786721168400092,7.652552745265246,88.82759490454819,drift,ascent,2026-153F,2026-155S,False
2026-08-29 00:00:00+00:00,QQ_same_launch,69800,69815,1,17.63474289391767,17.63474289391767,0.010458239523168251,59.25053370504517,ascent,drift,2026-153A,2026-153R,False
2026-08-29 00:00:00+00:00,QQ_same_launch,69801,69804,1,15.536057082349567,15.536057082349567,0.007800188332466809,7.463882818198373,drift,drift,2026-153B,2026-153E,False
2026-08-29 00:00:00+00:00,QQ_same_launch,69805,69809,1,14.67460687515356,14.67460687515356,0.007193078049317275,24.51566977049271,drift,drift,2026-153F,2026-153K,False
2026-08-29 00:00:00+00:00,QQ_same_launch,69851,69857,1,11.532852594365009,11.532852594365009,0.005097790051846076,62.65314329454315,ascent,ascent,2026-155D,2026-155K,False
2026-09-01 00:00:00+00:00,QQ_diff_launch,60383,68643,14,14.28023291641285,15.862331771381884,5.15588487199167,88.88327445925077,operational,operational,2024-140E,2026-075H,True
2026-09-01 00:00:00+00:00,QQ_diff_launch,60386,68652,2,19.867696422592772,19.932565570295875,5.151598466949583,88.93133101350173,operational,operational,2024-140H,2026-075S,False
2026-09-01 00:00:00+00:00,QQ_diff_launch,60386,69396,13,7.695358199777248,8.780988201728627,9.589918556726476,88.68098042215989,operational,operational,2024-140H,2026-124Q,False
2026-09-01 00:00:00+00:00,QQ_diff_launch,60386,69854,1,13.88627302293656,13.88627302293656,13.859965772629172,86.88754290771158,operational,ascent,2024-140H,2026-155G,False
2026-09-01 00:00:00+00:00,QQ_diff_launch,60388,68647,14,7.986392368372531,8.713417160404981,5.200540439228128,88.90061255630992,operational,operational,2024-140K,2026-075M,True
2026-09-01 00:00:00+00:00,QQ_diff_launch,60389,69384,14,4.224664766166014,4.2636066783704285,9.615262049769605,88.64897480658642,operational,operational,2024-140L,2026-124C,True
2026-09-01 00:00:00+00:00,QQ_diff_launch,60390,68650,13,12.939724242840255,14.512488447975132,5.135806517234512,88.92429429340226,operational,operational,2024-140M,2026-075Q,False
2026-09-01 00:00:00+00:00,QQ_diff_launch,60390,69388,8,19.537815775350783,19.779928832290505,9.582021593401695,88.65542940775306,operational,operational,2024-140M,2026-124G,False
2026-09-01 00:00:00+00:00,QQ_diff_launch,60391,68653,14,6.251330278563501,7.168709701935928,5.110520306268755,88.91175774673914,operational,operational,2024-140N,2026-075T,True
2026-09-01 00:00:00+00:00,QQ_diff_launch,60391,69382,13,12.575687997741788,13.42290492555811,9.57801218656729,88.6316396738381,operational,operational,2024-140N,2026-124A,False
2026-09-01 00:00:00+00:00,QQ_diff_launch,60392,68644,14,9.655434770818049,10.171329207074953,5.155438650952272,88.91844750613014,operational,operational,2024-140P,2026-075J,True
2026-09-01 00:00:00+00:00,QQ_diff_launch,60392,69389,14,5.748142955906863,6.584743174557049,9.596782112192907,88.6368029003323,operational,operational,2024-140P,2026-124H,True
2026-09-01 00:00:00+00:00,QQ_diff_launch,60394,68641,14,11.543366901833872,11.759708747877674,5.139800823146892,88.92273793361488,operational,operational,2024-140R,2026-075F,True
2026-09-01 00:00:00+00:00,QQ_diff_launch,60394,69387,5,8.373337661466843,12.059271312940362,9.561452094930397,88.66486716849111,operational,operational,2024-140R,2026-124F,False
2026-09-01 00:00:00+00:00,QQ_diff_launch,60395,68637,13,7.979579127503394,9.81467791986803,5.11928509551228,88.92098952727622,operational,operational,2024-140S,2026-075B,False
2026-09-01 00:00:00+00:00,QQ_diff_launch,60395,69386,14,9.133251779716579,9.520396639066558,9.578496250588817,88.68823756322288,operational,operational,2024-140S,2026-124E,True
2026-09-01 00:00:00+00:00,QQ_diff_launch,60396,68648,13,5.225346921076863,5.418171678655321,5.187451955695362,88.90654056574266,operational,operational,2024-140T,2026-075N,False
2026-09-01 00:00:00+00:00,QQ_diff_launch,60396,69397,14,14.388941748584397,14.623735015129604,9.595509792759906,88.67507242106583,operational,operational,2024-140T,2026-124R,True
2026-09-01 00:00:00+00:00,QQ_diff_launch,61562,69402,27,1.4959684628527028,4.432299732352435,13.835139508014064,86.91216174627371,operational,operational,2024-185L,2026-125B,True
2026-09-01 00:00:00+00:00,QQ_diff_launch,61563,63159,3,10.011355074394695,16.134387665546686,12.74820043455149,87.87100489598319,operational,operational,2024-185M,2025-046A,False
2026-09-01 00:00:00+00:00,QQ_diff_launch,61564,62802,1,17.699983512159353,17.699983512159353,2.8680056993045095,88.9483129976395,stranded,operational,2024-185N,2025-016T,False
2026-09-01 00:00:00+00:00,QQ_diff_launch,61564,63161,1,19.424495662504956,19.424495662504956,12.713305103727397,88.03741729688278,stranded,operational,2024-185N,2025-046C,False
2026-09-01 00:00:00+00:00,QQ_diff_launch,61565,69078,8,3.216577860490631,10.061920642040505,9.434846325283818,88.65437107981128,operational,operational,2024-185P,2026-104F,False
2026-09-01 00:00:00+00:00,QQ_diff_launch,61565,69106,2,7.62181942888453,10.90776565199026,4.939903566779168,88.94697128646897,operational,operational,2024-185P,2026-108C,False
2026-09-01 00:00:00+00:00,QQ_diff_launch,61569,62794,1,10.162253991045976,10.162253991045976,2.79757851392991,88.95565560866406,stranded,operational,2024-185T,2025-016K,False
2026-09-01 00:00:00+00:00,QQ_diff_launch,61569,66035,1,17.28545656220181,17.28545656220181,2.311149581295155,88.97435682452871,stranded,operational,2024-185T,2025-233C,False
2026-09-01 00:00:00+00:00,QQ_diff_launch,61569,68637,1,17.49246066621674,17.49246066621674,11.252271883471623,88.43170865861944,stranded,operational,2024-185T,2026-075B,False
2026-09-01 00:00:00+00:00,QQ_diff_launch,61569,69386,1,18.315488010169094,18.315488010169094,7.292623497514026,88.84860993572258,stranded,operational,2024-185T,2026-124E,False
2026-09-01 00:00:00+00:00,QQ_diff_launch,62239,63162,14,12.698548544029213,13.235996292655969,9.570648705263848,88.70091658399897,operational,operational,2024-232C,2025-046D,True
2026-09-01 00:00:00+00:00,QQ_diff_launch,62252,69413,1,15.852392367177918,15.852392367177918,11.405396762600343,88.4251254450566,operational,operational,2024-232R,2026-125N,False
2026-09-01 00:00:00+00:00,QQ_diff_launch,62785,68645,27,10.65688067824833,10.836467648025282,12.822645911516307,87.84267396789757,operational,operational,2025-016A,2026-075K,True
2026-09-01 00:00:00+00:00,QQ_diff_launch,62786,69382,13,8.197930958133933,8.314796597306033,9.57469229069666,88.65662855503511,operational,operational,2025-016B,2026-124A,False
2026-09-01 00:00:00+00:00,QQ_diff_launch,62786,69415,27,10.627443908124,11.150129330069342,14.458053710872756,83.10542238555576,operational,operational,2025-016B,2026-125Q,True
2026-09-01 00:00:00+00:00,QQ_diff_launch,62787,68646,27,8.965445998258016,10.105363814898483,12.846130416234967,87.79677482533741,operational,operational,2025-016C,2026-075L,True
2026-09-01 00:00:00+00:00,QQ_diff_launch,62787,69407,27,9.121696078137754,10.296170828034734,14.488397571638847,82.54931931812295,operational,operational,2025-016C,2026-125G,True
2026-09-01 00:00:00+00:00,QQ_diff_launch,62788,69401,27,7.53091193736779,7.816345251733188,14.456900657461821,82.93166537672103,operational,operational,2025-016D,2026-125A,True
2026-09-01 00:00:00+00:00,QQ_diff_launch,62789,69114,1,11.427527660397983,11.427527660397983,7.466649084445815,88.83195430723035,operational,operational,2025-016E,2026-108L,False
2026-09-01 00:00:00+00:00,QQ_diff_launch,62789,69388,27,2.8297007179870866,9.152553306501481,9.585243455604346,88.6864249596814,operational,operational,2025-016E,2026-124G,True
2026-09-01 00:00:00+00:00,QQ_diff_launch,62789,69410,27,7.355186236366898,8.815805588458241,14.478388119285182,83.00096032290746,operational,operational,2025-016E,2026-125K,True
2026-09-01 00:00:00+00:00,QQ_diff_launch,62790,69394,14,9.511527320466325,9.579447059744496,9.573965046952381,88.65678020027568,operational,operational,2025-016F,2026-124N,True
2026-09-01 00:00:00+00:00,QQ_diff_launch,62790,69416,27,12.27031956136971,12.552086212554869,14.459567128006013,83.12149013477993,operational,operational,2025-016F,2026-125R,True
2026-09-01 00:00:00+00:00,QQ_diff_launch,62791,68641,13,17.235699391968975,17.496561056560225,12.830620724648037,87.97135755275139,operational,operational,2025-016G,2026-075F,False
2026-09-01 00:00:00+00:00,QQ_diff_launch,62791,69408,27,8.988332200172866,10.634627422476528,14.482639836354128,82.94718974752763,operational,operational,2025-016G,2026-125H,True
2026-09-01 00:00:00+00:00,QQ_diff_launch,62792,69389,14,12.635474139333851,13.847159606820576,9.587742984551266,88.62342749190313,operational,operational,2025-016H,2026-124H,True
2026-09-01 00:00:00+00:00,QQ_diff_launch,62792,69406,27,8.7483154856598,9.117080479025,14.476810939190745,82.92521180900646,operational,operational,2025-016H,2026-125F,True
2026-09-01 00:00:00+00:00,QQ_diff_launch,62792,69855,1,15.873671003410594,15.873671003410594,2.5566006460722415,88.96514861011804,operational,ascent,2025-016H,2026-155H,False
2026-09-01 00:00:00+00:00,QQ_diff_launch,62793,69412,27,8.656208151084495,8.983630145430785,14.459308290183158,82.98695108914573,operational,operational,2025-016J,2026-125M,True
2026-09-01 00:00:00+00:00,QQ_diff_launch,62794,68637,13,16.86969422136473,16.95948547150279,12.806913821806083,87.97420933984104,operational,operational,2025-016K,2026-075B,False
2026-09-01 00:00:00+00:00,QQ_diff_launch,62794,69405,14,19.06919770138211,19.504952510595395,14.47640580658522,82.44816917325184,operational,operational,2025-016K,2026-125E,True
2026-09-01 00:00:00+00:00,QQ_diff_launch,62795,69385,14,14.123702710201428,15.486958794090288,9.578742323770989,88.61301648740424,operational,operational,2025-016L,2026-124D,True
2026-09-01 00:00:00+00:00,QQ_diff_launch,62795,69402,13,19.57903310322568,19.631380133228188,14.457378910523786,83.38837942649761,operational,operational,2025-016L,2026-125B,False
2026-09-01 00:00:00+00:00,QQ_diff_launch,62796,69399,13,11.630472430985817,12.267217207019192,9.5693684392177,88.68096110913527,operational,operational,2025-016M,2026-124T,False
2026-09-01 00:00:00+00:00,QQ_diff_launch,62796,69418,27,14.633880667736792,17.083197300778124,14.475742170521611,83.29541604849956,operational,operational,2025-016M,2026-125T,True
2026-09-01 00:00:00+00:00,QQ_diff_launch,62797,68647,14,17.857379488996152,17.915347344090918,12.81200270249449,87.97950697235669,operational,operational,2025-016N,2026-075M,True
2026-09-01 00:00:00+00:00,QQ_diff_launch,62797,69391,27,11.877785105975905,15.812819575844483,9.575779611431576,88.6118099544325,operational,operational,2025-016N,2026-124K,True
2026-09-01 00:00:00+00:00,QQ_diff_launch,62797,69409,27,13.085035559387439,13.15146101311192,14.458504478504999,83.17979760791113,operational,operational,2025-016N,2026-125J,True
2026-09-01 00:00:00+00:00,QQ_diff_launch,62798,69398,23,4.469431418720809,5.131891751953676,9.579894003249667,88.65400161495371,operational,operational,2025-016P,2026-124S,True
2026-09-01 00:00:00+00:00,QQ_diff_launch,62798,69403,27,11.34228925596098,13.769343287786755,14.47821353872294,83.16064370160605,operational,operational,2025-016P,2026-125C,True
2026-09-01 00:00:00+00:00,QQ_diff_launch,62799,69393,14,11.549100593795057,12.512319027895657,9.56118767238073,88.68218182317412,operational,operational,2025-016Q,2026-124M,True
2026-09-01 00:00:00+00:00,QQ_diff_launch,62799,69411,14,17.989148128397918,18.011899078619887,14.456877242605023,83.35455155728417,operational,operational,2025-016Q,2026-125L,True
2026-09-01 00:00:00+00:00,QQ_diff_launch,62800,69417,27,8.144029765748694,8.83495185106478,14.469514069356581,83.07185393525813,operational,operational,2025-016R,2026-125S,True
2026-09-01 00:00:00+00:00,QQ_diff_launch,62801,69396,27,11.856601427207844,15.066255751524304,9.579402891519416,88.61487162772448,operational,operational,2025-016S,2026-124Q,True
2026-09-01 00:00:00+00:00,QQ_diff_launch,62801,69414,27,11.643434582375559,11.756669087167795,14.459313470700094,83.12071413400903,operational,operational,2025-016S,2026-125P,True
2026-09-01 00:00:00+00:00,QQ_diff_launch,62802,68636,27,10.54990130367781,10.887022447062986,12.826853687386789,87.9002148802377,operational,operational,2025-016T,2026-075A,True
2026-09-01 00:00:00+00:00,QQ_diff_launch,62802,69384,14,14.112191884667483,15.628888583722105,9.57961981253073,88.61514210484931,operational,operational,2025-016T,2026-124C,True
2026-09-01 00:00:00+00:00,QQ_diff_launch,62802,69404,27,13.60179699537165,13.750955294607042,14.47645377509737,82.60464845767878,operational,operational,2025-016T,2026-125D,True
2026-09-01 00:00:00+00:00,QQ_diff_launch,66034,69404,27,2.1579100420198967,4.829189355942407,12.841154686817303,87.85349507442196,operational,operational,2025-233B,2026-125D,True
2026-09-01 00:00:00+00:00,QQ_diff_launch,66035,69405,27,11.044007495341825,12.690751099665404,12.877527667136485,87.79680465453242,operational,operational,2025-233C,2026-125E,True
2026-09-01 00:00:00+00:00,QQ_diff_launch,66040,69410,27,4.880755379012271,6.39204656580303,12.858093207711029,87.94219738414571,operational,operational,2025-233H,2026-125K,True
2026-09-01 00:00:00+00:00,QQ_diff_launch,66041,69114,1,19.479479828833004,19.479479828833004,2.669520844055601,88.99037405730118,operational,operational,2025-233J,2026-108L,False
2026-09-01 00:00:00+00:00,QQ_diff_launch,66041,69407,27,13.196580516759276,14.448954937787901,12.8756768170991,87.98850597685097,operational,operational,2025-233J,2026-125G,True
2026-09-01 00:00:00+00:00,QQ_diff_launch,66042,69855,1,17.675383345776822,17.675383345776822,2.5662120080501007,88.97886468048203,operational,ascent,2025-233K,2026-155H,False
2026-09-01 00:00:00+00:00,QQ_diff_launch,66049,69854,1,15.665790518312322,15.665790518312322,2.55825874735417,88.99476439157297,operational,ascent,2025-233S,2026-155G,False
2026-09-01 00:00:00+00:00,QQ_diff_launch,68638,69383,27,0.8234518602294879,1.0111373298284025,5.080947473796492,88.93269230799669,operational,operational,2026-075C,2026-124B,True
2026-09-01 00:00:00+00:00,QQ_diff_launch,68639,69399,27,11.502406275686681,12.350081256854052,5.091524060609937,88.91160167090769,operational,operational,2026-075D,2026-124T,True
2026-09-01 00:00:00+00:00,QQ_diff_launch,68640,69385,27,16.56911903637789,17.19301458514677,5.091336737793544,88.90503127171016,operational,operational,2026-075E,2026-124D,True
2026-09-01 00:00:00+00:00,QQ_diff_launch,68641,69387,9,6.804067951391641,11.713749023705072,5.076009367297877,88.9301857759988,operational,operational,2026-075F,2026-124F,False
2026-09-01 00:00:00+00:00,QQ_diff_launch,68648,69397,14,11.450621189258436,13.178629185960377,5.075074049000516,88.94340619246657,operational,operational,2026-075N,2026-124R,True
2026-09-01 00:00:00+00:00,QQ_diff_launch,68651,69393,27,6.90926444416322,8.675327751035205,5.07481058738776,88.94098582610984,operational,operational,2026-075R,2026-124M,True
2026-09-01 00:00:00+00:00,QQ_diff_launch,68652,69851,1,18.403052758640616,18.403052758640616,11.381292202937287,88.44654749010002,operational,ascent,2026-075S,2026-155D,False
2026-09-01 00:00:00+00:00,QQ_diff_launch,69073,69108,27,11.868134216209487,12.770005617134702,5.08352874711216,88.95341114609758,operational,operational,2026-104A,2026-108E,True
2026-09-01 00:00:00+00:00,QQ_diff_launch,69074,69109,27,13.14714362663622,15.413358360065828,5.086452673490255,88.95534995054629,operational,operational,2026-104B,2026-108F,True
2026-09-01 00:00:00+00:00,QQ_diff_launch,69085,69110,27,8.270535421172902,10.7119072389381,5.093047084436196,88.94985224382933,operational,operational,2026-104N,2026-108G,True
2026-09-01 00:00:00+00:00,QQ_diff_launch,69086,69115,25,13.31278222368619,16.626949310425218,5.0901467228028086,88.91433750130288,operational,operational,2026-104P,2026-108M,True
2026-09-01 00:00:00+00:00,QQ_diff_launch,69088,69854,1,7.027968475643719,7.027968475643719,9.575676000409977,88.69077947222931,operational,ascent,2026-104R,2026-155G,False
2026-09-01 00:00:00+00:00,QQ_diff_launch,69113,69860,1,17.78891498241202,17.78891498241202,5.135383733561183,88.92811108531792,operational,ascent,2026-108K,2026-155N,False
2026-09-01 00:00:00+00:00,QQ_diff_launch,69325,69855,1,14.227356279010897,14.227356279010897,12.812895281484783,87.92656715986651,operational,ascent,2026-121A,2026-155H,False
2026-09-01 00:00:00+00:00,QQ_diff_launch,69326,69854,1,14.944385127550374,14.944385127550374,12.806992448390714,87.82714607384064,operational,ascent,2026-121B,2026-155G,False
2026-09-01 00:00:00+00:00,QQ_diff_launch,69390,69853,1,19.021156202680285,19.021156202680285,7.489572362930604,88.82869820627516,operational,ascent,2026-124J,2026-155F,False
2026-09-01 00:00:00+00:00,QQ_diff_launch,69396,69851,1,19.09031190257191,19.09031190257191,7.49912645796632,88.81246211171702,operational,ascent,2026-124Q,2026-155D,False
2026-09-01 00:00:00+00:00,QQ_diff_launch,69406,69855,1,15.020463771236829,15.020463771236829,13.858876622737121,86.89160470186337,operational,ascent,2026-125F,2026-155H,False
2026-09-01 00:00:00+00:00,QQ_diff_launch,69406,69865,1,19.42059080337426,19.42059080337426,13.861100987818999,86.76967327715302,operational,ascent,2026-125F,2026-155T,False
2026-09-01 00:00:00+00:00,QQ_diff_launch,69411,69857,1,13.767158147313262,13.767158147313262,13.855335931550986,86.67464582826321,operational,ascent,2026-125L,2026-155K,False
2026-09-01 00:00:00+00:00,QQ_diff_launch,69414,69854,1,7.966545590189092,7.966545590189092,13.851988882080697,86.87361172721714,operational,ascent,2026-125P,2026-155G,False
2026-09-01 00:00:00+00:00,QQ_diff_launch,69416,69851,1,15.195483131833956,15.195483131833956,13.861299259315812,86.77663118018141,operational,ascent,2026-125R,2026-155D,False
2026-09-01 00:00:00+00:00,QQ_same_launch,69800,69810,1,7.200469054173209,7.200469054173209,0.003495684880955405,24.073312628583782,ascent,drift,2026-153A,2026-153L,False
2026-09-01 00:00:00+00:00,QQ_same_launch,69803,69805,1,11.323105455311488,11.323105455311488,0.006594134236570653,88.22273142749583,drift,drift,2026-153D,2026-153F,False
2026-09-01 00:00:00+00:00,QQ_same_launch,69807,69812,1,7.656463436796415,7.656463436796415,0.004615097398662367,11.984143220188669,ascent,drift,2026-153H,2026-153N,False
2026-09-01 00:00:00+00:00,QQ_same_launch,69849,69866,1,8.92281664216102,8.92281664216102,0.007879873729948233,66.04332959879719,ascent,ascent,2026-155B,2026-155U,False
2026-09-01 00:00:00+00:00,QQ_same_launch,69851,69854,1,11.976247128558482,11.976247128558482,0.006319749196631103,33.10308054479627,ascent,ascent,2026-155D,2026-155G,False
2026-09-01 00:00:00+00:00,QQ_same_launch,69858,69866,1,12.306382236098754,12.306382236098754,0.006250314038132706,40.52546299328252,ascent,ascent,2026-155L,2026-155U,False
2026-09-04 00:00:00+00:00,QQ_diff_launch,60380,61569,1,12.750573011926026,12.750573011926026,13.846060606305473,86.94537639990725,operational,stranded,2024-140B,2024-185T,False
2026-09-04 00:00:00+00:00,QQ_diff_launch,60383,69856,1,18.154613177826718,18.154613177826718,13.869185922418966,86.70945120604377,operational,ascent,2024-140E,2026-155J,False
2026-09-04 00:00:00+00:00,QQ_diff_launch,60384,69413,1,9.27894509388163,9.27894509388163,0.06517794019003362,87.78059037272071,operational,operational,2024-140F,2026-125N,False
2026-09-04 00:00:00+00:00,QQ_diff_launch,60386,61564,1,18.12118611762581,18.12118611762581,13.819409909562154,86.83913921639758,operational,stranded,2024-140H,2024-185N,False
2026-09-04 00:00:00+00:00,QQ_diff_launch,60386,68652,14,14.806851582484708,15.58900572124975,5.152711150987436,88.9253779572881,operational,operational,2024-140H,2026-075S,True
2026-09-04 00:00:00+00:00,QQ_diff_launch,60386,69396,14,6.335107332344216,7.0790858979748,9.591998652828337,88.64768591952969,operational,operational,2024-140H,2026-124Q,True
2026-09-04 00:00:00+00:00,QQ_diff_launch,60386,69855,1,9.521870994593023,9.521870994593023,13.858872406575392,86.7638985374615,operational,ascent,2024-140H,2026-155H,False
2026-09-04 00:00:00+00:00,QQ_diff_launch,60386,69860,1,19.030077205373296,19.030077205373296,13.860957595694671,86.75593418437357,operational,ascent,2024-140H,2026-155N,False
2026-09-04 00:00:00+00:00,QQ_diff_launch,60388,68647,13,8.442682653785859,8.591749994498574,5.200875475107663,88.90677106921305,operational,operational,2024-140K,2026-075M,False
2026-09-04 00:00:00+00:00,QQ_diff_launch,60388,69854,2,15.96411779524033,16.759519164085866,13.95987482207159,86.60692737582752,operational,ascent,2024-140K,2026-155G,False
2026-09-04 00:00:00+00:00,QQ_diff_launch,60389,69384,19,7.427060609449011,8.74562390621921,9.617276873333703,88.66917383595575,operational,operational,2024-140L,2026-124C,True
2026-09-04 00:00:00+00:00,QQ_diff_launch,60390,69388,13,6.283174526301595,7.452500003198959,9.597240477009452,88.6369059571955,operational,operational,2024-140M,2026-124G,False
2026-09-04 00:00:00+00:00,QQ_diff_launch,60391,68653,13,3.0205693182025963,3.072504142663231,5.109957587467475,88.92130740844922,operational,operational,2024-140N,2026-075T,False
2026-09-04 00:00:00+00:00,QQ_diff_launch,60391,69382,14,18.139857801363107,19.025150938251016,9.579329478705052,88.61257340811471,operational,operational,2024-140N,2026-124A,True
2026-09-04 00:00:00+00:00,QQ_diff_launch,60392,68644,13,13.064396333988855,13.532320183734534,5.156890660542048,88.92149137914575,operational,operational,2024-140P,2026-075J,False
2026-09-04 00:00:00+00:00,QQ_diff_launch,60392,69389,13,4.501650210653392,4.941309331127062,9.599110836691636,88.6603039096012,operational,operational,2024-140P,2026-124H,False
2026-09-04 00:00:00+00:00,QQ_diff_launch,60392,69852,1,7.642518150978903,7.642518150978903,13.860511344824566,86.82447820025396,operational,ascent,2024-140P,2026-155E,False
2026-09-04 00:00:00+00:00,QQ_diff_launch,60393,68646,2,19.808818582706742,19.879558834336137,5.139662871164536,88.93033187900684,operational,operational,2024-140Q,2026-075L,False
2026-09-04 00:00:00+00:00,QQ_diff_launch,60394,68641,13,13.100705206399788,13.31401960804334,5.141089709242613,88.92371070881343,operational,operational,2024-140R,2026-075F,False
2026-09-04 00:00:00+00:00,QQ_diff_launch,60395,69386,13,8.449215858687282,8.549655433876447,9.58056196859733,88.68282175649291,operational,operational,2024-140S,2026-124E,False
2026-09-04 00:00:00+00:00,QQ_diff_launch,60396,68648,14,6.512245416455429,6.708233190919843,5.188656518155959,88.90695729634112,operational,operational,2024-140T,2026-075N,True
2026-09-04 00:00:00+00:00,QQ_diff_launch,60396,69397,13,14.985655679838523,15.380771194955202,9.596171306669667,88.64741640619248,operational,operational,2024-140T,2026-124R,False
2026-09-04 00:00:00+00:00,QQ_diff_launch,61567,69803,1,4.15323207210025,4.15323207210025,6.8441089164969,88.85172555150918,stranded,drift,2024-185R,2026-153D,False
2026-09-04 00:00:00+00:00,QQ_diff_launch,61569,62239,1,17.402173194044458,17.402173194044458,4.863437307392229,88.94824169417883,stranded,operational,2024-185T,2024-232C,False
2026-09-04 00:00:00+00:00,QQ_diff_launch,61569,62788,1,15.618719714817848,15.618719714817848,2.793529562433108,88.93764659480547,stranded,operational,2024-185T,2025-016D,False
2026-09-04 00:00:00+00:00,QQ_diff_launch,61569,63162,1,11.320205687559708,11.320205687559708,12.74146413257932,87.85398453955246,stranded,operational,2024-185T,2025-046D,False
2026-09-04 00:00:00+00:00,QQ_diff_launch,61569,66034,1,18.8538928548057,18.8538928548057,2.3138479476329796,88.97461578613512,stranded,operational,2024-185T,2025-233B,False
2026-09-04 00:00:00+00:00,QQ_diff_launch,61569,68638,1,18.93838939496409,18.93838939496409,11.227939134780842,88.43897485629206,stranded,operational,2024-185T,2026-075C,False
2026-09-04 00:00:00+00:00,QQ_diff_launch,61569,69073,1,16.278274432568942,16.278274432568942,9.409623414808285,88.68311276100759,stranded,operational,2024-185T,2026-104A,False
2026-09-04 00:00:00+00:00,QQ_diff_launch,62239,63162,27,16.357722830871793,18.60426328687398,9.614167750147198,88.59685406451769,operational,operational,2024-232C,2025-046D,True
2026-09-04 00:00:00+00:00,QQ_diff_launch,62785,68645,27,11.262475038629079,15.732483671474311,12.835255390684294,87.94325487558973,operational,operational,2025-016A,2026-075K,True
2026-09-04 00:00:00+00:00,QQ_diff_launch,62785,69413,1,13.486959856543642,13.486959856543642,14.470084880481961,82.71846073936017,operational,operational,2025-016A,2026-125N,False
2026-09-04 00:00:00+00:00,QQ_diff_launch,62786,69382,27,10.856532181132335,12.324306811711816,9.572440779330046,88.67494599957563,operational,operational,2025-016B,2026-124A,True
2026-09-04 00:00:00+00:00,QQ_diff_launch,62786,69415,27,12.292513257116827,14.856002229823286,14.475318292434572,83.21631295216515,operational,operational,2025-016B,2026-125Q,True
2026-09-04 00:00:00+00:00,QQ_diff_launch,62786,69853,1,11.325315221846033,11.325315221846033,2.545309006123973,88.96011648729603,operational,ascent,2025-016B,2026-155F,False
2026-09-04 00:00:00+00:00,QQ_diff_launch,62787,68646,27,5.334855196237447,6.474556085495888,12.813665765858024,87.82214368721597,operational,operational,2025-016C,2026-075L,True
2026-09-04 00:00:00+00:00,QQ_diff_launch,62787,69407,27,9.502610647877665,9.633217201909648,14.453385337920318,82.57010427561016,operational,operational,2025-016C,2026-125G,True
2026-09-04 00:00:00+00:00,QQ_diff_launch,62788,69401,27,8.485885870036824,8.732874017407239,14.474756980195178,82.94084394331718,operational,operational,2025-016D,2026-125A,True
2026-09-04 00:00:00+00:00,QQ_diff_launch,62789,69388,14,16.126012637848476,17.564268727024444,9.576261245299964,88.70528318108882,operational,operational,2025-016E,2026-124G,True
2026-09-04 00:00:00+00:00,QQ_diff_launch,62789,69410,27,8.280401668416317,8.569097670037813,14.459949870350568,82.89934420649848,operational,operational,2025-016E,2026-125K,True
2026-09-04 00:00:00+00:00,QQ_diff_launch,62790,69394,13,15.272740868020959,16.79740740431207,9.573364863805885,88.69732807603668,operational,operational,2025-016F,2026-124N,False
2026-09-04 00:00:00+00:00,QQ_diff_launch,62790,69416,27,13.171481369387898,15.179476998312083,14.475136017745646,83.1929391919344,operational,operational,2025-016F,2026-125R,True
2026-09-04 00:00:00+00:00,QQ_diff_launch,62791,68641,14,18.90870976580759,19.169928212138608,12.831055042547408,87.98074218134855,operational,operational,2025-016G,2026-075F,True
2026-09-04 00:00:00+00:00,QQ_diff_launch,62791,69408,27,9.562626464015787,9.732376921545828,14.465582592975611,82.85532383876526,operational,operational,2025-016G,2026-125H,True
2026-09-04 00:00:00+00:00,QQ_diff_launch,62792,69406,27,9.892285463906807,10.207920148472835,14.461334138832672,82.80801987902682,operational,operational,2025-016H,2026-125F,True
2026-09-04 00:00:00+00:00,QQ_diff_launch,62793,69412,27,9.698556883476021,11.191317323783009,14.475793057296476,83.05482247369149,operational,operational,2025-016J,2026-125M,True
2026-09-04 00:00:00+00:00,QQ_diff_launch,62794,68637,14,16.266588790586745,16.359301983107027,12.807155472216355,87.96519181999852,operational,operational,2025-016K,2026-075B,True
2026-09-04 00:00:00+00:00,QQ_diff_launch,62794,69405,27,16.48881909533257,18.160845898068516,14.458417480700916,82.50782530619415,operational,operational,2025-016K,2026-125E,True
2026-09-04 00:00:00+00:00,QQ_diff_launch,62795,69402,14,19.25752103255432,19.31446213291837,14.45815723997214,83.36903909862713,operational,operational,2025-016L,2026-125B,True
2026-09-04 00:00:00+00:00,QQ_diff_launch,62796,69399,14,16.053375765939112,16.830430126493482,9.568802037962651,88.69873150219743,operational,operational,2025-016M,2026-124T,True
2026-09-04 00:00:00+00:00,QQ_diff_launch,62796,69418,27,15.871586839313725,16.245279223059654,14.460098439073283,83.24890671567023,operational,operational,2025-016M,2026-125T,True
2026-09-04 00:00:00+00:00,QQ_diff_launch,62797,69391,27,12.056277175706127,12.064912031300944,9.585312256853989,88.67709335737074,operational,operational,2025-016N,2026-124K,True
2026-09-04 00:00:00+00:00,QQ_diff_launch,62797,69409,28,13.335308554368831,14.386531256479582,14.467441417234625,83.19754759624162,operational,operational,2025-016N,2026-125J,True
2026-09-04 00:00:00+00:00,QQ_diff_launch,62798,69398,27,10.936598035646972,15.299076672665674,9.571339493865114,88.62025536685512,operational,operational,2025-016P,2026-124S,True
2026-09-04 00:00:00+00:00,QQ_diff_launch,62798,69403,27,12.818173869354181,13.25934704049851,14.461516278964961,83.11331048306486,operational,operational,2025-016P,2026-125C,True
2026-09-04 00:00:00+00:00,QQ_diff_launch,62799,69393,11,18.148377769755655,19.014916773589864,9.560662441261076,88.70627010134713,operational,operational,2025-016Q,2026-124M,False
2026-09-04 00:00:00+00:00,QQ_diff_launch,62799,69411,13,18.194007695585814,18.217774880570243,14.457811549641615,83.34550229431251,operational,operational,2025-016Q,2026-125L,False
2026-09-04 00:00:00+00:00,QQ_diff_launch,62800,69417,27,13.949244208147569,15.175983733242488,14.477089962588149,83.13148610949568,operational,operational,2025-016R,2026-125S,True
2026-09-04 00:00:00+00:00,QQ_diff_launch,62801,69396,27,10.203478231438483,17.740977862484815,9.588795163378709,88.70150564289803,operational,operational,2025-016S,2026-124Q,True
2026-09-04 00:00:00+00:00,QQ_diff_launch,62801,69414,27,11.50417113545016,13.373409623419402,14.476330844374985,83.14265050031246,operational,operational,2025-016S,2026-125P,True
2026-09-04 00:00:00+00:00,QQ_diff_launch,62802,68636,27,11.539586897130185,17.37418509551021,12.812724745992695,87.77940039930635,operational,operational,2025-016T,2026-075A,True
2026-09-04 00:00:00+00:00,QQ_diff_launch,62802,69404,28,13.352006973376334,15.039754769581936,14.467393459359776,82.60701941234626,operational,operational,2025-016T,2026-125D,True
2026-09-04 00:00:00+00:00,QQ_diff_launch,63169,69856,1,7.859852866830824,7.859852866830824,12.959617320899783,87.81457822199948,stranded,ascent,2025-046L,2026-155J,False
2026-09-04 00:00:00+00:00,QQ_diff_launch,66034,69404,27,2.670842615674335,3.879772812234879,12.872218220372291,87.86056576451308,operational,operational,2025-233B,2026-125D,True
2026-09-04 00:00:00+00:00,QQ_diff_launch,66035,69405,27,2.3522081430006807,4.055989710379361,12.846813118968825,87.85874947545402,operational,operational,2025-233C,2026-125E,True
2026-09-04 00:00:00+00:00,QQ_diff_launch,66039,69387,1,12.145904591058006,12.145904591058006,5.181592669605046,88.92203124245698,operational,operational,2025-233G,2026-124F,False
2026-09-04 00:00:00+00:00,QQ_diff_launch,66039,69408,27,15.31997644253352,17.084085733157007,12.845439269417357,88.0071244971508,operational,operational,2025-233G,2026-125H,True
2026-09-04 00:00:00+00:00,QQ_diff_launch,66040,69410,27,0.1627772422066631,1.1567789355585536,12.828395249233008,87.88910685655323,operational,operational,2025-233H,2026-125K,True
2026-09-04 00:00:00+00:00,QQ_diff_launch,66041,69407,27,7.025240908975278,8.090265218164113,12.845931829820673,87.94370734767753,operational,operational,2025-233J,2026-125G,True
2026-09-04 00:00:00+00:00,QQ_diff_launch,66042,69857,1,17.064753308416858,17.064753308416858,2.564221269906654,88.9976745258414,operational,ascent,2025-233K,2026-155K,False
2026-09-04 00:00:00+00:00,QQ_diff_launch,68636,69858,1,19.936288885248775,19.936288885248775,11.376010852435332,88.47248202236055,operational,ascent,2026-075A,2026-155L,False
2026-09-04 00:00:00+00:00,QQ_diff_launch,68638,69383,27,0.31508038454817555,0.36138591993778296,5.093743462221738,88.9314192171304,operational,operational,2026-075C,2026-124B,True
2026-09-04 00:00:00+00:00,QQ_diff_launch,68639,69399,27,7.309349572280542,8.493476551590568,5.079663267685403,88.91712691531141,operational,operational,2026-075D,2026-124T,True
2026-09-04 00:00:00+00:00,QQ_diff_launch,68640,69385,27,14.021797140031422,14.499548286579552,5.079747613958281,88.90900962143589,operational,operational,2026-075E,2026-124D,True
2026-09-04 00:00:00+00:00,QQ_diff_launch,68643,69856,1,16.329391975675133,16.329391975675133,11.381678996296039,88.35850692848122,operational,ascent,2026-075H,2026-155J,False
2026-09-04 00:00:00+00:00,QQ_diff_launch,68643,69859,1,8.565810912952053,8.565810912952053,11.380554754606486,88.37394064650762,operational,ascent,2026-075H,2026-155M,False
2026-09-04 00:00:00+00:00,QQ_diff_launch,68644,69852,1,9.289888166505783,9.289888166505783,11.375120290056296,88.3561366133151,operational,ascent,2026-075J,2026-155E,False
2026-09-04 00:00:00+00:00,QQ_diff_launch,68646,69390,27,0.4856553087408791,2.157018544392524,5.075711130821089,88.92929556153646,operational,operational,2026-075L,2026-124J,True
2026-09-04 00:00:00+00:00,QQ_diff_launch,68648,69397,27,8.579824674297711,12.174068566528305,5.082428044837199,88.94043753585515,operational,operational,2026-075N,2026-124R,True
2026-09-04 00:00:00+00:00,QQ_diff_launch,68651,69393,27,0.42749207593441224,1.140465956858542,5.087673929082944,88.92824685527891,operational,operational,2026-075R,2026-124M,True
2026-09-04 00:00:00+00:00,QQ_diff_launch,69073,69108,27,6.9928044656900585,8.040758371619923,5.096425657994493,88.94788497921597,operational,operational,2026-104A,2026-108E,True
2026-09-04 00:00:00+00:00,QQ_diff_launch,69074,69109,27,0.2215106149926775,2.1800531283247584,5.075469956898912,88.93986013850545,operational,operational,2026-104B,2026-108F,True
2026-09-04 00:00:00+00:00,QQ_diff_launch,69077,69857,1,9.080270913059827,9.080270913059827,9.57115587704204,88.70169887995964,operational,ascent,2026-104E,2026-155K,False
2026-09-04 00:00:00+00:00,QQ_diff_launch,69078,69858,1,14.606331082473005,14.606331082473005,9.567294322119453,88.67932273954834,operational,ascent,2026-104F,2026-155L,False
2026-09-04 00:00:00+00:00,QQ_diff_launch,69080,69854,1,16.309015433604074,16.309015433604074,9.563327651115596,88.68199898272948,operational,ascent,2026-104H,2026-155G,False
2026-09-04 00:00:00+00:00,QQ_diff_launch,69081,69852,1,13.174374259833147,13.174374259833147,9.57033280646995,88.71585172203882,operational,ascent,2026-104J,2026-155E,False
2026-09-04 00:00:00+00:00,QQ_diff_launch,69085,69110,27,1.175511648426356,3.582868533621953,5.0818803764220855,88.93215126221915,operational,operational,2026-104N,2026-108G,True
2026-09-04 00:00:00+00:00,QQ_diff_launch,69086,69115,27,12.923946487795517,13.301332780771558,5.09106737932166,88.91941216222122,operational,operational,2026-104P,2026-108M,True
2026-09-04 00:00:00+00:00,QQ_diff_launch,69088,69855,1,13.971164428688502,13.971164428688502,9.575113162887098,88.62692047007376,operational,ascent,2026-104R,2026-155H,False
2026-09-04 00:00:00+00:00,QQ_diff_launch,69089,69865,1,19.883970608461507,19.883970608461507,9.575253387834747,88.73112885864406,operational,ascent,2026-104S,2026-155T,False
2026-09-04 00:00:00+00:00,QQ_diff_launch,69110,69851,1,12.444098852781627,12.444098852781627,5.138124908896405,88.93592314429793,operational,ascent,2026-108G,2026-155D,False
2026-09-04 00:00:00+00:00,QQ_diff_launch,69120,69855,1,10.515804629710978,10.515804629710978,5.150736011438299,88.92790911624238,operational,ascent,2026-108S,2026-155H,False
2026-09-04 00:00:00+00:00,QQ_diff_launch,69325,69857,1,18.889026342293423,18.889026342293423,12.809697340688073,87.80834501909312,operational,ascent,2026-121A,2026-155K,False
2026-09-04 00:00:00+00:00,QQ_diff_launch,69392,69867,1,19.286414373430276,19.286414373430276,7.489794846523891,88.87820982469127,operational,ascent,2026-124L,2026-155V,False
2026-09-04 00:00:00+00:00,QQ_diff_launch,69396,69855,1,11.584338301846667,11.584338301846667,7.494832178087093,88.86487323111726,operational,ascent,2026-124Q,2026-155H,False
2026-09-04 00:00:00+00:00,QQ_diff_launch,69398,69859,1,14.052157437309615,14.052157437309615,7.485437145033292,88.81279167626988,operational,ascent,2026-124S,2026-155M,False
2026-09-04 00:00:00+00:00,QQ_diff_launch,69403,69856,1,18.741456760305653,18.741456760305653,13.860284014969583,86.62122876727014,operational,ascent,2026-125C,2026-155J,False
2026-09-04 00:00:00+00:00,QQ_diff_launch,69409,69851,1,3.9626783462978294,3.9626783462978294,13.851828346889485,86.78987444385972,operational,ascent,2026-125J,2026-155D,False
2026-09-04 00:00:00+00:00,QQ_diff_launch,69409,69862,1,11.417125102928358,11.417125102928358,13.856392863087887,86.7599078328132,operational,ascent,2026-125J,2026-155Q,False
2026-09-04 00:00:00+00:00,QQ_diff_launch,69412,69867,1,9.50438329152306,9.50438329152306,13.859301169151545,86.90361060200898,operational,ascent,2026-125M,2026-155V,False
2026-09-04 00:00:00+00:00,QQ_diff_launch,69417,69860,1,16.615095476908337,16.615095476908337,13.862359298010041,86.76580814166061,operational,ascent,2026-125S,2026-155N,False
2026-09-04 00:00:00+00:00,QQ_same_launch,69802,69812,1,14.087564812565795,14.087564812565795,0.006428877690626533,74.83414541797606,drift,drift,2026-153C,2026-153N,False
2026-09-04 00:00:00+00:00,QQ_same_launch,69803,69804,1,13.866731934938633,13.866731934938633,0.006027866043246044,36.847816864237274,drift,drift,2026-153D,2026-153E,False
2026-09-04 00:00:00+00:00,QQ_same_launch,69807,69813,1,19.10656663321197,19.10656663321197,0.011103978589266372,51.94566531014687,ascent,drift,2026-153H,2026-153P,False
2026-09-04 00:00:00+00:00,QQ_same_launch,69808,69811,1,17.4738144173567,17.4738144173567,0.010411684319237067,49.411087104136875,drift,drift,2026-153J,2026-153M,False
2026-09-04 00:00:00+00:00,QQ_same_launch,69812,69813,1,11.342880525761018,11.342880525761018,0.00650544154208931,46.717212488152654,drift,drift,2026-153N,2026-153P,False
2026-09-04 00:00:00+00:00,QQ_same_launch,69855,69860,1,9.763015980197014,9.763015980197014,0.0057002844323944864,87.69914519810386,ascent,ascent,2026-155H,2026-155N,False
2026-09-07 00:00:00+00:00,QQ_diff_launch,60386,68652,13,10.82095296644819,11.337985581688047,5.15397281701034,88.9179924782256,operational,operational,2024-140H,2026-075S,False
2026-09-07 00:00:00+00:00,QQ_diff_launch,60386,69396,13,12.166779904970653,12.367997070278236,9.593992056061023,88.62578383912955,operational,operational,2024-140H,2026-124Q,False
2026-09-07 00:00:00+00:00,QQ_diff_launch,60388,68647,14,9.410543902870733,9.545148320954645,5.2012874252005945,88.90574077663683,operational,operational,2024-140K,2026-075M,True
2026-09-07 00:00:00+00:00,QQ_diff_launch,60389,69384,27,10.60264251148003,13.846266506248597,9.619227747990069,88.68947963248945,operational,operational,2024-140L,2026-124C,True
2026-09-07 00:00:00+00:00,QQ_diff_launch,60390,69388,14,14.162701020279366,15.482475179620517,9.59933934269695,88.6090496281576,operational,operational,2024-140M,2026-124G,True
2026-09-07 00:00:00+00:00,QQ_diff_launch,60391,68653,14,7.138567988021857,8.24620736538083,5.109412764890475,88.93118823268206,operational,operational,2024-140N,2026-075T,True
2026-09-07 00:00:00+00:00,QQ_diff_launch,60392,68644,14,16.234846089216507,16.712461094369893,5.158322007150616,88.92426603912381,operational,operational,2024-140P,2026-075J,True
2026-09-07 00:00:00+00:00,QQ_diff_launch,60392,69389,14,9.917926398733995,11.032803714924444,9.60140651950977,88.68428595123396,operational,operational,2024-140P,2026-124H,True
2026-09-07 00:00:00+00:00,QQ_diff_launch,60392,69851,1,16.02427287682831,16.02427287682831,13.863520511470385,86.63504148102251,operational,drift,2024-140P,2026-155D,False
2026-09-07 00:00:00+00:00,QQ_diff_launch,60393,68646,13,14.792083500936348,15.522700059106766,5.139977624342231,88.92463078154793,operational,operational,2024-140Q,2026-075L,False
2026-09-07 00:00:00+00:00,QQ_diff_launch,60394,68641,14,14.543335723040952,14.757384397086685,5.142386104470027,88.92461855055451,operational,operational,2024-140R,2026-075F,True
2026-09-07 00:00:00+00:00,QQ_diff_launch,60395,69386,14,8.265841266121907,8.27837399945397,9.582557636274693,88.67770826209934,operational,operational,2024-140S,2026-124E,True
2026-09-07 00:00:00+00:00,QQ_diff_launch,60396,68648,13,7.729883603919127,7.889346008678715,5.189802739102215,88.90724779039304,operational,operational,2024-140T,2026-075N,False
2026-09-07 00:00:00+00:00,QQ_diff_launch,60396,69397,27,12.59089304078243,15.986885021950048,9.591707585963968,88.61126481754336,operational,operational,2024-140T,2026-124R,True
2026-09-07 00:00:00+00:00,QQ_diff_launch,61552,69804,1,17.687484883988876,17.687484883988876,6.751344054240449,88.84464309873357,stranded,drift,2024-185A,2026-153E,False
2026-09-07 00:00:00+00:00,QQ_diff_launch,61553,69809,2,11.366642071768151,13.428203629831643,6.827257026478231,88.88162992466837,stranded,drift,2024-185B,2026-153K,False
2026-09-07 00:00:00+00:00,QQ_diff_launch,61562,69856,1,19.47510547883904,19.47510547883904,0.1928948933265494,88.33819563773108,operational,ascent,2024-185L,2026-155J,False
2026-09-07 00:00:00+00:00,QQ_diff_launch,61564,62793,1,19.473495895837214,19.473495895837214,2.86999228068266,88.94358874622822,stranded,operational,2024-185N,2025-016J,False
2026-09-07 00:00:00+00:00,QQ_diff_launch,61569,69417,1,19.211369561592573,19.211369561592573,13.823539729798025,86.79587890457343,stranded,operational,2024-185T,2026-125S,False
2026-09-07 00:00:00+00:00,QQ_diff_launch,62239,63162,13,14.419354476558556,15.105401650580914,9.616447424312955,88.6083645085211,operational,operational,2024-232C,2025-046D,False
2026-09-07 00:00:00+00:00,QQ_diff_launch,62247,63160,9,18.450313873569556,19.142201571882406,9.603805535471418,88.59399589517265,operational,operational,2024-232L,2025-046B,False
2026-09-07 00:00:00+00:00,QQ_diff_launch,62785,68645,27,12.007854047759045,12.279742467102064,12.823539114913181,87.87003668407665,operational,operational,2025-016A,2026-075K,True
2026-09-07 00:00:00+00:00,QQ_diff_launch,62786,69382,27,10.73892508304227,11.578409282212965,9.562424676711315,88.6511342264318,operational,operational,2025-016B,2026-124A,True
2026-09-07 00:00:00+00:00,QQ_diff_launch,62786,69415,27,13.840512769454342,14.302743041841023,14.45993341209783,83.16666653305357,operational,operational,2025-016B,2026-125Q,True
2026-09-07 00:00:00+00:00,QQ_diff_launch,62787,68646,27,1.8316639272351498,2.880928799382795,12.845245390688891,87.84726570848561,operational,operational,2025-016C,2026-075L,True
2026-09-07 00:00:00+00:00,QQ_diff_launch,62787,69407,27,9.840766111096407,10.905749514498408,14.48826423123368,82.53632218158349,operational,operational,2025-016C,2026-125G,True
2026-09-07 00:00:00+00:00,QQ_diff_launch,62788,69401,27,9.3230351482735,9.486328029483534,14.45821769155213,82.86693665296347,operational,operational,2025-016D,2026-125A,True
2026-09-07 00:00:00+00:00,QQ_diff_launch,62789,69410,27,9.198642581214962,9.408690010177823,14.476397421825968,82.91486176037573,operational,operational,2025-016E,2026-125K,True
2026-09-07 00:00:00+00:00,QQ_diff_launch,62789,69854,1,16.819081196098576,16.819081196098576,2.5541030330029333,88.96567571522282,operational,drift,2025-016E,2026-155G,False
2026-09-07 00:00:00+00:00,QQ_diff_launch,62790,69416,27,13.976211601758024,14.202200990837687,14.46105735007081,83.13544017812166,operational,operational,2025-016F,2026-125R,True
2026-09-07 00:00:00+00:00,QQ_diff_launch,62791,69408,27,10.109988952819442,10.566564209352368,14.480767920654387,82.8582914609133,operational,operational,2025-016G,2026-125H,True
2026-09-07 00:00:00+00:00,QQ_diff_launch,62792,69406,27,11.088805241523495,11.525808032346342,14.474757321384473,82.79642098495411,operational,operational,2025-016H,2026-125F,True
2026-09-07 00:00:00+00:00,QQ_diff_launch,62793,69412,27,10.61595135855835,10.863453690002641,14.461112850739502,82.96849548165883,operational,operational,2025-016J,2026-125M,True
2026-09-07 00:00:00+00:00,QQ_diff_launch,62794,68637,16,15.7053630000396,15.807474787673566,12.807216463422282,87.95702213565406,operational,operational,2025-016K,2026-075B,True
2026-09-07 00:00:00+00:00,QQ_diff_launch,62794,69386,3,19.829151530436516,19.902323551935698,9.57368740688392,88.59972597797262,operational,operational,2025-016K,2026-124E,False
2026-09-07 00:00:00+00:00,QQ_diff_launch,62794,69405,27,14.183726316685965,14.882600725433711,14.474407874971996,82.62207490230976,operational,operational,2025-016K,2026-125E,True
2026-09-07 00:00:00+00:00,QQ_diff_launch,62795,69402,14,18.948062594705103,19.006452235715283,14.45873864126159,83.35135330224173,operational,operational,2025-016L,2026-125B,True
2026-09-07 00:00:00+00:00,QQ_diff_launch,62795,69859,1,19.486309303136835,19.486309303136835,2.545128225535568,88.96415342634883,operational,ascent,2025-016L,2026-155M,False
2026-09-07 00:00:00+00:00,QQ_diff_launch,62796,69418,27,17.0700617949152,18.091648634605043,14.474061251808779,83.30106418935083,operational,operational,2025-016M,2026-125T,True
2026-09-07 00:00:00+00:00,QQ_diff_launch,62797,69391,27,11.763234587614464,12.69608336142518,9.57466305142962,88.63258609069777,operational,operational,2025-016N,2026-124K,True
2026-09-07 00:00:00+00:00,QQ_diff_launch,62797,69409,27,13.609666574106287,14.86426232702561,14.474567565144575,83.19519002308955,operational,operational,2025-016N,2026-125J,True
2026-09-07 00:00:00+00:00,QQ_diff_launch,62798,69398,27,10.865168205905825,10.930470200546095,9.579517518002973,88.66176515687766,operational,operational,2025-016P,2026-124S,True
2026-09-07 00:00:00+00:00,QQ_diff_launch,62798,69403,27,14.226300077645504,15.41694293343744,14.476202547474175,83.17943573588578,operational,operational,2025-016P,2026-125C,True
2026-09-07 00:00:00+00:00,QQ_diff_launch,62799,69411,20,18.381222763535803,18.413879505100578,14.45856958511932,83.33856041738139,operational,operational,2025-016Q,2026-125L,True
2026-09-07 00:00:00+00:00,QQ_diff_launch,62800,69417,27,14.38216491944969,14.478019942627869,14.463466060737652,83.0886770218275,operational,operational,2025-016R,2026-125S,True
2026-09-07 00:00:00+00:00,QQ_diff_launch,62801,69396,14,11.569629924783618,11.778627224548561,9.578408396015591,88.67020021930009,operational,operational,2025-016S,2026-124Q,True
2026-09-07 00:00:00+00:00,QQ_diff_launch,62801,69414,27,11.531747377857947,11.540154889913872,14.461098457874236,83.0436318591882,operational,operational,2025-016S,2026-125P,True
2026-09-07 00:00:00+00:00,QQ_diff_launch,62802,68636,27,12.433180243253359,12.715640643357139,12.82354122566589,87.88046899111811,operational,operational,2025-016T,2026-075A,True
2026-09-07 00:00:00+00:00,QQ_diff_launch,62802,69404,27,13.36798243455313,15.5635271437462,14.461293170745076,82.63322647164125,operational,operational,2025-016T,2026-125D,True
2026-09-07 00:00:00+00:00,QQ_diff_launch,62802,69852,1,8.674649566342095,8.674649566342095,2.5482931357528193,88.9634343845143,operational,ascent,2025-016T,2026-155E,False
2026-09-07 00:00:00+00:00,QQ_diff_launch,66034,69404,27,5.888991654571991,7.586306282379978,12.841564316094953,87.8341294252957,operational,operational,2025-233B,2026-125D,True
2026-09-07 00:00:00+00:00,QQ_diff_launch,66035,69405,27,7.954905079732045,9.03650173867182,12.877995867077743,87.82332375613613,operational,operational,2025-233C,2026-125E,True
2026-09-07 00:00:00+00:00,QQ_diff_launch,66036,69857,1,18.913817051747966,18.913817051747966,2.5657375692152042,88.99330218892727,operational,ascent,2025-233D,2026-155K,False
2026-09-07 00:00:00+00:00,QQ_diff_launch,66040,69410,27,6.967833246833347,8.373258762440365,12.858522228957693,87.83785781556878,operational,operational,2025-233H,2026-125K,True
2026-09-07 00:00:00+00:00,QQ_diff_launch,66040,69851,1,7.88114013472031,7.88114013472031,2.5942866184275233,88.98552367039444,operational,drift,2025-233H,2026-155D,False
2026-09-07 00:00:00+00:00,QQ_diff_launch,66041,69407,27,1.074294415880188,2.231667176621646,12.876176851467635,87.90209969371764,operational,operational,2025-233J,2026-125G,True
2026-09-07 00:00:00+00:00,QQ_diff_launch,68638,69383,27,0.3179587276410441,0.3623670606917813,5.082340654099997,88.93118122176269,operational,operational,2026-075C,2026-124B,True
2026-09-07 00:00:00+00:00,QQ_diff_launch,68639,69399,27,2.8307043834311556,4.119290051721497,5.092563328300065,88.92320021091575,operational,operational,2026-075D,2026-124T,True
2026-09-07 00:00:00+00:00,QQ_diff_launch,68640,69385,27,10.719838981116366,11.311975274451493,5.092424036315165,88.91373015567768,operational,operational,2026-075E,2026-124D,True
2026-09-07 00:00:00+00:00,QQ_diff_launch,68646,69390,27,6.062957888648453,6.810900679015618,5.0884190429249445,88.93866231824879,operational,operational,2026-075L,2026-124J,True
2026-09-07 00:00:00+00:00,QQ_diff_launch,68648,69397,10,15.726012911986105,17.732673700438593,5.085004485028956,88.90433320545463,operational,operational,2026-075N,2026-124R,False
2026-09-07 00:00:00+00:00,QQ_diff_launch,68650,69867,1,18.905322545018,18.905322545018,11.383201105919003,88.421909920459,operational,ascent,2026-075Q,2026-155V,False
2026-09-07 00:00:00+00:00,QQ_diff_launch,68651,69393,27,8.28377412642497,10.270692893645556,5.076029483569193,88.91497557732288,operational,operational,2026-075R,2026-124M,True
2026-09-07 00:00:00+00:00,QQ_diff_launch,68651,69413,1,14.33131479414254,14.33131479414254,5.120182873176838,88.90744499166004,operational,operational,2026-075R,2026-125N,False
2026-09-07 00:00:00+00:00,QQ_diff_launch,68653,69857,1,18.79826714112,18.79826714112,11.38408864362719,88.42404810292311,operational,ascent,2026-075T,2026-155K,False
2026-09-07 00:00:00+00:00,QQ_diff_launch,69073,69108,27,2.2686226082980165,3.3286002839866207,5.085129796454834,88.94218947944927,operational,operational,2026-104A,2026-108E,True
2026-09-07 00:00:00+00:00,QQ_diff_launch,69074,69109,27,8.84523556876635,9.141515566721727,5.088293363881085,88.94829692875717,operational,operational,2026-104B,2026-108F,True
2026-09-07 00:00:00+00:00,QQ_diff_launch,69084,69413,1,15.41335328164822,15.41335328164822,7.460361783272202,88.84953664339348,operational,operational,2026-104M,2026-125N,False
2026-09-07 00:00:00+00:00,QQ_diff_launch,69085,69110,27,10.059116806382171,11.092944826606216,5.094910726750266,88.92174325387468,operational,operational,2026-104N,2026-108G,True
2026-09-07 00:00:00+00:00,QQ_diff_launch,69086,69115,27,11.796596082097878,12.915791332931512,5.0802409696698625,88.92003911429653,operational,operational,2026-104P,2026-108M,True
2026-09-07 00:00:00+00:00,QQ_diff_launch,69087,69121,5,19.10387468356737,19.48939493218143,5.078647889649572,88.95922379318563,operational,operational,2026-104Q,2026-108T,False
2026-09-07 00:00:00+00:00,QQ_diff_launch,69113,69851,1,10.052811627461766,10.052811627461766,5.139008653479668,88.93370732477037,operational,drift,2026-108K,2026-155D,False
2026-09-07 00:00:00+00:00,QQ_diff_launch,69326,69848,1,13.77779468645946,13.77779468645946,12.810849495324504,87.90335538093598,operational,ascent,2026-121B,2026-155A,False
2026-09-07 00:00:00+00:00,QQ_diff_launch,69388,69854,1,11.798670688660225,11.798670688660225,7.490858089448649,88.82272846068507,operational,drift,2026-124G,2026-155G,False
2026-09-07 00:00:00+00:00,QQ_diff_launch,69393,69413,1,12.946559963702615,12.946559963702615,9.56485404176588,88.69825879993657,operational,operational,2026-124M,2026-125N,False
2026-09-07 00:00:00+00:00,QQ_diff_launch,69406,69851,1,14.179037961177297,14.179037961177297,13.858460732453377,86.95153529336874,operational,drift,2026-125F,2026-155D,False
2026-09-07 00:00:00+00:00,QQ_diff_launch,69407,69854,1,17.79195941377661,17.79195941377661,13.858207503524346,86.6108527475683,operational,drift,2026-125G,2026-155G,False
2026-09-07 00:00:00+00:00,QQ_diff_launch,69410,69851,1,6.528374008616527,6.528374008616527,13.857562975030794,86.8360284411382,operational,drift,2026-125K,2026-155D,False
2026-09-07 00:00:00+00:00,QQ_diff_launch,69414,69848,1,13.080888158404587,13.080888158404587,13.859063144965553,86.83702250091973,operational,ascent,2026-125P,2026-155A,False
2026-09-07 00:00:00+00:00,QQ_same_launch,69811,69814,1,16.13978928989761,16.13978928989761,0.007877439701070556,4.312005724343958,drift,drift,2026-153M,2026-153Q,False
2026-09-07 00:00:00+00:00,QQ_same_launch,69860,69865,1,7.685259868214298,7.685259868214298,0.0045446460184872415,63.71619727525279,ascent,ascent,2026-155N,2026-155T,False
2026-09-07 00:00:00+00:00,QQ_same_launch,69861,69862,2,0.4523637554542305,5.236902612872744,0.0074140727524712605,6.440835423938351,ascent,ascent,2026-155P,2026-155Q,False
2026-09-10 00:00:00+00:00,QQ_diff_launch,60386,68652,14,9.256293793098083,9.272537088007319,5.1551672868738345,88.90978173331149,operational,operational,2024-140H,2026-075S,True
2026-09-10 00:00:00+00:00,QQ_diff_launch,60386,69396,14,13.009568159728829,13.14622460442462,9.59592589324238,88.62623810800716,operational,operational,2024-140H,2026-124Q,True
2026-09-10 00:00:00+00:00,QQ_diff_launch,60388,68647,27,10.193993228389166,10.380064820601815,5.2018519934600835,88.90515506587143,operational,operational,2024-140K,2026-075M,True
2026-09-10 00:00:00+00:00,QQ_diff_launch,60389,69384,13,7.915563580716097,8.173438115064174,9.588043750420745,88.65507661136618,operational,operational,2024-140L,2026-124C,False
2026-09-10 00:00:00+00:00,QQ_diff_launch,60391,68653,13,14.683125196854492,15.851506564983223,5.1089015053759885,88.94103438638614,operational,operational,2024-140N,2026-075T,False
2026-09-10 00:00:00+00:00,QQ_diff_launch,60392,68644,21,19.0334403417673,19.552187239235337,5.1595538811900425,88.92627470152271,operational,operational,2024-140P,2026-075J,True
2026-09-10 00:00:00+00:00,QQ_diff_launch,60392,69389,27,12.461307338733938,15.115361721387023,9.571185696078222,88.62476641537441,operational,operational,2024-140P,2026-124H,True
2026-09-10 00:00:00+00:00,QQ_diff_launch,60393,61564,1,19.133138333396648,19.133138333396648,13.819456360498746,86.77450030767855,operational,stranded,2024-140Q,2024-185N,False
2026-09-10 00:00:00+00:00,QQ_diff_launch,60393,69858,1,10.162869248472713,10.162869248472713,13.855704822729956,86.63672189078613,operational,ascent,2024-140Q,2026-155L,False
2026-09-10 00:00:00+00:00,QQ_diff_launch,60394,68641,27,15.820390904627086,18.435904659278712,5.1269807284982125,88.88150815969038,operational,operational,2024-140R,2026-075F,True
2026-09-10 00:00:00+00:00,QQ_diff_launch,60394,69853,1,19.061617945049214,19.061617945049214,13.854451527427688,86.55950971131485,operational,ascent,2024-140R,2026-155F,False
2026-09-10 00:00:00+00:00,QQ_diff_launch,60395,69386,13,8.45568205506186,8.506340978934231,9.584507167760954,88.67292987506121,operational,operational,2024-140S,2026-124E,False
2026-09-10 00:00:00+00:00,QQ_diff_launch,60395,69860,1,9.922226822118697,9.922226822118697,13.850763105577153,86.79753411946211,operational,ascent,2024-140S,2026-155N,False
2026-09-10 00:00:00+00:00,QQ_diff_launch,60396,68648,14,8.749560604426785,8.891178240444347,5.190866619946787,88.90725493127083,operational,operational,2024-140T,2026-075N,True
2026-09-10 00:00:00+00:00,QQ_diff_launch,60396,69397,27,10.764765771856196,13.716511284547115,9.626098878622187,88.68639909928966,operational,operational,2024-140T,2026-124R,True
2026-09-10 00:00:00+00:00,QQ_diff_launch,61556,69817,2,11.105145225641728,12.127015259564281,6.74886772417843,88.88298199875351,stranded,ascent,2024-185E,2026-153T,False
2026-09-10 00:00:00+00:00,QQ_diff_launch,61562,69851,1,14.127218147402472,14.127218147402472,0.1962934494600715,88.4867458601358,operational,drift,2024-185L,2026-155D,False
2026-09-10 00:00:00+00:00,QQ_diff_launch,61569,63170,1,8.300998249614508,8.300998249614508,12.745174026588787,87.8701782004183,stranded,operational,2024-185T,2025-046M,False
2026-09-10 00:00:00+00:00,QQ_diff_launch,61569,68645,1,19.30208899584652,19.30208899584652,11.22686657346931,88.40650125251477,stranded,operational,2024-185T,2026-075K,False
2026-09-10 00:00:00+00:00,QQ_diff_launch,62238,69413,1,16.76375059453573,16.76375059453573,11.399728353003946,88.34167947102122,operational,excursion,2024-232B,2026-125N,False
2026-09-10 00:00:00+00:00,QQ_diff_launch,62239,63162,14,8.703856025308514,9.666224080525247,9.6182023535744,88.62694499141782,operational,operational,2024-232C,2025-046D,True
2026-09-10 00:00:00+00:00,QQ_diff_launch,62244,63176,14,11.644604308118334,13.074618042535667,9.586339054748253,88.61365333652668,operational,operational,2024-232H,2025-046T,True
2026-09-10 00:00:00+00:00,QQ_diff_launch,62245,69855,1,19.919305034177654,19.919305034177654,5.102705367665218,88.93022167241035,operational,drift,2024-232J,2026-155H,False
2026-09-10 00:00:00+00:00,QQ_diff_launch,62247,63160,14,11.983741005186156,12.879240986322852,9.60436662819912,88.62147509691789,operational,operational,2024-232L,2025-046B,True
2026-09-10 00:00:00+00:00,QQ_diff_launch,62247,69865,1,19.71727913172746,19.71727913172746,5.073144921007489,88.91461758501067,operational,ascent,2024-232L,2026-155T,False
2026-09-10 00:00:00+00:00,QQ_diff_launch,62251,63165,5,19.063993780507225,19.46288589827899,9.575532970781762,88.59217169119162,operational,operational,2024-232Q,2025-046G,False
2026-09-10 00:00:00+00:00,QQ_diff_launch,62251,69861,2,8.788335846111176,11.791465100675985,5.087384865288687,88.94544060431483,operational,ascent,2024-232Q,2026-155P,False
2026-09-10 00:00:00+00:00,QQ_diff_launch,62253,69851,1,19.869045198084144,19.869045198084144,5.102115785422629,88.95175285059639,operational,drift,2024-232S,2026-155D,False
2026-09-10 00:00:00+00:00,QQ_diff_launch,62785,68645,27,12.866355582101109,15.197614020102243,12.833186175984721,87.92325586000423,operational,operational,2025-016A,2026-075K,True
2026-09-10 00:00:00+00:00,QQ_diff_launch,62786,69382,13,12.25535472487199,13.076180171077924,9.561472726930067,88.67929914707435,operational,operational,2025-016B,2026-124A,False
2026-09-10 00:00:00+00:00,QQ_diff_launch,62786,69415,27,15.289879971695248,16.513250202038943,14.473334969804194,83.23480807922321,operational,operational,2025-016B,2026-125Q,True
2026-09-10 00:00:00+00:00,QQ_diff_launch,62787,68646,27,7.029172710051702,8.638978001208205,12.812999661276502,87.80646068727525,operational,operational,2025-016C,2026-075L,True
2026-09-10 00:00:00+00:00,QQ_diff_launch,62787,69407,27,10.153631709098132,10.264621372031048,14.453045386932386,82.55694302863829,operational,operational,2025-016C,2026-125G,True
2026-09-10 00:00:00+00:00,QQ_diff_launch,62787,69858,1,18.060062083605356,18.060062083605356,2.5703186818746167,88.9583381681838,operational,ascent,2025-016C,2026-155L,False
2026-09-10 00:00:00+00:00,QQ_diff_launch,62788,69401,27,10.173500864359186,10.362620289555096,14.47342055897958,82.8366946603165,operational,operational,2025-016D,2026-125A,True
2026-09-10 00:00:00+00:00,QQ_diff_launch,62789,69410,27,9.966448305258666,10.067387815381922,14.46099083698728,82.85555172476062,operational,operational,2025-016E,2026-125K,True
2026-09-10 00:00:00+00:00,QQ_diff_launch,62790,69416,27,14.680660985637779,15.245028101361624,14.473603693324508,83.16162377231468,operational,operational,2025-016F,2026-125R,True
2026-09-10 00:00:00+00:00,QQ_diff_launch,62791,69387,10,19.924972077115818,19.95961930308149,9.61065690145989,88.6017809575188,operational,operational,2025-016G,2026-124F,False
2026-09-10 00:00:00+00:00,QQ_diff_launch,62791,69408,27,10.563593520960477,10.66162114980281,14.466632146731452,82.81144057410295,operational,operational,2025-016G,2026-125H,True
2026-09-10 00:00:00+00:00,QQ_diff_launch,62791,69853,1,17.128156844462378,17.128156844462378,2.5920473964621156,88.96101721210104,operational,ascent,2025-016G,2026-155F,False
2026-09-10 00:00:00+00:00,QQ_diff_launch,62792,69406,27,12.575033567716638,12.95209139121949,14.46237080324241,82.72836906392276,operational,operational,2025-016H,2026-125F,True
2026-09-10 00:00:00+00:00,QQ_diff_launch,62793,69392,14,19.650651792316925,19.801826517863603,9.580571243720248,88.60599561831955,operational,operational,2025-016J,2026-124L,True
2026-09-10 00:00:00+00:00,QQ_diff_launch,62793,69412,27,11.367590240784565,11.782036569225703,14.473926649889668,82.99237062343813,operational,operational,2025-016J,2026-125M,True
2026-09-10 00:00:00+00:00,QQ_diff_launch,62794,68637,27,15.088857835686081,15.301039666999316,12.8071305215356,87.94999984802561,operational,operational,2025-016K,2026-075B,True
2026-09-10 00:00:00+00:00,QQ_diff_launch,62794,69386,14,17.227939625779445,17.627603809036057,9.572481370379139,88.60984090543099,operational,operational,2025-016K,2026-124E,True
2026-09-10 00:00:00+00:00,QQ_diff_launch,62794,69405,27,12.34546848635656,12.721579465504918,14.459195184692227,82.72589230785219,operational,operational,2025-016K,2026-125E,True
2026-09-10 00:00:00+00:00,QQ_diff_launch,62794,69854,1,8.87414390706356,8.87414390706356,2.5407750948942223,88.96421541326804,operational,drift,2025-016K,2026-155G,False
2026-09-10 00:00:00+00:00,QQ_diff_launch,62794,69860,1,9.156313352909958,9.156313352909958,2.546333141196427,88.96265421708786,operational,ascent,2025-016K,2026-155N,False
2026-09-10 00:00:00+00:00,QQ_diff_launch,62795,69402,27,18.580213208646622,18.71235554804381,14.459126932510182,83.33693352517578,operational,operational,2025-016L,2026-125B,True
2026-09-10 00:00:00+00:00,QQ_diff_launch,62796,69418,27,17.91982982492402,17.985347033728214,14.460799833123618,83.28761870747185,operational,operational,2025-016M,2026-125T,True
2026-09-10 00:00:00+00:00,QQ_diff_launch,62797,69391,27,11.446954083738849,11.51938256553824,9.58245395981431,88.66452210855357,operational,operational,2025-016N,2026-124K,True
2026-09-10 00:00:00+00:00,QQ_diff_launch,62797,69409,27,13.800402718704648,13.827671956274475,14.460450364338072,83.14398881624237,operational,operational,2025-016N,2026-125J,True
2026-09-10 00:00:00+00:00,QQ_diff_launch,62798,69398,27,11.1767188510449,13.3400421575622,9.569697810220992,88.63467334237922,operational,operational,2025-016P,2026-124S,True
2026-09-10 00:00:00+00:00,QQ_diff_launch,62798,69403,27,15.469111628377727,15.833519535768234,14.462498258668216,83.17844690220213,operational,operational,2025-016P,2026-125C,True
2026-09-10 00:00:00+00:00,QQ_diff_launch,62799,69411,27,18.536634721029827,19.193650909082518,14.471145303898254,83.35191590749669,operational,operational,2025-016Q,2026-125L,True
2026-09-10 00:00:00+00:00,QQ_diff_launch,62800,69417,27,14.511707209673867,14.66621819319736,14.476066179026372,83.0885421372651,operational,operational,2025-016R,2026-125S,True
2026-09-10 00:00:00+00:00,QQ_diff_launch,62801,69396,27,12.57578895568931,17.8602459298683,9.585721128396127,88.69873674043698,operational,operational,2025-016S,2026-124Q,True
2026-09-10 00:00:00+00:00,QQ_diff_launch,62801,69414,27,11.615172336676151,12.057318596588678,14.474427742745497,83.02456600348644,operational,operational,2025-016S,2026-125P,True
2026-09-10 00:00:00+00:00,QQ_diff_launch,62802,68636,28,13.271118515548288,14.837606429534745,12.818011813762663,87.83865193753948,operational,operational,2025-016T,2026-075A,True
2026-09-10 00:00:00+00:00,QQ_diff_launch,62802,69404,27,13.55978729378622,13.62652889729745,14.47202126737629,82.76029590631464,operational,operational,2025-016T,2026-125D,True
2026-09-10 00:00:00+00:00,QQ_diff_launch,63160,69853,1,9.802137413240889,9.802137413240889,12.822985310796454,87.81020935386253,operational,ascent,2025-046B,2026-155F,False
2026-09-10 00:00:00+00:00,QQ_diff_launch,63160,69865,1,11.410167949219717,11.410167949219717,12.824764574422954,87.79438044913947,operational,ascent,2025-046B,2026-155T,False
2026-09-10 00:00:00+00:00,QQ_diff_launch,63165,69861,2,12.256536246157888,15.116508657750309,12.83941754271236,87.80590249625878,operational,ascent,2025-046G,2026-155P,False
2026-09-10 00:00:00+00:00,QQ_diff_launch,66034,69404,27,12.70128334706369,14.346495161686736,12.87255184749001,87.78589369761899,operational,operational,2025-233B,2026-125D,True
2026-09-10 00:00:00+00:00,QQ_diff_launch,66035,69405,27,12.766470132996549,13.872050484748602,12.847255364225996,87.78864962320081,operational,operational,2025-233C,2026-125E,True
2026-09-10 00:00:00+00:00,QQ_diff_launch,66039,69408,27,10.372168796382475,11.332588431253635,12.846068453594722,87.9670898127647,operational,operational,2025-233G,2026-125H,True
2026-09-10 00:00:00+00:00,QQ_diff_launch,66039,69865,1,18.908408535288913,18.908408535288913,2.553980667391163,88.99809222310833,operational,ascent,2025-233G,2026-155T,False
2026-09-10 00:00:00+00:00,QQ_diff_launch,66040,69410,27,7.431037793835445,7.8069063759664985,12.828807975240496,87.8419611534711,operational,operational,2025-233H,2026-125K,True
2026-09-10 00:00:00+00:00,QQ_diff_launch,66041,69407,27,7.296645855485803,8.101504774481032,12.8465411760194,87.94396540500321,operational,operational,2025-233J,2026-125G,True
2026-09-10 00:00:00+00:00,QQ_diff_launch,66049,69859,1,12.472057372269228,12.472057372269228,2.556457825877336,88.99200383412544,operational,ascent,2025-233S,2026-155M,False
2026-09-10 00:00:00+00:00,QQ_diff_launch,68638,69383,27,0.32949308256641757,0.3439960327720658,5.095168675176098,88.93087843250457,operational,operational,2026-075C,2026-124B,True
2026-09-10 00:00:00+00:00,QQ_diff_launch,68639,69399,27,0.5284269744898825,0.9226811099615538,5.080857574105532,88.92947309880492,operational,operational,2026-075D,2026-124T,True
2026-09-10 00:00:00+00:00,QQ_diff_launch,68640,69866,1,14.736010305404886,14.736010305404886,11.376292912599885,88.4586222596147,operational,ascent,2026-075E,2026-155U,False
2026-09-10 00:00:00+00:00,QQ_diff_launch,68646,69390,27,9.353220346941436,13.41357376589006,5.07702659627827,88.9105593537453,operational,operational,2026-075L,2026-124J,True
2026-09-10 00:00:00+00:00,QQ_diff_launch,68647,69848,1,9.267413504704733,9.267413504704733,11.378342027327893,88.39936939861812,operational,drift,2026-075M,2026-155A,False
2026-09-10 00:00:00+00:00,QQ_diff_launch,68648,69397,27,17.441945104137975,18.231428135388246,5.086413852791641,88.90246063236447,operational,operational,2026-075N,2026-124R,True
2026-09-10 00:00:00+00:00,QQ_diff_launch,68651,69393,21,17.197615838441102,18.875625857140424,5.076647085897235,88.90162101460028,operational,operational,2026-075R,2026-124M,True
2026-09-10 00:00:00+00:00,QQ_diff_launch,69073,69108,5,17.26465108337664,18.216415459102297,5.098201611556221,88.95934975943047,operational,operational,2026-104A,2026-108E,False
2026-09-10 00:00:00+00:00,QQ_diff_launch,69074,69109,27,10.102466558289256,10.305426001919361,5.077340487881868,88.9497022928979,operational,operational,2026-104B,2026-108F,True
2026-09-10 00:00:00+00:00,QQ_diff_launch,69080,69848,1,18.509704150442353,18.509704150442353,9.569165179372803,88.61942640354407,operational,drift,2026-104H,2026-155A,False
2026-09-10 00:00:00+00:00,QQ_diff_launch,69082,69858,1,2.65529440569926,2.65529440569926,9.566209730113073,88.669949478299,operational,ascent,2026-104K,2026-155L,False
2026-09-10 00:00:00+00:00,QQ_diff_launch,69083,69114,23,16.606472849682095,18.379975998892995,5.106497157967442,88.95887320981602,operational,operational,2026-104L,2026-108L,True
2026-09-10 00:00:00+00:00,QQ_diff_launch,69084,69117,27,13.437326380572808,16.650870391496593,5.087377716614802,88.91373066295228,operational,operational,2026-104M,2026-108P,True
2026-09-10 00:00:00+00:00,QQ_diff_launch,69085,69110,27,14.051164716595585,14.90735931404204,5.083824361228268,88.91628009090732,operational,operational,2026-104N,2026-108G,True
2026-09-10 00:00:00+00:00,QQ_diff_launch,69086,69115,27,10.869866568524296,11.125844580335658,5.093142517962062,88.92274344027952,operational,operational,2026-104P,2026-108M,True
2026-09-10 00:00:00+00:00,QQ_diff_launch,69087,69121,27,11.366169951772115,13.011300491389193,5.091663202733544,88.95252969227109,operational,operational,2026-104Q,2026-108T,True
2026-09-10 00:00:00+00:00,QQ_diff_launch,69088,69120,22,17.0171176934174,18.666129670459462,5.0886555278774575,88.91133908891031,operational,operational,2026-104R,2026-108S,True
2026-09-10 00:00:00+00:00,QQ_diff_launch,69105,69858,1,16.753242043274255,16.753242043274255,5.151854578636657,88.96702454373703,operational,ascent,2026-108B,2026-155L,False
2026-09-10 00:00:00+00:00,QQ_diff_launch,69109,69854,1,13.741518914639595,13.741518914639595,5.144077376607083,88.95561259353669,operational,drift,2026-108F,2026-155G,False
2026-09-10 00:00:00+00:00,QQ_diff_launch,69112,69860,1,13.454144066783536,13.454144066783536,5.137426072839279,88.92363865181758,operational,ascent,2026-108J,2026-155N,False
2026-09-10 00:00:00+00:00,QQ_diff_launch,69326,69859,1,9.01516339252062,9.01516339252062,12.806655222119188,87.87384528855208,operational,ascent,2026-121B,2026-155M,False
2026-09-10 00:00:00+00:00,QQ_diff_launch,69388,69855,1,17.759945274719303,17.759945274719303,7.489555045210785,88.8075977908657,operational,drift,2026-124G,2026-155H,False
2026-09-10 00:00:00+00:00,QQ_diff_launch,69391,69848,1,9.933184565094368,9.933184565094368,7.49188789385176,88.84813902124705,operational,drift,2026-124K,2026-155A,False
2026-09-10 00:00:00+00:00,QQ_diff_launch,69396,69859,1,17.00506464431018,17.00506464431018,7.495334709669852,88.87734179996552,operational,ascent,2026-124Q,2026-155M,False
2026-09-10 00:00:00+00:00,QQ_diff_launch,69397,69852,1,10.285200773418095,10.285200773418095,7.523043270108352,88.84147270053529,operational,ascent,2026-124R,2026-155E,False
2026-09-10 00:00:00+00:00,QQ_diff_launch,69402,69851,1,13.20884400675169,13.20884400675169,13.85995443053469,86.91838742550058,operational,drift,2026-125B,2026-155D,False
2026-09-10 00:00:00+00:00,QQ_diff_launch,69402,69867,1,14.67645729962647,14.67645729962647,13.862823406013852,86.82253075970185,operational,drift,2026-125B,2026-155V,False
2026-09-10 00:00:00+00:00,QQ_diff_launch,69408,69853,2,12.8000804673671,15.1326804602778,13.849412476079106,86.83468131307701,operational,ascent,2026-125H,2026-155F,False
2026-09-10 00:00:00+00:00,QQ_diff_launch,69408,69865,1,7.066101915199918,7.066101915199918,13.851749618211233,86.75200082668952,operational,ascent,2026-125H,2026-155T,False
2026-09-10 00:00:00+00:00,QQ_diff_launch,69414,69859,1,7.383242985730573,7.383242985730573,13.852513783077736,86.81804031701243,operational,ascent,2026-125P,2026-155M,False
2026-09-10 00:00:00+00:00,QQ_diff_launch,69415,69861,4,11.2115561254008,13.90381517134266,13.851563155263982,86.8980233481025,operational,ascent,2026-125Q,2026-155P,False
2026-09-10 00:00:00+00:00,QQ_diff_launch,69417,69856,1,9.849126210705004,9.849126210705004,13.851640056257121,86.8237622403526,operational,ascent,2026-125S,2026-155J,False
2026-09-10 00:00:00+00:00,QQ_diff_launch,69417,69862,1,7.707179803275944,7.707179803275944,13.857570171268668,86.71553325876867,operational,ascent,2026-125S,2026-155Q,False
2026-09-10 00:00:00+00:00,QQ_same_launch,69856,69862,1,11.294968360558517,11.294968360558517,0.005520728492554353,19.002108619857594,ascent,ascent,2026-155J,2026-155Q,False
2026-09-13 00:00:00+00:00,QQ_diff_launch,60384,69856,1,14.784847940274963,14.784847940274963,13.93327434695526,86.57582318215783,operational,ascent,2024-140F,2026-155J,False
2026-09-13 00:00:00+00:00,QQ_diff_launch,60386,68652,13,10.561250548204468,11.03234245083984,5.156291971736254,88.90067995049972,operational,operational,2024-140H,2026-075S,False
2026-09-13 00:00:00+00:00,QQ_diff_launch,60386,69396,13,13.88824457811071,13.969661351252975,9.597675303243197,88.62616832658912,operational,operational,2024-140H,2026-124Q,False
2026-09-13 00:00:00+00:00,QQ_diff_launch,60388,68647,27,10.739116113607738,12.887434603039686,5.222419032756392,88.91427768511168,operational,operational,2024-140K,2026-075M,True
2026-09-13 00:00:00+00:00,QQ_diff_launch,60389,69384,14,13.977372350824421,15.56673563659048,9.588710968434096,88.69065804106117,operational,operational,2024-140L,2026-124C,True
2026-09-13 00:00:00+00:00,QQ_diff_launch,60392,68644,13,13.892882162976504,14.615036810133509,5.142189795377918,88.88780901467649,operational,operational,2024-140P,2026-075J,False
2026-09-13 00:00:00+00:00,QQ_diff_launch,60392,69389,13,9.320548925595071,9.425918980580622,9.571457219928645,88.65671474409083,operational,operational,2024-140P,2026-124H,False
2026-09-13 00:00:00+00:00,QQ_diff_launch,60394,68641,27,14.891823769639737,17.005740673236858,5.144598351487132,88.92541617349906,operational,operational,2024-140R,2026-075F,True
2026-09-13 00:00:00+00:00,QQ_diff_launch,60395,69386,19,8.947294036267476,9.09371119082374,9.586226064719744,88.66803854520491,operational,operational,2024-140S,2026-124E,True
2026-09-13 00:00:00+00:00,QQ_diff_launch,60396,68648,27,9.588818102303682,16.265243586122672,5.1725072566236765,88.88649148946533,operational,operational,2024-140T,2026-075N,True
2026-09-13 00:00:00+00:00,QQ_diff_launch,60396,69397,27,10.632807493063341,10.709985771094887,9.592244260773384,88.64177881866414,operational,operational,2024-140T,2026-124R,True
2026-09-13 00:00:00+00:00,QQ_diff_launch,61558,69814,1,19.64469435401855,19.64469435401855,6.846998156662336,88.85039706261605,stranded,ascent,2024-185G,2026-153Q,False
2026-09-13 00:00:00+00:00,QQ_diff_launch,61562,66037,3,14.807222628805969,17.213010310385318,2.4326402041756534,88.97798925347139,operational,operational,2024-185L,2025-233E,False
2026-09-13 00:00:00+00:00,QQ_diff_launch,61563,62797,2,16.970646767124165,18.297300205533226,2.7854720152822123,88.93646417869041,operational,operational,2024-185M,2025-016N,False
2026-09-13 00:00:00+00:00,QQ_diff_launch,61563,63164,4,9.466140280062072,16.611308379169728,12.726454462830363,87.88461207026461,operational,operational,2024-185M,2025-046F,False
2026-09-13 00:00:00+00:00,QQ_diff_launch,61563,68647,4,3.1703515495495855,12.839367679412659,11.24286729562614,88.44238850320133,operational,operational,2024-185M,2026-075M,False
2026-09-13 00:00:00+00:00,QQ_diff_launch,61563,69391,3,10.119395373040573,10.785412366002662,7.288878569987968,88.81906388089875,operational,operational,2024-185M,2026-124K,False
2026-09-13 00:00:00+00:00,QQ_diff_launch,61565,62253,1,16.397944354902595,16.397944354902595,4.898457265317938,88.95094952838069,operational,operational,2024-185P,2024-232S,False
2026-09-13 00:00:00+00:00,QQ_diff_launch,61569,62250,1,19.991451412955747,19.991451412955747,4.860612658783284,88.91009471542631,stranded,operational,2024-185T,2024-232P,False
2026-09-13 00:00:00+00:00,QQ_diff_launch,61569,63174,1,16.712402456491002,16.712402456491002,12.75562090345707,88.01429193687797,stranded,operational,2024-185T,2025-046R,False
2026-09-13 00:00:00+00:00,QQ_diff_launch,61569,68642,1,14.306990652583584,14.306990652583584,11.249168406714311,88.41964204953824,stranded,operational,2024-185T,2026-075G,False
2026-09-13 00:00:00+00:00,QQ_diff_launch,61569,69392,1,15.562263100603163,15.562263100603163,7.289691457697042,88.85133126299706,stranded,operational,2024-185T,2026-124L,False
2026-09-13 00:00:00+00:00,QQ_diff_launch,61569,69412,1,14.454118389799643,14.454118389799643,13.818527204546191,86.94493208314148,stranded,operational,2024-185T,2026-125M,False
2026-09-13 00:00:00+00:00,QQ_diff_launch,62238,63171,14,16.465968529939293,18.15513854288644,9.606545101886852,88.59947539062469,operational,operational,2024-232B,2025-046N,True
2026-09-13 00:00:00+00:00,QQ_diff_launch,62239,63162,13,2.415328431806205,3.3254120868882313,9.619732194605827,88.64960281130391,operational,operational,2024-232C,2025-046D,False
2026-09-13 00:00:00+00:00,QQ_diff_launch,62244,63176,13,3.5786834041843765,4.586186710434043,9.587642206779204,88.64459923425773,operational,operational,2024-232H,2025-046T,False
2026-09-13 00:00:00+00:00,QQ_diff_launch,62245,63168,13,12.034972982696669,13.333834038139466,9.57878014300091,88.61346619271448,operational,operational,2024-232J,2025-046K,False
2026-09-13 00:00:00+00:00,QQ_diff_launch,62246,69866,1,17.726027726938366,17.726027726938366,5.102764686778017,88.93541548115356,operational,ascent,2024-232K,2026-155U,False
2026-09-13 00:00:00+00:00,QQ_diff_launch,62247,63160,13,8.894045848637115,8.973715173030264,9.60510903337109,88.6500746928071,operational,operational,2024-232L,2025-046B,False
2026-09-13 00:00:00+00:00,QQ_diff_launch,62249,69861,1,11.196083730249736,11.196083730249736,5.100816949743457,88.93552682038249,operational,ascent,2024-232N,2026-155P,False
2026-09-13 00:00:00+00:00,QQ_diff_launch,62251,63165,14,11.08475542349706,12.3212016661085,9.576710518595632,88.61762417331362,operational,operational,2024-232Q,2025-046G,True
2026-09-13 00:00:00+00:00,QQ_diff_launch,62252,63170,14,13.364928613160679,15.13938850141825,9.581051152806078,88.60679823696461,operational,operational,2024-232R,2025-046M,True
2026-09-13 00:00:00+00:00,QQ_diff_launch,62254,69852,1,18.90169943529188,18.90169943529188,5.106420278412141,88.93644103576379,operational,ascent,2024-232T,2026-155E,False
2026-09-13 00:00:00+00:00,QQ_diff_launch,62785,68645,27,13.78124509006516,14.075056921401577,12.823633357127257,87.90065107976774,operational,operational,2025-016A,2026-075K,True
2026-09-13 00:00:00+00:00,QQ_diff_launch,62785,69413,27,13.242756926169632,13.349802073829958,14.465862136637277,82.7294768285446,operational,operational,2025-016A,2026-125N,True
2026-09-13 00:00:00+00:00,QQ_diff_launch,62786,69382,4,19.325519441878654,19.63358771537954,9.560624271874241,88.7074817972208,operational,operational,2025-016B,2026-124A,False
2026-09-13 00:00:00+00:00,QQ_diff_launch,62786,69415,27,16.573496902510627,16.95069331473162,14.460887113139552,83.23411380031938,operational,operational,2025-016B,2026-125Q,True
2026-09-13 00:00:00+00:00,QQ_diff_launch,62787,68646,27,13.67334271359612,15.164036893223473,12.844352857367037,87.76007903865693,operational,operational,2025-016C,2026-075L,True
2026-09-13 00:00:00+00:00,QQ_diff_launch,62787,69407,27,10.47643066183492,11.447575867273965,14.488135369864564,82.52622628104132,operational,operational,2025-016C,2026-125G,True
2026-09-13 00:00:00+00:00,QQ_diff_launch,62788,69401,27,11.043219125526264,11.227304497722686,14.458692474709487,82.79911243128352,operational,operational,2025-016D,2026-125A,True
2026-09-13 00:00:00+00:00,QQ_diff_launch,62788,69865,1,16.116435555730174,16.116435555730174,2.5384064774888233,88.96067088507581,operational,drift,2025-016D,2026-155T,False
2026-09-13 00:00:00+00:00,QQ_diff_launch,62789,69410,27,10.624468326758684,10.713896325102647,14.475274929546478,82.83380727185707,operational,operational,2025-016E,2026-125K,True
2026-09-13 00:00:00+00:00,QQ_diff_launch,62790,69416,27,15.081816120586655,15.216440049306858,14.461571793184813,83.15283973258825,operational,operational,2025-016F,2026-125R,True
2026-09-13 00:00:00+00:00,QQ_diff_launch,62791,69387,25,18.86188962947054,19.642521079574227,9.609392728505467,88.60368743380853,operational,operational,2025-016G,2026-124F,True
2026-09-13 00:00:00+00:00,QQ_diff_launch,62791,69408,27,10.872086285832898,10.908529424908698,14.479824572539023,82.78332627306688,operational,operational,2025-016G,2026-125H,True
2026-09-13 00:00:00+00:00,QQ_diff_launch,62792,69406,27,14.050454438512107,14.277377053481516,14.473710695033093,82.68179294981552,operational,operational,2025-016H,2026-125F,True
2026-09-13 00:00:00+00:00,QQ_diff_launch,62793,69392,13,18.817342193982366,18.908836392526588,9.579096947752323,88.61099079941116,operational,operational,2025-016J,2026-124L,False
2026-09-13 00:00:00+00:00,QQ_diff_launch,62793,69412,27,11.895427517523224,12.000304365122055,14.461954757319127,82.95682038254398,operational,operational,2025-016J,2026-125M,True
2026-09-13 00:00:00+00:00,QQ_diff_launch,62794,68637,27,13.667308860385642,14.430863816996437,12.819757710566556,87.93997513638728,operational,operational,2025-016K,2026-075B,True
2026-09-13 00:00:00+00:00,QQ_diff_launch,62794,69386,27,13.888190420373432,15.046846752093005,9.571055036814165,88.62180296035788,operational,operational,2025-016K,2026-124E,True
2026-09-13 00:00:00+00:00,QQ_diff_launch,62794,69405,27,11.014894875870347,11.202874625187631,14.473512793115628,82.83105207152775,operational,operational,2025-016K,2026-125E,True
2026-09-13 00:00:00+00:00,QQ_diff_launch,62795,69402,27,17.701408228209036,18.0954995970842,14.47350588676308,83.31376843730196,operational,operational,2025-016L,2026-125B,True
2026-09-13 00:00:00+00:00,QQ_diff_launch,62796,69399,27,16.051060608458375,18.48883294869982,9.57433782598904,88.70422430167662,operational,operational,2025-016M,2026-124T,True
2026-09-13 00:00:00+00:00,QQ_diff_launch,62796,69418,27,16.45159698751309,16.899374282801723,14.473356008801058,83.24815929537618,operational,operational,2025-016M,2026-125T,True
2026-09-13 00:00:00+00:00,QQ_diff_launch,62797,69391,27,11.313351249213406,11.324084077727198,9.581240035011312,88.65617333372276,operational,operational,2025-016N,2026-124K,True
2026-09-13 00:00:00+00:00,QQ_diff_launch,62797,69409,27,13.7739644343263,13.881469164963297,14.473458132822222,83.13303440505175,operational,operational,2025-016N,2026-125J,True
2026-09-13 00:00:00+00:00,QQ_diff_launch,62798,69398,27,12.061433953323036,12.537784459394372,9.5768751964349,88.64133040223665,operational,operational,2025-016P,2026-124S,True
2026-09-13 00:00:00+00:00,QQ_diff_launch,62798,69403,27,16.44399076288383,16.534943713339732,14.475166030059674,83.19970076529432,operational,operational,2025-016P,2026-125C,True
2026-09-13 00:00:00+00:00,QQ_diff_launch,62799,69411,27,18.431047274260685,18.593203790230405,14.459221137196657,83.32718972494615,operational,operational,2025-016Q,2026-125L,True
2026-09-13 00:00:00+00:00,QQ_diff_launch,62799,69849,1,11.531479172359573,11.531479172359573,2.5293597617420436,88.96166597487402,operational,ascent,2025-016Q,2026-155B,False
2026-09-13 00:00:00+00:00,QQ_diff_launch,62800,69417,27,13.978338510527113,14.74898549843191,14.4635614206538,83.0899546884838,operational,operational,2025-016R,2026-125S,True
2026-09-13 00:00:00+00:00,QQ_diff_launch,62801,69396,27,13.244814844578707,13.36591883226739,9.576940557399087,88.6763137974073,operational,operational,2025-016S,2026-124Q,True
2026-09-13 00:00:00+00:00,QQ_diff_launch,62801,69414,27,11.71361923317807,11.715026831125089,14.461970263882717,82.97154593246204,operational,operational,2025-016S,2026-125P,True
2026-09-13 00:00:00+00:00,QQ_diff_launch,62802,68636,27,14.004829576147724,15.545283041605627,12.81397567510552,87.82418913592069,operational,operational,2025-016T,2026-075A,True
2026-09-13 00:00:00+00:00,QQ_diff_launch,62802,69404,27,13.811992759988811,14.327425771392832,14.462855516299312,82.79159542170504,operational,operational,2025-016T,2026-125D,True
2026-09-13 00:00:00+00:00,QQ_diff_launch,63162,69854,6,5.87772773417726,13.24992939154582,12.800049873887147,87.90652783946732,operational,ascent,2025-046D,2026-155G,False
2026-09-13 00:00:00+00:00,QQ_diff_launch,63167,69866,1,18.831522004138748,18.831522004138748,12.820888417528682,87.99200633803413,operational,ascent,2025-046J,2026-155U,False
2026-09-13 00:00:00+00:00,QQ_diff_launch,63171,69849,3,15.870391677477725,16.889051421688713,12.819539522152795,87.82258159303768,operational,ascent,2025-046N,2026-155B,False
2026-09-13 00:00:00+00:00,QQ_diff_launch,63172,69861,2,12.674374161401191,14.914377184469636,12.851111701763008,87.9495058071941,operational,ascent,2025-046P,2026-155P,False
2026-09-13 00:00:00+00:00,QQ_diff_launch,66034,69404,5,19.295564668938248,19.616510740078446,12.841945058096933,87.74811175084645,operational,operational,2025-233B,2026-125D,False
2026-09-13 00:00:00+00:00,QQ_diff_launch,66035,69405,27,17.58433675442268,18.60271134695234,12.878542414658622,87.75491239986549,operational,operational,2025-233C,2026-125E,True
2026-09-13 00:00:00+00:00,QQ_diff_launch,66036,69853,1,17.377010032869645,17.377010032869645,2.562367436258208,88.97937762366112,operational,drift,2025-233D,2026-155F,False
2026-09-13 00:00:00+00:00,QQ_diff_launch,66039,69408,27,6.963315161579294,7.94276340497866,12.87696301353632,87.94343395764345,operational,operational,2025-233G,2026-125H,True
2026-09-13 00:00:00+00:00,QQ_diff_launch,66039,69858,2,9.45387217037474,13.305141346320411,2.5566141438549637,88.99140886999498,operational,ascent,2025-233G,2026-155L,False
2026-09-13 00:00:00+00:00,QQ_diff_launch,66040,69410,27,8.628608023882297,9.558628916812697,12.859080334727569,87.82960991020428,operational,operational,2025-233H,2026-125K,True
2026-09-13 00:00:00+00:00,QQ_diff_launch,66041,69407,27,11.306356745640237,12.250905387697948,12.87681245087522,87.97364091935616,operational,operational,2025-233J,2026-125G,True
2026-09-13 00:00:00+00:00,QQ_diff_launch,66046,69862,1,6.922247028984432,6.922247028984432,2.5610593240999475,88.99168449573361,operational,ascent,2025-233P,2026-155Q,False
2026-09-13 00:00:00+00:00,QQ_diff_launch,66050,69866,1,17.994310488047002,17.994310488047002,2.5512268929942703,88.97715755799368,operational,ascent,2025-233T,2026-155U,False
2026-09-13 00:00:00+00:00,QQ_diff_launch,68638,69383,27,0.5213185944496481,0.9962928508892128,5.083854414326504,88.93171105061364,operational,operational,2026-075C,2026-124B,True
2026-09-13 00:00:00+00:00,QQ_diff_launch,68638,69854,1,16.981055909375474,16.981055909375474,11.420661140243574,88.31810608219077,operational,ascent,2026-075C,2026-155G,False
2026-09-13 00:00:00+00:00,QQ_diff_launch,68638,69865,1,8.727435469927263,8.727435469927263,11.375383986731023,88.4344226034691,operational,drift,2026-075C,2026-155T,False
2026-09-13 00:00:00+00:00,QQ_diff_launch,68639,69399,27,3.9858847282720444,5.613773382658828,5.093716630915276,88.93561353681831,operational,operational,2026-075D,2026-124T,True
2026-09-13 00:00:00+00:00,QQ_diff_launch,68644,69389,18,16.893491961888614,18.53171609254107,5.078921811482239,88.9028236429675,operational,operational,2026-075J,2026-124H,True
2026-09-13 00:00:00+00:00,QQ_diff_launch,68645,69856,1,16.011781669559753,16.011781669559753,11.41714159804734,88.32382167447771,operational,ascent,2026-075K,2026-155J,False
2026-09-13 00:00:00+00:00,QQ_diff_launch,68653,69853,1,12.060610050559584,12.060610050559584,11.382956818104656,88.40524470413473,operational,drift,2026-075T,2026-155F,False
2026-09-13 00:00:00+00:00,QQ_diff_launch,69074,69109,27,10.923272806754655,11.045110367137688,5.090294977765881,88.9505351552875,operational,operational,2026-104B,2026-108F,True
2026-09-13 00:00:00+00:00,QQ_diff_launch,69083,69114,27,5.300981069524912,7.5284915689039655,5.107364274567718,88.9468896554942,operational,operational,2026-104L,2026-108L,True
2026-09-13 00:00:00+00:00,QQ_diff_launch,69084,69849,1,9.642327876894075,9.642327876894075,9.571821768368068,88.70124675112353,operational,ascent,2026-104M,2026-155B,False
2026-09-13 00:00:00+00:00,QQ_diff_launch,69085,69110,27,18.118983216014968,18.954009751284975,5.096885514822977,88.91017738905603,operational,operational,2026-104N,2026-108G,True
2026-09-13 00:00:00+00:00,QQ_diff_launch,69086,69115,27,10.236960163846074,11.044888994710819,5.082253748532253,88.92289406947485,operational,operational,2026-104P,2026-108M,True
2026-09-13 00:00:00+00:00,QQ_diff_launch,69087,69121,27,3.1670796706765856,4.974034332120446,5.080621581596018,88.94321117513242,operational,operational,2026-104Q,2026-108T,True
2026-09-13 00:00:00+00:00,QQ_diff_launch,69088,69120,27,8.243313341210134,9.919115703654825,5.0776464940045845,88.92427299990196,operational,operational,2026-104R,2026-108S,True
2026-09-13 00:00:00+00:00,QQ_diff_launch,69088,69851,1,14.553884971810389,14.553884971810389,9.582412897546666,88.66466137118984,operational,drift,2026-104R,2026-155D,False
2026-09-13 00:00:00+00:00,QQ_diff_launch,69090,69851,1,15.359524892287729,15.359524892287729,9.579431036808176,88.69799567424843,operational,drift,2026-104T,2026-155D,False
2026-09-13 00:00:00+00:00,QQ_diff_launch,69109,69855,1,14.451647915060047,14.451647915060047,5.1420961823764,88.93592561270138,operational,ascent,2026-108F,2026-155H,False
2026-09-13 00:00:00+00:00,QQ_diff_launch,69117,69849,1,13.16664896233895,13.16664896233895,5.146587091822383,88.92830154402496,operational,ascent,2026-108P,2026-155B,False
2026-09-13 00:00:00+00:00,QQ_diff_launch,69326,69852,1,16.178601079695504,16.178601079695504,12.848532286026266,88.03062305421908,operational,ascent,2026-121B,2026-155E,False
2026-09-13 00:00:00+00:00,QQ_diff_launch,69383,69854,1,13.957010568985883,13.957010568985883,7.512790743891975,88.87252739328041,operational,ascent,2026-124B,2026-155G,False
2026-09-13 00:00:00+00:00,QQ_diff_launch,69383,69865,1,7.040117297193522,7.040117297193522,7.481436936856643,88.85427495377073,operational,drift,2026-124B,2026-155T,False
2026-09-13 00:00:00+00:00,QQ_diff_launch,69414,69852,1,19.537955490212443,19.537955490212443,13.901337844511385,87.02756053769461,operational,ascent,2026-125P,2026-155E,False
2026-09-13 00:00:00+00:00,QQ_diff_launch,69416,69861,8,8.596619274473936,16.244450678146293,13.852012265142328,86.92578960768606,operational,ascent,2026-125R,2026-155P,False
2026-09-13 00:00:00+00:00,QQ_diff_launch,69417,69851,1,15.557479470083404,15.557479470083404,13.867000182326015,86.6992544907417,operational,drift,2026-125S,2026-155D,False
2026-09-13 00:00:00+00:00,QQ_diff_launch,69417,69866,2,15.200843947330494,15.357469435678684,13.856455627278386,86.8066023157979,operational,ascent,2026-125S,2026-155U,False
2026-09-13 00:00:00+00:00,QQ_same_launch,69801,69802,1,10.482500877255344,10.482500877255344,0.0078030506333043965,56.97928887890572,ascent,drift,2026-153B,2026-153C,False
2026-09-13 00:00:00+00:00,QQ_same_launch,69801,69805,1,9.723269178917532,9.723269178917532,0.007336207972708849,50.81261981939287,ascent,ascent,2026-153B,2026-153F,False
2026-09-13 00:00:00+00:00,QQ_same_launch,69801,69808,1,14.08756137491652,14.08756137491652,0.008906821002942461,55.63854368297491,ascent,ascent,2026-153B,2026-153J,False
2026-09-13 00:00:00+00:00,QQ_same_launch,69802,69805,1,13.427912702462255,13.427912702462255,0.006141529005970717,11.544102073312958,drift,ascent,2026-153C,2026-153F,False
2026-09-13 00:00:00+00:00,QQ_same_launch,69853,69865,1,16.66894262921859,16.66894262921859,0.006925175042033508,25.38934088288567,drift,drift,2026-155F,2026-155T,False
2026-09-13 00:00:00+00:00,QQ_same_launch,69854,69865,1,6.2304282773798345,6.2304282773798345,0.004504782662404158,85.83799801035326,ascent,drift,2026-155G,2026-155T,False
2026-09-13 00:00:00+00:00,QQ_same_launch,69859,69862,1,10.279239193611653,10.279239193611653,0.0049631834986690465,2.2362823928403053,ascent,ascent,2026-155M,2026-155Q,False
2026-09-16 00:00:00+00:00,QQ_diff_launch,60383,61569,1,14.660168827240701,14.660168827240701,13.840591178234767,86.70953673873161,operational,stranded,2024-140E,2024-185T,False
2026-09-16 00:00:00+00:00,QQ_diff_launch,60386,68652,14,14.504226810330104,15.269746568830346,5.157322707893927,88.8913611816215,operational,operational,2024-140H,2026-075S,True
2026-09-16 00:00:00+00:00,QQ_diff_launch,60386,69396,14,14.351769622524092,14.374629732665404,9.599313563182653,88.62753790123944,operational,operational,2024-140H,2026-124Q,True
2026-09-16 00:00:00+00:00,QQ_diff_launch,60387,69399,13,19.061088654978853,19.479343991119226,9.600642489276861,88.60305405848473,operational,operational,2024-140J,2026-124T,False
2026-09-16 00:00:00+00:00,QQ_diff_launch,60387,69859,4,13.178692564255593,14.792402092511495,13.884708813805085,86.76558687351627,operational,ascent,2024-140J,2026-155M,False
2026-09-16 00:00:00+00:00,QQ_diff_launch,60388,68647,27,11.039204307386818,11.086863915944061,5.203072751400876,88.9059768018077,operational,operational,2024-140K,2026-075M,True
2026-09-16 00:00:00+00:00,QQ_diff_launch,60388,69391,27,16.330251420945515,18.336270569944524,9.61635650371105,88.60135659864515,operational,operational,2024-140K,2026-124K,True
2026-09-16 00:00:00+00:00,QQ_diff_launch,60389,69858,2,10.128148515233761,11.41473694107685,13.892092253107423,86.74576637682955,operational,ascent,2024-140L,2026-155L,False
2026-09-16 00:00:00+00:00,QQ_diff_launch,60392,68644,14,10.555785087785203,10.801791536549223,5.142586556861441,88.89842818653517,operational,operational,2024-140P,2026-075J,True
2026-09-16 00:00:00+00:00,QQ_diff_launch,60392,69389,14,15.135664778014783,16.82301098879914,9.57192052292843,88.69637166673814,operational,operational,2024-140P,2026-124H,True
2026-09-16 00:00:00+00:00,QQ_diff_launch,60394,68641,27,11.383825412046452,12.415496640657636,5.127598223958822,88.89542095350134,operational,operational,2024-140R,2026-075F,True
2026-09-16 00:00:00+00:00,QQ_diff_launch,60395,69386,27,9.682915690240451,17.3409292623267,9.553011478636229,88.61078049136684,operational,operational,2024-140S,2026-124E,True
2026-09-16 00:00:00+00:00,QQ_diff_launch,60396,68648,27,10.247777339041617,10.414734093457437,5.192609154435374,88.90736671447151,operational,operational,2024-140T,2026-075N,True
2026-09-16 00:00:00+00:00,QQ_diff_launch,60396,69397,27,10.571190874715557,12.032277089347296,9.629078914974853,88.67210149789904,operational,operational,2024-140T,2026-124R,True
2026-09-16 00:00:00+00:00,QQ_diff_launch,61563,66045,2,2.5079094293871083,9.507595616480453,2.318745056028656,88.97069058547591,operational,operational,2024-185M,2025-233N,False
2026-09-16 00:00:00+00:00,QQ_diff_launch,61569,68643,1,13.316758483946723,13.316758483946723,11.252082266037998,88.40597071229557,stranded,operational,2024-185T,2026-075H,False
2026-09-16 00:00:00+00:00,QQ_diff_launch,61569,69398,1,16.216433620630546,16.216433620630546,7.281537163104992,88.85711077064983,stranded,operational,2024-185T,2026-124S,False
2026-09-16 00:00:00+00:00,QQ_diff_launch,62238,63171,13,7.605823335439964,8.614320941049835,9.60863325390271,88.6394382414638,operational,operational,2024-232B,2025-046N,False
2026-09-16 00:00:00+00:00,QQ_diff_launch,62238,69856,1,15.54495315280516,15.54495315280516,5.092973429397972,88.93384116019125,operational,ascent,2024-232B,2026-155J,False
2026-09-16 00:00:00+00:00,QQ_diff_launch,62238,69863,1,15.52334806630369,15.52334806630369,5.067373909332438,88.93643970262201,operational,ascent,2024-232B,2026-155R,False
2026-09-16 00:00:00+00:00,QQ_diff_launch,62239,63162,14,3.2399372896604914,4.221430865529822,9.621055810574294,88.67163658124288,operational,operational,2024-232C,2025-046D,True
2026-09-16 00:00:00+00:00,QQ_diff_launch,62244,63176,14,4.484494870921462,5.715167238302271,9.58922375709898,88.6742462678083,operational,operational,2024-232H,2025-046T,True
2026-09-16 00:00:00+00:00,QQ_diff_launch,62245,63168,14,4.222688306939752,5.227068379857149,9.58038029827476,88.64401641519478,operational,operational,2024-232J,2025-046K,True
2026-09-16 00:00:00+00:00,QQ_diff_launch,62247,63160,27,10.623967740065357,12.389158920712491,9.60616204153137,88.67462307641728,operational,operational,2024-232L,2025-046B,True
2026-09-16 00:00:00+00:00,QQ_diff_launch,62251,63165,13,4.498391464274753,5.256740597164949,9.57828163824203,88.64497808804197,operational,operational,2024-232Q,2025-046G,False
2026-09-16 00:00:00+00:00,QQ_diff_launch,62252,63170,13,2.4664482162543213,4.0056402287915445,9.582722705093769,88.6459947582964,operational,operational,2024-232R,2025-046M,False
2026-09-16 00:00:00+00:00,QQ_diff_launch,62785,68645,27,14.057464477423126,14.281155295533724,12.832113912781836,87.9037341593383,operational,operational,2025-016A,2026-075K,True
2026-09-16 00:00:00+00:00,QQ_diff_launch,62785,69413,27,13.019997211456214,13.055348497327207,14.475159956560322,82.79524057291627,operational,operational,2025-016A,2026-125N,True
2026-09-16 00:00:00+00:00,QQ_diff_launch,62785,69860,1,18.73260046311425,18.73260046311425,2.5734667593114358,88.96637978426463,operational,drift,2025-016A,2026-155N,False
2026-09-16 00:00:00+00:00,QQ_diff_launch,62786,69415,27,17.510373362919093,17.598112758452693,14.472347797785325,83.25437142297149,operational,operational,2025-016B,2026-125Q,True
2026-09-16 00:00:00+00:00,QQ_diff_launch,62787,68646,27,9.41045460556514,10.653733687329789,12.812372287095755,87.79170771520245,operational,operational,2025-016C,2026-075L,True
2026-09-16 00:00:00+00:00,QQ_diff_launch,62787,69407,27,10.796494883730512,10.882890026983427,14.45275348708835,82.54577341352295,operational,operational,2025-016C,2026-125G,True
2026-09-16 00:00:00+00:00,QQ_diff_launch,62788,69401,27,11.665718524131538,12.2810700527095,14.472969274291167,82.748728106486,operational,operational,2025-016D,2026-125A,True
2026-09-16 00:00:00+00:00,QQ_diff_launch,62789,69410,27,10.843038251949174,10.884988804177224,14.461173516549495,82.84480900383276,operational,operational,2025-016E,2026-125K,True
2026-09-16 00:00:00+00:00,QQ_diff_launch,62790,69416,27,14.697704252994077,14.845653369501767,14.473090174025435,83.13527277974555,operational,operational,2025-016F,2026-125R,True
2026-09-16 00:00:00+00:00,QQ_diff_launch,62791,69387,27,15.104249554797288,16.197884227224538,9.59990123881114,88.61880860609114,operational,operational,2025-016G,2026-124F,True
2026-09-16 00:00:00+00:00,QQ_diff_launch,62791,69408,27,10.96334715313746,10.982394560358584,14.466796214065711,82.76591255874963,operational,operational,2025-016G,2026-125H,True
2026-09-16 00:00:00+00:00,QQ_diff_launch,62792,69406,27,15.049476046837736,15.328659985999936,14.462477340741039,82.64149977346817,operational,operational,2025-016H,2026-125F,True
2026-09-16 00:00:00+00:00,QQ_diff_launch,62793,69392,27,16.458411912260456,18.342186529377614,9.577644208732695,88.6139013447528,operational,operational,2025-016J,2026-124L,True
2026-09-16 00:00:00+00:00,QQ_diff_launch,62793,69412,27,12.151063445571417,12.15303163610077,14.473067812982652,82.94002479066236,operational,operational,2025-016J,2026-125M,True
2026-09-16 00:00:00+00:00,QQ_diff_launch,62793,69866,1,14.463023379696539,14.463023379696539,2.5563971015311258,88.96630891323521,operational,ascent,2025-016J,2026-155U,False
2026-09-16 00:00:00+00:00,QQ_diff_launch,62794,68637,27,11.365974059864698,13.438708152635304,12.806399018356583,87.93076007580919,operational,operational,2025-016K,2026-075B,True
2026-09-16 00:00:00+00:00,QQ_diff_launch,62794,69386,27,10.437760527989283,11.107991501435583,9.56085539423604,88.64487409682192,operational,operational,2025-016K,2026-124E,True
2026-09-16 00:00:00+00:00,QQ_diff_launch,62794,69405,27,10.562291510814672,10.752899624993905,14.45916118417868,82.93979946199673,operational,operational,2025-016K,2026-125E,True
2026-09-16 00:00:00+00:00,QQ_diff_launch,62795,69402,27,16.46740710269711,17.613582537905035,14.459178746370226,83.30063157436405,operational,operational,2025-016L,2026-125B,True
2026-09-16 00:00:00+00:00,QQ_diff_launch,62796,69399,27,10.8748863853084,13.840025450067996,9.565068451174133,88.68539343987536,operational,operational,2025-016M,2026-124T,True
2026-09-16 00:00:00+00:00,QQ_diff_launch,62796,69418,27,15.077558576557314,16.359920074760105,14.460589171982992,83.23442871884234,operational,operational,2025-016M,2026-125T,True
2026-09-16 00:00:00+00:00,QQ_diff_launch,62797,69391,27,11.272117680916946,11.302902471337733,9.571821229666517,88.6551202262927,operational,operational,2025-016N,2026-124K,True
2026-09-16 00:00:00+00:00,QQ_diff_launch,62797,69409,27,13.126270606844386,13.736904428622918,14.46062607989754,83.1242511168577,operational,operational,2025-016N,2026-125J,True
2026-09-16 00:00:00+00:00,QQ_diff_launch,62798,69398,27,12.064341342423372,12.223753209371143,9.56744414918514,88.64362700605975,operational,operational,2025-016P,2026-124S,True
2026-09-16 00:00:00+00:00,QQ_diff_launch,62798,69403,27,16.706153458088703,17.58619702109309,14.462584632537627,83.23548791954605,operational,operational,2025-016P,2026-125C,True
2026-09-16 00:00:00+00:00,QQ_diff_launch,62798,69849,1,10.472827987571298,10.472827987571298,2.553634753009831,88.9656383150848,operational,ascent,2025-016P,2026-155B,False
2026-09-16 00:00:00+00:00,QQ_diff_launch,62799,69411,27,17.510315848935164,17.823001825544807,14.470544206936403,83.29978035391366,operational,operational,2025-016Q,2026-125L,True
2026-09-16 00:00:00+00:00,QQ_diff_launch,62800,69397,13,16.562786107529256,17.135200396528194,9.57684931839481,88.61265326942681,operational,operational,2025-016R,2026-124R,False
2026-09-16 00:00:00+00:00,QQ_diff_launch,62800,69417,27,13.285138700151244,13.53438911027007,14.475975976936404,83.03788416525514,operational,operational,2025-016R,2026-125S,True
2026-09-16 00:00:00+00:00,QQ_diff_launch,62801,69396,27,12.299988161044915,12.975797517891762,9.583287944702981,88.67379376392499,operational,operational,2025-016S,2026-124Q,True
2026-09-16 00:00:00+00:00,QQ_diff_launch,62801,69414,27,11.702138821769779,11.718689469290737,14.473500593520404,82.92453045098426,operational,operational,2025-016S,2026-125P,True
2026-09-16 00:00:00+00:00,QQ_diff_launch,62802,68636,27,14.674559151331831,14.890827012719884,12.820485856219388,87.84182234026929,operational,operational,2025-016T,2026-075A,True
2026-09-16 00:00:00+00:00,QQ_diff_launch,62802,69404,27,14.051892421004473,14.096540774435626,14.470472426293258,82.86567273235856,operational,operational,2025-016T,2026-125D,True
2026-09-16 00:00:00+00:00,QQ_diff_launch,63171,69856,3,3.400668263510451,7.914889377669997,12.821728211151553,87.87144104733378,operational,ascent,2025-046N,2026-155J,False
2026-09-16 00:00:00+00:00,QQ_diff_launch,66034,69404,27,7.7957475492175075,10.175883053387976,12.873044841259953,87.81654417520735,operational,operational,2025-233B,2026-125D,True
2026-09-16 00:00:00+00:00,QQ_diff_launch,66035,69405,27,6.096292075057364,8.65341269155794,12.847859401195059,87.82727476021405,operational,operational,2025-233C,2026-125E,True
2026-09-16 00:00:00+00:00,QQ_diff_launch,66039,69408,27,3.7039655829727485,4.622470662039218,12.846739579472713,87.92011516967776,operational,operational,2025-233G,2026-125H,True
2026-09-16 00:00:00+00:00,QQ_diff_launch,66040,69410,27,4.180575609642153,5.72096313612932,12.82920033477379,87.8574793494898,operational,operational,2025-233H,2026-125K,True
2026-09-16 00:00:00+00:00,QQ_diff_launch,66041,69407,27,15.577500825657898,16.551258972823963,12.847108409836803,88.00392741445627,operational,operational,2025-233J,2026-125G,True
2026-09-16 00:00:00+00:00,QQ_diff_launch,66042,69406,27,13.883474900451548,15.12605961990948,12.842718943197562,87.99903751997105,operational,operational,2025-233K,2026-125F,True
2026-09-16 00:00:00+00:00,QQ_diff_launch,66045,69412,1,12.21927019871523,12.21927019871523,12.874622752963687,87.83954114699814,operational,operational,2025-233N,2026-125M,False
2026-09-16 00:00:00+00:00,QQ_diff_launch,66047,69416,23,6.416250768541462,10.33187699807432,12.864795798983144,87.96973339747866,operational,operational,2025-233Q,2026-125R,True
2026-09-16 00:00:00+00:00,QQ_diff_launch,68636,69858,2,9.1361123161776,11.880708647015723,11.414478199229672,88.41482389298142,operational,ascent,2026-075A,2026-155L,False
2026-09-16 00:00:00+00:00,QQ_diff_launch,68638,69383,27,1.2322535378835033,1.6055342760416853,5.096672078357386,88.93205708758556,operational,operational,2026-075C,2026-124B,True
2026-09-16 00:00:00+00:00,QQ_diff_launch,68639,69399,27,9.226470961884544,11.180887798646248,5.082169044666352,88.94196394619712,operational,operational,2026-075D,2026-124T,True
2026-09-16 00:00:00+00:00,QQ_diff_launch,68639,69859,1,12.951900072987458,12.951900072987458,11.417833246528438,88.34186808861668,operational,ascent,2026-075D,2026-155M,False
2026-09-16 00:00:00+00:00,QQ_diff_launch,68644,69389,27,8.68497734832304,11.354874461633008,5.079702604800887,88.9133917316785,operational,operational,2026-075J,2026-124H,True
2026-09-16 00:00:00+00:00,QQ_diff_launch,69074,69109,27,11.524891942752664,11.652629240803611,5.079301770627927,88.95105215132205,operational,operational,2026-104B,2026-108F,True
2026-09-16 00:00:00+00:00,QQ_diff_launch,69076,69855,4,11.39036160739699,13.064074072469094,9.604028421858207,88.68370539974505,operational,ascent,2026-104D,2026-155H,False
2026-09-16 00:00:00+00:00,QQ_diff_launch,69078,69858,1,6.378770322655291,6.378770322655291,9.59562596514815,88.69450282614287,operational,ascent,2026-104F,2026-155L,False
2026-09-16 00:00:00+00:00,QQ_diff_launch,69083,69114,27,7.541328252724004,8.460673641587213,5.0961343120544464,88.94775949287094,operational,operational,2026-104L,2026-108L,True
2026-09-16 00:00:00+00:00,QQ_diff_launch,69084,69117,27,7.813109630256815,8.329120060592848,5.089369765334165,88.92578072349545,operational,operational,2026-104M,2026-108P,True
2026-09-16 00:00:00+00:00,QQ_diff_launch,69084,69861,3,4.037956738392571,17.6828430496199,9.599677682234296,88.68653946957727,operational,ascent,2026-104M,2026-155P,False
2026-09-16 00:00:00+00:00,QQ_diff_launch,69086,69115,27,9.918705324537177,10.059136812515835,5.095271216265729,88.92419880498409,operational,operational,2026-104P,2026-108M,True
2026-09-16 00:00:00+00:00,QQ_diff_launch,69087,69121,27,7.623034451017567,8.671529046610951,5.093704831172677,88.94743158139119,operational,operational,2026-104Q,2026-108T,True
2026-09-16 00:00:00+00:00,QQ_diff_launch,69089,69854,1,11.845482733099574,11.845482733099574,9.582240187566322,88.67050532390176,operational,ascent,2026-104S,2026-155G,False
2026-09-16 00:00:00+00:00,QQ_diff_launch,69104,69855,4,11.594884902705761,16.188037365975603,5.153365994350859,88.94569840938999,operational,ascent,2026-108A,2026-155H,False
2026-09-16 00:00:00+00:00,QQ_diff_launch,69106,69858,1,6.064575707162278,6.064575707162278,5.14704525546526,88.93725288516009,operational,ascent,2026-108C,2026-155L,False
2026-09-16 00:00:00+00:00,QQ_diff_launch,69113,69857,1,16.26222727749046,16.26222727749046,5.136647676656946,88.94381963728524,operational,ascent,2026-108K,2026-155K,False
2026-09-16 00:00:00+00:00,QQ_diff_launch,69115,69866,1,19.13134677468605,19.13134677468605,5.135654581017151,88.95900915265277,operational,ascent,2026-108M,2026-155U,False
2026-09-16 00:00:00+00:00,QQ_diff_launch,69117,69861,3,11.142065810505365,18.384081554815356,5.138771856646976,88.93735569561781,operational,ascent,2026-108P,2026-155P,False
2026-09-16 00:00:00+00:00,QQ_diff_launch,69119,69854,1,18.68005943703176,18.68005943703176,5.142157616575742,88.965481420785,operational,ascent,2026-108R,2026-155G,False
2026-09-16 00:00:00+00:00,QQ_diff_launch,69384,69858,2,12.639591544949074,14.12346010639698,7.505846681553685,88.84545431223967,operational,ascent,2026-124C,2026-155L,False
2026-09-16 00:00:00+00:00,QQ_diff_launch,69403,69849,1,17.206619961244993,17.206619961244993,13.86732938296475,86.9023656430062,operational,ascent,2026-125C,2026-155B,False
2026-09-16 00:00:00+00:00,QQ_diff_launch,69408,69848,8,9.50482732576503,13.368428243728044,13.852485278868414,86.85207955444474,operational,ascent,2026-125H,2026-155A,False
2026-09-16 00:00:00+00:00,QQ_diff_launch,69410,69857,1,14.680645159928195,14.680645159928195,13.864459758591481,86.81499832128316,operational,ascent,2026-125K,2026-155K,False
2026-09-16 00:00:00+00:00,QQ_diff_launch,69411,69863,1,13.198439557308577,13.198439557308577,13.86241645880126,86.7473489334699,operational,ascent,2026-125L,2026-155R,False
2026-09-16 00:00:00+00:00,QQ_diff_launch,69411,69866,1,17.94957500755797,17.94957500755797,13.864534279123527,86.70588295810974,operational,ascent,2026-125L,2026-155U,False
2026-09-16 00:00:00+00:00,QQ_diff_launch,69413,69851,1,15.322479391166643,15.322479391166643,13.864963308968736,86.67730762124606,operational,ascent,2026-125N,2026-155D,False
2026-09-16 00:00:00+00:00,QQ_diff_launch,69414,69865,1,17.845122563296776,17.845122563296776,13.86565206000262,86.92431945338114,operational,ascent,2026-125P,2026-155T,False
2026-09-16 00:00:00+00:00,QQ_diff_launch,69812,100697,2,9.720868645339712,13.306372828569234,2.684503515798646,88.9742090497535,ascent,drift,2026-153N,2026-210F,False
2026-09-16 00:00:00+00:00,QQ_diff_launch,69812,100698,2,9.396692287649316,11.042255008959076,2.685065017026554,88.9819023726829,ascent,drift,2026-153N,2026-210G,False
2026-09-16 00:00:00+00:00,QQ_diff_launch,69812,100701,2,9.783426888018004,10.584217932030128,2.6854508386045826,88.98331955750703,ascent,drift,2026-153N,2026-210K,False
2026-09-16 00:00:00+00:00,QQ_same_launch,69800,69809,1,15.273408117635814,15.273408117635814,0.006764275515035621,12.311749675791368,drift,ascent,2026-153A,2026-153K,False
2026-09-16 00:00:00+00:00,QQ_same_launch,69809,69811,1,13.898633167770063,13.898633167770063,0.006595913465008219,44.30520812301292,ascent,ascent,2026-153K,2026-153M,False
2026-09-16 00:00:00+00:00,QQ_same_launch,69851,69867,2,6.66184158047599,8.249944050544205,0.01162916313393638,85.19527489302854,ascent,ascent,2026-155D,2026-155V,False
2026-09-16 00:00:00+00:00,QQ_same_launch,69854,69865,1,5.954093310253967,5.954093310253967,0.005213251400185107,81.31841669042328,ascent,ascent,2026-155G,2026-155T,False
2026-09-16 00:00:00+00:00,QQ_same_launch,69856,69866,1,19.1120700505699,19.1120700505699,0.010815982892005537,86.15215318446609,ascent,ascent,2026-155J,2026-155U,False
2026-09-16 00:00:00+00:00,QQ_same_launch,69861,69863,1,18.22573497265116,18.22573497265116,0.006790699028348912,36.908954924238444,ascent,ascent,2026-155P,2026-155R,False
2026-09-16 00:00:00+00:00,QQ_same_launch,100692,100695,15,0.5719548380240871,1.3644551852359188,0.001997069045712512,54.60486513258096,drift,drift,2026-210A,2026-210D,True
2026-09-16 00:00:00+00:00,QQ_same_launch,100692,100697,12,10.681212129589754,14.543074274014526,0.01587111693671896,46.28129044436537,drift,drift,2026-210A,2026-210F,False
2026-09-16 00:00:00+00:00,QQ_same_launch,100692,100698,4,16.6913072477553,17.540962855821064,0.018058491178981447,69.60101103356547,drift,drift,2026-210A,2026-210G,False
2026-09-16 00:00:00+00:00,QQ_same_launch,100692,100701,5,16.06794158119703,18.043375935960068,0.018609262246854653,65.42243507102154,drift,drift,2026-210A,2026-210K,False
2026-09-16 00:00:00+00:00,QQ_same_launch,100695,100697,13,7.3201335848971505,13.438510560354413,0.014092622840052242,27.68641650977088,drift,drift,2026-210D,2026-210F,False
2026-09-16 00:00:00+00:00,QQ_same_launch,100695,100698,5,11.99061770826156,15.33561886892124,0.016028135599330005,47.603185157070094,drift,drift,2026-210D,2026-210G,False
2026-09-16 00:00:00+00:00,QQ_same_launch,100695,100701,8,12.365618851398958,15.529410772729541,0.016513941633615935,21.688046120715775,drift,drift,2026-210D,2026-210K,False
2026-09-16 00:00:00+00:00,QQ_same_launch,100697,100698,15,2.8625558026644704,7.009128991098916,0.0080131656609207,26.354615610540556,drift,drift,2026-210F,2026-210G,True
2026-09-16 00:00:00+00:00,QQ_same_launch,100697,100701,15,3.142162607974612,4.048900705852987,0.005452373345116615,14.942782691974763,drift,drift,2026-210F,2026-210K,True
2026-09-16 00:00:00+00:00,QQ_same_launch,100698,100701,19,0.35195082871725236,1.1128320725274232,0.001538653090909243,40.225397420208886,drift,drift,2026-210G,2026-210K,True
2026-09-19 00:00:00+00:00,QQ_diff_launch,60383,69859,1,10.537272339716546,10.537272339716546,13.855594840321768,86.76119370112289,operational,drift,2024-140E,2026-155M,False
2026-09-19 00:00:00+00:00,QQ_diff_launch,60386,68652,4,19.520518762525338,19.716938797939157,5.1581373706944555,88.8829527999876,operational,operational,2024-140H,2026-075S,False
2026-09-19 00:00:00+00:00,QQ_diff_launch,60386,69396,17,14.245593570250236,14.295690325311442,9.600701478831912,88.63093448451326,operational,operational,2024-140H,2026-124Q,True
2026-09-19 00:00:00+00:00,QQ_diff_launch,60387,69399,14,16.208892069185268,16.64531384868279,9.602107419815379,88.61740577435009,operational,operational,2024-140J,2026-124T,True
2026-09-19 00:00:00+00:00,QQ_diff_launch,60388,68647,27,11.187737334672608,11.235318718485212,5.223803374095158,88.90196462711923,operational,operational,2024-140K,2026-075M,True
2026-09-19 00:00:00+00:00,QQ_diff_launch,60388,69391,27,10.920422570512823,13.286059017568483,9.654655659602767,88.62502912101323,operational,operational,2024-140K,2026-124K,True
2026-09-19 00:00:00+00:00,QQ_diff_launch,60390,69863,1,11.018697160679585,11.018697160679585,13.924422839490774,86.69453011188318,operational,ascent,2024-140M,2026-155R,False
2026-09-19 00:00:00+00:00,QQ_diff_launch,60392,68644,13,11.335432795226874,11.85616617116871,5.14306380776016,88.90937610811325,operational,operational,2024-140P,2026-075J,False
2026-09-19 00:00:00+00:00,QQ_diff_launch,60392,69862,3,11.44218951431491,14.86548882567898,13.852869613444241,86.62786547859729,operational,ascent,2024-140P,2026-155Q,False
2026-09-19 00:00:00+00:00,QQ_diff_launch,60394,68641,27,9.550937676039634,19.44659460979406,5.146771693400385,88.92665192926398,operational,operational,2024-140R,2026-075F,True
2026-09-19 00:00:00+00:00,QQ_diff_launch,60395,69386,27,10.423746188121036,10.613919438042643,9.589398587863073,88.66286275996245,operational,operational,2024-140S,2026-124E,True
2026-09-19 00:00:00+00:00,QQ_diff_launch,60396,68648,27,10.541312408763462,10.71995567882863,5.173597004851492,88.90465696262012,operational,operational,2024-140T,2026-075N,True
2026-09-19 00:00:00+00:00,QQ_diff_launch,60396,69397,27,10.902476426297634,11.183914499040952,9.593924656803132,88.66200716170877,operational,operational,2024-140T,2026-124R,True
2026-09-19 00:00:00+00:00,QQ_diff_launch,61560,62240,1,14.31727618714155,14.31727618714155,4.925202156066561,88.9513638925111,stranded,stranded,2024-185J,2024-232D,False
2026-09-19 00:00:00+00:00,QQ_diff_launch,61562,69848,1,19.918190261704257,19.918190261704257,0.1933692071956591,88.69663643050403,operational,drift,2024-185L,2026-155A,False
2026-09-19 00:00:00+00:00,QQ_diff_launch,61563,68642,3,6.776665614260519,9.044545093334808,11.230098547414288,88.42669324618066,operational,operational,2024-185M,2026-075G,False
2026-09-19 00:00:00+00:00,QQ_diff_launch,61563,69392,1,5.362962511469677,5.362962511469677,7.283168036175385,88.82916033982765,operational,operational,2024-185M,2026-124L,False
2026-09-19 00:00:00+00:00,QQ_diff_launch,61563,69865,1,9.789742245888394,9.789742245888394,0.24237451566429744,88.714840437079,operational,drift,2024-185M,2026-155T,False
2026-09-19 00:00:00+00:00,QQ_diff_launch,61564,63169,1,11.379752257511537,11.379752257511537,12.75758431052308,87.95643087552693,stranded,stranded,2024-185N,2025-046L,False
2026-09-19 00:00:00+00:00,QQ_diff_launch,61564,63172,1,19.633975640310123,19.633975640310123,12.727129964699733,87.84286605155177,stranded,operational,2024-185N,2025-046P,False
2026-09-19 00:00:00+00:00,QQ_diff_launch,61565,69385,1,18.756986187901994,18.756986187901994,7.304003775295417,88.87748272378187,operational,operational,2024-185P,2026-124D,False
2026-09-19 00:00:00+00:00,QQ_diff_launch,61569,63168,1,9.398922798829101,9.398922798829101,12.748764037607332,87.87308385135448,stranded,operational,2024-185T,2025-046K,False
2026-09-19 00:00:00+00:00,QQ_diff_launch,61569,68650,1,19.53622191946377,19.53622191946377,11.251148375648462,88.47555829822548,stranded,operational,2024-185T,2026-075Q,False
2026-09-19 00:00:00+00:00,QQ_diff_launch,61569,69410,1,13.33680573043097,13.33680573043097,13.816703588596303,86.90583119553479,stranded,operational,2024-185T,2026-125K,False
2026-09-19 00:00:00+00:00,QQ_diff_launch,62238,63171,26,7.60868642506112,9.912704410966555,9.611209237491058,88.67306680770095,operational,operational,2024-232B,2025-046N,True
2026-09-19 00:00:00+00:00,QQ_diff_launch,62239,63162,13,10.522795666570783,11.759684368158107,9.622094263133903,88.69703939876418,operational,operational,2024-232C,2025-046D,False
2026-09-19 00:00:00+00:00,QQ_diff_launch,62239,69858,1,17.14805281848883,17.14805281848883,5.072250121957929,88.92725865648536,operational,ascent,2024-232C,2026-155L,False
2026-09-19 00:00:00+00:00,QQ_diff_launch,62241,63159,13,18.458024830954457,18.80765764258939,9.556599630192881,88.59846516792412,operational,operational,2024-232E,2025-046A,False
2026-09-19 00:00:00+00:00,QQ_diff_launch,62242,69867,1,18.24171636196388,18.24171636196388,5.080606194366531,88.91675597243737,operational,ascent,2024-232F,2026-155V,False
2026-09-19 00:00:00+00:00,QQ_diff_launch,62244,63176,13,12.958984427067438,14.266460883241951,9.59110126118027,88.7034807809557,operational,operational,2024-232H,2025-046T,False
2026-09-19 00:00:00+00:00,QQ_diff_launch,62245,63168,13,4.775980755812744,5.785999019719606,9.582228101561135,88.67377352945118,operational,operational,2024-232J,2025-046K,False
2026-09-19 00:00:00+00:00,QQ_diff_launch,62247,63160,27,10.274498549507054,11.843256395014041,9.642838745134721,88.67691197988997,operational,operational,2024-232L,2025-046B,True
2026-09-19 00:00:00+00:00,QQ_diff_launch,62250,69865,4,8.814722280792562,13.262141787690327,5.1011302342385125,88.94456671630007,operational,drift,2024-232P,2026-155T,False
2026-09-19 00:00:00+00:00,QQ_diff_launch,62251,63165,14,4.896426892570183,5.825732409408465,9.580175761565323,88.67207016538379,operational,operational,2024-232Q,2025-046G,True
2026-09-19 00:00:00+00:00,QQ_diff_launch,62252,63170,14,6.162858121108551,8.021708973997372,9.584671945350596,88.68507239114518,operational,operational,2024-232R,2025-046M,True
2026-09-19 00:00:00+00:00,QQ_diff_launch,62253,63175,6,18.568180691833636,19.170471210573908,9.571217042594697,88.59407529626421,operational,operational,2024-232S,2025-046S,False
2026-09-19 00:00:00+00:00,QQ_diff_launch,62254,69855,1,10.84440584112718,10.84440584112718,5.079188003726465,88.9337659945271,operational,ascent,2024-232T,2026-155H,False
2026-09-19 00:00:00+00:00,QQ_diff_launch,62785,68645,27,13.294434719161513,15.440101602263907,12.822854662555367,87.92354645316861,operational,operational,2025-016A,2026-075K,True
2026-09-19 00:00:00+00:00,QQ_diff_launch,62785,69413,27,12.831167756270547,13.085268519178227,14.465860062696954,82.88090544823253,operational,operational,2025-016A,2026-125N,True
2026-09-19 00:00:00+00:00,QQ_diff_launch,62786,69415,27,17.757066915414473,18.77052432485406,14.460890094675277,83.29494978997197,operational,operational,2025-016B,2026-125Q,True
2026-09-19 00:00:00+00:00,QQ_diff_launch,62787,68646,27,4.621489007019163,5.750030165475058,12.843436522592077,87.82638054693649,operational,operational,2025-016C,2026-075L,True
2026-09-19 00:00:00+00:00,QQ_diff_launch,62787,69407,27,11.088635033305694,11.99753649139994,14.487986372823466,82.51781017658162,operational,operational,2025-016C,2026-125G,True
2026-09-19 00:00:00+00:00,QQ_diff_launch,62788,69401,27,11.810043456669966,11.946210222060325,14.458400976639815,82.76400683781765,operational,operational,2025-016D,2026-125A,True
2026-09-19 00:00:00+00:00,QQ_diff_launch,62789,69410,27,10.724932760490065,10.858622400907699,14.47505112839824,82.84514140551971,operational,operational,2025-016E,2026-125K,True
2026-09-19 00:00:00+00:00,QQ_diff_launch,62789,69849,1,18.415296328721453,18.415296328721453,2.554000108033513,88.95770182015248,operational,ascent,2025-016E,2026-155B,False
2026-09-19 00:00:00+00:00,QQ_diff_launch,62790,69394,13,17.417223409169992,18.033991614062234,9.576288680594345,88.70137948941758,operational,operational,2025-016F,2026-124N,False
2026-09-19 00:00:00+00:00,QQ_diff_launch,62790,69416,27,14.152187429342689,15.678678146903394,14.461201461020782,83.17624867014403,operational,operational,2025-016F,2026-125R,True
2026-09-19 00:00:00+00:00,QQ_diff_launch,62791,69387,13,12.274055538647803,12.660138420722859,9.598466717459132,88.63534864882632,operational,operational,2025-016G,2026-124F,False
2026-09-19 00:00:00+00:00,QQ_diff_launch,62791,69408,27,10.841575167084939,11.394622139633785,14.4797947815193,82.69403565961149,operational,operational,2025-016G,2026-125H,True
2026-09-19 00:00:00+00:00,QQ_diff_launch,62792,69406,27,15.950698330706611,17.532088536483922,14.47365873486848,82.55772558808053,operational,operational,2025-016H,2026-125F,True
2026-09-19 00:00:00+00:00,QQ_diff_launch,62792,69862,1,19.333680779709795,19.333680779709795,2.5597914022427135,88.96578393718201,operational,ascent,2025-016H,2026-155Q,False
2026-09-19 00:00:00+00:00,QQ_diff_launch,62793,69392,27,13.032697650679877,13.969871850450927,9.56940293066259,88.63572598850475,operational,operational,2025-016J,2026-124L,True
2026-09-19 00:00:00+00:00,QQ_diff_launch,62793,69412,27,12.121688715951336,12.163577365848324,14.461862046503425,82.94925337185433,operational,operational,2025-016J,2026-125M,True
2026-09-19 00:00:00+00:00,QQ_diff_launch,62794,68637,27,10.849410429186355,10.97322563100984,12.819407045331177,87.90163327725035,operational,operational,2025-016K,2026-075B,True
2026-09-19 00:00:00+00:00,QQ_diff_launch,62794,69386,27,10.400771312916504,11.566960781975952,9.569114232086642,88.63790434238334,operational,operational,2025-016K,2026-124E,True
2026-09-19 00:00:00+00:00,QQ_diff_launch,62794,69405,27,10.759549935741875,10.973510055401494,14.473497201838052,83.0300501730744,operational,operational,2025-016K,2026-125E,True
2026-09-19 00:00:00+00:00,QQ_diff_launch,62795,69385,13,18.244225002800455,19.01663509973248,9.560908245490939,88.60333378650868,operational,operational,2025-016L,2026-124D,False
2026-09-19 00:00:00+00:00,QQ_diff_launch,62795,69402,27,15.10763424835906,15.550837260905965,14.473418964621017,83.23529115995393,operational,operational,2025-016L,2026-125B,True
2026-09-19 00:00:00+00:00,QQ_diff_launch,62796,69399,27,10.471869254140893,12.733006525502374,9.572687818202409,88.63413375601512,operational,operational,2025-016M,2026-124T,True
2026-09-19 00:00:00+00:00,QQ_diff_launch,62796,69418,27,13.611565259804141,14.090173886320379,14.473545793790995,83.15288411021587,operational,operational,2025-016M,2026-125T,True
2026-09-19 00:00:00+00:00,QQ_diff_launch,62797,69391,27,11.089482996019816,12.456685805886329,9.579368850982686,88.63750649596457,operational,operational,2025-016N,2026-124K,True
2026-09-19 00:00:00+00:00,QQ_diff_launch,62797,69409,27,12.372934361256938,12.638312492450595,14.473290113609727,83.0710310938654,operational,operational,2025-016N,2026-125J,True
2026-09-19 00:00:00+00:00,QQ_diff_launch,62798,69398,27,11.502490267713682,16.50929252716795,9.574892457467248,88.61801060054584,operational,operational,2025-016P,2026-124S,True
2026-09-19 00:00:00+00:00,QQ_diff_launch,62799,69411,27,16.473664723858313,18.14711244410744,14.458930689849543,83.31865767512554,operational,operational,2025-016Q,2026-125L,True
2026-09-19 00:00:00+00:00,QQ_diff_launch,62800,69397,14,13.059865425297616,13.581041493886758,9.575386960525336,88.62760080564317,operational,operational,2025-016R,2026-124R,True
2026-09-19 00:00:00+00:00,QQ_diff_launch,62800,69417,27,12.454617851659524,14.274432387879756,14.462760298037185,83.09454217494746,operational,operational,2025-016R,2026-125S,True
2026-09-19 00:00:00+00:00,QQ_diff_launch,62801,69396,27,11.490321539749505,12.91656161956511,9.574710611295648,88.6753420751604,operational,operational,2025-016S,2026-124Q,True
2026-09-19 00:00:00+00:00,QQ_diff_launch,62801,69414,27,11.60939600097059,11.671978476602176,14.461920758336289,82.9001089917127,operational,operational,2025-016S,2026-125P,True
2026-09-19 00:00:00+00:00,QQ_diff_launch,62802,68636,27,14.448836146040307,14.62792313086937,12.813722453490227,87.84867080713457,operational,operational,2025-016T,2026-075A,True
2026-09-19 00:00:00+00:00,QQ_diff_launch,62802,69404,27,14.226381551140397,14.326569594151888,14.463267388046596,82.93042995177144,operational,operational,2025-016T,2026-125D,True
2026-09-19 00:00:00+00:00,QQ_diff_launch,63174,69851,1,19.018818467932235,19.018818467932235,12.876567247063658,87.77252566787783,operational,ascent,2025-046R,2026-155D,False
2026-09-19 00:00:00+00:00,QQ_diff_launch,63174,69865,12,4.628674627660509,12.547471209102866,12.829094657931734,87.92567982822415,operational,drift,2025-046R,2026-155T,False
2026-09-19 00:00:00+00:00,QQ_diff_launch,63175,69848,1,19.686875946121653,19.686875946121653,12.809146546742555,87.97121146310508,operational,drift,2025-046S,2026-155A,False
2026-09-19 00:00:00+00:00,QQ_diff_launch,66034,69404,27,2.5939018741527846,4.128618509833335,12.842489850234141,87.86011820961518,operational,operational,2025-233B,2026-125D,True
2026-09-19 00:00:00+00:00,QQ_diff_launch,66039,69408,27,6.1767937022851775,7.262930803890922,12.87761175798045,87.93896961116431,operational,operational,2025-233G,2026-125H,True
2026-09-19 00:00:00+00:00,QQ_diff_launch,66040,69410,27,0.42249806949776186,0.8612872209390764,12.859710517351834,87.90223370624298,operational,operational,2025-233H,2026-125K,True
2026-09-19 00:00:00+00:00,QQ_diff_launch,66042,69406,27,7.516078192504383,8.868908996390108,12.87368907619611,87.95549917318608,operational,operational,2025-233K,2026-125F,True
2026-09-19 00:00:00+00:00,QQ_diff_launch,66045,69851,1,19.46405540811798,19.46405540811798,2.556713687661929,88.97822001860098,operational,ascent,2025-233N,2026-155D,False
2026-09-19 00:00:00+00:00,QQ_diff_launch,66047,69416,2,19.957078147656247,19.968810926896495,12.865239496475793,88.0373904428912,operational,operational,2025-233Q,2026-125R,False
2026-09-19 00:00:00+00:00,QQ_diff_launch,66048,69854,1,12.286134956234395,12.286134956234395,2.5705098403751188,88.98594514945765,operational,ascent,2025-233R,2026-155G,False
2026-09-19 00:00:00+00:00,QQ_diff_launch,66049,69855,1,7.047247595274633,7.047247595274633,2.5640154338168943,88.99350329959329,operational,ascent,2025-233S,2026-155H,False
2026-09-19 00:00:00+00:00,QQ_diff_launch,68638,69383,27,2.6286896752572346,3.525609589788406,5.0854364482264325,88.93416871605525,operational,operational,2026-075C,2026-124B,True
2026-09-19 00:00:00+00:00,QQ_diff_launch,68639,69399,27,15.087742550795989,17.0760179015638,5.094953599792646,88.94828672165153,operational,operational,2026-075D,2026-124T,True
2026-09-19 00:00:00+00:00,QQ_diff_launch,68644,69389,27,0.4407666137926066,2.909115130662028,5.09236527875765,88.9249613229319,operational,operational,2026-075J,2026-124H,True
2026-09-19 00:00:00+00:00,QQ_diff_launch,68644,69862,2,4.595711396173812,11.470662717909951,11.412733161852234,88.44331106784162,operational,ascent,2026-075J,2026-155Q,False
2026-09-19 00:00:00+00:00,QQ_diff_launch,68650,69863,2,12.457367620453237,14.34476411012866,11.395045541950882,88.40475100373568,operational,ascent,2026-075Q,2026-155R,False
2026-09-19 00:00:00+00:00,QQ_diff_launch,68652,69852,2,12.741923830580422,14.887895378113564,11.38062322169049,88.41016318834161,operational,drift,2026-075S,2026-155E,False
2026-09-19 00:00:00+00:00,QQ_diff_launch,69074,69109,27,12.315022029281458,12.511739198917407,5.092414277801023,88.95172505894827,operational,operational,2026-104B,2026-108F,True
2026-09-19 00:00:00+00:00,QQ_diff_launch,69076,69104,27,8.549259871277805,11.393135471289293,5.084090948154787,88.92159349738242,operational,operational,2026-104D,2026-108A,True
2026-09-19 00:00:00+00:00,QQ_diff_launch,69080,69118,27,15.796613019217508,17.211426186921702,5.09039795443313,88.95683872917967,operational,operational,2026-104H,2026-108Q,True
2026-09-19 00:00:00+00:00,QQ_diff_launch,69081,69862,2,18.330599116472204,19.00230084458739,9.580069315822744,88.65490751591624,operational,ascent,2026-104J,2026-155Q,False
2026-09-19 00:00:00+00:00,QQ_diff_launch,69082,69105,14,17.938883895462805,19.19294370813804,5.0782099713800495,88.91063320449888,operational,operational,2026-104K,2026-108B,True
2026-09-19 00:00:00+00:00,QQ_diff_launch,69083,69114,27,9.522536812814284,10.228692942520617,5.109325744270553,88.94962431343085,operational,operational,2026-104L,2026-108L,True
2026-09-19 00:00:00+00:00,QQ_diff_launch,69084,69117,27,5.348426897857896,5.774878440467408,5.0783757772765705,88.92919172563158,operational,operational,2026-104M,2026-108P,True
2026-09-19 00:00:00+00:00,QQ_diff_launch,69084,69854,2,13.751833905880396,15.167101640875494,9.585813582098748,88.63933824336536,operational,ascent,2026-104M,2026-155G,False
2026-09-19 00:00:00+00:00,QQ_diff_launch,69086,69115,27,9.216963306935202,9.535744979547937,5.084377545405352,88.92481733641608,operational,operational,2026-104P,2026-108M,True
2026-09-19 00:00:00+00:00,QQ_diff_launch,69087,69121,27,10.285404803293229,11.262188666241906,5.082700724128654,88.95012340098963,operational,operational,2026-104Q,2026-108T,True
2026-09-19 00:00:00+00:00,QQ_diff_launch,69114,69863,1,16.865774375435432,16.865774375435432,5.129776396602107,88.92575068608153,operational,ascent,2026-108L,2026-155R,False
2026-09-19 00:00:00+00:00,QQ_diff_launch,69116,69859,1,13.661556159742583,13.661556159742583,5.161704990277377,88.93650683845756,operational,drift,2026-108N,2026-155M,False
2026-09-19 00:00:00+00:00,QQ_diff_launch,69117,69853,2,6.923976429969111,12.649138101974643,5.1454110099489885,88.95655654248847,operational,ascent,2026-108P,2026-155F,False
2026-09-19 00:00:00+00:00,QQ_diff_launch,69326,69855,1,4.941197073239316,4.941197073239316,12.84649597913067,87.92051187197276,operational,ascent,2026-121B,2026-155H,False
2026-09-19 00:00:00+00:00,QQ_diff_launch,69388,69863,1,9.175105691040727,9.175105691040727,7.480351252446181,88.86007640418613,operational,ascent,2026-124G,2026-155R,False
2026-09-19 00:00:00+00:00,QQ_diff_launch,69389,69862,1,16.978653649755895,16.978653649755895,7.508379934358808,88.80722356952987,operational,ascent,2026-124H,2026-155Q,False
2026-09-19 00:00:00+00:00,QQ_diff_launch,69396,69852,2,12.683643354308728,13.157836017380351,7.5082473203475875,88.86641281455128,operational,drift,2026-124Q,2026-155E,False
2026-09-19 00:00:00+00:00,QQ_diff_launch,69402,69848,1,7.253136166951552,7.253136166951552,13.89452815986362,86.79913253494949,operational,drift,2026-125B,2026-155A,False
2026-09-19 00:00:00+00:00,QQ_diff_launch,69409,69867,11,2.8521245781774676,8.746123853669891,13.898130351544738,86.78602447498322,operational,ascent,2026-125J,2026-155V,False
2026-09-19 00:00:00+00:00,QQ_diff_launch,69410,69849,1,4.76904054899405,4.76904054899405,13.897374884420035,86.81743341041157,operational,ascent,2026-125K,2026-155B,False
2026-09-19 00:00:00+00:00,QQ_diff_launch,69412,69851,2,5.487867542567051,11.21081536527771,13.876472280159284,86.82354269644935,operational,ascent,2026-125M,2026-155D,False
2026-09-19 00:00:00+00:00,QQ_diff_launch,69413,69861,1,19.235474413137222,19.235474413137222,13.889177611520712,86.87154376018812,operational,drift,2026-125N,2026-155P,False
2026-09-19 00:00:00+00:00,QQ_diff_launch,69414,69855,2,4.337697732724257,10.977535763143376,13.877013697586959,86.88284574845233,operational,ascent,2026-125P,2026-155H,False
2026-09-19 00:00:00+00:00,QQ_diff_launch,69418,69866,3,7.982677993995757,17.166613155409934,13.898007664324474,86.90763070626865,operational,ascent,2026-125T,2026-155U,False
2026-09-19 00:00:00+00:00,QQ_same_launch,61552,61556,1,7.19977194383347,7.19977194383347,0.04168879327049468,88.84559774628723,stranded,stranded,2024-185A,2024-185E,False
2026-09-19 00:00:00+00:00,QQ_same_launch,69804,69809,1,2.2654393463427467,2.2654393463427467,0.0037038161671385196,48.397748459863045,drift,drift,2026-153E,2026-153K,False
2026-09-19 00:00:00+00:00,QQ_same_launch,69851,69865,1,10.891508092306522,10.891508092306522,0.006840256524807831,76.87393862264042,ascent,drift,2026-155D,2026-155T,False
2026-09-19 00:00:00+00:00,QQ_same_launch,69856,69861,2,8.40129570382854,11.174087619437495,0.011473872450280368,55.52678542914828,drift,drift,2026-155J,2026-155P,False
2026-09-19 00:00:00+00:00,QQ_same_launch,69859,69866,1,19.91134839288551,19.91134839288551,0.013813052176836307,77.99167635622604,drift,ascent,2026-155M,2026-155U,False
2026-09-19 00:00:00+00:00,QQ_same_launch,100693,100694,10,15.85762668226336,17.534019103364294,0.01785910535604799,28.295725014918986,drift,drift,2026-210B,2026-210C,False
2026-09-19 00:00:00+00:00,QQ_same_launch,100700,100701,13,4.6779680528033785,4.939793493634649,0.005387059824385142,81.16752431547641,drift,drift,2026-210J,2026-210K,False
2026-09-22 00:00:00+00:00,QQ_diff_launch,60379,69854,1,3.915711471384168,3.915711471384168,13.859744215909487,86.79159329824262,operational,ascent,2024-140A,2026-155G,False
2026-09-22 00:00:00+00:00,QQ_diff_launch,60380,69848,1,6.167697244891855,6.167697244891855,13.867293488379957,86.66152367197814,operational,ascent,2024-140B,2026-155A,False
2026-09-22 00:00:00+00:00,QQ_diff_launch,60383,69859,1,12.209865692888059,12.209865692888059,13.861186117463216,86.87563128728237,operational,drift,2024-140E,2026-155M,False
2026-09-22 00:00:00+00:00,QQ_diff_launch,60384,69856,6,3.1308914219046433,11.717839298204671,13.899460468725636,86.77157610381866,operational,drift,2024-140F,2026-155J,False
2026-09-22 00:00:00+00:00,QQ_diff_launch,60386,69396,27,13.792185097861562,13.958495664635482,9.601870278705496,88.6352838803309,operational,operational,2024-140H,2026-124Q,True
2026-09-22 00:00:00+00:00,QQ_diff_launch,60387,69399,27,13.824847762768119,14.74953897279237,9.56502468004425,88.62916614842858,operational,operational,2024-140J,2026-124T,True
2026-09-22 00:00:00+00:00,QQ_diff_launch,60388,61564,1,17.61231311959964,17.61231311959964,13.843220226848965,86.71325402961143,operational,stranded,2024-140K,2024-185N,False
2026-09-22 00:00:00+00:00,QQ_diff_launch,60388,68647,27,11.167787750209703,11.204406018522452,5.204560048008431,88.90800361457684,operational,operational,2024-140K,2026-075M,True
2026-09-22 00:00:00+00:00,QQ_diff_launch,60388,69391,27,10.48330704158217,12.960868543149324,9.618650693459147,88.67453231848864,operational,operational,2024-140K,2026-124K,True
2026-09-22 00:00:00+00:00,QQ_diff_launch,60389,69863,3,14.14220174098919,17.93896107034924,13.93012399007433,86.78972040573106,operational,ascent,2024-140L,2026-155R,False
2026-09-22 00:00:00+00:00,QQ_diff_launch,60390,69866,3,13.526167344520193,18.311287711902985,13.922434383062273,86.69051529677142,operational,ascent,2024-140M,2026-155U,False
2026-09-22 00:00:00+00:00,QQ_diff_launch,60391,69858,1,17.276768451963274,17.276768451963274,13.846577347147077,86.64976451523864,operational,ascent,2024-140N,2026-155L,False
2026-09-22 00:00:00+00:00,QQ_diff_launch,60392,68644,22,11.788750306268561,11.929568109368574,5.143652940153971,88.90549514417017,operational,operational,2024-140P,2026-075J,True
2026-09-22 00:00:00+00:00,QQ_diff_launch,60392,69849,1,14.215612834536035,14.215612834536035,13.854575120271805,86.63784356454495,operational,drift,2024-140P,2026-155B,False
2026-09-22 00:00:00+00:00,QQ_diff_launch,60393,69390,5,19.664974897686122,19.881260362325552,9.607172819660823,88.71052786245858,operational,operational,2024-140Q,2026-124J,False
2026-09-22 00:00:00+00:00,QQ_diff_launch,60394,68641,14,10.282386602661838,10.68497121496674,5.128351888651366,88.91044605234232,operational,operational,2024-140R,2026-075F,True
2026-09-22 00:00:00+00:00,QQ_diff_launch,60395,61569,1,2.9022484802828394,2.9022484802828394,13.83078442546827,86.91557491152913,operational,stranded,2024-140S,2024-185T,False
2026-09-22 00:00:00+00:00,QQ_diff_launch,60395,69386,27,11.024057265572456,12.237757148913285,9.554371312271828,88.64108519865849,operational,operational,2024-140S,2026-124E,True
2026-09-22 00:00:00+00:00,QQ_diff_launch,60395,69862,1,2.7264101533089606,2.7264101533089606,13.84870277796449,86.75425690419905,operational,ascent,2024-140S,2026-155Q,False
2026-09-22 00:00:00+00:00,QQ_diff_launch,60396,68648,27,11.111903426190322,11.174098561340672,5.194135671329393,88.90933727420014,operational,operational,2024-140T,2026-075N,True
2026-09-22 00:00:00+00:00,QQ_diff_launch,60396,69397,27,11.48242324238717,11.597725989482495,9.63148470178684,88.66572751119796,operational,operational,2024-140T,2026-124R,True
2026-09-22 00:00:00+00:00,QQ_diff_launch,61562,69863,1,18.13820666701086,18.13820666701086,0.18790428839027645,88.2010528271842,operational,ascent,2024-185L,2026-155R,False
2026-09-22 00:00:00+00:00,QQ_diff_launch,61563,66046,2,10.658594750531714,11.556894851849599,2.329595339058762,88.9805772121704,operational,operational,2024-185M,2025-233P,False
2026-09-22 00:00:00+00:00,QQ_diff_launch,61567,69811,1,16.95681894040926,16.95681894040926,6.863258717521501,88.88454644406306,stranded,ascent,2024-185R,2026-153M,False
2026-09-22 00:00:00+00:00,QQ_diff_launch,61569,69112,1,14.016253555153666,14.016253555153666,4.9086305525483676,88.94279159241646,stranded,operational,2024-185T,2026-108J,False
2026-09-22 00:00:00+00:00,QQ_diff_launch,62238,63171,26,8.59012271344446,11.293269897705176,9.642092770743798,88.63019111556916,operational,operational,2024-232B,2025-046N,True
2026-09-22 00:00:00+00:00,QQ_diff_launch,62239,63162,1,19.901324629963582,19.901324629963582,9.622846372435621,88.7236676216341,operational,operational,2024-232C,2025-046D,False
2026-09-22 00:00:00+00:00,QQ_diff_launch,62241,63159,14,16.201833296308376,16.493594712554717,9.558826635064431,88.60874674792836,operational,operational,2024-232E,2025-046A,True
2026-09-22 00:00:00+00:00,QQ_diff_launch,62241,69865,1,1.881266818661814,1.881266818661814,5.1159583755530695,88.94533929303034,operational,drift,2024-232E,2026-155T,False
2026-09-22 00:00:00+00:00,QQ_diff_launch,62244,63176,13,12.544917942328162,13.936856473709318,9.63638348102956,88.61673634587416,operational,operational,2024-232H,2025-046T,False
2026-09-22 00:00:00+00:00,QQ_diff_launch,62245,63168,27,12.584336900327463,15.264392058164518,9.584702433668616,88.69829037971822,operational,operational,2024-232J,2025-046K,True
2026-09-22 00:00:00+00:00,QQ_diff_launch,62247,63160,4,18.846505771037382,19.300180004922524,9.644755603160903,88.71153179453347,operational,operational,2024-232L,2025-046B,False
2026-09-22 00:00:00+00:00,QQ_diff_launch,62251,63165,13,12.185127199514632,13.368180835112875,9.582343751111283,88.6997302147493,operational,operational,2024-232Q,2025-046G,False
2026-09-22 00:00:00+00:00,QQ_diff_launch,62252,63170,12,18.296507883643034,19.171110438181472,9.60786873823481,88.65775328464836,operational,operational,2024-232R,2025-046M,False
2026-09-22 00:00:00+00:00,QQ_diff_launch,62252,69855,1,18.136414162916893,18.136414162916893,5.080128678164589,88.96996936527972,operational,ascent,2024-232R,2026-155H,False
2026-09-22 00:00:00+00:00,QQ_diff_launch,62253,63175,14,9.925388638859733,11.048992574712873,9.573376264330626,88.62766595080917,operational,operational,2024-232S,2025-046S,True
2026-09-22 00:00:00+00:00,QQ_diff_launch,62785,68645,27,12.466308591502617,12.731740762339982,12.83201982131894,87.87808309613851,operational,operational,2025-016A,2026-075K,True
2026-09-22 00:00:00+00:00,QQ_diff_launch,62785,69413,27,12.629834634744098,12.709243630332884,14.4752328545141,82.90553762273349,operational,operational,2025-016A,2026-125N,True
2026-09-22 00:00:00+00:00,QQ_diff_launch,62785,69861,3,10.363690841054654,14.77542265975544,2.571529205609286,88.96553623173503,operational,drift,2025-016A,2026-155P,False
2026-09-22 00:00:00+00:00,QQ_diff_launch,62786,69415,27,17.829707234472806,17.840156188953216,14.47235219118672,83.27440259023439,operational,operational,2025-016B,2026-125Q,True
2026-09-22 00:00:00+00:00,QQ_diff_launch,62786,69857,3,14.258890269168717,18.590987394780463,2.5363447347571664,88.96405296428709,operational,ascent,2025-016B,2026-155K,False
2026-09-22 00:00:00+00:00,QQ_diff_launch,62787,68646,27,0.301282393255514,0.8315649483389118,12.811850033418096,87.86138597856923,operational,operational,2025-016C,2026-075L,True
2026-09-22 00:00:00+00:00,QQ_diff_launch,62787,69407,27,8.522585368876905,9.06705098906773,14.452464122387763,82.5992712942857,operational,operational,2025-016C,2026-125G,True
2026-09-22 00:00:00+00:00,QQ_diff_launch,62788,69401,27,11.335123084260394,13.243062215494062,14.473317860658163,82.6968144711979,operational,operational,2025-016D,2026-125A,True
2026-09-22 00:00:00+00:00,QQ_diff_launch,62789,69410,27,10.50672304219214,10.571022029469434,14.460528133268205,82.92247804546378,operational,operational,2025-016E,2026-125K,True
2026-09-22 00:00:00+00:00,QQ_diff_launch,62790,69394,14,13.374597646096793,13.968184893040997,9.575520082913828,88.6856926437725,operational,operational,2025-016F,2026-124N,True
2026-09-22 00:00:00+00:00,QQ_diff_launch,62790,69416,27,13.43621986101594,13.698412143393455,14.473478269566991,83.1069862093042,operational,operational,2025-016F,2026-125R,True
2026-09-22 00:00:00+00:00,QQ_diff_launch,62791,68641,13,18.344534649318646,18.60555773084885,12.843365941970172,87.97426550241293,operational,operational,2025-016G,2026-075F,False
2026-09-22 00:00:00+00:00,QQ_diff_launch,62791,69387,14,10.133720711954279,10.42008201874538,9.597071777337042,88.64783881128582,operational,operational,2025-016G,2026-124F,True
2026-09-22 00:00:00+00:00,QQ_diff_launch,62791,69408,27,10.426010850450117,10.567135283236857,14.466050254824122,82.79511800570468,operational,operational,2025-016G,2026-125H,True
2026-09-22 00:00:00+00:00,QQ_diff_launch,62792,69406,27,15.845543519334697,15.972655781614035,14.461628783719345,82.60913654343477,operational,operational,2025-016H,2026-125F,True
2026-09-22 00:00:00+00:00,QQ_diff_launch,62793,69392,27,11.204617782951257,18.02710879875092,9.575712497808116,88.6135850861934,operational,operational,2025-016J,2026-124L,True
2026-09-22 00:00:00+00:00,QQ_diff_launch,62793,69412,27,11.848042278206869,11.965018141440199,14.473182364278594,82.87876074168003,operational,operational,2025-016J,2026-125M,True
2026-09-22 00:00:00+00:00,QQ_diff_launch,62794,68637,27,11.328086586448244,17.95139704359431,12.804904097565023,87.97702944070562,operational,operational,2025-016K,2026-075B,True
2026-09-22 00:00:00+00:00,QQ_diff_launch,62794,69386,27,10.15135078042945,13.054443893001052,9.557999486319014,88.68676140052344,operational,operational,2025-016K,2026-124E,True
2026-09-22 00:00:00+00:00,QQ_diff_launch,62794,69405,27,11.787850363884761,13.80858333791004,14.458240519345873,83.1789182173199,operational,operational,2025-016K,2026-125E,True
2026-09-22 00:00:00+00:00,QQ_diff_launch,62795,69385,14,13.544691801225985,14.258294364147613,9.55937702167519,88.62197447850038,operational,operational,2025-016L,2026-124D,True
2026-09-22 00:00:00+00:00,QQ_diff_launch,62795,69402,27,13.700636137898938,16.126517522960025,14.458387527462138,83.27037398610283,operational,operational,2025-016L,2026-125B,True
2026-09-22 00:00:00+00:00,QQ_diff_launch,62796,69399,14,10.153632410670074,10.418094456448767,9.561946769682134,88.6451031758685,operational,operational,2025-016M,2026-124T,True
2026-09-22 00:00:00+00:00,QQ_diff_launch,62796,69418,27,12.136955294757366,14.437249042170485,14.459469716718244,83.19172444231411,operational,operational,2025-016M,2026-125T,True
2026-09-22 00:00:00+00:00,QQ_diff_launch,62797,69391,23,10.755830922865975,11.29984558721719,9.569056352577824,88.64208916834978,operational,operational,2025-016N,2026-124K,True
2026-09-22 00:00:00+00:00,QQ_diff_launch,62797,69409,27,11.155895421605678,12.18835299129538,14.459899847308213,83.07429069339219,operational,operational,2025-016N,2026-125J,True
2026-09-22 00:00:00+00:00,QQ_diff_launch,62798,69398,15,10.870100933707599,10.983071142259716,9.564298173943255,88.64732505752572,operational,operational,2025-016P,2026-124S,True
2026-09-22 00:00:00+00:00,QQ_diff_launch,62798,69403,27,13.586701560643904,15.857001421270738,14.461772718627037,83.19828928622272,operational,operational,2025-016P,2026-125C,True
2026-09-22 00:00:00+00:00,QQ_diff_launch,62799,69411,27,15.304394351471243,15.699976673292127,14.470861317467572,83.23875615388603,operational,operational,2025-016Q,2026-125L,True
2026-09-22 00:00:00+00:00,QQ_diff_launch,62800,69397,13,10.276184355422357,10.645583604467475,9.573766418508958,88.64107824686492,operational,operational,2025-016R,2026-124R,False
2026-09-22 00:00:00+00:00,QQ_diff_launch,62800,69417,27,11.439226412926606,11.796221375704738,14.476798991849913,82.99289178123455,operational,operational,2025-016R,2026-125S,True
2026-09-22 00:00:00+00:00,QQ_diff_launch,62801,69396,27,12.050382059545102,12.555925540113515,9.581586311445985,88.63630045203008,operational,operational,2025-016S,2026-124Q,True
2026-09-22 00:00:00+00:00,QQ_diff_launch,62801,69414,27,11.404797128136098,12.138550156478637,14.473543203589704,82.80843980068693,operational,operational,2025-016S,2026-125P,True
2026-09-22 00:00:00+00:00,QQ_diff_launch,62802,68636,27,13.861471634599297,14.141434558759343,12.81989443156384,87.86212936343976,operational,operational,2025-016T,2026-075A,True
2026-09-22 00:00:00+00:00,QQ_diff_launch,62802,69404,2,8.440988938650133,11.728841004919845,14.461469437216511,83.01182158726712,operational,operational,2025-016T,2026-125D,False
2026-09-22 00:00:00+00:00,QQ_diff_launch,63159,69867,2,7.785172810740604,13.595430999894198,12.83804531143073,87.835016649864,operational,ascent,2025-046A,2026-155V,False
2026-09-22 00:00:00+00:00,QQ_diff_launch,63170,69855,1,14.306722478951494,14.306722478951494,12.818190936444429,87.79763284965698,operational,ascent,2025-046M,2026-155H,False
2026-09-22 00:00:00+00:00,QQ_diff_launch,66034,69404,1,18.99667430510802,18.99667430510802,12.8654554310397,87.93512062995939,operational,operational,2025-233B,2026-125D,False
2026-09-22 00:00:00+00:00,QQ_diff_launch,66034,69848,1,17.31957552621413,17.31957552621413,2.558025561979081,88.99104130200466,operational,ascent,2025-233B,2026-155A,False
2026-09-22 00:00:00+00:00,QQ_diff_launch,66035,69405,27,0.29568549827085644,0.5186362578523759,12.84852920095151,87.88955903279843,operational,operational,2025-233C,2026-125E,True
2026-09-22 00:00:00+00:00,QQ_diff_launch,66039,69408,12,17.687000345792573,18.904670998499828,12.877944086795175,88.02127233513055,operational,operational,2025-233G,2026-125H,False
2026-09-22 00:00:00+00:00,QQ_diff_launch,66040,69410,27,5.580659893019125,7.20810666090321,12.829622227648152,87.94947412699406,operational,operational,2025-233H,2026-125K,True
2026-09-22 00:00:00+00:00,QQ_diff_launch,66041,69866,1,16.41993409721039,16.41993409721039,2.5566286384558885,88.99771407368033,operational,ascent,2025-233J,2026-155U,False
2026-09-22 00:00:00+00:00,QQ_diff_launch,66042,69406,27,1.696683489411339,2.8798010308320703,12.843337296326748,87.9131723195075,operational,operational,2025-233K,2026-125F,True
2026-09-22 00:00:00+00:00,QQ_diff_launch,66044,69409,16,18.951491204486626,19.46715938013766,12.871915340861053,88.02968053997378,operational,operational,2025-233M,2026-125J,True
2026-09-22 00:00:00+00:00,QQ_diff_launch,66046,69854,1,19.859318722420483,19.859318722420483,2.5683607563782123,88.98274249849898,operational,ascent,2025-233P,2026-155G,False
2026-09-22 00:00:00+00:00,QQ_diff_launch,66048,69855,1,6.691700382316613,6.691700382316613,2.5684246282483856,88.98672462563187,operational,ascent,2025-233R,2026-155H,False
2026-09-22 00:00:00+00:00,QQ_diff_launch,66050,69852,2,14.57677528433263,15.211490273732235,2.5652535897576616,88.98900166089751,operational,drift,2025-233T,2026-155E,False
2026-09-22 00:00:00+00:00,QQ_diff_launch,68636,69863,1,10.670310337215337,10.670310337215337,11.40663260357098,88.36803841151595,operational,ascent,2026-075A,2026-155R,False
2026-09-22 00:00:00+00:00,QQ_diff_launch,68637,69862,2,6.408645617977293,11.761256699923718,11.389073020629494,88.43853602515435,operational,ascent,2026-075B,2026-155Q,False
2026-09-22 00:00:00+00:00,QQ_diff_launch,68638,69383,27,3.227513672342831,3.813705190810286,5.098269083928411,88.9343387467996,operational,operational,2026-075C,2026-124B,True
2026-09-22 00:00:00+00:00,QQ_diff_launch,68643,69859,1,13.096842814222208,13.096842814222208,11.38236017809421,88.42669139284402,operational,drift,2026-075H,2026-155M,False
2026-09-22 00:00:00+00:00,QQ_diff_launch,68644,69389,27,3.3475387345520926,6.1793991149237835,5.081205760245416,88.93642573955519,operational,operational,2026-075J,2026-124H,True
2026-09-22 00:00:00+00:00,QQ_diff_launch,68645,69856,2,10.529238432875053,11.934788801127134,11.412364193963977,88.40444377322072,operational,drift,2026-075K,2026-155J,False
2026-09-22 00:00:00+00:00,QQ_diff_launch,68645,69861,6,3.140006019755994,8.975743721880843,11.407632670357746,88.3869406069295,operational,drift,2026-075K,2026-155P,False
2026-09-22 00:00:00+00:00,QQ_diff_launch,68652,69396,27,12.447180128972994,14.085550511764334,5.08667975867642,88.9073600326051,operational,operational,2026-075S,2026-124Q,True
2026-09-22 00:00:00+00:00,QQ_diff_launch,68653,69857,8,4.257020626794805,6.783717649441549,11.382900996337952,88.37547304571825,operational,ascent,2026-075T,2026-155K,False
2026-09-22 00:00:00+00:00,QQ_diff_launch,69074,69109,27,13.542666471117382,13.838979705870381,5.081382853959559,88.95306396066833,operational,operational,2026-104B,2026-108F,True
2026-09-22 00:00:00+00:00,QQ_diff_launch,69076,69104,27,16.16119108187816,17.11339004214655,5.097122735844909,88.91318077063539,operational,operational,2026-104D,2026-108A,True
2026-09-22 00:00:00+00:00,QQ_diff_launch,69079,69862,1,15.635557802285241,15.635557802285241,9.592686981005045,88.69869262527388,operational,ascent,2026-104G,2026-155Q,False
2026-09-22 00:00:00+00:00,QQ_diff_launch,69080,69118,27,8.90129144465339,10.24324139854005,5.079458348230275,88.94920853436223,operational,operational,2026-104H,2026-108Q,True
2026-09-22 00:00:00+00:00,QQ_diff_launch,69082,69105,27,7.605741051371815,9.640185841842461,5.067253521506097,88.92473336177764,operational,operational,2026-104K,2026-108B,True
2026-09-22 00:00:00+00:00,QQ_diff_launch,69083,69114,27,11.91837869726642,12.851157534784475,5.098157952954839,88.95243595819318,operational,operational,2026-104L,2026-108L,True
2026-09-22 00:00:00+00:00,QQ_diff_launch,69083,69866,1,10.766779613639295,10.766779613639295,9.585138123554033,88.68756451930167,operational,ascent,2026-104L,2026-155U,False
2026-09-22 00:00:00+00:00,QQ_diff_launch,69084,69117,27,2.149460101738538,2.7107970052951904,5.091512574081556,88.93326480076699,operational,operational,2026-104M,2026-108P,True
2026-09-22 00:00:00+00:00,QQ_diff_launch,69085,69851,1,19.952609087462534,19.952609087462534,9.575092021149374,88.72581770631606,operational,ascent,2026-104N,2026-155D,False
2026-09-22 00:00:00+00:00,QQ_diff_launch,69086,69115,27,7.9885459736904,8.267664605007845,5.097541846318503,88.92656631657043,operational,operational,2026-104P,2026-108M,True
2026-09-22 00:00:00+00:00,QQ_diff_launch,69087,69121,27,13.616315258911635,14.658916670406134,5.0958752941771825,88.9537368754779,operational,operational,2026-104Q,2026-108T,True
2026-09-22 00:00:00+00:00,QQ_diff_launch,69112,69862,1,17.37347177024257,17.37347177024257,5.133805838723415,88.96203801538346,operational,ascent,2026-108J,2026-155Q,False
2026-09-22 00:00:00+00:00,QQ_diff_launch,69114,69866,1,17.133200119598573,17.133200119598573,5.1472545180706994,88.96472508420943,operational,ascent,2026-108L,2026-155U,False
2026-09-22 00:00:00+00:00,QQ_diff_launch,69121,69856,1,16.77402582055297,16.77402582055297,5.144049766770425,88.96746489744031,operational,drift,2026-108T,2026-155J,False
2026-09-22 00:00:00+00:00,QQ_diff_launch,69382,69857,3,7.103327249674095,12.61033669061021,7.485541689602581,88.87091731578103,operational,ascent,2026-124A,2026-155K,False
2026-09-22 00:00:00+00:00,QQ_diff_launch,69384,69863,1,6.87515491148587,6.87515491148587,7.4957565188056465,88.84116200034877,operational,ascent,2026-124C,2026-155R,False
2026-09-22 00:00:00+00:00,QQ_diff_launch,69386,69862,1,12.852284773206016,12.852284773206016,7.4818576182686805,88.86633807438616,operational,ascent,2026-124E,2026-155Q,False
2026-09-22 00:00:00+00:00,QQ_diff_launch,69395,69856,1,15.979648171987415,15.979648171987415,7.518805819065882,88.80149288657961,operational,drift,2026-124P,2026-155J,False
2026-09-22 00:00:00+00:00,QQ_diff_launch,69395,69861,2,8.007102267006488,8.648924043266813,7.513481130525324,88.83772549595767,operational,drift,2026-124P,2026-155P,False
2026-09-22 00:00:00+00:00,QQ_diff_launch,69398,69859,1,19.372904334299157,19.372904334299157,7.483844668429609,88.87796066497262,operational,drift,2026-124S,2026-155M,False
2026-09-22 00:00:00+00:00,QQ_diff_launch,69403,69865,4,9.241166997368913,13.216492860041548,13.877930231895444,86.77272630154249,operational,drift,2026-125C,2026-155T,False
2026-09-22 00:00:00+00:00,QQ_diff_launch,69403,69867,3,8.722009579680167,14.368189495845321,13.859609773893737,86.79801248349237,operational,ascent,2026-125C,2026-155V,False
2026-09-22 00:00:00+00:00,QQ_diff_launch,69406,69849,1,14.01506212527527,14.01506212527527,13.891142255235009,86.76902438514553,operational,drift,2026-125F,2026-155B,False
2026-09-22 00:00:00+00:00,QQ_diff_launch,69411,69854,1,19.648312961269536,19.648312961269536,13.856587075355378,86.82000537715422,operational,ascent,2026-125L,2026-155G,False
2026-09-22 00:00:00+00:00,QQ_diff_launch,69412,69853,1,9.407500405513773,9.407500405513773,13.893875289183278,86.83150667226717,operational,drift,2026-125M,2026-155F,False
2026-09-22 00:00:00+00:00,QQ_diff_launch,69413,69855,2,9.450390618144723,11.293999641394517,13.87624585298449,86.85015461794593,operational,ascent,2026-125N,2026-155H,False
2026-09-22 00:00:00+00:00,QQ_same_launch,69802,69806,1,15.415045303168167,15.415045303168167,0.007594804901747124,35.855397617689185,ascent,ascent,2026-153C,2026-153G,False
2026-09-22 00:00:00+00:00,QQ_same_launch,69860,69866,1,5.590299148770042,5.590299148770042,0.002423291963731905,30.16847353221978,ascent,ascent,2026-155N,2026-155U,False
2026-09-22 00:00:00+00:00,QQ_same_launch,69865,69867,2,4.222365562973812,6.07195141758406,0.006751285952547113,66.97742566791739,drift,ascent,2026-155T,2026-155V,False
2026-09-22 00:00:00+00:00,QQ_same_launch,100695,100696,1,19.468351718307225,19.468351718307225,0.020941969979367012,19.774575501624184,drift,drift,2026-210D,2026-210E,False
2026-09-22 00:00:00+00:00,QQ_same_launch,100700,100701,15,12.621650454590817,14.572809779431118,0.015303080105037918,26.684610321069442,drift,drift,2026-210J,2026-210K,True
