id_1,id_2,start,end,n_windows,duration_d_min,dmin_km,t_dmin,vrel_kms,abs_lat,plane_1,plane_2,gamma,d_model,d_window,d_slotted,drift_kmd,slot_1,slot_2,n_planes,n_op,inter_pairs,gamma_bin,adjacent,on_grid
2024-140A,2024-185M,2026-02-24 00:00:00+00:00,2026-02-24 00:00:00+00:00,1,3.0,4.860257820908624,2026-02-24 00:00:00+00:00,13.818271507355542,86.94734306034036,4.0,2.0,141.52309048198313,38.71187095426032,3.460668837753474,46.373597339603286,151.57403522374858,0.01911002591873512,-0.16048979011537767,6,87,3073.0,142.0,False,True
2024-140A,2024-232P,2025-03-28 00:00:00+00:00,2025-03-28 00:00:00+00:00,1,3.0,6.641081684615393,2025-03-28 00:00:00+00:00,11.323949680167788,88.41691353802103,2.0,0.0,101.46290584293848,372.4476648830008,5.876190659694657,458.5029007253446,807.1590139410208,-0.3796087901174019,0.6684154348710081,3,30,233.0,101.0,False,True
2024-140A,2025-016C,2025-04-03 00:00:00+00:00,2025-04-03 00:00:00+00:00,1,3.0,7.684471960050349,2025-04-03 00:00:00+00:00,14.469155741339724,82.72921493732146,3.0,2.0,163.69130911843433,112.05777121616723,4.300004372011244,128.0601595690725,270.93099145839324,-0.31610482365570647,0.5732467445318719,4,33,323.0,164.0,True,True
2024-140A,2025-016H,2025-04-18 00:00:00+00:00,2025-04-18 00:00:00+00:00,1,3.0,9.564479174276164,2025-04-18 00:00:00+00:00,14.490845651579528,82.66215745957942,3.0,2.0,163.6362960045594,132.7247234625719,8.19234539156514,174.23584469633118,273.35326882508514,-0.39406320211716306,1.8551672482596473,4,44,654.0,164.0,True,False
2024-140A,2025-233N,2026-01-10 00:00:00+00:00,2026-01-10 00:00:00+00:00,1,3.0,4.994371375224473,2026-01-10 00:00:00+00:00,12.81314744125096,87.91099642061667,4.0,1.0,122.83393712723507,635.3694373383125,634.75608939764,705.5856024373858,1.227167307660769,0.13153267689432369,-0.9976559674726673,6,81,2653.0,123.0,False,True
2024-140A,2026-075G,2026-06-03 00:00:00+00:00,2026-06-03 00:00:00+00:00,1,3.0,4.947250030677,2026-06-03 00:00:00+00:00,5.115463347217108,88.90351569543299,4.0,6.0,41.06535380962161,192.83500992613628,2.9297543189641146,19.136984396253826,944.233441446412,-0.3375769698870812,1.2092471583283952,7,93,3595.0,41.0,False,False
2024-140A,2026-075G,2026-06-21 00:00:00+00:00,2026-07-03 00:00:00+00:00,5,15.0,1.6244001839273976,2026-06-27 00:00:00+00:00,5.139117138490436,88.90989521667143,4.0,6.0,41.100502957027686,2.0928978247783414,1.7608681190652538,2.03893985382396,1.3454156449829318,-0.09042190959176821,0.30600033876928023,7,105,4639.0,41.0,False,True
2024-140A,2026-075M,2026-06-09 00:00:00+00:00,2026-06-09 00:00:00+00:00,1,3.0,8.880563135138217,2026-06-09 00:00:00+00:00,5.111107855818347,88.9059501978473,4.0,6.0,41.03862286995199,2098.31019041776,2054.471663294003,2234.193374719704,87.8973130777378,-0.2842741457805289,-1.402065198027799,7,102,4378.0,41.0,False,False
2024-140A,2026-108M,2026-07-30 00:00:00+00:00,2026-07-30 00:00:00+00:00,1,3.0,6.608750178417972,2026-07-30 00:00:00+00:00,11.384708615504046,88.37464055410014,4.0,0.0,102.2148964362528,152.95165455027654,5.436489211735534,359.56162281108425,1012.477948587883,0.14963337355789008,-2.3877482767552465,8,135,7833.0,102.0,False,False
2024-140A,2026-124L,2026-08-17 00:00:00+00:00,2026-08-20 00:00:00+00:00,2,6.0,6.7325541318495015,2026-08-20 00:00:00+00:00,9.577314584844007,88.65317396626367,4.0,8.0,81.82565193908819,7.847409943174651,6.876601044147152,9.689012934868812,3.226375154352895,0.538245701323774,0.5636067322591032,9,176,13439.0,82.0,False,True
2024-140B,2024-185M,2025-06-11 00:00:00+00:00,2025-06-11 00:00:00+00:00,1,3.0,1.3798728613402795,2025-06-11 00:00:00+00:00,13.791567927540228,86.88823875441246,3.0,1.0,141.5895949350191,57.6721329168607,1.4934469464669746,81.1135785904202,159.5840469449056,-0.2802109016835459,0.26806557328083613,5,69,1829.0,142.0,False,True
2024-140B,2025-016D,2025-04-24 00:00:00+00:00,2025-04-24 00:00:00+00:00,1,3.0,8.491431618244606,2025-04-24 00:00:00+00:00,14.492961143307951,82.99359990149183,3.0,2.0,163.7268442169349,65.25171072202819,8.332641117387539,17.37657481682648,136.09718477602823,-0.32919208345063566,2.5138951842190806,4,48,781.0,164.0,True,False
2024-140B,2026-075C,2026-07-18 00:00:00+00:00,2026-07-24 00:00:00+00:00,3,9.0,9.093028106539522,2026-07-24 00:00:00+00:00,5.154101452014222,88.90575534025706,4.0,6.0,41.307254782893395,9.159812532908136,9.12780696293612,17.172731426494952,3.9006627848867788,-0.2488266932680574,-0.1355578097579837,8,126,6840.0,41.0,False,True
2024-140B,2026-075C,2026-08-11 00:00:00+00:00,2026-08-20 00:00:00+00:00,4,12.0,3.156724129958865,2026-08-17 00:00:00+00:00,5.168207515457528,88.8996273576624,4.0,6.0,41.358051291185,3.434477732876535,3.1135594234763175,13.704161108701847,0.7674348923281754,-0.36910609597623534,-0.281461473237556,9,173,12995.0,41.0,False,True
2024-140B,2026-124B,2026-08-20 00:00:00+00:00,2026-08-26 00:00:00+00:00,3,9.0,0.5259022778025859,2026-08-20 00:00:00+00:00,9.611551989607667,88.64883156613735,4.0,8.0,82.06305748371604,2.9385601760816304,0.2884751452065757,9.859101581350496,5.974075881172953,-0.32657042628107025,0.034887255500396286,9,176,13439.0,82.0,False,True
2024-140B,2026-124P,2026-08-14 00:00:00+00:00,2026-08-14 00:00:00+00:00,1,3.0,6.800625734099906,2026-08-14 00:00:00+00:00,9.5911659078081,88.67481000000933,,,,,,,,,,9,164,,,False,
2024-140C,2024-185M,2026-01-04 00:00:00+00:00,2026-01-04 00:00:00+00:00,1,3.0,8.362500362115766,2026-01-04 00:00:00+00:00,13.782564370017925,87.00613527204172,4.0,2.0,141.5504196885802,75.43756098740141,6.594907095410235,158.34163695346246,152.85772408301708,0.1756688686044754,-1.7635476212781782,6,74,2163.0,142.0,False,False
2024-140C,2024-185M,2026-04-16 00:00:00+00:00,2026-04-16 00:00:00+00:00,1,3.0,2.8095044993038667,2026-04-16 00:00:00+00:00,13.789541757564894,86.86637596671802,4.0,2.0,141.61911496365852,55.160423431297566,2.992940073819227,10.56911864955516,149.34371836273993,0.37053027691223406,1.7096210169797814,6,87,3073.0,142.0,False,False
2024-140C,2024-232J,2025-04-30 00:00:00+00:00,2025-04-30 00:00:00+00:00,1,3.0,3.1123703506982285,2025-04-30 00:00:00+00:00,11.305303628191698,88.41387678765591,3.0,0.0,101.30727531157896,12.307491942635279,3.0496344358798524,383.86096907875793,261.6808517747213,0.31645422489114594,-4.202907588969708,5,51,898.0,101.0,False,False
2024-140C,2025-233C,2026-01-04 00:00:00+00:00,2026-01-04 00:00:00+00:00,1,3.0,7.200552109893666,2026-01-04 00:00:00+00:00,12.861535100759005,87.90563067854488,4.0,1.0,122.86699307292247,179.4862599054539,5.463919913434438,128.66763575002184,427.5434967862287,0.1756688686044754,-0.643235194733478,6,74,2163.0,123.0,False,True
2024-140C,2026-075E,2026-06-24 00:00:00+00:00,2026-07-18 00:00:00+00:00,9,27.0,4.646220870614823,2026-06-30 00:00:00+00:00,5.13533331357542,88.90785652059071,4.0,6.0,41.14964312399963,5.196101535135048,4.811942788807843,3.9106338896640684,0.9238298154693956,-0.09042461499868182,-0.10388515530780751,7,105,4639.0,41.0,False,True
2024-140C,2026-075E,2026-08-05 00:00:00+00:00,2026-08-17 00:00:00+00:00,5,15.0,6.653490484722595,2026-08-14 00:00:00+00:00,5.144551791154065,88.91048848994149,4.0,6.0,41.24277954700266,6.627872206582494,6.2247090626182775,14.716790439144226,1.6239566429121834,-0.3890172899064055,0.00986944240912635,9,164,11663.0,41.0,False,True
2024-140D,2024-185M,2025-08-25 00:00:00+00:00,2025-08-25 00:00:00+00:00,1,3.0,2.9628560415414924,2025-08-25 00:00:00+00:00,13.805456516737683,86.90183685280448,3.0,1.0,141.5933000689808,3.9582590271641225,2.8870185843534273,50.29305773405446,157.84832908681724,-0.028432915982421036,1.608948982940575,5,70,1883.0,142.0,False,False
2024-140D,2024-185M,2025-12-02 00:00:00+00:00,2025-12-02 00:00:00+00:00,1,3.0,7.880844047473129,2025-12-02 00:00:00+00:00,13.806895396629638,86.89056747121225,3.0,1.0,141.6255410326584,31.539357170455048,7.237209475856616,38.0940702252159,153.12469235471525,0.4194095296775373,0.5763036546186413,5,70,1883.0,142.0,False,True
2024-140D,2024-185P,2026-04-28 00:00:00+00:00,2026-04-28 00:00:00+00:00,1,3.0,0.7735740928904637,2026-04-28 00:00:00+00:00,13.843529807141763,86.84076892242871,4.0,2.0,141.8832550633042,4.983925089030398,0.3792394368811074,9.302908912918763,34.91863553945734,-0.23072819414045398,-0.7971755597561696,6,87,3073.0,142.0,False,True
2024-140D,2026-108R,2026-07-21 00:00:00+00:00,2026-07-27 00:00:00+00:00,2,9.0,3.4195845218612453,2026-07-27 00:00:00+00:00,11.3894008885355,88.40534754208343,4.0,0.0,102.33874441724606,137.82075838450393,2.1984911901799933,389.9541550084994,318.55157957017786,0.3255566883127585,3.4169474525847363,8,130,7278.0,102.0,False,False
2024-140E,2024-185M,2025-10-30 00:00:00+00:00,2025-10-30 00:00:00+00:00,1,3.0,3.268981337489348,2025-10-30 00:00:00+00:00,13.786622747084738,86.86206638289401,3.0,1.0,141.45653345445072,59.44967853416216,3.1662079265987413,123.9568245766824,155.66748373381742,-0.30933384508159634,1.2044734812128013,5,70,1883.0,141.0,False,False
2024-140E,2025-046Q,2025-06-02 00:00:00+00:00,2025-06-02 00:00:00+00:00,1,3.0,7.206743148861402,2025-06-02 00:00:00+00:00,2.6107925945277985,88.95869921810124,3.0,4.0,20.545305997873363,24.628704560356827,8.138260512964735,584.46114133609,642.8118261578302,-0.056951980632447885,-4.456200477147092,5,65,1613.0,21.0,True,False
2024-140E,2026-075H,2026-06-15 00:00:00+00:00,2026-06-21 00:00:00+00:00,2,9.0,0.2874310088394287,2026-06-15 00:00:00+00:00,5.132352385053434,88.9104248775837,4.0,6.0,41.092054161483205,27.320042446563203,3.563141443634777,39.54809620547118,287.7146049867179,0.0726602033758752,0.17652281416346227,7,105,4639.0,41.0,False,True
2024-140E,2026-075H,2026-06-30 00:00:00+00:00,2026-07-03 00:00:00+00:00,2,6.0,2.652290109507464,2026-07-03 00:00:00+00:00,5.139250566205456,88.90735029228793,4.0,6.0,41.11474616679787,3.973853974529951,2.8041140744909794,2.511969333929915,3.4215083082914535,0.14134043544032693,0.5114697757198599,7,105,4639.0,41.0,False,True
2024-140E,2026-075H,2026-08-17 00:00:00+00:00,2026-08-17 00:00:00+00:00,1,3.0,6.919308288339762,2026-08-17 00:00:00+00:00,5.14064017457981,88.90571726734854,4.0,6.0,41.204403128947526,7.080849642381429,6.743840864729137,15.790584360711724,3.7109963716823304,-0.29646516929993183,0.07522200579180449,9,173,12995.0,41.0,False,True
2024-140E,2026-075H,2026-08-26 00:00:00+00:00,2026-08-29 00:00:00+00:00,2,6.0,2.666789224788892,2026-08-26 00:00:00+00:00,5.153720822701337,88.90482160137935,4.0,6.0,41.22472323368234,4.3402211970992655,2.9979460409929035,2.975590325624554,3.3155441249312774,0.17377515377523878,0.22237709058617838,9,178,13710.0,41.0,False,True
2024-140E,2026-108G,2026-07-30 00:00:00+00:00,2026-07-30 00:00:00+00:00,1,3.0,9.486199006243485,2026-07-30 00:00:00+00:00,11.38597072896492,88.41681559420995,4.0,0.0,102.29121981022357,9.600333223578986,2.0218569126991497,416.00735332054774,320.12652039701516,-0.5512246945471855,4.430083451135937,8,135,7833.0,102.0,False,False
2024-140F,2024-185M,2026-03-08 00:00:00+00:00,2026-03-08 00:00:00+00:00,1,3.0,7.180196525571106,2026-03-08 00:00:00+00:00,13.813407190131809,86.86417324049589,4.0,2.0,141.77828276379043,44.86740242044322,7.340375644842425,55.75238833861982,150.50068593389508,-0.0034319859195193203,-2.634571373703352,6,87,3073.0,142.0,False,False
2024-140F,2025-016Q,2025-04-24 00:00:00+00:00,2025-04-24 00:00:00+00:00,1,3.0,3.8653220823240826,2025-04-24 00:00:00+00:00,14.494915111958816,82.7174871596359,3.0,2.0,163.8053662154093,57.19423811184245,3.7583066132738168,17.219375407991542,216.73155782953586,0.09343645756166552,2.3319378346146777,4,48,781.0,164.0,True,False
2024-140F,2025-046M,2026-05-28 00:00:00+00:00,2026-05-28 00:00:00+00:00,1,3.0,9.29300198610272,2026-05-28 00:00:00+00:00,2.6736764321600512,88.94722496947674,4.0,5.0,21.032875868941534,11.199384395027563,8.872839361667385,627.3484862807304,10.107425313382496,-0.09331502960655058,4.763939338908848,7,89,3247.0,21.0,True,False
2024-140F,2026-075K,2026-06-15 00:00:00+00:00,2026-06-21 00:00:00+00:00,3,9.0,2.464467341710631,2026-06-18 00:00:00+00:00,5.151167792289078,88.90752364755895,4.0,6.0,41.31708323813264,3.490349374356601,2.700890843830975,20.533900210120176,2.40922047754591,0.1114610436184762,0.2575648012239924,7,105,4639.0,41.0,False,True
2024-140F,2026-075K,2026-06-30 00:00:00+00:00,2026-07-06 00:00:00+00:00,3,9.0,5.11261252284628,2026-07-03 00:00:00+00:00,5.16544969846956,88.90804157480375,4.0,6.0,41.33894049036114,5.448041360592953,4.998057736771193,7.142432313615659,2.0367109510654715,0.07616345578128403,0.35206632029617424,7,105,4639.0,41.0,False,True
2024-140F,2026-075K,2026-07-18 00:00:00+00:00,2026-07-24 00:00:00+00:00,3,9.0,9.408168731296415,2026-07-21 00:00:00+00:00,5.166689058147159,88.9185914721161,4.0,6.0,41.368318219459866,9.435334002289157,9.367547958204534,15.82295848008154,1.9430993341545089,0.21157000517162317,0.3671116573005122,8,118,5976.0,41.0,False,True
2024-140F,2026-108T,2026-08-08 00:00:00+00:00,2026-08-08 00:00:00+00:00,1,3.0,6.284705649724188,2026-08-08 00:00:00+00:00,11.402140298891888,88.41296629965932,4.0,0.0,102.45121743383818,40.54909368991399,3.8690878403049282,377.42372165120645,620.1777657086784,0.3078834519866973,4.446930534489127,9,148,9392.0,102.0,False,False
2024-140F,2026-124P,2026-08-20 00:00:00+00:00,2026-08-20 00:00:00+00:00,1,3.0,6.15117326376874,2026-08-20 00:00:00+00:00,9.595803780519184,88.65070869220615,4.0,8.0,82.01815490570576,403.8520051736996,4.289668371980952,931.2033787503962,832.0703339818989,0.40748905511483713,-4.968207217015319,9,176,13439.0,82.0,False,False
2024-140F,2026-125N,2026-09-04 00:00:00+00:00,2026-09-04 00:00:00+00:00,1,3.0,9.27894509388163,2026-09-04 00:00:00+00:00,0.0651779401900336,87.78059037272071,4.0,4.0,0.47253616172525675,1623.0756498350863,1114.9456237917784,1279.7117070663173,1016.2715707632673,0.2567689327956941,2.8976006580421654,9,178,13709.0,0.0,False,False
2024-140H,2024-185M,2025-12-08 00:00:00+00:00,2025-12-08 00:00:00+00:00,1,3.0,6.733892478968037,2025-12-08 00:00:00+00:00,13.817499838217174,86.90724419010135,3.0,1.0,141.51968920924875,54.90989008046358,6.326948565480052,8.917993173379285,152.70019054312402,-0.40508567155211495,-1.5317111919823816,5,70,1883.0,142.0,False,False
2024-140H,2024-185M,2026-06-30 00:00:00+00:00,2026-06-30 00:00:00+00:00,1,3.0,6.209574143557022,2026-06-30 00:00:00+00:00,13.82119293862593,87.01103882260136,4.0,2.0,141.66844763775015,68.27179724270418,0.6647813095250967,38.21396559705909,146.96788477148718,0.11978539867479299,3.103279890881595,7,105,4639.0,142.0,False,False
2024-140H,2025-016T,2025-04-15 00:00:00+00:00,2025-04-15 00:00:00+00:00,1,3.0,8.751189968204459,2025-04-15 00:00:00+00:00,14.495727211098115,82.96279426487405,3.0,2.0,163.70473758228442,43.67176655534389,7.858629695661875,7.866022506128412,266.21855039272737,-0.09993634878607338,-2.4160096398453987,4,39,503.0,164.0,True,False
2024-140H,2026-075S,2026-06-18 00:00:00+00:00,2026-06-27 00:00:00+00:00,3,12.0,3.4030183698877914,2026-06-18 00:00:00+00:00,5.134775548150938,88.91160447227605,4.0,6.0,41.061907633940855,3.4317475796161294,3.3831388959415563,16.905576042557364,6.203176125498184,0.22192090125906816,0.35322277547399494,7,105,4639.0,41.0,False,True
2024-140H,2026-075S,2026-08-08 00:00:00+00:00,2026-08-23 00:00:00+00:00,6,18.0,5.853256509469389,2026-08-23 00:00:00+00:00,5.135090162079473,88.90202314102427,4.0,6.0,41.175339569853186,7.5551055602137955,6.595063289831014,4.969494820485612,1.9389070980371645,-0.44603313853838245,-0.17836084978807776,9,178,13727.0,41.0,False,True
2024-140H,2026-075S,2026-09-10 00:00:00+00:00,2026-09-10 00:00:00+00:00,1,3.0,9.256293793098084,2026-09-10 00:00:00+00:00,5.1551672868738345,88.90978173331149,4.0,6.0,41.21216206425235,9.361005953368299,9.21219300736221,12.95728602656,1.2601558627568852,-0.29506689833357314,-0.350951029052851,9,178,13727.0,41.0,False,True
2024-140H,2026-124Q,2026-08-20 00:00:00+00:00,2026-08-20 00:00:00+00:00,1,3.0,5.05760987323644,2026-08-20 00:00:00+00:00,9.57864230622116,88.66227244294369,4.0,8.0,81.7841649305129,915.9439448989807,423.9136629621181,929.2723344231061,984.1377907551175,-0.42187743047125537,-0.5574900615046232,9,176,13439.0,82.0,False,True
2024-140H,2026-124Q,2026-09-01 00:00:00+00:00,2026-09-04 00:00:00+00:00,2,6.0,6.335107332344216,2026-09-04 00:00:00+00:00,9.590958604777406,88.6643331708448,4.0,8.0,81.83567005014953,6.79221148391399,6.502129447995018,6.472531444645812,2.8790529741850674,-0.355286509887037,-0.3768540130234044,9,178,13709.0,82.0,False,True
2024-140J,2025-016H,2025-04-21 00:00:00+00:00,2025-04-21 00:00:00+00:00,1,3.0,6.580391733883222,2025-04-21 00:00:00+00:00,14.493684277125812,82.75967324874357,3.0,2.0,163.59129231601662,66.27716325879828,0.9937446169578834,4.288026926486571,274.05588641237887,0.5135897544518855,-3.2882667357989135,4,47,749.0,164.0,True,False
2024-140J,2026-075D,2026-06-06 00:00:00+00:00,2026-06-06 00:00:00+00:00,1,3.0,8.712675710654477,2026-06-06 00:00:00+00:00,5.105990334614763,88.91923992656375,4.0,6.0,40.98627309762087,1240.9840031604037,444.35074080095455,1051.2682243763786,1596.7320967138946,-0.1705007189128196,1.3880585739788671,7,97,3943.0,41.0,False,False
2024-140J,2026-075D,2026-06-18 00:00:00+00:00,2026-06-21 00:00:00+00:00,2,6.0,3.5502500798156187,2026-06-18 00:00:00+00:00,5.113923885467084,88.91794184560266,4.0,6.0,41.00169468482694,3.766234961356041,3.6703402910188743,17.49388181031842,3.563535725359645,-0.062335619690259136,0.07117840947762488,7,105,4639.0,41.0,False,True
2024-140J,2026-075D,2026-06-30 00:00:00+00:00,2026-07-06 00:00:00+00:00,3,9.0,4.124283282626766,2026-06-30 00:00:00+00:00,5.127355460827253,88.90784791482719,4.0,6.0,41.018950162998884,4.857831915122658,3.920757420766641,3.457081241223059,3.2242229516687173,0.07077501135717057,0.3951376887728202,7,105,4639.0,41.0,False,True
2024-140K,2024-185M,2025-08-04 00:00:00+00:00,2025-08-04 00:00:00+00:00,1,3.0,3.6576871336127024,2025-08-04 00:00:00+00:00,13.845130510362065,86.76168391959581,3.0,1.0,142.08057979215275,67.03323562074385,2.4294461209901783,69.6067413667158,156.95198986910054,-0.2926573301693054,-0.23166680911911897,5,70,1883.0,142.0,False,True
2024-140K,2024-185M,2026-02-18 00:00:00+00:00,2026-02-18 00:00:00+00:00,1,3.0,3.013285641881993,2026-02-18 00:00:00+00:00,13.837380139400318,86.9310067536339,4.0,2.0,142.1082893957927,71.51349612587052,1.1803970186010702,7.05230391165367,150.03766752770596,0.6225512704408516,2.8858841141890252,6,87,3073.0,142.0,False,False
2024-140K,2024-232F,2025-04-06 00:00:00+00:00,2025-04-06 00:00:00+00:00,1,3.0,9.157959324224969,2025-04-06 00:00:00+00:00,11.357975026966372,88.41130923552323,3.0,0.0,102.06374026284368,185.95469434647163,1.5786985057520724,360.81640891889185,390.48030558919874,-0.3957621419698967,-2.5367300080246658,4,34,353.0,102.0,False,False
2024-140K,2025-016T,2025-04-24 00:00:00+00:00,2025-04-24 00:00:00+00:00,1,3.0,9.157971100439712,2025-04-24 00:00:00+00:00,14.505930043079104,82.61780866008536,3.0,2.0,164.29024091513622,56.74344601360573,8.276092084350239,25.807961585420237,191.4390838460097,-0.4258129672273867,-4.96658729074562,4,48,781.0,164.0,True,False
2024-140K,2026-075M,2026-08-23 00:00:00+00:00,2026-09-07 00:00:00+00:00,5,18.0,4.440893741909474,2026-08-23 00:00:00+00:00,5.2012874252005945,88.90574077663683,4.0,6.0,41.72984512538138,5.395489816640123,4.069263169058035,4.396479383601663,3.620423238617379,0.24516869666416596,0.18393372444438683,9,178,13727.0,42.0,False,True
2024-140K,2026-108J,2026-07-27 00:00:00+00:00,2026-07-27 00:00:00+00:00,1,3.0,8.062658679926022,2026-07-27 00:00:00+00:00,11.418138769876188,88.36915811853956,,,,,,,,,,8,130,,,False,
2024-140K,2026-124K,2026-08-23 00:00:00+00:00,2026-08-23 00:00:00+00:00,1,3.0,7.089507679339128,2026-08-23 00:00:00+00:00,9.625877214059548,88.64297928378053,4.0,8.0,82.36379899245271,33.60131841131667,3.4764393429204574,12.800884630438693,385.2134322179699,0.24516869666416596,-0.020399249734396108,9,178,13727.0,82.0,False,True
2024-140L,2024-185P,2025-05-09 00:00:00+00:00,2025-05-09 00:00:00+00:00,1,3.0,7.766132721393834,2025-05-09 00:00:00+00:00,13.824894509832667,86.96222076526534,3.0,1.0,141.38789055942055,126.92843089647151,6.927691050907015,52.35980976731193,314.49603892328577,-0.3200494822515978,1.4820914062774477,5,55,1087.0,141.0,False,False
2024-140L,2024-185P,2026-08-29 00:00:00+00:00,2026-08-29 00:00:00+00:00,1,3.0,5.0731785423301865,2026-08-29 00:00:00+00:00,13.803782749395952,86.96721062227678,4.0,2.0,142.08436242257486,19.26916069360532,3.5072794158900176,24.876950808990955,33.19494070061722,0.07022733720162933,1.5957685996757505,9,178,13726.0,142.0,False,False
2024-140L,2024-232J,2025-04-24 00:00:00+00:00,2025-04-24 00:00:00+00:00,1,3.0,3.962562624277189,2025-04-24 00:00:00+00:00,11.295555383224034,88.38879122093974,3.0,0.0,101.18684896811614,32.52592819055862,2.8153916104938617,433.4289369766611,261.9158926177158,-0.16021058052029957,4.7038018673524675,4,48,781.0,101.0,False,False
2024-140L,2026-075A,2026-08-05 00:00:00+00:00,2026-08-11 00:00:00+00:00,2,9.0,6.8129969847742125,2026-08-11 00:00:00+00:00,5.1578319251315765,88.90460649009987,4.0,6.0,41.324789209273135,7.1493288232705074,6.981127396941702,7.057887031358768,4.357740195035827,0.05637792625242355,0.28640606582914074,9,158,10770.0,41.0,False,True
2024-140L,2026-124C,2026-08-29 00:00:00+00:00,2026-09-10 00:00:00+00:00,4,15.0,4.224664766166014,2026-09-01 00:00:00+00:00,9.614143802648648,88.65202570897631,4.0,8.0,82.09179962118101,4.202330167107214,4.17242927535608,7.715119882916226,2.5231748139068584,-0.25788707150610435,-0.32923239114501257,9,179,13871.0,82.0,False,True
2024-140M,2024-185M,2025-10-18 00:00:00+00:00,2025-10-18 00:00:00+00:00,1,3.0,4.760806656459098,2025-10-18 00:00:00+00:00,13.812980929837208,86.94063819930382,3.0,1.0,141.41199067312857,60.744966441427756,2.5994673731375797,261.9898008742064,156.5104921109856,0.016139976375640686,-4.67536845139076,5,67,1727.0,141.0,False,False
2024-140M,2024-185M,2026-05-10 00:00:00+00:00,2026-05-10 00:00:00+00:00,1,3.0,5.930136424790495,2026-05-10 00:00:00+00:00,13.826264473249292,86.86808532824217,4.0,2.0,141.5911596731318,59.95970474545967,6.1874950258776185,46.23587824145064,148.49227255269878,-0.12951878953555251,-0.46134794957231406,6,86,3003.0,142.0,False,True
2024-140M,2024-185P,2025-10-24 00:00:00+00:00,2025-10-24 00:00:00+00:00,1,3.0,8.44582781756802,2025-10-24 00:00:00+00:00,13.815469120845696,87.02796301767376,3.0,1.0,141.5360875150319,26.5557104655336,6.8426442294963294,11.699008589383464,39.79945131427844,0.009682912522443132,1.3909250279909777,5,70,1883.0,142.0,False,False
2024-140M,2025-016T,2025-04-03 00:00:00+00:00,2025-04-03 00:00:00+00:00,1,3.0,5.785789523189703,2025-04-03 00:00:00+00:00,14.462024199402151,82.66572950198528,3.0,2.0,163.60152397399727,62.45018871622174,5.4456755479268395,46.877481914846975,268.02632573269733,0.026167566335516312,0.8713066733424171,4,33,323.0,164.0,True,True
2024-140M,2026-075Q,2026-06-15 00:00:00+00:00,2026-06-24 00:00:00+00:00,4,12.0,7.219607730666877,2026-06-18 00:00:00+00:00,5.118401277069292,88.90156291976896,4.0,6.0,41.0412554368307,7.47563429757165,7.204141900664473,22.188897713935646,0.676437559384176,-0.3878408595474756,-0.25897926903790136,7,105,4639.0,41.0,False,True
2024-140M,2026-075Q,2026-08-14 00:00:00+00:00,2026-08-17 00:00:00+00:00,2,6.0,5.42397929730044,2026-08-17 00:00:00+00:00,5.143083995689313,88.9044418761491,4.0,6.0,41.15515042521546,5.4544139001139165,5.258422043490289,16.331396444233757,2.722170179230902,-0.32219213718411766,-0.183195723173867,9,173,12995.0,41.0,False,True
2024-140M,2026-075Q,2026-08-26 00:00:00+00:00,2026-08-29 00:00:00+00:00,2,6.0,2.663545809943048,2026-08-29 00:00:00+00:00,5.135284645439003,88.90668786224,4.0,6.0,41.18215147122121,3.8849655504732032,2.268228094306943,6.770850502396474,3.27410184016425,-0.006701599917093404,0.08049361716095405,9,178,13726.0,41.0,False,True
2024-140M,2026-124G,2026-09-04 00:00:00+00:00,2026-09-04 00:00:00+00:00,1,3.0,6.283174526301595,2026-09-04 00:00:00+00:00,9.597240477009452,88.6369059571955,4.0,8.0,81.9062221311562,7.415040561495512,6.364511924195917,4.760933303788812,2.563118610863244,-0.2131345098563031,-0.24976193378304856,9,178,13709.0,82.0,False,True
2024-140N,2024-185M,2025-06-05 00:00:00+00:00,2025-06-05 00:00:00+00:00,1,3.0,5.923451867335713,2025-06-05 00:00:00+00:00,13.793452653684051,86.92557734138103,3.0,1.0,141.30947407460943,15.693961483040164,5.946841295883132,60.77731981576996,160.5947127545219,0.026909248843026035,1.968468388829308,5,67,1721.0,141.0,False,False
2024-140N,2024-185M,2026-07-12 00:00:00+00:00,2026-07-12 00:00:00+00:00,1,3.0,6.335622704681751,2026-07-12 00:00:00+00:00,13.80383821309633,86.87255969463615,4.0,2.0,141.54706483800194,19.349030147364257,6.219302452084776,30.259323893092713,147.385202240026,0.10080935255029999,1.5038737266498856,8,109,5046.0,142.0,False,False
2024-140N,2026-075C,2026-06-09 00:00:00+00:00,2026-06-09 00:00:00+00:00,1,3.0,7.800944837189398,2026-06-09 00:00:00+00:00,5.109866225817597,88.91597080171043,4.0,6.0,40.91783919598916,37.77019129401868,0.2383179607541024,195.06222506919286,477.79960364399915,-0.19397486224886507,1.7907867770466055,7,102,4378.0,41.0,False,False
2024-140N,2026-075T,2026-08-14 00:00:00+00:00,2026-08-20 00:00:00+00:00,3,9.0,5.582221796920958,2026-08-17 00:00:00+00:00,5.122750280650204,88.92533822794584,4.0,6.0,40.9808784174802,5.6196209259383165,5.521069207809955,18.559445409338473,1.3033326199245658,0.04178174301029003,0.1969674914574,9,173,12995.0,41.0,False,True
2024-140N,2026-075T,2026-09-01 00:00:00+00:00,2026-09-07 00:00:00+00:00,3,9.0,3.0205693182025963,2026-09-04 00:00:00+00:00,5.109957587467475,88.92130740844922,4.0,6.0,40.97542844235756,3.074738486916684,3.044744783661372,4.82766006017231,2.014422476966602,0.10483093716919711,0.3536587256002406,9,178,13709.0,41.0,False,True
2024-140N,2026-124A,2026-08-20 00:00:00+00:00,2026-08-29 00:00:00+00:00,4,12.0,0.7008482672872788,2026-08-26 00:00:00+00:00,9.574778382197895,88.66196829191219,4.0,8.0,81.71441876968632,1.356681325323557,0.4703227272314893,23.63808012631583,2.0173631029750663,-0.14152670087036867,0.08564095380340575,9,178,13710.0,82.0,False,True
2024-140P,2024-185M,2026-05-04 00:00:00+00:00,2026-05-04 00:00:00+00:00,1,3.0,4.403371247548656,2026-05-04 00:00:00+00:00,13.82639963524469,86.84003792895892,4.0,2.0,141.596310660264,46.38127962753312,3.171490116300447,138.20817664932574,148.77351408522426,0.46296702056238814,-4.343839177254125,6,87,3073.0,142.0,False,False
2024-140P,2024-232J,2025-05-12 00:00:00+00:00,2025-05-12 00:00:00+00:00,1,3.0,5.967030386827506,2025-05-12 00:00:00+00:00,11.331590992688511,88.3818974070426,3.0,0.0,101.26484567868718,178.7772350222978,3.8742250534442064,383.6275654947977,435.3360245700722,0.030707596963225114,2.519724822776965,5,55,1087.0,101.0,False,False
2024-140P,2025-016H,2025-04-27 00:00:00+00:00,2025-04-27 00:00:00+00:00,1,3.0,7.281038650249995,2025-04-27 00:00:00+00:00,14.491132127776044,82.77994085617246,3.0,2.0,163.54459327761404,26.463335775065428,8.393050763243082,8.479725238420855,168.33271792787784,-0.1625509794799882,1.1225205096507693,4,50,848.0,164.0,True,False
2024-140P,2026-075J,2026-06-24 00:00:00+00:00,2026-06-24 00:00:00+00:00,1,3.0,1.9596162757568427,2026-06-24 00:00:00+00:00,5.124237616019533,88.90529655036784,4.0,6.0,41.089227546550305,4.8948426257859445,2.7073772505298552,7.602072277457031,6.0455706657307795,-0.050973940973840115,-0.026752207518526916,7,105,4639.0,41.0,False,True
2024-140P,2026-075J,2026-07-03 00:00:00+00:00,2026-07-03 00:00:00+00:00,1,3.0,3.393655555115904,2026-07-03 00:00:00+00:00,5.137841264584134,88.9162111694489,4.0,6.0,41.104947519474685,5.5385186494817775,3.718357619723435,3.424761995318368,5.787135335170189,-0.07556529205191964,0.31835883812357224,7,105,4639.0,41.0,False,True
2024-140P,2026-075J,2026-08-14 00:00:00+00:00,2026-08-14 00:00:00+00:00,1,3.0,8.510718088824927,2026-08-14 00:00:00+00:00,5.1396563533301896,88.90567520492857,4.0,6.0,41.19144287579763,8.562873621578971,8.319398818798703,14.809518231575193,2.923058274246522,-0.3076231062394186,0.05515947990534187,9,164,11663.0,41.0,False,True
2024-140P,2026-075J,2026-08-26 00:00:00+00:00,2026-09-01 00:00:00+00:00,3,9.0,4.895226022888382,2026-08-26 00:00:00+00:00,5.153965325655089,88.91552682185633,4.0,6.0,41.21943949211426,6.485858056300049,5.3721477707544185,1.5909662991311992,2.3091529505082202,-0.1952236563940346,-0.1463902326162838,9,178,13710.0,41.0,False,True
2024-140P,2026-124H,2026-08-17 00:00:00+00:00,2026-08-17 00:00:00+00:00,1,3.0,4.219645724887192,2026-08-17 00:00:00+00:00,9.584358112450683,88.66132910693885,4.0,8.0,81.85238064041214,979.6407657765205,936.7279430744131,749.1073025842555,85.8285615557935,-0.3326433256000456,2.015378785913285,9,173,12995.0,82.0,False,False
2024-140P,2026-124H,2026-09-01 00:00:00+00:00,2026-09-13 00:00:00+00:00,4,15.0,4.501650210653392,2026-09-04 00:00:00+00:00,9.597946474442272,88.65850932684602,4.0,8.0,81.92515295915047,4.97041023659906,4.7676280182104165,5.033592499559124,2.824338969475764,-0.2603083207314114,-0.26244201302939985,9,178,13709.0,82.0,False,True
2024-140Q,2024-185M,2025-10-24 00:00:00+00:00,2025-10-24 00:00:00+00:00,1,3.0,1.9706413557638176,2025-10-24 00:00:00+00:00,13.800320973480886,86.8820546503016,3.0,1.0,141.46982892917714,16.843781884133595,0.0752983688716995,15.009797882138995,155.64402901542306,0.41078090088814534,0.3623007947947139,5,70,1883.0,141.0,False,True
2024-140Q,2025-016H,2025-04-24 00:00:00+00:00,2025-04-24 00:00:00+00:00,1,3.0,4.51713460660427,2025-04-24 00:00:00+00:00,14.493578837385456,82.97820843180688,3.0,2.0,163.6424361151426,15.426815337313567,0.15946019091461494,14.169730993581547,273.6335594195139,0.31293926441561837,0.3809976756300273,4,48,781.0,164.0,True,True
2024-140Q,2026-075L,2026-07-06 00:00:00+00:00,2026-07-12 00:00:00+00:00,3,9.0,5.636593421685932,2026-07-06 00:00:00+00:00,5.137830856759996,88.91116071765897,4.0,6.0,41.10949500385975,5.661493678208479,5.527795299719401,6.315961006422861,3.758204499424445,-0.011794429445826538,0.0032640142241895376,7,105,4639.0,41.0,False,True
2024-140Q,2026-104K,2026-07-27 00:00:00+00:00,2026-07-27 00:00:00+00:00,1,3.0,5.73191032373466,2026-07-27 00:00:00+00:00,7.4881648286624465,88.81932846940369,4.0,7.0,61.623607135091184,82.4596795305992,0.49419900013253937,516.8750366630609,439.05172397676154,-0.16802021861406047,-4.0647294589794285,8,130,7278.0,62.0,False,False
2024-140Q,2026-124J,2026-08-14 00:00:00+00:00,2026-08-14 00:00:00+00:00,1,3.0,6.146428147044406,2026-08-14 00:00:00+00:00,9.582048016031706,88.67536700669459,4.0,8.0,81.82829348817498,568.9666106101809,12.149159608453374,791.667795427975,1138.0635633998809,-0.3711948226820425,-2.6379437494550757,9,164,11663.0,82.0,False,False
2024-140R,2024-185L,2025-04-03 00:00:00+00:00,2025-04-03 00:00:00+00:00,1,3.0,8.670460098027156,2025-04-03 00:00:00+00:00,13.8053273474217,86.89679785031305,3.0,1.0,141.8771586058101,54.71994703417382,8.761289838742414,67.43912162241736,223.30056052627103,-0.316568126185075,0.0,4,33,323.0,142.0,False,True
2024-140R,2024-185M,2025-07-02 00:00:00+00:00,2025-07-02 00:00:00+00:00,1,3.0,7.091020394551739,2025-07-02 00:00:00+00:00,13.808494692072204,86.88642015147657,3.0,1.0,141.3594623205059,12.31520059812541,5.902648652952848,5.931777327716746,159.69870994275544,-0.41755491429585323,-0.15263240633783504,5,70,1883.0,141.0,False,True
2024-140R,2024-185M,2026-04-28 00:00:00+00:00,2026-04-28 00:00:00+00:00,1,3.0,4.203111559191662,2026-04-28 00:00:00+00:00,13.800627644293638,86.88410319271753,4.0,2.0,141.47258484897995,7.349010325248393,3.0855179100772148,6.6585613427389445,149.12995110566064,-0.1271979305605555,-0.42019912788649094,6,87,3073.0,141.0,False,True
2024-140R,2025-016T,2025-04-06 00:00:00+00:00,2025-04-06 00:00:00+00:00,1,3.0,7.27855178873638,2025-04-06 00:00:00+00:00,14.463795066711178,83.06465599290784,3.0,2.0,163.57088926161057,128.07738774800217,7.396028667084465,126.7689073993792,268.4875789914517,-0.16619355051130924,-0.09554339323091199,4,34,353.0,164.0,True,True
2024-140R,2025-233G,2026-01-10 00:00:00+00:00,2026-01-10 00:00:00+00:00,1,3.0,3.5643854249752644,2026-01-10 00:00:00+00:00,12.80988638966223,87.88170625374116,4.0,1.0,122.7183102724468,401.37194070700724,270.91532483753224,706.9324173060501,261.4007160755989,0.020421686187944488,-4.887971394025868,6,81,2653.0,123.0,False,False
2024-140R,2026-075F,2026-07-09 00:00:00+00:00,2026-07-21 00:00:00+00:00,5,15.0,9.029417771203669,2026-07-15 00:00:00+00:00,5.125184403665828,88.9185818124366,4.0,6.0,41.01131707200409,9.181098577657464,8.852876652276155,7.999050389471397,1.343640178528282,-0.1767913024075085,0.09662145056120153,8,109,5046.0,41.0,False,True
2024-140R,2026-075F,2026-08-08 00:00:00+00:00,2026-08-26 00:00:00+00:00,7,21.0,7.956655603067503,2026-08-20 00:00:00+00:00,5.133336487307495,88.91639855840322,4.0,6.0,41.08074149221823,8.360313457383079,8.356453474832856,11.466537656067741,0.00963798038740046,0.12830623601104207,0.09856413909113826,9,176,13439.0,41.0,False,True
2024-140R,2026-075F,2026-09-19 00:00:00+00:00,2026-09-19 00:00:00+00:00,1,3.0,9.550937676039634,2026-09-19 00:00:00+00:00,5.146771693400385,88.92665192926398,4.0,6.0,41.142673542713496,9.636420121265292,9.496258872944102,9.699024205319647,1.1530435910902652,0.1511626212480337,0.2731237019573882,9,178,13727.0,41.0,False,True
2024-140R,2026-108K,2026-07-24 00:00:00+00:00,2026-07-24 00:00:00+00:00,1,3.0,9.698574766667544,2026-07-24 00:00:00+00:00,11.37083050229781,88.39501680895812,4.0,0.0,102.1210867268638,29.667879345944097,4.958944842790515,375.45927045797924,316.19140203770723,-0.12266692981987148,-4.390485630536958,8,126,6840.0,102.0,False,False
2024-140R,2026-124F,2026-09-01 00:00:00+00:00,2026-09-01 00:00:00+00:00,1,3.0,8.373337661466843,2026-09-01 00:00:00+00:00,9.561452094930395,88.66486716849111,4.0,8.0,81.76388636112424,24.12349988215909,8.073229863030974,15.643725404904487,98.63413766768407,0.23112255506299562,0.7713203902391683,9,179,13871.0,82.0,False,True
2024-140S,2024-185L,2026-04-22 00:00:00+00:00,2026-04-22 00:00:00+00:00,1,3.0,6.4995900968202,2026-04-22 00:00:00+00:00,13.83670026269492,86.96308014355722,4.0,2.0,141.82712396605615,9.97047296547987,6.773108880787426,53.92508304538701,8.271312592808977,0.48284991164939584,-0.9805681604742063,6,87,3073.0,142.0,False,True
2024-140S,2024-185M,2026-04-22 00:00:00+00:00,2026-04-22 00:00:00+00:00,1,3.0,2.6160488224898306,2026-04-22 00:00:00+00:00,13.797724762558303,86.90373010988523,4.0,2.0,141.40341739350575,8.846580447084575,0.37428413582438225,51.84937213106278,150.689443446833,0.48284991164939584,-0.5812585834422919,6,87,3073.0,141.0,False,True
2024-140S,2025-016G,2025-04-18 00:00:00+00:00,2025-04-18 00:00:00+00:00,1,3.0,7.189990483337109,2025-04-18 00:00:00+00:00,14.489594619912792,82.79652080288815,3.0,2.0,163.50968201220667,150.20827730384022,88.25049377834917,179.25703187171422,123.92016082732806,0.2027923088282364,1.7619889135773121,4,44,654.0,164.0,True,False
2024-140S,2025-233C,2026-01-22 00:00:00+00:00,2026-01-22 00:00:00+00:00,1,3.0,9.493014070431974,2026-01-22 00:00:00+00:00,12.79853115929228,87.8478606506315,4.0,1.0,122.70072793595867,169.32893998138078,4.8383267591407275,16.719375563063007,499.92541613738086,-0.31664097202175867,-3.285690300817606,6,81,2653.0,123.0,False,False
2024-140S,2026-075B,2026-08-17 00:00:00+00:00,2026-08-20 00:00:00+00:00,2,6.0,4.671821798880202,2026-08-20 00:00:00+00:00,5.127819079798847,88.90770111795473,4.0,6.0,41.02657523285052,5.684186200390349,4.631870491956565,12.161547344782852,3.448166653233726,-0.1661460650150275,-0.22746753626080363,9,176,13439.0,41.0,False,True
2024-140S,2026-075B,2026-08-29 00:00:00+00:00,2026-09-01 00:00:00+00:00,2,6.0,1.3236504535357994,2026-08-29 00:00:00+00:00,5.11918980231245,88.91347900639319,4.0,6.0,41.04473673259867,3.0409207245987906,1.3272212239396957,9.28121521531328,3.8295556833707387,0.027366606574076968,0.0793378251203194,9,178,13726.0,41.0,False,True
2024-140S,2026-108H,2026-07-24 00:00:00+00:00,2026-07-24 00:00:00+00:00,1,3.0,6.09208201525168,2026-07-24 00:00:00+00:00,11.36263204275812,88.42079116735002,4.0,0.0,102.02942498650354,105.40442858894873,3.552259379285715,411.744763565607,549.9900037681059,0.04445216473143887,3.8036789775506037,8,126,6840.0,102.0,False,False
2024-140S,2026-124E,2026-08-20 00:00:00+00:00,2026-08-20 00:00:00+00:00,1,3.0,1.103806898325944,2026-08-20 00:00:00+00:00,9.567574933278646,88.64906185540546,4.0,8.0,81.6790090778708,2.8497787264501566,0.5916817131355856,5.012667351949784,6.207626464780085,-0.1661460650150275,-0.24509321780766413,9,176,13439.0,82.0,False,True
2024-140S,2026-124E,2026-09-01 00:00:00+00:00,2026-09-16 00:00:00+00:00,6,18.0,8.265841266121907,2026-09-07 00:00:00+00:00,9.581559802436011,88.67531906858028,4.0,8.0,81.74154882840872,8.56283513167693,8.548691205256201,9.064437055818745,0.03965026167551398,-0.3677180455798066,-0.2361151546664928,9,179,13871.0,82.0,False,True
2024-140T,2024-185M,2026-07-06 00:00:00+00:00,2026-07-06 00:00:00+00:00,1,3.0,6.6894996533595,2026-07-06 00:00:00+00:00,13.832148821513467,86.82392662796973,4.0,2.0,141.96840445276115,37.37691485005951,5.538875245186318,153.57861884201486,145.56035234009246,0.3226895820684206,-2.427432001393697,7,105,4639.0,142.0,False,False
2024-140T,2024-185P,2026-06-15 00:00:00+00:00,2026-06-15 00:00:00+00:00,1,3.0,9.834631368585647,2026-06-15 00:00:00+00:00,13.842163587546588,86.95395324623439,4.0,2.0,142.14080181144914,16.939636075563474,10.040818270179443,84.9356923526949,33.95351537711374,0.22945290286907039,-1.4470451195144847,7,105,4639.0,142.0,False,False
2024-140T,2025-016R,2025-04-18 00:00:00+00:00,2025-04-18 00:00:00+00:00,1,3.0,7.277276308817468,2025-04-18 00:00:00+00:00,14.498107414955529,82.89814057508478,3.0,2.0,163.9456046807877,100.75118082040353,3.819703140049354,187.94810263389607,207.14712166258792,0.4482485115389636,-4.4380300121257505,4,44,654.0,164.0,True,False
2024-140T,2026-075N,2026-06-24 00:00:00+00:00,2026-07-09 00:00:00+00:00,6,18.0,5.954485031006831,2026-06-27 00:00:00+00:00,5.169822974480551,88.90561971603336,4.0,6.0,41.37165482360784,8.226728286891303,5.528978339085366,7.3721894114851665,6.2981846917547175,0.15046823267616816,0.26544689928529763,7,105,4639.0,41.0,False,True
2024-140T,2026-075N,2026-08-05 00:00:00+00:00,2026-09-13 00:00:00+00:00,14,42.0,2.2432390067217565,2026-08-23 00:00:00+00:00,5.182972584538614,88.90523875025079,4.0,6.0,41.47392603909646,1.8829279908184704,1.7352981560860976,2.576365112722503,0.3392145882088441,-0.09901121444562477,-0.13257724376529723,9,178,13727.0,41.0,False,True
2024-140T,2026-124R,2026-08-14 00:00:00+00:00,2026-08-14 00:00:00+00:00,1,3.0,9.2693941663792,2026-08-14 00:00:00+00:00,9.604928915163244,88.64534537866244,4.0,8.0,82.08137264871836,747.6854840141641,304.19891243568946,782.403459146198,887.1678945726454,-0.24479666994517402,-0.5988532523369088,9,164,11663.0,82.0,False,True
2024-185L,2024-232U,2025-05-06 00:00:00+00:00,2025-05-06 00:00:00+00:00,1,3.0,3.6161353285367768,2025-05-06 00:00:00+00:00,5.098441430160312,88.91866301482125,1.0,0.0,40.824683862511506,113.6835200952065,0.3758848647794366,198.20862366770882,559.480294661456,-1.6211751945771482,1.1720136442130524,5,53,999.0,41.0,True,False
2024-185L,2025-016K,2025-09-18 00:00:00+00:00,2025-09-18 00:00:00+00:00,1,3.0,4.876663059971003,2025-09-18 00:00:00+00:00,2.755808722195485,88.96067379859372,1.0,2.0,21.724828763305585,45.0236011496847,4.187747136791586,291.47836820760205,667.3988724989011,1.1666518929492113,4.124452838197179,5,70,1883.0,22.0,True,False
2024-185L,2025-016K,2026-05-01 00:00:00+00:00,2026-05-01 00:00:00+00:00,1,3.0,9.688116809318158,2026-05-01 00:00:00+00:00,2.747099495406085,88.95521742105548,2.0,3.0,21.67299149461031,10.881131219295108,9.706249576767732,356.34824367312393,26.079396032952463,2.810371917291185,-0.010376484505400185,6,87,3073.0,22.0,True,False
2024-185L,2025-016L,2026-08-02 00:00:00+00:00,2026-08-02 00:00:00+00:00,1,3.0,1.9513143144032887,2026-08-02 00:00:00+00:00,2.7368237977695906,88.95789872091163,2.0,3.0,21.62144991119757,6.990283089549689,1.730791599406075,89.20972003019273,28.751624016401124,1.2018733539680397,0.5569225866069587,8,139,8269.0,22.0,True,False
2024-185L,2025-046B,2026-01-31 00:00:00+00:00,2026-01-31 00:00:00+00:00,1,3.0,6.942189938843204,2026-01-31 00:00:00+00:00,12.756989436312733,87.90291927804289,2.0,5.0,121.36416523133705,7.14119607371839,6.9759376891515785,81.48995480370169,8.247322687897311,1.261287065643046,-0.01743893692093934,6,85,2933.0,121.0,False,False
2024-185L,2025-046H,2026-05-22 00:00:00+00:00,2026-05-22 00:00:00+00:00,1,3.0,9.971040502126018,2026-05-22 00:00:00+00:00,12.771145852692216,87.90566103841792,2.0,5.0,121.50571012479703,10.54881946072381,9.986025569007325,47.99559225811234,14.68022772722629,-0.714350108181435,0.07858035532814256,6,87,3073.0,122.0,False,True
2024-185L,2025-046S,2026-08-23 00:00:00+00:00,2026-08-23 00:00:00+00:00,1,3.0,7.3394650885722355,2026-08-23 00:00:00+00:00,12.717345591691718,87.93632050955594,2.0,5.0,121.33821618198327,8.248350674744126,7.507805648246176,29.215635472450376,15.115456530996,1.2152956022734713,0.4021157014834671,9,178,13727.0,121.0,False,False
2024-185L,2025-233C,2026-06-18 00:00:00+00:00,2026-06-18 00:00:00+00:00,1,3.0,5.347512445646019,2026-06-18 00:00:00+00:00,2.387992791034363,88.97018354815626,2.0,1.0,18.815672730493556,14.557618835835944,5.438680971577014,24.678538908082732,27.82844068554953,0.11793227133451012,0.0354943146060549,7,105,4639.0,19.0,True,True
2024-185L,2025-233G,2026-03-05 00:00:00+00:00,2026-03-08 00:00:00+00:00,2,6.0,2.4735053919626813,2026-03-05 00:00:00+00:00,2.4221901224938156,88.96519303909383,2.0,1.0,19.073525977873924,10.921076389016116,2.046756478896734,45.729095355568035,18.23856462098217,0.07970278139933384,-0.1921077880450639,6,86,3004.0,19.0,True,True
2024-185L,2026-075B,2026-06-06 00:00:00+00:00,2026-06-06 00:00:00+00:00,1,3.0,7.731954005409885,2026-06-06 00:00:00+00:00,11.279569224175352,88.43214177371084,2.0,6.0,100.98946079999082,153.3259050633549,7.208181587929175,230.1714886737616,342.9735190010127,1.6768272604740417,-3.2029568817162186,7,97,3943.0,101.0,False,False
2024-185L,2026-075E,2026-08-02 00:00:00+00:00,2026-08-02 00:00:00+00:00,1,3.0,9.030626657339193,2026-08-02 00:00:00+00:00,11.297661791030585,88.45941738214444,2.0,6.0,100.95765602971434,16.62412438975303,9.456895110306025,87.1512491237959,17.961297236294172,1.2018733539680397,-0.04636200896430864,8,139,8269.0,101.0,False,False
2024-185L,2026-125B,2026-09-01 00:00:00+00:00,2026-09-01 00:00:00+00:00,1,3.0,1.4959684628527028,2026-09-01 00:00:00+00:00,13.835139508014064,86.91216174627371,2.0,4.0,141.82450327166043,3.0132086283671558,1.565392761262956,86.67793301564942,9.502711291728891,1.7495436419406474,-0.4459252418883466,9,179,13871.0,142.0,False,False
2024-185M,2024-232E,2025-10-27 00:00:00+00:00,2025-10-27 00:00:00+00:00,1,3.0,1.6756239810755649,2025-10-27 00:00:00+00:00,5.0133911983531,88.92945884559684,1.0,0.0,40.11250729298548,92.30110587339415,1.1824227615052223,8.537159645470831,448.12450615271206,1.0034421683519668,0.31693779689646817,5,70,1883.0,40.0,True,False
2024-185M,2024-232J,2026-05-07 00:00:00+00:00,2026-05-07 00:00:00+00:00,1,3.0,7.343820782177786,2026-05-07 00:00:00+00:00,4.925925667817426,88.93556421575042,2.0,0.0,39.38265382724631,28.803700875691675,6.292860166218816,504.6524771026727,423.7407078448047,-3.9684859473349547,-0.07760358218291685,6,87,3073.0,39.0,False,False
2024-185M,2024-232J,2026-08-20 00:00:00+00:00,2026-08-20 00:00:00+00:00,1,3.0,6.315137556270635,2026-08-20 00:00:00+00:00,4.893444019760851,88.93340280512774,2.0,0.0,39.11105523532218,68.96630905997047,0.9844254633171658,65.21412903274488,421.9550484047824,-0.2516031211591496,-0.22096075655360892,9,176,13439.0,39.0,False,True
2024-185M,2024-232K,2025-12-11 00:00:00+00:00,2025-12-11 00:00:00+00:00,1,3.0,8.260926639831508,2025-12-11 00:00:00+00:00,4.953539616686378,88.93377917624935,1.0,0.0,39.61238184281891,67.65601476248322,2.975706409621125,11.738990346046972,435.3960901711626,-0.7399135106348922,0.21254996392841008,5,70,1883.0,40.0,True,True
2024-185M,2024-232L,2026-04-25 00:00:00+00:00,2026-04-25 00:00:00+00:00,1,3.0,4.782949836869161,2026-04-25 00:00:00+00:00,4.897262167915918,88.93734561334162,2.0,0.0,39.201647843681826,217.79979796439116,3.7020028107651815,329.6366570082659,431.3667298420338,-0.9092028734954241,0.003717227374727017,6,87,3073.0,39.0,False,True
2024-185M,2024-232M,2026-05-01 00:00:00+00:00,2026-05-01 00:00:00+00:00,1,3.0,6.296391330831957,2026-05-01 00:00:00+00:00,4.918086746725259,88.93980508102324,2.0,0.0,39.25704893391615,123.53661610172895,1.9368004307270894,116.77577370294021,425.3553379304081,-0.04923018839450943,-0.10442514619900756,6,87,3073.0,39.0,False,True
2024-185M,2024-232M,2026-08-14 00:00:00+00:00,2026-08-14 00:00:00+00:00,1,3.0,6.787583521953157,2026-08-14 00:00:00+00:00,4.879165796303896,88.93208754658593,2.0,0.0,38.99277239222962,13.810322986674192,6.451600398683695,257.9336114608615,422.00261789268154,1.9020925023828568,-0.1026279681162805,9,164,11663.0,39.0,False,False
2024-185M,2024-232P,2025-08-07 00:00:00+00:00,2025-08-07 00:00:00+00:00,1,3.0,4.796290091444624,2025-08-07 00:00:00+00:00,4.9822822242807465,88.92200057123044,1.0,0.0,39.8521043753893,145.58312146061718,4.256592578864911,66.578712692546,451.9478824012352,0.12576479823803766,0.7728898289294079,5,70,1883.0,40.0,True,True
2024-185M,2024-232T,2025-08-28 00:00:00+00:00,2025-08-28 00:00:00+00:00,1,3.0,5.9877745565966025,2025-08-28 00:00:00+00:00,4.973803638901076,88.91510453285501,1.0,0.0,39.847030631991466,188.73057527540905,4.665676302985958,16.08888250242884,452.51301180640024,1.866244799090028,-0.18499587962244846,5,70,1883.0,40.0,True,False
2024-185M,2024-232T,2025-12-05 00:00:00+00:00,2025-12-05 00:00:00+00:00,1,3.0,8.80389626015401,2025-12-05 00:00:00+00:00,4.955253990179786,88.92334895468697,1.0,0.0,39.62744833114573,67.16999551357824,7.133756884474678,253.31773376275115,436.3178602210625,-1.4667297751255717,0.06453854315762442,5,70,1883.0,40.0,True,False
2024-185M,2024-232U,2026-08-26 00:00:00+00:00,2026-08-26 00:00:00+00:00,1,3.0,6.24504132173687,2026-08-26 00:00:00+00:00,4.914864663277065,88.93543211377457,2.0,0.0,39.28878604749618,158.66674340700624,1.1607377342079417,143.8021003736298,421.15528375066924,-0.2679482018426711,-0.1465058851772767,9,178,13710.0,39.0,False,True
2024-185M,2025-016A,2025-08-19 00:00:00+00:00,2025-08-19 00:00:00+00:00,1,3.0,5.4435767637819925,2025-08-19 00:00:00+00:00,2.837756444950744,88.96038866522088,1.0,2.0,22.386057272110186,32.552752900213754,5.079947898194405,293.72222072782614,474.43208576866726,-2.2310259126114715,0.45309869328627883,5,70,1883.0,22.0,True,False
2024-185M,2025-016A,2025-11-26 00:00:00+00:00,2025-11-26 00:00:00+00:00,1,3.0,6.199635860852846,2025-11-26 00:00:00+00:00,2.8308968526879177,88.9600042475928,1.0,2.0,22.376860732031453,99.76954458694865,1.8124200745523922,231.1132368662465,459.6481047648989,0.6015776665505683,-0.42730493669061786,5,70,1883.0,22.0,True,True
2024-185M,2025-016A,2026-06-18 00:00:00+00:00,2026-06-18 00:00:00+00:00,1,3.0,8.835775370804694,2026-06-18 00:00:00+00:00,2.819430268274697,88.95816477804944,2.0,3.0,22.239544270834074,59.7297104396653,2.8175004726899715,5.92671454710598,437.35384858277354,0.6943126803257655,0.26755250235692074,7,105,4639.0,22.0,True,True
2024-185M,2025-016B,2025-06-05 00:00:00+00:00,2025-06-05 00:00:00+00:00,1,3.0,7.883795990645519,2025-06-05 00:00:00+00:00,2.823760601389937,88.96423077785778,1.0,2.0,22.253492334967163,230.96092474899598,7.798426119224132,436.598405787731,476.3006178124999,1.968468388829308,0.35601337449156745,5,67,1721.0,22.0,True,False
2024-185M,2025-016D,2025-09-15 00:00:00+00:00,2025-09-15 00:00:00+00:00,1,3.0,9.13763266253337,2025-09-15 00:00:00+00:00,2.8194378940358207,88.95107117587236,1.0,2.0,22.239324496187596,81.03558478807513,0.19906102823097171,613.3342484289348,471.7920781193974,-4.318275979886721,-0.1400194477770924,5,70,1883.0,22.0,True,False
2024-185M,2025-016E,2025-10-18 00:00:00+00:00,2025-10-18 00:00:00+00:00,1,3.0,5.66360952194338,2025-10-18 00:00:00+00:00,2.8256944759487217,88.95218127924832,1.0,2.0,22.28947132604694,62.70749463726544,3.4931145025229853,524.9264505183999,466.2471747888383,-4.67536845139076,0.029373726369623654,5,67,1727.0,22.0,True,False
2024-185M,2025-016F,2026-06-24 00:00:00+00:00,2026-06-24 00:00:00+00:00,1,3.0,5.129401164505213,2026-06-24 00:00:00+00:00,2.7968568342752818,88.95696291329094,2.0,3.0,22.058960897892128,6.645082887520545,5.067073712581987,125.46455593399448,435.62395234945876,-0.7929494200842555,0.15530399636261905,7,105,4639.0,22.0,True,True
2024-185M,2025-016J,2025-07-23 00:00:00+00:00,2025-07-23 00:00:00+00:00,1,3.0,2.0418885869961936,2025-07-23 00:00:00+00:00,2.823226405278652,88.96291099697689,1.0,2.0,22.22273251171696,19.360871094904002,1.8743537707114228,17.29959333034074,476.1810203214342,0.15710878427015018,0.44266238819261616,5,70,1883.0,22.0,True,True
2024-185M,2025-016J,2026-02-24 00:00:00+00:00,2026-02-24 00:00:00+00:00,1,3.0,5.344817672718266,2026-02-24 00:00:00+00:00,2.8142600340037083,88.95201678099147,2.0,3.0,22.197907230025677,111.54199366879709,5.095407596209952,89.20461325641024,450.0876428910578,-0.16048979011537767,0.01608868411491926,6,87,3073.0,22.0,True,True
2024-185M,2025-016L,2026-01-04 00:00:00+00:00,2026-01-04 00:00:00+00:00,1,3.0,4.7878885779533125,2026-01-04 00:00:00+00:00,2.8154479941187933,88.95446638638768,2.0,3.0,22.207601306100987,70.23909005825709,3.992890856570739,159.52624719542953,451.3240073740328,-1.7635476212781782,0.1467755332112688,6,74,2163.0,22.0,True,False
2024-185M,2025-016M,2026-02-12 00:00:00+00:00,2026-02-12 00:00:00+00:00,1,3.0,5.0329517779202,2026-02-12 00:00:00+00:00,2.811246390350822,88.94724986486514,2.0,3.0,22.174019705213073,141.45663100592654,3.519966381890299,91.99294381887248,451.90432276116724,0.6051013072705871,0.21728058688555052,6,86,3003.0,22.0,True,True
2024-185M,2025-016N,2026-02-18 00:00:00+00:00,2026-02-18 00:00:00+00:00,1,3.0,8.039009969406695,2026-02-18 00:00:00+00:00,2.813410842921529,88.94544915489269,2.0,3.0,22.19123820127045,36.910330634637695,3.932653701406707,326.508358480509,450.7207319874211,2.8858841141890252,0.6027480428282104,6,87,3073.0,22.0,True,False
2024-185M,2025-016Q,2025-08-13 00:00:00+00:00,2025-08-13 00:00:00+00:00,1,3.0,4.520335724967791,2025-08-13 00:00:00+00:00,2.814175429975133,88.95759560471316,1.0,2.0,22.17477055376311,233.26364088291209,3.570021979521698,351.9434123515239,472.36134553181455,-0.5278842869322204,0.40246954897668274,5,70,1883.0,22.0,True,True
2024-185M,2025-016Q,2025-11-20 00:00:00+00:00,2025-11-20 00:00:00+00:00,1,3.0,8.043653652698099,2025-11-20 00:00:00+00:00,2.8076452620892782,88.95574673188116,1.0,2.0,22.145210601340608,75.7339641667873,0.3444587237590895,640.3651637189301,460.4852333813093,-4.960545714941418,-0.5276691431406277,5,70,1883.0,22.0,True,False
2024-185M,2025-016Q,2026-03-02 00:00:00+00:00,2026-03-02 00:00:00+00:00,1,3.0,9.070661832552776,2026-03-02 00:00:00+00:00,2.794559278228827,88.95540343348095,2.0,3.0,22.085369960437525,230.02047634398292,7.980395879716338,296.96569786502187,448.74547488361,0.29075927193605366,-0.2335015400540783,6,87,3073.0,22.0,True,True
2024-185M,2025-016Q,2026-06-12 00:00:00+00:00,2026-06-12 00:00:00+00:00,1,3.0,8.141604668669137,2026-06-12 00:00:00+00:00,2.781671280005799,88.95730310383072,2.0,3.0,21.958280669799848,148.7393940939543,0.8186112994881114,44.221843793613054,441.4028411667994,1.0368277432816058,0.21774118604562887,7,104,4552.0,22.0,True,False
2024-185M,2025-016R,2025-05-30 00:00:00+00:00,2025-05-30 00:00:00+00:00,1,3.0,9.536596533371446,2025-05-30 00:00:00+00:00,2.823555638296594,88.95922345179795,1.0,2.0,22.27238964073204,82.54977951040426,0.7243830924107897,685.16360344619,476.63579605014456,-4.758419276840357,-0.03347643112016385,5,61,1397.0,22.0,True,False
2024-185M,2025-016T,2026-04-10 00:00:00+00:00,2026-04-10 00:00:00+00:00,1,3.0,5.176896895530937,2026-04-10 00:00:00+00:00,2.812087715703865,88.94606386950886,2.0,3.0,22.18060320860779,95.80532869274532,2.2823744698862356,263.86909396444315,448.38932063237627,-1.5010173087219698,-0.18251761403229239,6,87,3073.0,22.0,True,False
2024-185M,2025-046A,2025-10-27 00:00:00+00:00,2025-10-27 00:00:00+00:00,1,3.0,9.784877097687003,2025-10-27 00:00:00+00:00,12.707595384586831,87.96173440256356,1.0,4.0,120.74491970146279,105.38252447059794,7.6780124566003,21.914985052635103,233.34745156684798,1.0034421683519668,-0.3118980386601322,5,70,1883.0,121.0,False,False
2024-185M,2025-046A,2026-05-19 00:00:00+00:00,2026-05-19 00:00:00+00:00,1,3.0,6.636843735982055,2026-05-19 00:00:00+00:00,12.715792960308638,87.93797427891244,2.0,5.0,120.87146407288252,19.446785656580417,5.911031129790899,68.80799432306337,224.0654011415739,1.2234586049529526,-0.2731085348902411,6,87,3073.0,121.0,False,False
2024-185M,2025-046B,2026-08-08 00:00:00+00:00,2026-08-08 00:00:00+00:00,1,3.0,3.468200790949364,2026-08-08 00:00:00+00:00,12.74883087601059,87.93490979968229,2.0,5.0,121.07624943644515,56.99482965303076,1.4139636507925388,20.202996667488872,221.46312643095507,1.2427726881911667,-0.025291379310203865,9,148,9392.0,121.0,False,False
2024-185M,2025-046C,2025-06-14 00:00:00+00:00,2025-06-14 00:00:00+00:00,1,3.0,9.794506655012857,2025-06-14 00:00:00+00:00,12.705968674371052,87.94594563957824,1.0,4.0,120.65495337139889,27.8008603160168,5.394100563034954,33.10589123254467,239.15813314755454,-0.43558008479922705,-0.3518722224354178,5,70,1883.0,121.0,False,True
2024-185M,2025-046D,2025-12-23 00:00:00+00:00,2025-12-23 00:00:00+00:00,1,3.0,6.097259637278129,2025-12-23 00:00:00+00:00,12.679502821111749,87.94850924265076,1.0,4.0,120.68690771716946,69.82296693468308,5.9568259082698205,157.51043743012195,229.47006604052422,0.053882534473530086,-1.3216072750971932,5,70,1883.0,121.0,False,False
2024-185M,2025-046F,2025-11-08 00:00:00+00:00,2025-11-08 00:00:00+00:00,1,3.0,9.037574955544228,2025-11-08 00:00:00+00:00,12.710111812196695,87.91489219516012,1.0,4.0,120.78455548705232,109.80568020593863,8.130225627643995,57.941266774404184,232.35359436765668,-1.2042096672380467,-0.3925873262716948,5,70,1883.0,121.0,False,False
2024-185M,2025-046F,2026-05-31 00:00:00+00:00,2026-05-31 00:00:00+00:00,1,3.0,5.958036524031836,2026-05-31 00:00:00+00:00,12.708612485532598,87.86637545308584,2.0,5.0,120.92426755789607,93.23409647032817,1.4049493841939693,98.9688222324459,221.98467429279324,0.35096081859728656,0.26145420263799224,7,90,3334.0,121.0,False,True
2024-185M,2025-046F,2026-09-13 00:00:00+00:00,2026-09-13 00:00:00+00:00,1,3.0,9.466140280062072,2026-09-13 00:00:00+00:00,12.726454462830365,87.88461207026461,2.0,5.0,121.04001184207162,10.636026724333629,9.131037520280188,203.72238293509642,215.71840273314686,0.8921217063781341,-2.372436275107532,9,178,13726.0,121.0,False,False
2024-185M,2025-046H,2025-09-30 00:00:00+00:00,2025-09-30 00:00:00+00:00,1,3.0,5.994308615682647,2025-09-30 00:00:00+00:00,12.721551185279434,87.95214104175818,1.0,4.0,120.96654713714396,6.85149013062101,1.2460227302490239,107.04348988851055,235.16045641781017,1.6239876317065836,-0.3555756636185805,5,69,1829.0,121.0,False,False
2024-185M,2025-046J,2025-09-03 00:00:00+00:00,2025-09-03 00:00:00+00:00,1,3.0,7.907645200537712,2025-09-03 00:00:00+00:00,12.69856805021672,87.94688583989756,1.0,4.0,120.91723708903082,9.667246662937822,7.504346324684775,21.30422126173508,238.10632659574318,-0.6535428151692031,-0.2476299996720286,5,70,1883.0,121.0,False,True
2024-185M,2025-046K,2025-07-11 00:00:00+00:00,2025-07-11 00:00:00+00:00,1,3.0,8.979729952993909,2025-07-11 00:00:00+00:00,12.71699298516801,87.91933120997491,1.0,4.0,120.89523556569635,15.662992052229066,6.217038019588472,32.61741873064927,238.70787347127725,0.787739159671986,0.5125382052085286,5,70,1883.0,121.0,False,True
2024-185M,2025-046K,2026-01-25 00:00:00+00:00,2026-01-25 00:00:00+00:00,1,3.0,3.676528301513293,2026-01-25 00:00:00+00:00,12.717807026898054,87.91840527727646,2.0,5.0,120.90521474829922,28.35859101875762,1.9965344095417095,9.652531632829307,228.4077525213415,0.05226478705156978,-0.3238928621936452,6,81,2653.0,121.0,False,True
2024-185M,2025-046K,2026-05-07 00:00:00+00:00,2026-05-07 00:00:00+00:00,1,3.0,8.341234786237395,2026-05-07 00:00:00+00:00,12.72108014053656,87.92348061008687,2.0,5.0,120.9554207715942,90.33285966351636,7.140389857228001,355.4523241736251,222.2677752336755,-3.9684859473349547,0.17081882091895295,6,87,3073.0,121.0,False,False
2024-185M,2025-046M,2025-11-23 00:00:00+00:00,2025-11-23 00:00:00+00:00,1,3.0,4.659128241618538,2025-11-23 00:00:00+00:00,12.707272367726588,87.91929554305246,1.0,4.0,120.73813942993806,12.816669743456456,1.6446921508049854,229.0463033191125,232.52625287685143,0.13710091471199348,3.5545792292838883,5,70,1883.0,121.0,False,False
2024-185M,2025-046M,2026-06-18 00:00:00+00:00,2026-06-18 00:00:00+00:00,1,3.0,3.2642470016528096,2026-06-18 00:00:00+00:00,12.720941608967763,87.92889681387531,2.0,5.0,120.8903269265264,10.858131197034124,3.3045584563878947,258.2361449860022,227.35958877362899,0.6943126803257655,-3.291745719490109,7,105,4639.0,121.0,False,False
2024-185M,2025-046P,2026-03-11 00:00:00+00:00,2026-03-11 00:00:00+00:00,1,3.0,6.845222524625177,2026-03-11 00:00:00+00:00,12.73824435391697,87.91511078781757,2.0,5.0,121.02898852090438,56.59854357452851,6.836073373650834,160.31036606697583,226.28797230643727,-1.7464836243993886,-0.12148728900416472,6,87,3073.0,121.0,False,False
2024-185M,2025-046Q,2026-01-31 00:00:00+00:00,2026-01-31 00:00:00+00:00,1,3.0,3.942528228731014,2026-01-31 00:00:00+00:00,12.72732239320298,87.92167309024248,2.0,5.0,120.92717874110453,9.677461354838329,1.1111508540543582,74.21736948554297,228.3557037408215,0.4621454128088658,-0.9085204708244419,6,85,2933.0,121.0,False,True
2024-185M,2025-046Q,2026-05-13 00:00:00+00:00,2026-05-13 00:00:00+00:00,1,3.0,6.250631259544122,2026-05-13 00:00:00+00:00,12.723315727932045,87.93989801795905,2.0,5.0,120.99096353455485,94.97793869156698,6.2082488986116005,6.208712521509331,223.45595122916865,0.8448070817203757,-0.6620774913075707,6,87,3073.0,121.0,False,True
2024-185M,2025-046Q,2026-08-26 00:00:00+00:00,2026-08-26 00:00:00+00:00,1,3.0,7.510472928218925,2026-08-26 00:00:00+00:00,12.73107100891474,87.93990756398703,2.0,5.0,121.11386558742353,25.218581772934716,3.583383142781713,30.966752119444394,220.70231122356992,-0.2679482018426711,-0.3653359832133276,9,178,13710.0,121.0,False,True
2024-185M,2025-046R,2025-08-07 00:00:00+00:00,2025-08-07 00:00:00+00:00,1,3.0,7.728907669918245,2025-08-07 00:00:00+00:00,12.721095368837446,87.9262575430577,1.0,4.0,120.95982369059546,11.136460223905338,2.2227740285507025,5.588447254848308,238.4972969885583,0.12576479823803766,-0.4263645191351202,5,70,1883.0,121.0,False,True
2024-185M,2025-046S,2025-09-24 00:00:00+00:00,2025-09-24 00:00:00+00:00,1,3.0,0.480781741011325,2025-09-24 00:00:00+00:00,12.698073795393162,87.9306476344676,1.0,4.0,120.73663708844215,70.87136777785942,0.8422079343836231,54.272185496815965,236.40013072560131,0.9031735603459481,0.6426226178349026,5,70,1883.0,121.0,False,True
2024-185M,2025-046S,2026-07-27 00:00:00+00:00,2026-07-27 00:00:00+00:00,1,3.0,6.310415113682141,2026-07-27 00:00:00+00:00,12.701171783701218,87.95599485926451,2.0,5.0,120.93848171167869,88.91570643199599,3.572760810885484,117.51382588381149,222.3995615886913,-0.0029405792316765655,0.44562118855287736,8,130,7278.0,121.0,False,True
2024-185M,2025-046T,2025-11-02 00:00:00+00:00,2025-11-02 00:00:00+00:00,1,3.0,7.381594929390032,2025-11-02 00:00:00+00:00,12.70864247961261,87.94793306313392,1.0,4.0,120.7611335969179,74.85468801359626,7.020820058979552,51.0721369606907,233.14184118055408,0.37414267026377956,0.7466090202917997,5,70,1883.0,121.0,False,True
2024-185M,2025-046T,2026-05-25 00:00:00+00:00,2026-05-25 00:00:00+00:00,1,3.0,4.009939351735659,2026-05-25 00:00:00+00:00,12.70473885247845,87.90929846999332,2.0,5.0,120.89164725925137,52.8708335712292,3.398970091007868,18.332566300030564,222.67251833698666,-1.0272860687477987,0.2765276397936418,6,87,3073.0,121.0,False,False
2024-185M,2025-233E,2026-04-13 00:00:00+00:00,2026-04-13 00:00:00+00:00,1,3.0,8.165534591389866,2026-04-13 00:00:00+00:00,2.423358928199409,88.96921396518735,2.0,1.0,19.08293835675147,104.35672213269586,0.23924680246364005,137.89356299772422,448.10393681739345,0.7720875332588619,0.510362477249295,6,87,3073.0,19.0,True,True
2024-185M,2025-233M,2026-02-15 00:00:00+00:00,2026-02-15 00:00:00+00:00,1,3.0,8.987092226257467,2026-02-15 00:00:00+00:00,2.38070615037044,88.96157757746747,2.0,1.0,18.744728934348593,5.775380049933624,2.00580770374836,223.7174569928287,485.66841695794227,2.310853883973614,0.4745302925181534,6,87,3073.0,19.0,True,False
2024-185M,2025-233N,2026-02-21 00:00:00+00:00,2026-02-21 00:00:00+00:00,1,3.0,8.002874023724083,2026-02-21 00:00:00+00:00,2.368004857184366,88.96184985672008,2.0,1.0,18.643612197853095,17.888102702512903,2.615740272374751,85.73160740679464,450.2766543038095,-0.012219635267292972,-0.5421959009246002,6,87,3073.0,19.0,True,True
2024-185M,2025-233N,2026-09-16 00:00:00+00:00,2026-09-16 00:00:00+00:00,1,3.0,2.5079094293871083,2026-09-16 00:00:00+00:00,2.318745056028656,88.97069058547591,2.0,1.0,18.25790449822009,157.77928130732963,0.4502683605523998,250.59541647304445,866.923788660795,-0.3658706995516354,0.358530052035519,9,179,13871.0,18.0,True,True
2024-185M,2025-233P,2026-06-09 00:00:00+00:00,2026-06-09 00:00:00+00:00,1,3.0,9.88859959521028,2026-06-09 00:00:00+00:00,2.3552333981405145,88.97304481009718,2.0,1.0,18.542612366972794,161.23201675878,1.2344855133342207,149.3329155933501,445.3961165205534,0.16040176166769982,0.06753571326501628,7,102,4378.0,19.0,True,True
2024-185M,2025-233Q,2026-06-21 00:00:00+00:00,2026-06-21 00:00:00+00:00,1,3.0,3.1602780131101174,2026-06-21 00:00:00+00:00,2.3723811003867024,88.97658634396517,2.0,1.0,18.678976380824597,36.69420578858397,0.9951594345875492,124.87292981800921,438.22136429647423,-1.0862056997342222,-0.3960749111063109,7,105,4639.0,19.0,True,False
2024-185M,2025-233R,2026-06-15 00:00:00+00:00,2026-06-15 00:00:00+00:00,1,3.0,8.42746952537468,2026-06-15 00:00:00+00:00,2.346893212383129,88.97195863618646,2.0,1.0,18.476306128491004,94.18496710851359,0.3223403438296373,95.11742609818621,443.5291586226294,1.4388077985428254,-0.15179005819601343,7,105,4639.0,18.0,True,False
2024-185M,2025-233S,2026-06-27 00:00:00+00:00,2026-06-27 00:00:00+00:00,1,3.0,4.818363342647393,2026-06-27 00:00:00+00:00,2.3404224458976306,88.97245630994789,2.0,1.0,18.42417916848834,80.70817696114794,2.8344664899468626,42.35458092527796,442.62388633553667,-0.30078724074409635,-0.0015933362186473232,7,105,4639.0,18.0,True,True
2024-185M,2025-233T,2026-07-03 00:00:00+00:00,2026-07-03 00:00:00+00:00,1,3.0,3.0148622221075025,2026-07-03 00:00:00+00:00,2.3408916892610354,88.97558015278992,2.0,1.0,18.427371420258247,167.5298283726838,2.833315004618271,359.83697879565307,442.23261333375245,-4.261846402316921,0.014492000609093836,7,105,4639.0,18.0,True,False
2024-185M,2026-075G,2026-09-19 00:00:00+00:00,2026-09-19 00:00:00+00:00,1,3.0,6.776665614260519,2026-09-19 00:00:00+00:00,11.230098547414288,88.42669324618066,2.0,6.0,100.50295466031629,116.7390763490001,1.2772875035334437,101.9241203398316,283.86859399322043,0.23947671076325605,0.06121665681908439,9,178,13727.0,101.0,False,True
2024-185M,2026-075K,2026-06-18 00:00:00+00:00,2026-06-18 00:00:00+00:00,1,3.0,1.8101007423451176,2026-06-18 00:00:00+00:00,11.248390379438405,88.44945492265202,2.0,6.0,100.60533167340137,53.871119387589815,0.33600879302593967,18.464684947433977,288.91654418134715,0.6943126803257655,0.2575648012239924,7,105,4639.0,101.0,False,True
2024-185M,2026-075M,2026-09-13 00:00:00+00:00,2026-09-13 00:00:00+00:00,1,3.0,3.170351549549585,2026-09-13 00:00:00+00:00,11.24286729562614,88.44238850320133,2.0,6.0,100.5371181187802,126.58531608874983,0.06697711747074209,85.14350526496305,282.766866118507,0.8921217063781341,0.3933716968755334,9,178,13726.0,101.0,False,True
2024-185M,2026-075P,2026-06-24 00:00:00+00:00,2026-06-24 00:00:00+00:00,1,3.0,6.5452157005359926,2026-06-24 00:00:00+00:00,11.249477847824174,88.38622229089516,2.0,6.0,100.61856443290098,19.114836161944332,2.0086083416517795,78.47977096862222,286.9570983289,-0.7929494200842555,-0.07163765441273995,7,105,4639.0,101.0,False,True
2024-185M,2026-075R,2026-06-12 00:00:00+00:00,2026-06-12 00:00:00+00:00,1,3.0,8.415452342668067,2026-06-12 00:00:00+00:00,11.249980295522242,88.44171050029354,2.0,6.0,100.62492442271092,117.94138907241829,1.7043851624721356,25.160682016121903,286.5989510124479,1.0368277432816058,-0.09574638509744204,7,104,4552.0,101.0,False,False
2024-185M,2026-075S,2026-06-30 00:00:00+00:00,2026-06-30 00:00:00+00:00,1,3.0,7.888254329127577,2026-06-30 00:00:00+00:00,11.249104277418784,88.41900054510225,2.0,6.0,100.61364495766016,88.10821871474081,3.469328830399718,295.1140132872076,285.50155402238755,3.103279890881595,0.6099789551293497,7,105,4639.0,101.0,False,False
2024-185M,2026-075T,2026-07-12 00:00:00+00:00,2026-07-12 00:00:00+00:00,1,3.0,7.0760085148417655,2026-07-12 00:00:00+00:00,11.235214826015634,88.39864352500678,2.0,6.0,100.63672381558429,146.04047186107914,7.31647479130698,273.1310434142878,285.7610262165913,1.5038737266498856,-0.027443007567995892,8,109,5046.0,101.0,False,False
2024-185M,2026-104B,2026-07-30 00:00:00+00:00,2026-07-30 00:00:00+00:00,1,3.0,2.8231570741256964,2026-07-30 00:00:00+00:00,9.390258900319797,88.6780269759608,2.0,7.0,80.0828357470782,124.97348218336468,2.338873193861218,467.6810012067153,339.25357871414093,-3.6465173577880563,-0.2009560167548159,8,135,7833.0,80.0,False,False
2024-185M,2026-104E,2026-08-11 00:00:00+00:00,2026-08-11 00:00:00+00:00,1,3.0,2.594315638798286,2026-08-11 00:00:00+00:00,9.40750735768152,88.67140655414079,2.0,7.0,80.10720517695034,2.6199190109051638,1.3849353918376437,201.37097849521018,340.88395235088757,1.9049983795606806,-0.09733758526081715,9,158,10770.0,80.0,False,False
2024-185M,2026-104F,2026-07-24 00:00:00+00:00,2026-07-24 00:00:00+00:00,1,3.0,5.996448564427888,2026-07-24 00:00:00+00:00,9.40403222926236,88.67882050541937,2.0,7.0,80.07205713283118,154.97562296204129,1.9583615090232342,230.2801769102321,343.8603634669966,-0.37645020115027705,0.3805876876001264,8,126,6840.0,80.0,False,True
2024-185M,2026-104G,2026-08-05 00:00:00+00:00,2026-08-05 00:00:00+00:00,1,3.0,9.9949988319246,2026-08-05 00:00:00+00:00,9.388374020192462,88.69379561132908,2.0,7.0,80.11014915497795,52.248642790908406,2.0511128359812574,184.08560551250116,340.8589677762025,-1.2784550837723145,0.051424245915811184,8,140,8378.0,80.0,False,False
2024-185M,2026-104J,2026-08-17 00:00:00+00:00,2026-08-17 00:00:00+00:00,1,3.0,2.99820864372262,2026-08-17 00:00:00+00:00,9.404624746032711,88.66283234935514,2.0,7.0,80.07727671638875,103.5530378170855,0.5197435695481545,24.886041424172433,343.26209892516414,-0.5022335843522541,0.28854288720232546,9,173,12995.0,80.0,False,True
2024-185M,2026-104L,2026-08-23 00:00:00+00:00,2026-08-23 00:00:00+00:00,1,3.0,8.43798163571076,2026-08-23 00:00:00+00:00,9.415950932307355,88.68050329999932,2.0,7.0,80.19316399073998,107.76450562585768,1.3837428774886575,130.1728208471307,342.71596464377456,-0.08023541421570712,-0.30566792383157804,9,178,13727.0,80.0,False,True
2024-185M,2026-108H,2026-08-11 00:00:00+00:00,2026-08-11 00:00:00+00:00,1,3.0,7.788957138720526,2026-08-11 00:00:00+00:00,4.932405541723125,88.94129318814001,2.0,0.0,39.435518404739284,54.72718338441879,1.2495500272425488,224.7174572545512,421.4245694946413,1.9049983795606806,0.5151045440222362,9,158,10770.0,39.0,False,False
2024-185M,2026-121A,2026-08-14 00:00:00+00:00,2026-08-14 00:00:00+00:00,1,3.0,6.091011841862753,2026-08-14 00:00:00+00:00,12.716629707643271,87.98629552761415,2.0,5.0,120.88415665329566,3.781455006147106,1.337887551078893,105.23638054185142,222.0537015434608,1.9020925023828568,0.20527200010809565,9,164,11663.0,121.0,False,False
2024-185M,2026-124L,2026-09-19 00:00:00+00:00,2026-09-19 00:00:00+00:00,1,3.0,5.362962511469677,2026-09-19 00:00:00+00:00,7.283168036175385,88.82916033982765,2.0,8.0,59.81958267402537,172.26845129450422,1.0995718224085067,127.51771022798972,383.17571804875877,0.23947671076325605,-0.15771886016085546,9,178,13727.0,60.0,False,True
2024-185P,2024-232B,2026-03-02 00:00:00+00:00,2026-03-02 00:00:00+00:00,1,3.0,0.4099301151891197,2026-03-02 00:00:00+00:00,4.944561446830523,88.92841236107922,2.0,0.0,39.490442347430054,15.299339581312175,0.548437940426993,275.39454887076266,106.54155343180001,-2.142477239170688,-0.014878169101962158,6,87,3073.0,39.0,False,False
2024-185P,2025-016A,2026-04-01 00:00:00+00:00,2026-04-01 00:00:00+00:00,1,3.0,2.420029022189626,2026-04-01 00:00:00+00:00,2.8151824504023644,88.95225864769017,2.0,3.0,22.1556656811225,11.77671410077388,0.8309397880202596,258.4509990814437,108.08649374862276,-2.012064995002703,-0.07578169965350412,6,87,3073.0,22.0,True,False
2024-185P,2025-016D,2026-08-02 00:00:00+00:00,2026-08-02 00:00:00+00:00,1,3.0,1.8565060211640816,2026-08-02 00:00:00+00:00,2.7537888394335166,88.96078669094854,2.0,3.0,21.756497528024823,46.55080561678634,2.1540262302623887,85.56016968615349,100.99653952327601,0.4070451515906939,0.10155240158724155,8,139,8269.0,22.0,True,True
2024-185P,2025-016K,2025-09-18 00:00:00+00:00,2025-09-18 00:00:00+00:00,1,3.0,9.92204018636086,2025-09-18 00:00:00+00:00,2.804876626028965,88.95280099060689,1.0,2.0,22.12377353788266,147.9032006842715,3.9746305918124563,289.09590507346593,790.9098013511891,0.35353307623724817,4.124452838197179,5,70,1883.0,22.0,True,False
2024-185P,2025-016P,2025-12-05 00:00:00+00:00,2025-12-05 00:00:00+00:00,1,3.0,5.413268328504176,2025-12-05 00:00:00+00:00,2.810929681998318,88.9578682614985,1.0,2.0,22.131475083357575,43.40527388142365,5.086103598677255,237.98944477995892,114.55508584068514,2.272154321392186,-0.25480356919796243,5,70,1883.0,22.0,True,False
2024-185P,2025-016S,2026-05-19 00:00:00+00:00,2026-05-19 00:00:00+00:00,1,3.0,7.15063376647179,2026-05-19 00:00:00+00:00,2.782747779187325,88.95352720092282,2.0,3.0,21.94863738206783,13.18557543186318,6.505311499783602,407.0055539364533,105.3358932697667,-2.9309583780489277,0.17956121221791932,6,87,3073.0,22.0,True,False
2024-185P,2025-046B,2025-09-06 00:00:00+00:00,2025-09-06 00:00:00+00:00,1,3.0,1.054982456687631,2025-09-06 00:00:00+00:00,12.723510912915604,87.92519698801371,1.0,4.0,120.97979245672032,3.6058235466892907,0.8223735921073967,46.35380607756132,65.15224806726036,0.653023910112239,-0.03614141951270966,5,70,1883.0,121.0,False,True
2024-185P,2025-046C,2025-07-08 00:00:00+00:00,2025-07-08 00:00:00+00:00,1,3.0,9.270150847363547,2025-07-08 00:00:00+00:00,12.709234831098192,87.9479402095624,1.0,4.0,120.75287861162039,11.70936477057286,9.321443365062805,19.53073546263418,64.10743995931746,-0.5875334753914245,-0.3844938133492519,5,70,1883.0,121.0,False,True
2024-185P,2025-046D,2026-07-27 00:00:00+00:00,2026-07-27 00:00:00+00:00,1,3.0,6.190124435634507,2026-07-27 00:00:00+00:00,12.728377894476722,87.92001057135566,2.0,5.0,121.05232661094918,8.48814086430574,6.0345137374752085,122.91440451479602,50.918530750807605,-2.310692833649341,-0.33616202844712006,8,130,7278.0,121.0,False,False
2024-185P,2025-046N,2026-03-02 00:00:00+00:00,2026-03-02 00:00:00+00:00,1,3.0,7.29645134438298,2026-03-02 00:00:00+00:00,12.733556150415769,87.93415026006926,2.0,5.0,121.05163919904032,11.436789095982087,6.968508011687845,165.8747818965896,54.9026122864319,-2.142477239170688,0.3057047941144049,6,87,3073.0,121.0,False,False
2024-185P,2025-046P,2026-04-19 00:00:00+00:00,2026-04-19 00:00:00+00:00,1,3.0,0.920860027636388,2026-04-19 00:00:00+00:00,12.712856002902088,87.94563984070625,2.0,5.0,121.23139152803627,6.803964772691675,0.002962361409117875,141.44903475426852,51.316799710257875,-2.234025329682396,-0.1250772445617372,6,87,3073.0,121.0,False,False
2024-185P,2025-046Q,2025-11-08 00:00:00+00:00,2025-11-08 00:00:00+00:00,1,3.0,7.147298081093752,2025-11-08 00:00:00+00:00,12.725035992059365,87.92460968317278,1.0,4.0,121.00342194986794,7.674124581418172,6.887324988274486,59.62845681199546,57.85560300746967,0.31750530117551534,-0.5755476324422943,5,70,1883.0,121.0,False,True
2024-185P,2025-046R,2026-02-06 00:00:00+00:00,2026-02-06 00:00:00+00:00,1,3.0,3.392135517957632,2026-02-06 00:00:00+00:00,12.73790044464375,87.97656887357202,2.0,5.0,121.12081724535949,23.58372884369219,3.622870395814971,6.661293128637957,54.75099615205079,1.0097459395861677,0.7326265277759489,6,85,2933.0,121.0,False,False
2024-185P,2025-233B,2026-08-14 00:00:00+00:00,2026-08-14 00:00:00+00:00,1,3.0,7.167610131579105,2026-08-14 00:00:00+00:00,2.364746911731512,88.97575870219822,2.0,1.0,18.5842969117911,6.4349428255730095,6.321335190743412,358.37931385569215,99.72826872812165,-3.1040058571782083,-0.2608970524535721,9,164,11663.0,19.0,True,False
2024-185P,2025-233P,2026-02-24 00:00:00+00:00,2026-02-24 00:00:00+00:00,1,3.0,2.8545481415227427,2026-02-24 00:00:00+00:00,2.397992036847897,88.9702991348262,2.0,1.0,18.898363103099705,7.008400222431972,2.840223711060389,97.77862640902599,114.68148168281976,1.3178798016064093,0.403353224754909,6,87,3073.0,19.0,True,False
2024-185P,2025-233Q,2026-04-13 00:00:00+00:00,2026-04-13 00:00:00+00:00,1,3.0,6.276540797132463,2026-04-13 00:00:00+00:00,2.411395088581828,88.9726616629128,2.0,1.0,18.985747156725807,48.68748454590376,5.866470135882992,142.01317536433282,109.77380397852966,0.8270418226936158,0.09672550133666391,6,87,3073.0,19.0,True,True
2024-185P,2025-233R,2026-03-20 00:00:00+00:00,2026-03-20 00:00:00+00:00,1,3.0,3.6197480901973966,2026-03-20 00:00:00+00:00,2.3865765028329555,88.97171143311243,2.0,1.0,18.78909280318023,6.406977877569928,3.3516820339882543,227.79875791621342,109.88610935703494,-1.8652902819696635,0.06490171597801009,6,87,3073.0,19.0,True,False
2024-185P,2025-233S,2026-05-07 00:00:00+00:00,2026-05-07 00:00:00+00:00,1,3.0,1.7705149242752067,2026-05-07 00:00:00+00:00,2.377219123668088,88.97820001830276,2.0,1.0,18.69094731359526,19.475449468477255,0.5078233505810203,23.015403617921024,108.00288978549736,0.015077005006190802,-0.012539602202991773,6,87,3073.0,19.0,True,True
2024-185P,2025-233T,2026-05-31 00:00:00+00:00,2026-05-31 00:00:00+00:00,1,3.0,5.619015070056705,2026-05-31 00:00:00+00:00,2.371082257629512,88.97953103087002,2.0,1.0,18.665856734517284,8.26153938396027,5.608530709728257,263.8812857326751,103.4338384575605,-2.038542214318568,0.06623806915428077,7,90,3334.0,19.0,True,False
2024-185P,2026-075A,2026-08-26 00:00:00+00:00,2026-08-26 00:00:00+00:00,1,3.0,4.565340398891744,2026-08-26 00:00:00+00:00,11.278298358127788,88.37678204985242,2.0,6.0,100.73817426931723,25.38678721184507,3.9456577528944763,311.5925638443016,66.94287406014637,-3.765874524852677,0.447541686065847,9,178,13710.0,101.0,False,False
2024-185P,2026-075C,2026-08-02 00:00:00+00:00,2026-08-02 00:00:00+00:00,1,3.0,5.719771398405672,2026-08-02 00:00:00+00:00,11.282253238702578,88.40942006389477,2.0,6.0,100.78006053556345,6.9295534819256295,5.685632408890342,86.0386096200335,63.55791854353186,0.4070451515906939,-0.6614884672875405,8,139,8269.0,101.0,False,True
2024-185P,2026-104F,2026-09-01 00:00:00+00:00,2026-09-01 00:00:00+00:00,1,3.0,3.216577860490631,2026-09-01 00:00:00+00:00,9.434846325283818,88.65437107981128,2.0,7.0,80.23724687766203,26.21048568911589,2.443698509958267,2.590663142726845,81.10683878734989,0.1298744805922638,0.3838896531987075,9,179,13871.0,80.0,False,True
2024-185P,2026-108C,2026-09-01 00:00:00+00:00,2026-09-01 00:00:00+00:00,1,3.0,7.62181942888453,2026-09-01 00:00:00+00:00,4.939903566779168,88.94697128646897,2.0,0.0,39.55484814563908,47.82919306242018,4.230292259478119,2.630704944226503,96.48615091628152,0.1298744805922638,-0.465649735734587,9,179,13871.0,40.0,False,True
2024-185P,2026-124C,2026-08-26 00:00:00+00:00,2026-08-26 00:00:00+00:00,1,3.0,4.322005747642547,2026-08-26 00:00:00+00:00,7.303323200628798,88.84776586169218,2.0,8.0,60.04001003246526,24.280102092456048,4.454768583945224,408.59902253368506,91.01834025462647,-3.765874524852677,-0.34623262636915797,9,178,13710.0,60.0,False,False
2024-232B,2025-046N,2025-06-11 00:00:00+00:00,2025-06-11 00:00:00+00:00,1,3.0,9.857077162345906,2025-06-11 00:00:00+00:00,9.494824102039123,88.6779589286235,0.0,4.0,81.0846684172621,38.33585548807695,9.46987612450448,13.295202335567511,193.64574261419588,0.22967877596445874,-0.2409132177112383,5,69,1829.0,81.0,False,True
2024-232B,2025-046N,2025-06-23 00:00:00+00:00,2025-06-29 00:00:00+00:00,3,9.0,4.573046720763892,2025-06-26 00:00:00+00:00,9.507353873474155,88.65600453925018,0.0,4.0,81.10722630210614,4.713032550528046,3.9237494012454315,3.407633798229478,2.488892056446045,0.24777153728976486,0.2902229433119885,5,70,1883.0,81.0,False,True
2024-232B,2025-046N,2025-07-26 00:00:00+00:00,2025-08-10 00:00:00+00:00,5,18.0,3.278004167586201,2025-07-26 00:00:00+00:00,9.494068402797808,88.66926611117225,0.0,4.0,81.13823450309336,3.977068956431455,2.6105955114991244,31.315394965103515,2.9547760979671116,0.35275260909207873,0.0740598610259724,5,70,1883.0,81.0,False,True
2024-232B,2025-046N,2025-09-03 00:00:00+00:00,2025-09-12 00:00:00+00:00,3,12.0,6.190478682030469,2025-09-09 00:00:00+00:00,9.496355073748848,88.67137026362825,0.0,4.0,81.17043146618332,6.394468312754698,6.386236628999541,96.03902110076228,3.4833166306505348,0.6157091853792167,-0.3512180429675169,5,70,1883.0,81.0,False,True
2024-232B,2025-046N,2026-04-07 00:00:00+00:00,2026-04-13 00:00:00+00:00,3,9.0,5.996873276247149,2026-04-07 00:00:00+00:00,9.54902578749182,88.63865145944115,0.0,5.0,81.69639389944165,8.13719372677816,5.594426947388612,52.53117578235877,6.322792388308277,0.20922253335470486,-0.2515664553564818,6,87,3073.0,82.0,False,True
2024-232B,2025-046N,2026-05-28 00:00:00+00:00,2026-06-06 00:00:00+00:00,4,12.0,0.9177743610289848,2026-05-28 00:00:00+00:00,9.586947886336173,88.66042586672653,0.0,5.0,81.91300492604505,1.899733528355766,1.1025985947208028,1.3973178372718846,3.470848184019835,0.002559021090718261,-0.004458859119068848,7,89,3247.0,82.0,False,True
2024-232B,2025-046N,2026-09-16 00:00:00+00:00,2026-09-22 00:00:00+00:00,3,9.0,7.605823335439964,2026-09-16 00:00:00+00:00,9.611209237491058,88.6394382414638,0.0,5.0,82.33884144804222,9.058947378955507,8.13350813723657,9.138301510161407,3.289511855421545,0.05569731642117404,0.05440729464208971,9,179,13871.0,82.0,False,True
2024-232B,2026-125N,2026-08-26 00:00:00+00:00,2026-08-26 00:00:00+00:00,1,3.0,9.4053920477144,2026-08-26 00:00:00+00:00,11.40976722023062,88.38431692467927,0.0,4.0,102.6682102718009,26.202215106592103,8.7014774949821,393.9478928458629,266.4899418364848,0.1293732061201922,-4.418093485789882,9,178,13710.0,103.0,False,False
2024-232B,2026-125T,2026-08-08 00:00:00+00:00,2026-08-08 00:00:00+00:00,1,3.0,7.841675779137731,2026-08-08 00:00:00+00:00,11.413681724747684,88.38476137354367,,,,,,,,,,9,148,,,False,
2024-232C,2025-046D,2025-05-15 00:00:00+00:00,2025-05-15 00:00:00+00:00,1,3.0,8.861306249420023,2025-05-15 00:00:00+00:00,9.449704235483456,88.66424449155544,0.0,4.0,80.73796146639104,22.536990875502866,8.650404361593246,12.042438227539357,65.49972799681916,-0.026585752784512806,0.267851436946259,5,55,1087.0,81.0,False,True
2024-232C,2025-046D,2025-11-05 00:00:00+00:00,2025-11-23 00:00:00+00:00,6,21.0,4.506974769259355,2025-11-11 00:00:00+00:00,9.496727269183431,88.66798785443319,0.0,4.0,81.01250843322511,4.443461473219992,4.226546214823249,69.72650587263828,1.8477554344779412,0.18382498729792474,-0.5048609196211373,5,70,1883.0,81.0,False,True
2024-232C,2025-046D,2026-04-22 00:00:00+00:00,2026-05-28 00:00:00+00:00,12,39.0,2.556417879890037,2026-05-13 00:00:00+00:00,9.527613649512599,88.66457480394031,0.0,5.0,81.57091634625979,3.1764333575588295,2.746790216708181,3.85258089198945,1.1713955452983886,0.006708528030785033,0.347253181509231,6,87,3073.0,82.0,False,True
2024-232C,2025-046D,2026-08-26 00:00:00+00:00,2026-08-26 00:00:00+00:00,1,3.0,9.252337011083224,2026-08-26 00:00:00+00:00,9.570259172051474,88.66844815409834,0.0,5.0,81.96578087160452,9.11777668036457,9.061338145012842,33.71335018653994,1.0448746463874372,-0.1614723123247348,-0.5048596332268929,9,178,13710.0,82.0,False,True
2024-232C,2025-046D,2026-09-10 00:00:00+00:00,2026-09-16 00:00:00+00:00,3,9.0,2.415328431806205,2026-09-13 00:00:00+00:00,9.619732194605827,88.64960281130391,0.0,5.0,82.05046842546511,3.4601660837266914,2.3359824836771628,1.8787040881855144,2.3829358812432186,-0.2086218256565573,-0.5326291968265089,9,178,13726.0,82.0,False,True
2024-232C,2025-046J,2025-06-26 00:00:00+00:00,2025-06-26 00:00:00+00:00,1,3.0,9.984172857896125,2025-06-26 00:00:00+00:00,9.506228431429898,88.66348688885768,0.0,4.0,81.05835349300892,379.50201238691835,7.086437061326251,7.093359485067784,1134.1029363232983,0.05458497252482175,-4.189194492762638,5,70,1883.0,81.0,False,False
2024-232C,2026-108E,2026-07-24 00:00:00+00:00,2026-07-24 00:00:00+00:00,1,3.0,9.550244276498924,2026-07-24 00:00:00+00:00,0.0589103048739243,86.19384401277631,,,,,,,,,,8,126,,,False,
2024-232C,2026-124N,2026-08-17 00:00:00+00:00,2026-08-17 00:00:00+00:00,1,3.0,1.6190090873307337,2026-08-17 00:00:00+00:00,2.6597323604092344,88.98944291922503,0.0,8.0,20.97922355842605,1859.4602020487748,1109.6189775456364,1676.5779856261295,1499.921274152877,0.07413396558837348,1.506448453921621,9,173,12995.0,21.0,False,False
2024-232C,2026-125A,2026-08-20 00:00:00+00:00,2026-08-20 00:00:00+00:00,1,3.0,9.880094167674676,2026-08-20 00:00:00+00:00,11.403019844929998,88.39982719224435,0.0,4.0,102.55872212047527,1035.502454902449,962.795108066632,1202.6856935044796,145.38010409447367,-0.20660302719961798,-2.2625349003975046,9,176,13439.0,103.0,False,False
2024-232E,2025-046A,2025-11-11 00:00:00+00:00,2025-11-14 00:00:00+00:00,2,6.0,7.380276615776834,2025-11-14 00:00:00+00:00,9.467714095622945,88.65176567800944,0.0,4.0,80.70102920977543,8.338017705612065,8.237955032034963,67.82119749228976,0.2505185940583671,0.15916009715292034,-0.45573895756518823,5,70,1883.0,81.0,False,True
2024-232E,2025-046A,2026-01-07 00:00:00+00:00,2026-01-13 00:00:00+00:00,3,9.0,2.459050855334409,2026-01-10 00:00:00+00:00,9.461346556244983,88.68275287494748,0.0,5.0,80.86971687609999,2.9334137822802844,2.100389428951476,23.906722753915634,2.5100977166842475,-0.04988337990503311,-0.3137118292374126,6,81,2653.0,81.0,False,True
2024-232E,2025-046A,2026-05-22 00:00:00+00:00,2026-05-28 00:00:00+00:00,3,9.0,9.08462007702936,2026-05-25 00:00:00+00:00,9.54931447526749,88.68159367720448,0.0,5.0,81.35715378829596,9.25101264854879,8.878775957444276,8.206352857265413,1.759989619346042,-0.07850678769727892,-0.1237838922671699,6,87,3073.0,81.0,False,True
2024-232E,2026-124S,2026-08-26 00:00:00+00:00,2026-08-26 00:00:00+00:00,1,3.0,8.085397223041419,2026-08-26 00:00:00+00:00,2.606259414021584,88.98999499790997,,,,,,,,,,9,178,,,False,
2024-232F,2025-016C,2025-04-06 00:00:00+00:00,2025-04-06 00:00:00+00:00,1,3.0,9.144894334392486,2025-04-06 00:00:00+00:00,7.566288755480275,88.82966390689454,0.0,2.0,62.35124285579614,519.8219935156452,8.142848497480372,227.57057759013006,1104.8213441006494,-2.5367300080246658,0.0956301634265948,4,34,353.0,62.0,False,False
2024-232F,2025-016H,2025-04-21 00:00:00+00:00,2025-04-21 00:00:00+00:00,1,3.0,7.578116394471735,2025-04-21 00:00:00+00:00,7.571961637148346,88.83552866426383,0.0,2.0,62.28095387857344,119.96206026108047,0.7426352822485569,493.40273472291693,1645.3643171470837,0.0972766638584801,-3.2882667357989135,4,47,749.0,62.0,False,False
2024-232F,2025-046F,2025-12-23 00:00:00+00:00,2026-01-04 00:00:00+00:00,5,15.0,6.832507047609832,2025-12-29 00:00:00+00:00,9.495955009699594,88.64648626274202,0.0,4.0,81.23480276773392,7.5102136570731695,7.321076825728791,15.581019575253665,0.506140078749705,-0.13234756783782586,-0.22468403256016245,5,70,1883.0,81.0,False,True
2024-232F,2025-046F,2026-04-22 00:00:00+00:00,2026-05-28 00:00:00+00:00,12,39.0,1.1308256928182965,2026-05-10 00:00:00+00:00,9.535244017566448,88.66701265299811,0.0,5.0,81.64416407920275,1.1236190233305665,0.8450891058710113,7.414856020397252,2.7390692449949747,0.024127668631336974,0.27586688557332195,6,86,3003.0,82.0,False,True
2024-232F,2025-046F,2026-07-12 00:00:00+00:00,2026-07-27 00:00:00+00:00,6,18.0,3.27864588286468,2026-07-18 00:00:00+00:00,9.584289836832761,88.65692774565957,0.0,5.0,81.90261457701132,3.3476095687576177,3.258945043815772,25.530231377068063,0.7873610366660794,-0.15233145478362076,-0.40053209032623727,8,115,5682.0,82.0,False,True
2024-232H,2025-046T,2025-06-26 00:00:00+00:00,2025-07-05 00:00:00+00:00,4,12.0,0.5354836404729052,2025-07-02 00:00:00+00:00,9.48907811820074,88.67561109688418,0.0,4.0,80.94493025814288,1.232618331745482,0.8445284024013547,22.159382426767984,1.616791466709127,0.5009287222441685,-0.12688377180273847,5,70,1883.0,81.0,False,True
2024-232H,2025-046T,2025-07-17 00:00:00+00:00,2025-07-17 00:00:00+00:00,1,3.0,9.43066472286135,2025-07-17 00:00:00+00:00,9.49447860498412,88.67069977273923,0.0,4.0,80.96231031774246,9.534997317495096,9.534985285139555,30.928846231073738,2.415038065978237,0.37256643043639315,0.07531311925311002,5,70,1883.0,81.0,False,True
2024-232H,2025-046T,2026-02-21 00:00:00+00:00,2026-03-05 00:00:00+00:00,5,15.0,7.136762980385102,2026-02-27 00:00:00+00:00,9.537659738863624,88.65235612410979,0.0,5.0,81.41311618683848,7.163458508404561,6.890526585657534,68.39893795669462,0.8643600520176923,-0.03482865713213812,-0.6791046175665016,6,87,3073.0,81.0,False,True
2024-232H,2025-046T,2026-05-25 00:00:00+00:00,2026-05-25 00:00:00+00:00,1,3.0,9.532897889233029,2026-05-25 00:00:00+00:00,9.548686659524652,88.6623358106735,0.0,5.0,81.75741861184427,9.653325172640157,9.648477782900045,10.770577030932643,1.7884652218777097,-0.03381399640954896,0.2765276397936418,6,87,3073.0,82.0,False,True
2024-232H,2025-046T,2026-09-13 00:00:00+00:00,2026-09-16 00:00:00+00:00,2,6.0,3.5786834041843765,2026-09-13 00:00:00+00:00,9.588432981939093,88.65942275103302,0.0,5.0,82.18862805591407,4.988071040171187,3.5589247392403434,3.965950659633395,3.1051095109101396,0.06811116874854406,0.15273982235473227,9,178,13726.0,82.0,False,True
2024-232J,2025-046K,2025-06-11 00:00:00+00:00,2025-06-17 00:00:00+00:00,3,9.0,8.378331248939107,2025-06-14 00:00:00+00:00,9.484162009861706,88.67411440107009,0.0,4.0,80.82504464742418,8.485089861246529,8.449082762538342,9.37818098572287,0.6643305994536598,0.029247413073505868,0.060103176315976725,5,70,1883.0,81.0,False,True
2024-232J,2025-046K,2025-07-02 00:00:00+00:00,2025-07-05 00:00:00+00:00,2,6.0,0.2104384487459807,2025-07-02 00:00:00+00:00,9.482091135212519,88.65484363447115,0.0,4.0,80.85155173673253,1.2662212866378524,0.08709425412052951,25.966509320228,3.9540700227733687,0.40090208011093864,0.1259418493265798,5,70,1883.0,81.0,False,True
2024-232J,2025-046K,2025-10-27 00:00:00+00:00,2025-10-27 00:00:00+00:00,1,3.0,6.281091273972932,2025-10-27 00:00:00+00:00,9.497888428332637,88.64692506959943,0.0,4.0,81.00635607220237,10.546869527721748,10.283869845324318,90.54267628639396,0.5672092992028621,0.4348863604229791,-0.38061382890589357,5,70,1883.0,81.0,False,True
2024-232J,2025-046K,2025-12-17 00:00:00+00:00,2025-12-20 00:00:00+00:00,2,6.0,9.001557798379718,2025-12-17 00:00:00+00:00,9.493301220342456,88.68183422971146,0.0,4.0,81.15528448305662,8.88260588163135,8.850060967543502,32.27053209453802,1.1494684730971656,-0.08506106999132612,-0.40718001065492615,5,70,1883.0,81.0,False,True
2024-232J,2025-046K,2026-01-13 00:00:00+00:00,2026-01-19 00:00:00+00:00,3,9.0,5.799366722816528,2026-01-16 00:00:00+00:00,9.496429325798964,88.66919105181324,0.0,5.0,81.22397307376272,5.894689217838307,5.869500227555363,44.86270113734119,1.883874072099376,0.12642064312524326,-0.3183281246421501,6,81,2653.0,81.0,False,True
2024-232J,2025-046K,2026-04-28 00:00:00+00:00,2026-05-22 00:00:00+00:00,9,27.0,0.3959452757249819,2026-05-10 00:00:00+00:00,9.531173863515011,88.66402793608295,0.0,5.0,81.59659727011723,0.5077435870331094,0.3365090583764772,7.083193048957,0.6165644988698871,0.1302257261429247,0.3830295700190902,6,86,3003.0,82.0,False,True
2024-232J,2025-046K,2026-06-21 00:00:00+00:00,2026-07-09 00:00:00+00:00,7,21.0,5.546750212992521,2026-07-03 00:00:00+00:00,9.575671634600583,88.64925953098961,0.0,5.0,81.8057026324049,5.2412145575433255,4.955176341291787,6.004100235751599,0.9343338815486972,0.253738271497042,0.3331695364412042,7,105,4639.0,82.0,False,True
2024-232J,2025-046K,2026-09-16 00:00:00+00:00,2026-09-19 00:00:00+00:00,2,6.0,4.222688306939752,2026-09-16 00:00:00+00:00,9.581304199917948,88.65889497232298,0.0,5.0,82.10577311776517,5.865490644149216,4.475474567985815,2.3881408736584775,3.122077492922108,-0.1335974645858755,-0.08323068611314,9,179,13871.0,82.0,False,True
2024-232J,2026-108B,2026-08-17 00:00:00+00:00,2026-08-17 00:00:00+00:00,1,3.0,9.264954511728114,2026-08-17 00:00:00+00:00,0.0629083944349057,84.45935792935668,0.0,0.0,0.44533876572972597,85.50521941883682,7.302074888540119,34.04337669375573,477.10964076188253,-0.27348932459619846,-1.1613640309118978,9,173,12995.0,0.0,False,False
2024-232K,2025-046J,2026-04-28 00:00:00+00:00,2026-04-28 00:00:00+00:00,1,3.0,7.907580632420741,2026-04-28 00:00:00+00:00,9.545964610927982,88.68922740632058,0.0,5.0,81.73853153073803,11.662557254100276,7.514659707147461,16.418654027851815,13.934665683944303,-0.0630596130395702,-0.006389105922437466,6,87,3073.0,82.0,False,True
2024-232K,2026-075P,2026-06-03 00:00:00+00:00,2026-06-03 00:00:00+00:00,1,3.0,8.573867449166796,2026-06-03 00:00:00+00:00,7.486618538010656,88.8161303522262,0.0,6.0,61.46659137732546,840.8201736976649,570.063219459222,578.9804714324829,540.3448170714198,-0.23886573548651313,2.1032724814272683,7,93,3595.0,61.0,False,False
2024-232L,2025-046B,2025-06-20 00:00:00+00:00,2025-06-29 00:00:00+00:00,4,12.0,7.1390358782961325,2025-06-26 00:00:00+00:00,9.50240582840804,88.66081786301869,0.0,4.0,81.06277307261212,7.25090944514156,6.69939036302063,5.59852704100011,1.8239268263851913,0.0064660027367065,0.04579765347704878,5,70,1883.0,81.0,False,True
2024-232L,2025-046B,2025-07-11 00:00:00+00:00,2025-07-11 00:00:00+00:00,1,3.0,5.783248232978671,2025-07-11 00:00:00+00:00,9.505215599788396,88.66906667122163,0.0,4.0,81.08093396039025,9.383615507413204,6.394476483599647,25.260234292566963,20.604309895507765,-0.08790060161069846,-0.26564706114018577,5,70,1883.0,81.0,False,True
2024-232L,2025-046B,2026-04-16 00:00:00+00:00,2026-05-01 00:00:00+00:00,6,18.0,2.257941182729764,2026-04-19 00:00:00+00:00,9.555680780527231,88.67811909950719,0.0,5.0,81.72403071742848,3.8382605677265715,3.0438816219990206,7.603536911926277,1.9015082105442553,-0.07645175745551569,-0.11733697348451244,6,87,3073.0,82.0,False,True
2024-232L,2025-046B,2026-05-10 00:00:00+00:00,2026-05-13 00:00:00+00:00,2,6.0,9.190166037594652,2026-05-10 00:00:00+00:00,9.592086153103235,88.66099416503165,0.0,5.0,81.81715403957936,9.39955712226904,9.026905878813192,8.374778372612926,1.785110572872953,0.18839624202564664,0.22741795063083714,6,86,3003.0,82.0,False,True
2024-232L,2025-046B,2026-09-13 00:00:00+00:00,2026-09-13 00:00:00+00:00,1,3.0,8.894045848637115,2026-09-13 00:00:00+00:00,9.60510903337109,88.6500746928071,0.0,5.0,82.31192498708909,9.022597192200925,8.719955400454122,10.514820482311478,3.473991127863164,-0.018890600585109496,-0.05464065996363843,9,178,13726.0,82.0,False,True
2024-232M,2025-233G,2026-01-10 00:00:00+00:00,2026-01-10 00:00:00+00:00,1,3.0,9.322395610063207,2026-01-10 00:00:00+00:00,2.6395570664788224,88.98336309816112,0.0,1.0,20.847224119584887,2622.216467250432,2351.9705098460727,3234.656740743662,540.5130587022705,-0.09704896038032018,-4.887971394025868,6,81,2653.0,21.0,True,False
2024-232M,2025-233H,2026-02-06 00:00:00+00:00,2026-02-06 00:00:00+00:00,1,3.0,9.330546393428042,2026-02-06 00:00:00+00:00,2.605547327099321,88.9741197350683,0.0,1.0,20.58692099246867,809.7172151014942,78.29610979234783,620.9985919528818,1471.64591270293,-0.09670539684486812,1.3790678426822751,6,85,2933.0,21.0,True,False
2024-232N,2025-016A,2025-04-12 00:00:00+00:00,2025-04-12 00:00:00+00:00,1,3.0,5.9652213095364655,2025-04-12 00:00:00+00:00,7.561760339114293,88.8179971873057,0.0,2.0,62.34719491603463,103.41561667725483,6.482576739979777,621.3052574993352,272.2089765241215,3.1280595281018577,-1.5308321548057506,4,35,383.0,62.0,False,False
2024-232N,2025-016T,2025-04-18 00:00:00+00:00,2025-04-18 00:00:00+00:00,1,3.0,7.940755964711368,2025-04-18 00:00:00+00:00,7.571182414071827,88.79946082875092,0.0,2.0,62.29651851996515,429.7921796661616,0.8421910562146877,521.6736673539449,1201.4906285643146,-0.06703521958456804,0.7594895268655364,4,44,654.0,62.0,False,True
2024-232N,2025-046P,2025-06-20 00:00:00+00:00,2025-06-23 00:00:00+00:00,2,6.0,8.004302507364349,2025-06-20 00:00:00+00:00,9.511537868800854,88.64426115669929,0.0,4.0,81.12251806828449,8.018232807527673,7.5557055443207854,10.606787521376864,1.2721698898442035,0.13742700852048984,0.29071970199549924,5,70,1883.0,81.0,False,True
2024-232N,2025-046P,2025-12-17 00:00:00+00:00,2025-12-20 00:00:00+00:00,2,6.0,8.947388128082126,2025-12-17 00:00:00+00:00,9.522491621819377,88.6749915335015,0.0,4.0,81.43887751727563,9.05152136985851,9.03684142610257,27.694764638269497,0.9076698590440244,0.013373746509216744,-0.2575008411338331,5,70,1883.0,81.0,False,True
2024-232N,2025-046P,2026-01-07 00:00:00+00:00,2026-01-13 00:00:00+00:00,3,9.0,5.418484475778162,2026-01-10 00:00:00+00:00,9.52078798438774,88.67136074727627,0.0,5.0,81.49468742432299,5.631196413086697,5.423664303425076,25.406605502374756,1.6577485037787296,0.10080310121975344,-0.16933583735925595,6,81,2653.0,81.0,False,True
2024-232N,2025-046P,2026-04-22 00:00:00+00:00,2026-04-22 00:00:00+00:00,1,3.0,8.295394994223274,2026-04-22 00:00:00+00:00,9.58851245292657,88.66577062269468,0.0,5.0,81.79748572608112,8.28079874057695,8.217983869746604,8.3301215644743,5.278123534708088,-0.08853560340855893,-0.3819625089454348,6,87,3073.0,82.0,False,True
2024-232N,2025-046P,2026-07-06 00:00:00+00:00,2026-07-12 00:00:00+00:00,3,9.0,1.0479537055164063,2026-07-09 00:00:00+00:00,9.600974460326954,88.65227117239175,0.0,5.0,82.10517278900387,3.036430021381178,1.8978147727485053,4.578730885313892,2.513680344918356,0.41351510142720826,-0.006838816337960907,7,107,4817.0,82.0,False,True
2024-232N,2025-046P,2026-07-21 00:00:00+00:00,2026-07-21 00:00:00+00:00,1,3.0,7.868366858365737,2026-07-21 00:00:00+00:00,9.607083834170924,88.65259535123029,0.0,5.0,82.14580796573833,8.348911638135425,8.114613600824919,15.960330960797027,3.242765889420793,0.3776218015072459,0.2578235986611048,8,118,5976.0,82.0,False,True
2024-232P,2025-016T,2025-04-24 00:00:00+00:00,2025-04-24 00:00:00+00:00,1,3.0,8.728650089577052,2025-04-24 00:00:00+00:00,7.569413622684635,88.8023741781206,0.0,2.0,62.272221366132975,28.31754901057163,6.142103748631598,562.344886536275,1197.7366216863081,0.0546919677920954,-4.96658729074562,4,48,781.0,62.0,False,False
2024-232P,2025-046R,2025-06-14 00:00:00+00:00,2025-06-17 00:00:00+00:00,2,6.0,4.279810642712289,2025-06-14 00:00:00+00:00,9.500263009635972,88.67608530092086,0.0,4.0,81.05903352374575,6.4453367006825575,6.359259090197156,9.525106924555798,97.7027083161223,0.17173865989286696,-0.0030920464383541457,5,70,1883.0,81.0,False,True
2024-232P,2025-046R,2025-06-26 00:00:00+00:00,2025-07-05 00:00:00+00:00,4,12.0,2.575187318236096,2025-07-02 00:00:00+00:00,9.502275642388518,88.68719878629236,0.0,4.0,81.08465919152539,3.29184313443161,2.389679595157515,26.17515314229482,1.8122184628044131,0.23373459707960365,-0.3883010672917351,5,70,1883.0,81.0,False,True
2024-232P,2025-046R,2025-08-22 00:00:00+00:00,2025-08-31 00:00:00+00:00,3,12.0,2.4641948644012466,2025-08-28 00:00:00+00:00,9.486979726041527,88.6679877037455,0.0,4.0,81.13237725090812,2.8690509020364803,2.640288010869881,66.7853400691354,4.473066350366975,0.39603202831233375,-0.290382748742104,5,70,1883.0,81.0,False,True
2024-232P,2025-046R,2025-10-30 00:00:00+00:00,2025-11-23 00:00:00+00:00,9,27.0,0.8934379968276118,2025-11-02 00:00:00+00:00,9.523378470928677,88.66546084251613,0.0,4.0,81.25417099592362,2.425678955437694,0.6363915765942932,76.04874634458417,4.657681864499917,0.21209200554288543,-0.5818332863794922,5,70,1883.0,81.0,False,True
2024-232P,2025-046R,2026-04-28 00:00:00+00:00,2026-06-06 00:00:00+00:00,13,42.0,2.5366101977019406,2026-05-10 00:00:00+00:00,9.555444253029336,88.67055232176999,0.0,5.0,81.8239774588582,1.7978712283726688,1.7904352046125465,5.027998209448829,0.015184414304793952,-0.027292805241572182,0.20046165634394697,6,86,3003.0,82.0,False,True
2024-232P,2025-046R,2026-06-24 00:00:00+00:00,2026-07-27 00:00:00+00:00,11,36.0,1.4644913769572596,2026-07-09 00:00:00+00:00,9.595970429507696,88.6632675137767,0.0,5.0,82.05246732754433,2.2157621967966907,1.866856715535964,8.442265265724519,0.733781317747523,0.29019259153318444,-0.09974161284539207,7,107,4817.0,82.0,False,True
2024-232P,2026-075M,2026-06-09 00:00:00+00:00,2026-06-09 00:00:00+00:00,1,3.0,9.332483810226332,2026-06-09 00:00:00+00:00,7.487571279355,88.83744817584642,0.0,6.0,61.49199363210658,1350.2435913389183,1309.5313006974648,1505.4007136648418,81.42464264919244,-0.011643047488703928,-1.402065198027799,7,102,4378.0,61.0,False,False
2024-232Q,2025-046G,2026-02-21 00:00:00+00:00,2026-03-05 00:00:00+00:00,5,15.0,5.577176347757497,2026-03-02 00:00:00+00:00,9.526792145237527,88.66907067270242,0.0,5.0,81.31638785412265,5.588720314687394,5.176371573641352,65.75961866505332,1.6076831268968974,0.046494373280793866,-0.5861339753920447,6,87,3073.0,81.0,False,True
2024-232Q,2025-046G,2026-05-01 00:00:00+00:00,2026-05-22 00:00:00+00:00,8,24.0,4.090695372339687,2026-05-16 00:00:00+00:00,9.576529726074874,88.64706935057664,0.0,5.0,81.61397276112622,4.0760950190428185,3.9976916449406317,7.651886937170484,0.7815658406538193,-0.06147561709445881,-0.11795300174367185,6,86,3003.0,82.0,False,True
2024-232Q,2025-046G,2026-06-27 00:00:00+00:00,2026-07-03 00:00:00+00:00,3,9.0,7.657962987121045,2026-06-30 00:00:00+00:00,9.573769477345406,88.65234501173751,0.0,5.0,81.78764506929126,7.669122444408865,7.329887919774318,11.220210114835243,1.866484341596602,-0.05055588910235542,0.07131635632919142,7,105,4639.0,82.0,False,True
2024-232Q,2025-046G,2026-09-16 00:00:00+00:00,2026-09-19 00:00:00+00:00,2,6.0,4.498391464274753,2026-09-16 00:00:00+00:00,9.579228699903677,88.65852412671288,0.0,5.0,82.09884367877078,5.230860965624211,4.038646096924383,3.9009089965740302,2.886061722974283,0.15675129417439848,0.23269527631771325,9,179,13871.0,82.0,False,True
2024-232Q,2026-125S,2026-08-26 00:00:00+00:00,2026-08-26 00:00:00+00:00,1,3.0,3.067592696325512,2026-08-26 00:00:00+00:00,11.40603810558728,88.40731077271171,0.0,4.0,102.66748186816345,1354.2532786384206,1144.3475969867798,1195.8772074507501,420.1967563646938,-0.0762768064258097,1.8757830470797785,9,178,13710.0,103.0,False,False
2024-232R,2025-046M,2026-03-14 00:00:00+00:00,2026-03-14 00:00:00+00:00,1,3.0,1.2628532261194134,2026-03-14 00:00:00+00:00,9.534263856820868,88.66407438819755,0.0,5.0,81.39274718943216,11.296973998412774,0.47017308454633167,60.274648619848385,61.17690966235953,0.06951076203560547,-0.42713156204578695,6,87,3073.0,81.0,False,True
2024-232R,2025-046M,2026-07-15 00:00:00+00:00,2026-07-18 00:00:00+00:00,2,6.0,2.732733845502234,2026-07-18 00:00:00+00:00,9.580766449055002,88.64104021116165,0.0,5.0,81.88428319571172,3.119631828008308,2.718669795243841,21.820275409287568,8.083707960742059,-0.31950884945757707,-0.5554226884314062,8,115,5682.0,82.0,False,True
2024-232R,2025-046M,2026-09-16 00:00:00+00:00,2026-09-19 00:00:00+00:00,2,6.0,2.4664482162543213,2026-09-16 00:00:00+00:00,9.583697325222182,88.6655335747208,0.0,5.0,82.13221371677517,4.349189365695322,2.4339170028682626,4.060080125269131,3.865451767132899,-0.20722378026601973,-0.1221129432806265,9,179,13871.0,82.0,False,True
2024-232R,2026-124P,2026-08-20 00:00:00+00:00,2026-08-20 00:00:00+00:00,1,3.0,4.934537130393144,2026-08-20 00:00:00+00:00,2.667093910825501,88.98458428501765,0.0,8.0,21.000873431175073,9.04662915169861,5.311889439474726,610.5311198889311,1085.7906534019476,-0.13443503182602967,-4.968207217015319,9,176,13439.0,21.0,False,False
2024-232S,2025-046S,2025-06-26 00:00:00+00:00,2025-06-26 00:00:00+00:00,1,3.0,4.580801492565226,2025-06-26 00:00:00+00:00,9.472672517298692,88.67292922662224,0.0,4.0,80.77087407819435,4.699242369004361,4.688458188456934,4.856646147321403,4.553186075798233,-0.37504596864901885,-0.39104130661982595,5,70,1883.0,81.0,False,True
2024-232S,2025-046S,2026-04-28 00:00:00+00:00,2026-05-07 00:00:00+00:00,3,12.0,2.5015280752212754,2026-05-07 00:00:00+00:00,9.517449800865885,88.66418030092699,0.0,5.0,81.4908038056033,2.4396133207082946,2.430989019916524,9.135062437563658,5.332520654014942,-0.26598816998101427,-0.35346683022613945,6,87,3073.0,81.0,False,True
2024-232S,2025-046S,2026-07-06 00:00:00+00:00,2026-07-09 00:00:00+00:00,2,6.0,3.9585813677197774,2026-07-06 00:00:00+00:00,9.564840229090134,88.65519069427047,0.0,5.0,81.71970596889696,4.799800427927942,4.211411140516891,5.266181533669575,3.1666357436100383,0.21017553372699638,0.21847446434092888,7,105,4639.0,82.0,False,True
2024-232S,2025-046S,2026-09-22 00:00:00+00:00,2026-09-22 00:00:00+00:00,1,3.0,9.925388638859731,2026-09-22 00:00:00+00:00,9.573376264330626,88.62766595080917,0.0,5.0,82.03565619372358,11.667170667114046,10.067438353428582,11.99104498771867,3.8383032555576126,0.1845868701527138,0.3920407524713596,9,178,13727.0,82.0,False,True
2024-232U,2025-046Q,2025-11-08 00:00:00+00:00,2025-11-14 00:00:00+00:00,3,9.0,5.891995209857541,2025-11-08 00:00:00+00:00,9.491053442149656,88.67681131509718,0.0,4.0,80.88615773271474,5.68308874662535,5.617986406803672,77.10748563032304,0.5250282865040132,0.21729299369610544,-0.5755476324422943,5,70,1883.0,81.0,False,True
2024-232U,2025-046Q,2025-11-23 00:00:00+00:00,2025-12-02 00:00:00+00:00,4,12.0,3.957277015957639,2025-11-29 00:00:00+00:00,9.478582015734649,88.66046854078922,0.0,4.0,80.94865645575325,4.095213581766933,3.8776399955964607,63.44668006498971,1.4465110735073519,-0.1708151546714589,-1.0432534326164387,5,70,1883.0,81.0,False,False
2024-232U,2025-046Q,2026-01-28 00:00:00+00:00,2026-02-06 00:00:00+00:00,3,12.0,4.215046732494534,2026-01-31 00:00:00+00:00,9.515318758005565,88.66765892583919,0.0,5.0,81.09491128109208,4.276355719781269,4.27631484442918,78.04454232451764,4.06010368062895,0.15706495231498252,-0.9085204708244419,6,85,2933.0,81.0,False,True
2024-232U,2025-046Q,2026-04-19 00:00:00+00:00,2026-04-19 00:00:00+00:00,1,3.0,8.796499622378443,2026-04-19 00:00:00+00:00,9.543932744580912,88.64721378307422,0.0,5.0,81.34082161800374,8.963578250967794,8.721938794512425,20.96838149494757,7.197681462007388,-0.16835813159093505,-0.3409320652396559,6,87,3073.0,81.0,False,True
2024-232U,2025-046Q,2026-06-06 00:00:00+00:00,2026-06-18 00:00:00+00:00,5,15.0,5.774289708375044,2026-06-09 00:00:00+00:00,9.558559891664192,88.6644428530881,0.0,5.0,81.55400162461954,5.858927261805599,5.857131325573391,5.9191357130533,2.127253399356266,0.1270403427889164,0.13424885342107018,7,102,4378.0,82.0,False,True
2024-232U,2025-046Q,2026-07-06 00:00:00+00:00,2026-08-17 00:00:00+00:00,13,45.0,3.9717186702368266,2026-07-21 00:00:00+00:00,9.555324133177944,88.67283850644363,0.0,5.0,81.69882832469821,3.7390920814066124,3.428716809668649,17.030985280573365,1.020492151480191,0.22719327743814688,-0.2538332042659306,8,118,5976.0,82.0,False,True
2024-232U,2026-108N,2026-08-14 00:00:00+00:00,2026-08-14 00:00:00+00:00,1,3.0,5.723102193449704,2026-08-14 00:00:00+00:00,0.024269206671952,86.14988512186687,0.0,0.0,0.18628331127127112,263.62937562094294,14.844409255399114,20.256614981212234,531.6975836755545,-0.18971095858742615,-2.354162363556185,9,164,11663.0,0.0,False,False
2024-232U,2026-124F,2026-08-17 00:00:00+00:00,2026-08-17 00:00:00+00:00,1,3.0,7.730990286241261,2026-08-17 00:00:00+00:00,2.609813990370853,88.98266247219426,0.0,8.0,20.585033496184458,1396.2634573966066,693.3953579211193,1698.1387976701596,1405.8187866622545,-0.3143719411475985,-2.6768784421995804,9,173,12995.0,21.0,False,False
2024-232U,2026-125G,2026-08-11 00:00:00+00:00,2026-08-11 00:00:00+00:00,1,3.0,6.493115989156891,2026-08-11 00:00:00+00:00,11.391047902804363,88.44965649595306,0.0,4.0,102.18099244834009,342.30102484570784,314.52174516972246,398.7140311775516,55.54154832159856,-0.21111233213918723,-0.9020479033822113,9,158,10770.0,102.0,False,True
2025-016A,2026-075K,2026-08-05 00:00:00+00:00,2026-08-23 00:00:00+00:00,7,21.0,2.2704023194353136,2026-08-11 00:00:00+00:00,12.817446950032362,87.89114038826223,3.0,6.0,122.73270003587827,2.594450972134002,2.580562850597744,30.02614871262806,1.185866053987456,-0.29553229241781764,0.18890487551880142,9,158,10770.0,123.0,False,True
2025-016B,2025-233B,2026-01-07 00:00:00+00:00,2026-01-07 00:00:00+00:00,1,3.0,5.883957098121319,2026-01-07 00:00:00+00:00,5.107500741298287,88.91847503345099,3.0,1.0,40.896479217949036,14.842868730353159,2.1142573483812157,6.301762888140586,320.35692756987754,-0.05657817268998855,-0.22574979469284528,6,77,2373.0,41.0,False,True
2025-016B,2026-075C,2026-06-09 00:00:00+00:00,2026-06-09 00:00:00+00:00,1,3.0,3.4734060764624477,2026-06-09 00:00:00+00:00,12.826093928429898,87.85976126704861,3.0,6.0,122.65104397414454,14.766657108554481,2.707432541728849,128.5440191086569,245.9798069245042,-0.03712807082928293,1.7907867770466055,7,102,4378.0,123.0,False,False
2025-016B,2026-124A,2026-08-29 00:00:00+00:00,2026-09-01 00:00:00+00:00,2,6.0,8.197930958133933,2026-09-01 00:00:00+00:00,9.57573923636283,88.64379882797711,3.0,8.0,81.7606760955428,8.31492678524946,8.31373873022494,13.829419357319084,3.0089171605087044,0.01324654299304484,-0.09774089124903185,9,179,13871.0,82.0,False,True
2025-016B,2026-125Q,2026-08-29 00:00:00+00:00,2026-08-29 00:00:00+00:00,1,3.0,8.946013442150655,2026-08-29 00:00:00+00:00,14.478174810062088,83.19539024165968,3.0,4.0,163.37834091812363,8.820709968638692,8.738223219495014,6.662132944092672,0.23811405565616273,0.1802416991273219,-0.03600342268336476,9,178,13726.0,163.0,True,True
2025-016C,2025-046J,2025-06-17 00:00:00+00:00,2025-06-17 00:00:00+00:00,1,3.0,5.50641952038428,2025-06-17 00:00:00+00:00,13.894537252032352,86.83431626677655,2.0,4.0,143.24890557673075,258.7553079404119,2.32678373150884,100.91054330952626,613.3054398963617,0.0749881160845689,4.01477086125783,5,70,1883.0,143.0,False,False
2025-016C,2025-046Q,2025-06-08 00:00:00+00:00,2025-06-08 00:00:00+00:00,1,3.0,6.759553248902374,2025-06-08 00:00:00+00:00,13.887799132383444,86.8243629156602,2.0,4.0,143.22472161079517,67.32563021146682,4.8866749942444585,84.03707264581134,154.69298524763346,-0.011639458248396295,-4.171169296613471,5,67,1721.0,143.0,False,False
2025-016C,2026-075L,2026-07-15 00:00:00+00:00,2026-07-21 00:00:00+00:00,3,9.0,0.5958652584187453,2026-07-18 00:00:00+00:00,12.851102321473562,87.86979470166285,3.0,6.0,122.7902970940334,0.6637635635626467,0.583748432182483,35.569743125952364,2.427383009950339,-0.44296395977367453,0.14851544276105066,8,115,5682.0,123.0,False,True
2025-016C,2026-075L,2026-08-17 00:00:00+00:00,2026-08-20 00:00:00+00:00,2,6.0,2.183844601726757,2026-08-20 00:00:00+00:00,12.832072603235346,87.83092042261626,3.0,6.0,122.71654125963096,3.141029879043763,2.489792140887322,42.07320403316801,1.303370067783123,-0.19061948639381399,0.540713782849565,9,176,13439.0,123.0,False,True
2025-016C,2026-075L,2026-09-01 00:00:00+00:00,2026-09-22 00:00:00+00:00,7,24.0,0.301282393255514,2026-09-22 00:00:00+00:00,12.813665765858024,87.82214368721597,3.0,6.0,122.64512363931647,1.168722874965308,0.46046204597599333,39.87121163895794,1.6461138002782087,-0.3232674408316143,0.33736134157464903,9,178,13727.0,123.0,False,True
2025-016C,2026-104K,2026-07-27 00:00:00+00:00,2026-07-27 00:00:00+00:00,1,3.0,0.5877137587165148,2026-07-27 00:00:00+00:00,11.394991446635515,88.37652388798692,3.0,7.0,102.30145157519489,99.98787638152271,0.15965901595518517,402.24798698855125,323.5040766401621,-0.35771137156629607,-4.0647294589794285,8,130,7278.0,102.0,False,False
2025-016C,2026-108L,2026-08-02 00:00:00+00:00,2026-08-02 00:00:00+00:00,1,3.0,8.023461810104694,2026-08-02 00:00:00+00:00,7.497363668128477,88.81328326848016,3.0,0.0,61.67475266737022,228.16060939895812,3.125869748106197,490.17148243289574,1191.5495804047334,-0.31173513917940454,2.037160819648477,8,139,8269.0,62.0,False,False
2025-016C,2026-125G,2026-08-23 00:00:00+00:00,2026-09-07 00:00:00+00:00,5,18.0,4.554511612373849,2026-08-23 00:00:00+00:00,14.48826423123368,82.56367156333036,3.0,4.0,163.58365793809264,6.741489442912505,5.611554571642316,3.7754776697348964,2.2738445083080734,-0.5485693263613314,0.028648762331954458,9,178,13727.0,164.0,True,True
2025-016C,2026-125G,2026-09-22 00:00:00+00:00,2026-09-22 00:00:00+00:00,1,3.0,8.522585368876905,2026-09-22 00:00:00+00:00,14.452464122387765,82.5992712942857,3.0,4.0,163.52116813695747,9.682321488528563,9.385464305064326,4.404416252601776,0.593817201500382,-0.3232674408316143,0.44379751120976607,9,178,13727.0,164.0,True,True
2025-016D,2025-046J,2025-06-26 00:00:00+00:00,2025-06-26 00:00:00+00:00,1,3.0,6.528771966171477,2025-06-26 00:00:00+00:00,13.893501018277467,86.74913063802934,2.0,4.0,143.14638684254652,87.25495614353336,8.633050253182773,101.80414200329392,471.46817282981345,0.39749085551456176,-4.189194492762638,5,70,1883.0,143.0,False,False
2025-016D,2026-108E,2026-08-05 00:00:00+00:00,2026-08-05 00:00:00+00:00,1,3.0,4.721748707498652,2026-08-05 00:00:00+00:00,7.450685550195259,88.82452284156,3.0,0.0,61.37884149800602,507.9238100930564,503.8351912564639,523.0623256114718,8.170198993489967,0.2808329833961807,0.4162257408612504,8,140,8378.0,61.0,False,True
2025-016D,2026-125A,2026-08-23 00:00:00+00:00,2026-09-07 00:00:00+00:00,6,18.0,6.234143766185412,2026-08-23 00:00:00+00:00,14.466487335873655,82.97213573838559,3.0,4.0,163.33385767404025,5.653605350867553,5.454931105632953,4.45070966604769,0.5530311475928134,-0.0024208344392775416,-0.33919468630662664,9,178,13727.0,163.0,True,True
2025-016E,2026-075L,2026-06-03 00:00:00+00:00,2026-06-03 00:00:00+00:00,1,3.0,9.259516037296487,2026-06-03 00:00:00+00:00,12.832302484625345,87.88949203016688,3.0,6.0,122.75297589475853,33.214010313764255,4.768312883066756,22.442641082157905,243.60408641047573,0.16192327402214346,-0.01375333821363256,7,93,3595.0,123.0,False,True
2025-016E,2026-075Q,2026-06-12 00:00:00+00:00,2026-06-12 00:00:00+00:00,1,3.0,7.834702352867122,2026-06-12 00:00:00+00:00,12.829961655897277,87.92851396149176,3.0,6.0,122.76182677018741,390.8920592138145,133.3985951169602,667.1949897236203,515.9372433633896,-0.12174463696247351,4.314636440748373,7,104,4552.0,123.0,False,False
2025-016E,2026-104L,2026-08-05 00:00:00+00:00,2026-08-05 00:00:00+00:00,1,3.0,6.715746359695284,2026-08-05 00:00:00+00:00,11.3660707609028,88.38807549146107,3.0,7.0,102.29882951924566,444.1494747131991,443.04378390866276,409.55107131952695,2.209212473949806,0.2687922093983417,-0.1553871989312725,8,140,8378.0,102.0,False,True
2025-016E,2026-124G,2026-09-01 00:00:00+00:00,2026-09-01 00:00:00+00:00,1,3.0,2.8297007179870866,2026-09-01 00:00:00+00:00,9.585243455604346,88.6864249596814,3.0,8.0,81.90549405336307,3.21664462467518,2.886455430811486,18.027785150646444,1.3034926938951663,0.3632650874314436,0.08227740750393764,9,179,13871.0,82.0,False,True
2025-016E,2026-125K,2026-08-14 00:00:00+00:00,2026-09-10 00:00:00+00:00,9,30.0,5.803821133067505,2026-08-23 00:00:00+00:00,14.463887566280489,83.00096032290746,3.0,4.0,163.46831329413936,5.018729622875005,4.8507070133847625,3.3616602215265377,0.443844799329056,0.2785292145566842,0.021363526745787453,9,178,13727.0,163.0,True,True
2025-016F,2025-046D,2025-05-06 00:00:00+00:00,2025-05-06 00:00:00+00:00,1,3.0,5.537280553350724,2025-05-06 00:00:00+00:00,13.855457377406486,86.75803565997766,2.0,4.0,142.91664792077384,122.73744081742622,17.781219481461417,213.39550438592065,239.73208947303777,-0.017325015480651018,2.200554888267277,5,53,999.0,143.0,False,False
2025-016F,2025-046J,2025-09-24 00:00:00+00:00,2025-09-24 00:00:00+00:00,1,3.0,2.0795503980564454,2025-09-24 00:00:00+00:00,13.88259257056334,86.74480797104518,2.0,4.0,143.1636288466136,53.01891864043094,0.8304583095969065,253.93913653391678,228.2845052044301,-4.788360282299806,0.1043940469522795,5,70,1883.0,143.0,False,False
2025-016F,2026-104S,2026-08-05 00:00:00+00:00,2026-08-05 00:00:00+00:00,1,3.0,9.83158713447263,2026-08-05 00:00:00+00:00,11.352675016455366,88.34712051346301,3.0,7.0,102.14369109813931,380.7332654484744,380.00251409705646,408.66713597666126,1.4601037252624818,-0.1763236525945331,0.16557764830088217,8,140,8378.0,102.0,False,True
2025-016F,2026-124N,2026-09-01 00:00:00+00:00,2026-09-01 00:00:00+00:00,1,3.0,9.511527320466325,2026-09-01 00:00:00+00:00,9.57396504695238,88.65678020027568,3.0,8.0,81.86570223570035,9.577847113046849,9.574887615533044,15.662824326178466,3.6177295231869757,0.0696877957560531,-0.2775916151865374,9,179,13871.0,82.0,False,True
2025-016F,2026-125R,2026-08-17 00:00:00+00:00,2026-08-23 00:00:00+00:00,3,9.0,3.56019534816087,2026-08-17 00:00:00+00:00,14.48078632120517,83.06667928303463,3.0,4.0,163.4392119483851,3.6919572576805493,3.4782093078864524,2.097911351922196,0.4359059575670458,-0.08938502056449238,-0.38869444988773694,9,173,12995.0,163.0,True,True
2025-016G,2026-075F,2026-07-24 00:00:00+00:00,2026-08-20 00:00:00+00:00,10,30.0,3.941036498944513,2026-08-08 00:00:00+00:00,12.824863470152764,87.90524990307588,3.0,6.0,122.8721602235342,4.000872017339789,3.7988196902818476,32.01976430518096,0.5740435748631326,-0.3576106625583293,0.10907617064981423,9,148,9392.0,123.0,False,True
2025-016G,2026-124F,2026-08-26 00:00:00+00:00,2026-08-26 00:00:00+00:00,1,3.0,5.501112467099845,2026-08-26 00:00:00+00:00,9.61013398390318,88.67693900239772,3.0,8.0,82.19801715852986,232.09123969432795,8.77160979907876,16.399654004998016,1078.918612140284,-0.19747176503364017,2.072702111322144,9,178,13710.0,82.0,False,False
2025-016G,2026-125H,2026-08-14 00:00:00+00:00,2026-08-14 00:00:00+00:00,1,3.0,8.561527894472997,2026-08-14 00:00:00+00:00,14.45462321784758,82.91492453136975,3.0,4.0,163.7456214758092,6.1840403442264185,5.3032262285742595,6.3268184616714045,4.91277733180071,-0.31811976463478686,-0.30390077955019024,9,164,11663.0,164.0,True,True
2025-016G,2026-125H,2026-08-23 00:00:00+00:00,2026-09-04 00:00:00+00:00,5,15.0,8.081407755148472,2026-08-23 00:00:00+00:00,14.465582592975611,82.94718974752763,3.0,4.0,163.7315008699895,7.266007653703523,7.09102288456792,5.211014341114761,0.4342620454111035,-0.18013067666616678,-0.33658301478665464,9,178,13727.0,164.0,True,True
2025-016H,2026-075J,2026-06-06 00:00:00+00:00,2026-06-06 00:00:00+00:00,1,3.0,4.911967241536012,2026-06-06 00:00:00+00:00,12.84868406249632,87.8691817316126,3.0,6.0,122.74446866008611,189.99814965686576,116.91341368078109,110.87221311324298,146.28672528179038,-0.5017938633964469,-1.7737399052876377,7,97,3943.0,123.0,False,False
2025-016H,2026-108B,2026-08-11 00:00:00+00:00,2026-08-11 00:00:00+00:00,1,3.0,5.924090413428227,2026-08-11 00:00:00+00:00,7.498529433478343,88.83106945393227,3.0,0.0,61.655627353748905,132.84632527533336,8.769250433595516,564.5337861238195,571.4489006580878,0.11296255356651841,-3.760967687086435,9,158,10770.0,62.0,False,False
2025-016H,2026-124E,2026-08-08 00:00:00+00:00,2026-08-08 00:00:00+00:00,1,3.0,8.651674819277547,2026-08-08 00:00:00+00:00,9.602769781672656,88.64512777008943,3.0,8.0,81.96258584692997,1454.073229849205,1165.6435368154084,1497.463959692569,576.866065876604,0.23639901761856663,-0.20629497974152855,9,148,9392.0,82.0,False,True
2025-016H,2026-124H,2026-08-17 00:00:00+00:00,2026-08-17 00:00:00+00:00,1,3.0,0.4961526230592799,2026-08-17 00:00:00+00:00,9.579965036522996,88.66509062521456,3.0,8.0,81.96368608435058,1014.1539685958456,972.5595463060076,817.414763063356,83.18902896022756,0.010176730878512785,2.015378785913285,9,173,12995.0,82.0,False,False
2025-016H,2026-124H,2026-08-26 00:00:00+00:00,2026-08-29 00:00:00+00:00,2,6.0,8.18160863342454,2026-08-29 00:00:00+00:00,9.590676083647686,88.6671088798326,3.0,8.0,81.91452122446768,8.399553889454031,8.357547338775476,21.978157315144845,2.3616756195447928,-0.15491082243741516,-0.3533801015962865,9,178,13726.0,82.0,False,True
2025-016H,2026-125B,2026-08-17 00:00:00+00:00,2026-08-17 00:00:00+00:00,1,3.0,6.179970084063148,2026-08-17 00:00:00+00:00,14.468344699857392,83.1434644295494,,,,,,,,,,9,173,,,False,
2025-016H,2026-125F,2026-08-20 00:00:00+00:00,2026-09-04 00:00:00+00:00,5,18.0,2.91640232560095,2026-08-23 00:00:00+00:00,14.461334138832672,82.92521180900646,3.0,4.0,163.46241571510134,170.79353019248583,61.80109398895117,180.05437321565515,218.43526291878888,-0.06774176565809853,-0.5631110979124401,9,178,13727.0,163.0,True,True
2025-016J,2025-046A,2025-06-02 00:00:00+00:00,2025-06-02 00:00:00+00:00,1,3.0,5.015204393172679,2025-06-02 00:00:00+00:00,13.86704624760667,86.83028286453651,2.0,4.0,142.95781579376705,88.62123631804432,0.7241893289074142,85.7257420271914,258.03073665192363,0.16467579943582678,-4.692283261049397,5,65,1613.0,143.0,False,False
2025-016J,2025-046Q,2025-06-02 00:00:00+00:00,2025-06-02 00:00:00+00:00,1,3.0,8.865042400997844,2025-06-02 00:00:00+00:00,13.87357639764116,86.78114937969684,2.0,4.0,143.07571743291206,81.33677014070516,1.587607668673627,84.95361660236433,206.5644081657108,0.16467579943582678,-4.456200477147092,5,65,1613.0,143.0,False,False
2025-016J,2025-046R,2025-06-08 00:00:00+00:00,2025-06-08 00:00:00+00:00,1,3.0,3.3218120376667515,2025-06-08 00:00:00+00:00,13.865939500142098,86.75571930704977,2.0,4.0,143.1448920573403,22.139482670507725,2.862460757077315,82.75529811541138,438.02303077835575,0.17601037914852213,-2.665956751028375,5,67,1721.0,143.0,False,False
2025-016J,2026-125M,2026-08-14 00:00:00+00:00,2026-09-04 00:00:00+00:00,8,24.0,3.390623507100216,2026-08-14 00:00:00+00:00,14.467550673739817,83.0488831726771,3.0,4.0,163.46279226485527,65.2247882306907,0.758038004930313,1.565814197539009,146.12425643780546,0.0918053496925495,3.653078474640836,9,164,11663.0,163.0,True,False
2025-016K,2025-046H,2025-09-24 00:00:00+00:00,2025-09-24 00:00:00+00:00,1,3.0,5.099550573025341,2025-09-24 00:00:00+00:00,13.886383196734146,86.82152112960328,2.0,4.0,143.18167641340597,112.77155917982654,112.53190866626036,132.0770717478806,0.4800072393033152,0.24272696339488675,-0.22815997062046733,5,70,1883.0,143.0,False,True
2025-016K,2025-046K,2025-06-05 00:00:00+00:00,2025-06-05 00:00:00+00:00,1,3.0,6.479960081771877,2025-06-05 00:00:00+00:00,13.88242085683397,86.85313679552189,2.0,4.0,143.07773359294166,45.06236307792349,2.8529759911889414,86.54973974919001,186.9463356951069,0.19115386613582075,-0.8369454362333784,5,67,1721.0,143.0,False,True
2025-016K,2026-124R,2026-08-08 00:00:00+00:00,2026-08-08 00:00:00+00:00,1,3.0,7.713446750792162,2026-08-08 00:00:00+00:00,9.586847137936696,88.660298803167,3.0,8.0,81.92913794113383,1463.592615609444,841.6408213572188,1496.5953529671933,1244.0191288390934,-0.5147412672491782,-0.8515506788053813,9,148,9392.0,82.0,False,True
2025-016K,2026-125E,2026-08-23 00:00:00+00:00,2026-08-26 00:00:00+00:00,2,6.0,6.07129494148334,2026-08-23 00:00:00+00:00,14.463226616805287,82.9034395812545,3.0,4.0,163.37163628605495,8.868071928238106,8.818515250900468,7.662284385954243,0.19719417401313225,-0.2609442433951159,0.06794897329581318,9,178,13727.0,163.0,True,True
2025-016L,2025-046S,2025-05-27 00:00:00+00:00,2025-05-27 00:00:00+00:00,1,3.0,2.284223823235772,2025-05-27 00:00:00+00:00,13.85421451359193,86.75830976996139,2.0,4.0,142.98209608955537,19.83757736420396,1.6551080677245409,54.294010543099546,103.30517637458681,-0.18930789629272837,-1.0256081294209096,5,59,1289.0,143.0,False,False
2025-016L,2026-075B,2026-05-31 00:00:00+00:00,2026-05-31 00:00:00+00:00,1,3.0,6.173710264313938,2026-05-31 00:00:00+00:00,12.835719238179422,87.86045335604317,3.0,6.0,122.65299013907685,323.30627451758863,214.9807898560197,350.54598402787843,216.6590313650107,0.18018887160606312,-0.25675030105210794,7,90,3334.0,123.0,False,True
2025-016L,2026-075E,2026-06-30 00:00:00+00:00,2026-06-30 00:00:00+00:00,1,3.0,8.484735411175965,2026-06-30 00:00:00+00:00,12.804953293394128,87.9607522592468,3.0,6.0,122.64277911122464,267.8837903203373,33.65298750133343,45.365499453598325,468.47719287112733,3.464305083613894,-0.10388515530780751,7,105,4639.0,123.0,False,False
2025-016L,2026-104B,2026-07-18 00:00:00+00:00,2026-07-18 00:00:00+00:00,1,3.0,4.349468107905136,2026-07-18 00:00:00+00:00,11.39482415320828,88.36335012584011,3.0,7.0,102.11513864220699,380.6544015708958,186.6101949421624,444.293162523556,388.93621981006186,0.25098758215695227,1.0310179853530315,8,115,5682.0,102.0,False,False
2025-016L,2026-124D,2026-08-26 00:00:00+00:00,2026-08-26 00:00:00+00:00,1,3.0,7.319715175500283,2026-08-26 00:00:00+00:00,9.582447956072627,88.67043765003905,3.0,8.0,81.82296049655193,8.074367623892098,7.399618377060763,8.424598617728831,2.3155097662276183,0.4516444650333824,0.3425742411268402,9,178,13710.0,82.0,False,True
2025-016M,2025-046J,2025-06-14 00:00:00+00:00,2025-06-14 00:00:00+00:00,1,3.0,2.0070455183921627,2025-06-14 00:00:00+00:00,13.888438289576776,86.77920558076222,2.0,4.0,143.08021028616466,59.67288283301129,1.9339715361902563,102.22787409006847,615.9391851667081,0.1986981100971832,-0.9411614066383436,5,70,1883.0,143.0,False,True
2025-016M,2026-075D,2026-06-27 00:00:00+00:00,2026-06-30 00:00:00+00:00,2,6.0,8.601831663369673,2026-06-27 00:00:00+00:00,12.828173533831333,87.8792151029288,3.0,6.0,122.65136405676557,8.695693698365755,8.673022515466073,42.63228677506299,4.3665667120610445,-0.18312471853619172,0.4967598318482658,7,105,4639.0,123.0,False,True
2025-016M,2026-075D,2026-07-24 00:00:00+00:00,2026-07-27 00:00:00+00:00,2,6.0,9.081822519101715,2026-07-24 00:00:00+00:00,12.82503531630287,87.94854386007427,3.0,6.0,122.60300412512768,8.989612596412563,8.948631263681818,31.107313767878875,2.1978152717725576,-0.3550235336560945,0.10821866849732942,8,126,6840.0,123.0,False,True
2025-016M,2026-124T,2026-08-26 00:00:00+00:00,2026-08-29 00:00:00+00:00,2,6.0,8.509371367551397,2026-08-29 00:00:00+00:00,9.569932597173507,88.65054761730784,3.0,8.0,81.82905841110977,8.69047087140994,8.655399812349145,24.134015987176074,1.3961011519784645,0.24936500906508918,-0.21351838615965235,9,178,13726.0,82.0,False,True
2025-016M,2026-125T,2026-08-17 00:00:00+00:00,2026-08-20 00:00:00+00:00,2,6.0,7.71871785633878,2026-08-17 00:00:00+00:00,14.468617174012397,83.18942632288937,3.0,4.0,163.4209980364544,21.55498573673523,3.900844591841633,4.691762669079969,81.9403055592939,0.020711493286626137,1.2907565202855444,9,173,12995.0,163.0,True,False
2025-016N,2025-233N,2026-05-19 00:00:00+00:00,2026-05-19 00:00:00+00:00,1,3.0,1.431972199484964,2026-05-19 00:00:00+00:00,5.0708929791208,88.91811095404822,3.0,1.0,40.58296456381067,215.34578943796816,5.4989985276370135,48.37179328044112,1709.9736847180804,0.025050653818766477,-2.451967333287257,6,87,3073.0,41.0,False,False
2025-016N,2026-124K,2026-08-23 00:00:00+00:00,2026-08-26 00:00:00+00:00,2,6.0,4.595544454103539,2026-08-23 00:00:00+00:00,9.587194013213674,88.66613139878888,3.0,8.0,81.9223755626318,12.304890390474124,3.0515341698401244,9.142645215577964,388.9769708798332,-0.05402164111416141,-0.020399249734396108,9,178,13727.0,82.0,False,True
2025-016N,2026-125J,2026-08-17 00:00:00+00:00,2026-08-20 00:00:00+00:00,2,6.0,0.9698615587520848,2026-08-20 00:00:00+00:00,14.453181029298712,82.97867985182306,3.0,4.0,163.4109206640787,1.0353179144332265,0.9791478942868383,1.4172038382762782,0.4114714752067291,0.10075873474340824,0.1763406835484318,9,176,13439.0,163.0,True,True
2025-016N,2026-125T,2026-08-11 00:00:00+00:00,2026-08-11 00:00:00+00:00,1,3.0,8.66620334193357,2026-08-11 00:00:00+00:00,14.444515602765811,82.77938396526386,3.0,4.0,163.43474660190364,197.33977118963304,182.46129782204883,182.9289163136579,29.748982648432158,-0.24613443490397913,0.5236943670499841,9,158,10770.0,163.0,True,True
2025-016P,2026-075H,2026-06-15 00:00:00+00:00,2026-06-15 00:00:00+00:00,1,3.0,8.712486741376443,2026-06-15 00:00:00+00:00,12.81952372362235,87.82315730213142,3.0,6.0,122.74020351430512,8.649361691676628,1.2947930305908812,46.82127585333786,145.8445674111292,-0.43803863435388735,0.17652281416346227,7,105,4639.0,123.0,False,True
2025-016P,2026-124S,2026-08-29 00:00:00+00:00,2026-09-01 00:00:00+00:00,2,6.0,1.0751377188688596,2026-08-29 00:00:00+00:00,9.578528104114984,88.67149273173578,3.0,8.0,81.85935287202253,14.391540286430136,0.36672729462861753,23.96324742955482,32.714045417768475,0.11479888016444306,-0.4728858051593505,9,178,13726.0,82.0,False,True
2025-016P,2026-125C,2026-08-29 00:00:00+00:00,2026-08-29 00:00:00+00:00,1,3.0,9.75741015544335,2026-08-29 00:00:00+00:00,14.459656325449712,83.0553806851171,3.0,4.0,163.49305287301456,9.254391865018134,9.17798250494692,8.034406076708835,0.23824216271874296,0.11479888016444306,-0.0006362430947035591,9,178,13726.0,163.0,True,True
2025-016Q,2025-233R,2026-05-07 00:00:00+00:00,2026-05-07 00:00:00+00:00,1,3.0,9.505507341386402,2026-05-07 00:00:00+00:00,5.065108399618864,88.92911019540185,3.0,1.0,40.544126171865855,268.23409668718546,2.9917312163415772,51.60792198768104,1345.1025706151709,0.24253172064678097,-2.5116389761995777,6,87,3073.0,41.0,False,False
2025-016Q,2026-124M,2026-08-29 00:00:00+00:00,2026-08-29 00:00:00+00:00,1,3.0,8.242038523733298,2026-08-29 00:00:00+00:00,9.561585709609137,88.65536068246612,3.0,8.0,81.74678777140883,8.31435785103639,8.307588971481891,22.173529478259923,2.15468203693524,0.4391559375245606,-0.031842061015993295,9,178,13726.0,82.0,False,True
2025-016R,2026-125S,2026-09-01 00:00:00+00:00,2026-09-01 00:00:00+00:00,1,3.0,8.144029765748694,2026-09-01 00:00:00+00:00,14.46951406935658,83.07185393525813,3.0,4.0,163.52431141913377,132.90959070001537,46.88276223800235,178.743437312264,172.23716304286626,-0.15762874583128905,-2.616276740538268,9,179,13871.0,164.0,True,False
2025-016S,2026-075S,2026-06-24 00:00:00+00:00,2026-06-27 00:00:00+00:00,2,6.0,7.229154641427551,2026-06-27 00:00:00+00:00,12.830162902684984,87.94486260378869,3.0,6.0,122.69565722757497,7.903783460387373,7.318558198785621,40.81418554682312,4.043995287969833,-0.2925846581437703,0.40406156203144405,7,105,4639.0,123.0,False,True
2025-016S,2026-124Q,2026-08-20 00:00:00+00:00,2026-08-20 00:00:00+00:00,1,3.0,3.4416147770840224,2026-08-20 00:00:00+00:00,9.588266496850917,88.65835717614858,3.0,8.0,81.97280992029617,954.5109623175726,461.9225725940176,986.2695692708533,985.3474134203739,-0.23409351401690515,-0.5574900615046232,9,176,13439.0,82.0,False,True
2025-016S,2026-124Q,2026-08-29 00:00:00+00:00,2026-08-29 00:00:00+00:00,1,3.0,7.463897510435858,2026-08-29 00:00:00+00:00,9.592806318243827,88.65863698490651,3.0,8.0,81.93814256635231,7.948360006067229,7.698388642619508,20.75129000436463,3.3314699315340546,-0.03975662894077914,-0.2565367765233475,9,178,13726.0,82.0,False,True
2025-016S,2026-125P,2026-08-20 00:00:00+00:00,2026-08-26 00:00:00+00:00,3,9.0,1.1365689376406387,2026-08-26 00:00:00+00:00,14.462538050212766,82.89694886648819,3.0,4.0,163.4464770855704,1.8066536983144605,1.7257845117864872,1.588321271304305,0.1740035499331886,-0.1489531620279223,-0.12335200132483237,9,178,13710.0,163.0,True,True
2025-016S,2026-125R,2026-08-11 00:00:00+00:00,2026-08-11 00:00:00+00:00,1,3.0,8.705552560660168,2026-08-11 00:00:00+00:00,14.443002354620706,82.89971070762816,3.0,4.0,163.49122051271755,180.57247131740544,136.21115190365538,181.7534210979223,88.68432266046422,-0.1697254968603943,-0.23303417670891236,9,158,10770.0,163.0,True,True
2025-016T,2025-046C,2025-05-12 00:00:00+00:00,2025-05-12 00:00:00+00:00,1,3.0,9.988953549022405,2025-05-12 00:00:00+00:00,13.8750494954904,86.72060961510944,2.0,4.0,142.9181521309197,111.78446793515192,7.583080952115779,68.4634921214429,445.62345315898887,-0.32420450828087155,0.7913660161420921,5,55,1087.0,143.0,False,True
2025-016T,2025-046C,2025-09-30 00:00:00+00:00,2025-09-30 00:00:00+00:00,1,3.0,8.456507562059189,2025-09-30 00:00:00+00:00,13.864399975633548,86.82236766310866,2.0,4.0,142.90910332727324,100.89568663729413,7.942466227688783,249.70564985394972,221.6748905011764,-3.826402205738205,-0.22567079639142662,5,69,1829.0,143.0,False,False
2025-016T,2025-046D,2025-09-27 00:00:00+00:00,2025-09-27 00:00:00+00:00,1,3.0,1.877717117086908,2025-09-27 00:00:00+00:00,13.854100219866485,86.794862626672,2.0,4.0,142.92958222668221,34.04992661209967,1.1939607776275807,120.21650189170312,221.4753002339703,1.7016058234424918,-0.38474914294624796,5,68,1779.0,143.0,False,False
2025-016T,2026-075A,2026-08-17 00:00:00+00:00,2026-08-29 00:00:00+00:00,4,15.0,2.3694436200598274,2026-08-17 00:00:00+00:00,12.808866195055948,87.87008856065569,3.0,6.0,122.55350115371054,2.719933561061202,1.3871938585392594,28.26779079317836,2.665412255235636,0.03520994476215833,0.44413872328863135,9,173,12995.0,123.0,False,True
2025-016T,2026-124C,2026-08-26 00:00:00+00:00,2026-08-29 00:00:00+00:00,2,6.0,7.5954591215650495,2026-08-29 00:00:00+00:00,9.58303768933461,88.66512499725071,3.0,8.0,81.82593532350077,8.139451728811213,7.926310024604205,16.962156819450776,2.783638701266316,-0.10941991338290791,-0.24254604803402913,9,178,13726.0,82.0,False,True
2025-016T,2026-125A,2026-08-14 00:00:00+00:00,2026-08-14 00:00:00+00:00,1,3.0,2.0362568950809865,2026-08-14 00:00:00+00:00,14.466444460100291,82.66885850763498,3.0,4.0,163.43578054801588,259.5689677980865,241.88866812762487,186.49786654726122,35.354485411169286,-0.12974714210417915,3.7749432196588835,9,164,11663.0,163.0,True,False
2025-016T,2026-125D,2026-08-20 00:00:00+00:00,2026-08-29 00:00:00+00:00,4,12.0,5.879375398288727,2026-08-20 00:00:00+00:00,14.466187481196187,82.76692544005769,3.0,4.0,163.4132901274922,101.86702223603332,5.1572934923051434,190.55135018832175,251.922369019974,-0.22662098698805266,4.50954057130366,9,176,13439.0,163.0,True,False
2025-016T,2026-125D,2026-09-22 00:00:00+00:00,2026-09-22 00:00:00+00:00,1,3.0,8.440988938650133,2026-09-22 00:00:00+00:00,14.461469437216511,83.01182158726712,,,,,,,,,,9,178,,,False,
2025-046B,2026-108J,2026-08-02 00:00:00+00:00,2026-08-02 00:00:00+00:00,1,3.0,6.711558133009012,2026-08-02 00:00:00+00:00,9.56480749834006,88.67853659216318,5.0,0.0,81.59676447119337,599.698283058126,5.840811866666627,990.7299470820578,1261.896104076138,-0.1611976901965022,3.815858448448637,8,139,8269.0,82.0,False,False
2025-046C,2026-125A,2026-08-14 00:00:00+00:00,2026-08-14 00:00:00+00:00,1,3.0,9.090727538827512,2026-08-14 00:00:00+00:00,2.614703905550377,88.95738717280497,5.0,4.0,20.651329727487024,2460.0920040860456,2339.366016598308,1878.5491217436825,241.10681609783086,-0.7705701002745968,3.7749432196588835,9,164,11663.0,21.0,True,False
2025-046D,2026-108E,2026-07-24 00:00:00+00:00,2026-07-24 00:00:00+00:00,1,3.0,6.692322742590013,2026-07-24 00:00:00+00:00,9.54431805182266,88.65726451648133,,,,,,,,,,8,126,,,False,
2025-046D,2026-124N,2026-08-17 00:00:00+00:00,2026-08-17 00:00:00+00:00,1,3.0,8.045792794534306,2026-08-17 00:00:00+00:00,7.403226869671603,88.80570429886208,5.0,8.0,60.950034140536324,1592.1728513806243,933.9074313122387,1398.888582406243,1316.7072630535258,-0.21942079487544675,1.506448453921621,9,173,12995.0,61.0,False,False
2025-046G,2025-233D,2026-01-31 00:00:00+00:00,2026-01-31 00:00:00+00:00,1,3.0,9.729579554463855,2026-01-31 00:00:00+00:00,11.359034382897905,88.40139013238993,5.0,1.0,101.97213567521594,52.79781241012835,5.381226552833141,420.7017878644188,242.85045467169215,0.2736666704355599,4.775844971194552,6,85,2933.0,102.0,False,False
2025-046H,2026-075B,2026-06-06 00:00:00+00:00,2026-06-06 00:00:00+00:00,1,3.0,8.427724984211281,2026-06-06 00:00:00+00:00,2.606766411188413,88.9620207971968,5.0,6.0,20.542723109071396,83.75633741253851,3.0771776209749078,475.35986347034526,500.9155960004253,-0.1403348923899017,-3.2029568817162186,7,97,3943.0,21.0,True,False
2025-046H,2026-124A,2026-08-14 00:00:00+00:00,2026-08-14 00:00:00+00:00,1,3.0,5.016687050730978,2026-08-14 00:00:00+00:00,7.4709594487645425,88.81514016029894,5.0,8.0,61.321648687568604,1459.3580006608486,945.3684529312009,1445.050633094884,1028.056044895284,-0.5170792405761517,-0.3891059312212519,9,164,11663.0,61.0,False,True
2025-046H,2026-124E,2026-08-14 00:00:00+00:00,2026-08-14 00:00:00+00:00,1,3.0,7.3573185747672705,2026-08-14 00:00:00+00:00,7.44129444191336,88.81272433238311,5.0,8.0,61.31959160621179,520.9306127705026,7.267438095969013,315.88282386352586,1027.7882870137553,-0.5170792405761517,1.3149024722217746,9,164,11663.0,61.0,False,False
2025-046J,2025-233T,2026-03-26 00:00:00+00:00,2026-03-29 00:00:00+00:00,2,6.0,0.5509079742808719,2026-03-26 00:00:00+00:00,11.390414676058171,88.37450420319334,5.0,1.0,102.35189033865989,4.687817450744245,0.5946263281584834,329.26649643785686,11.417770794039232,4.358134266878125,-0.08033794984334008,6,87,3073.0,102.0,False,False
2025-046J,2026-075P,2026-06-03 00:00:00+00:00,2026-06-03 00:00:00+00:00,1,3.0,2.9509804875422367,2026-06-03 00:00:00+00:00,2.592666595029577,88.96417431440217,5.0,6.0,20.428240987734085,994.7386674868055,686.8404463991291,658.6864391216244,616.269306229557,-0.5260620082528362,2.1032724814272683,7,93,3595.0,20.0,True,False
2025-046N,2026-125T,2026-08-08 00:00:00+00:00,2026-08-08 00:00:00+00:00,1,3.0,5.63995841947268,2026-08-08 00:00:00+00:00,2.5898567055115684,88.96463619496566,,,,,,,,,,9,148,,,False,
2025-046Q,2026-124F,2026-08-17 00:00:00+00:00,2026-08-17 00:00:00+00:00,1,3.0,5.324143601177484,2026-08-17 00:00:00+00:00,7.4325374482277855,88.83084365040284,5.0,8.0,61.21479914502865,1180.2731574570391,566.0058466757666,1400.4854775372658,1228.8830972548858,-0.7076581352410614,-2.6768784421995804,9,173,12995.0,61.0,False,False
2025-046Q,2026-124G,2026-08-26 00:00:00+00:00,2026-08-26 00:00:00+00:00,1,3.0,9.769608330617196,2026-08-26 00:00:00+00:00,7.432752907450898,88.82409513686095,5.0,8.0,61.252942013406454,2306.488244068484,1554.5599001533633,2728.055708877835,1503.8580427726488,-0.3653359832133276,-4.130319442679905,9,178,13710.0,61.0,False,False
2025-046Q,2026-124J,2026-08-17 00:00:00+00:00,2026-08-17 00:00:00+00:00,1,3.0,8.385124553479827,2026-08-17 00:00:00+00:00,7.43067715020747,88.80396066839013,5.0,8.0,61.214343000037026,439.2997837598145,435.0958271582976,787.7818115498013,8.418071240342288,-0.7076581352410614,2.409571679658697,9,173,12995.0,61.0,False,False
2025-046T,2026-108G,2026-08-02 00:00:00+00:00,2026-08-02 00:00:00+00:00,1,3.0,5.97873115115088,2026-08-02 00:00:00+00:00,9.536805328231276,88.67618382676726,5.0,0.0,81.5214826805672,124.95352740333851,5.055662631415544,14.82192908474063,389.8565761576695,0.42871818620264435,2.377796660961195,8,139,8269.0,82.0,False,False
2025-233A,2026-125Q,2026-08-26 00:00:00+00:00,2026-08-26 00:00:00+00:00,1,3.0,9.724228448118929,2026-08-26 00:00:00+00:00,12.843444769131658,87.90090658442134,1.0,4.0,123.21785775852348,43.469419262961246,43.032911123207406,26.8719156683417,0.8730347904425212,-0.2160232361287271,-0.4846616590610182,9,178,13710.0,123.0,False,True
2025-233B,2026-108E,2026-07-27 00:00:00+00:00,2026-07-27 00:00:00+00:00,1,3.0,5.94267327262305,2026-07-27 00:00:00+00:00,2.669535398455456,88.9896061810557,1.0,0.0,21.043645918943856,74.28654356661339,2.866101537182658,594.7265794873447,584.5598785708787,-0.08494792337029367,-4.156557607454431,8,130,7278.0,21.0,True,False
2025-233B,2026-125A,2026-08-14 00:00:00+00:00,2026-08-14 00:00:00+00:00,1,3.0,6.291120298658097,2026-08-14 00:00:00+00:00,12.83854326342252,87.8508558463322,1.0,4.0,123.11813679974479,819.337208162114,760.5557297598746,569.521683331396,117.52635332737842,-0.2608970524535721,3.7749432196588835,9,164,11663.0,123.0,False,False
2025-233B,2026-125D,2026-08-29 00:00:00+00:00,2026-09-07 00:00:00+00:00,4,12.0,2.1579100420198967,2026-09-01 00:00:00+00:00,12.85459772619884,87.85703041946752,1.0,4.0,123.12290021052758,6.862036595813234,6.211755229723357,36.84461121094589,1.3003108457036703,-0.16185806153813065,0.5516719678748148,9,179,13871.0,123.0,False,True
2025-233B,2026-125D,2026-09-16 00:00:00+00:00,2026-09-19 00:00:00+00:00,2,6.0,2.5939018741527846,2026-09-19 00:00:00+00:00,12.857767345747046,87.83833119241126,1.0,4.0,123.14534116753357,4.388107338671893,3.5170082705301984,27.293557320634534,1.7418916935505868,-1.1184569944089446,-0.5998121735335786,9,178,13727.0,123.0,False,False
2025-233C,2026-125E,2026-09-04 00:00:00+00:00,2026-09-07 00:00:00+00:00,2,6.0,2.3522081430006807,2026-09-04 00:00:00+00:00,12.862404493023284,87.84103661579508,1.0,4.0,123.2169691343616,4.417155655781721,2.9772096330312032,28.65228671686805,2.8811853728565806,0.20363539886733406,0.7424178550257636,9,178,13709.0,123.0,False,True
2025-233C,2026-125E,2026-09-16 00:00:00+00:00,2026-09-22 00:00:00+00:00,2,9.0,0.2956854982708564,2026-09-22 00:00:00+00:00,12.848194301073285,87.85841689650624,1.0,4.0,123.24523267118357,0.4850309240832938,0.30646138412885193,29.98564055188328,1.2586248359988566,-0.8093093781850484,-0.31606460510190004,9,178,13727.0,123.0,False,True
2025-233D,2026-075C,2026-06-12 00:00:00+00:00,2026-06-12 00:00:00+00:00,1,3.0,6.136896748314261,2026-06-12 00:00:00+00:00,9.58766769652954,88.68633398936872,1.0,6.0,82.10467998395129,123.71374031571882,1.3918785966407086,8.05584826475978,383.8619059833214,0.07952561911199041,-1.2637323298410763,7,104,4552.0,82.0,False,False
2025-233E,2026-104A,2026-07-21 00:00:00+00:00,2026-07-21 00:00:00+00:00,1,3.0,3.015343666666325,2026-07-21 00:00:00+00:00,7.435683528614598,88.82190974797894,,,,,,,,,,8,118,,,False,
2025-233G,2026-121B,2026-07-09 00:00:00+00:00,2026-07-09 00:00:00+00:00,1,3.0,9.428579836919006,2026-07-09 00:00:00+00:00,11.434339274357086,88.38925933927626,1.0,5.0,102.62553686063495,47.597029415947645,7.915861946613404,379.7297690814964,385.8942574339934,0.10113048877579445,-3.9973083578265687,7,107,4817.0,103.0,False,False
2025-233G,2026-125H,2026-09-13 00:00:00+00:00,2026-09-19 00:00:00+00:00,3,9.0,3.703965582972749,2026-09-16 00:00:00+00:00,12.87696301353632,87.93896961116431,1.0,4.0,123.21174212025498,4.09546006607673,3.578980518035831,36.704985065756546,1.033074705824815,0.0012037179762103278,0.5289342185441228,9,179,13871.0,123.0,False,True
2025-233H,2026-125K,2026-08-14 00:00:00+00:00,2026-08-14 00:00:00+00:00,1,3.0,9.591150125613488,2026-08-14 00:00:00+00:00,12.824730435755852,87.93229577561382,1.0,4.0,122.89011357948168,489.4998555638108,112.45278179260609,581.0433344627334,754.7077319923366,0.1201410816643147,-1.3524762152279663,9,164,11663.0,123.0,False,False
2025-233H,2026-125K,2026-09-01 00:00:00+00:00,2026-09-22 00:00:00+00:00,8,24.0,0.1627772422066631,2026-09-04 00:00:00+00:00,12.84385771767959,87.87329310302151,1.0,4.0,122.90523192858504,1.5384908253571177,0.38240775957809836,27.596824062359122,2.4683247915964084,-0.1477251337122425,0.32486988984410914,9,178,13709.0,123.0,False,True
2025-233J,2026-125G,2026-09-04 00:00:00+00:00,2026-09-10 00:00:00+00:00,3,9.0,1.074294415880188,2026-09-07 00:00:00+00:00,12.8465411760194,87.94370734767753,1.0,4.0,123.19889911559002,2.3804817784199135,1.3974348518431898,29.528683445094213,1.9673930850380246,0.0062352359712178895,0.4453534643617445,9,179,13871.0,123.0,False,True
2025-233K,2026-124F,2026-08-20 00:00:00+00:00,2026-08-20 00:00:00+00:00,1,3.0,4.763604201122593,2026-08-20 00:00:00+00:00,5.186596827061429,88.93841099173959,1.0,8.0,41.511612188450385,1418.344716075099,1149.9657194152671,1243.0023352806022,536.8648294752496,0.3420274380970909,1.784482043760761,9,176,13439.0,42.0,False,False
2025-233K,2026-125F,2026-09-19 00:00:00+00:00,2026-09-22 00:00:00+00:00,2,6.0,1.696683489411339,2026-09-22 00:00:00+00:00,12.85851318626143,87.93433574634679,1.0,4.0,123.15764020881252,2.295036396294182,1.316745606311639,29.67592870487938,1.9708697379292426,-0.0943528079683773,0.3483504282043839,9,178,13727.0,123.0,False,True
2025-233P,2026-125L,2026-08-26 00:00:00+00:00,2026-08-26 00:00:00+00:00,1,3.0,9.958584792405595,2026-08-26 00:00:00+00:00,12.837506587147931,87.85699879065346,1.0,4.0,123.10647216990563,74.41540791993926,74.1705149042304,26.28716772872392,0.48978728406070937,0.28485087459475267,-0.49269460164805423,9,178,13710.0,123.0,False,True
2025-233Q,2026-125R,2026-09-16 00:00:00+00:00,2026-09-16 00:00:00+00:00,1,3.0,6.416250768541462,2026-09-16 00:00:00+00:00,12.864795798983144,87.96973339747866,1.0,4.0,123.01009989179659,878.8778930007279,442.53147424788494,653.0187297656265,873.0731375590094,3.426692298473938,-0.21317490093792912,9,179,13871.0,123.0,False,False
2025-233S,2026-125R,2026-08-11 00:00:00+00:00,2026-08-11 00:00:00+00:00,1,3.0,6.922106586101305,2026-08-11 00:00:00+00:00,12.856787857830415,87.91233397729546,1.0,4.0,123.19357576423583,547.5084026817849,399.5520348984427,555.6554378103604,295.6366969394683,-0.10127169811914882,-0.23303417670891236,9,158,10770.0,123.0,False,True
2026-075B,2026-124R,2026-08-08 00:00:00+00:00,2026-08-08 00:00:00+00:00,1,3.0,4.252974705279881,2026-08-08 00:00:00+00:00,5.078333623240024,88.93267868678899,6.0,8.0,40.5848087354898,1732.3697369046017,959.1482509546072,1788.7037249282844,1546.4757237478293,-0.38925659243983546,-0.8515506788053813,9,148,9392.0,41.0,False,True
2026-075C,2026-104A,2026-07-24 00:00:00+00:00,2026-07-24 00:00:00+00:00,1,3.0,6.627432813378796,2026-07-24 00:00:00+00:00,2.59429463579117,88.97316320423629,6.0,7.0,20.46509667285312,395.7929127433728,35.050895678903366,687.9989807927718,724.3721217196655,-0.1355578097579837,2.1483576980151327,8,126,6840.0,20.0,True,False
2026-075C,2026-124B,2026-08-20 00:00:00+00:00,2026-09-22 00:00:00+00:00,11,36.0,0.3150803845481755,2026-09-04 00:00:00+00:00,5.0854364482264325,88.93269230799669,6.0,8.0,40.72679843208928,0.29804684370901197,0.29800473843533837,37.88470399852482,0.15838370639206492,-0.5141971394703262,-0.2005990626120706,9,178,13709.0,41.0,False,True
2026-075D,2026-124T,2026-09-04 00:00:00+00:00,2026-09-16 00:00:00+00:00,5,15.0,0.5284269744898825,2026-09-10 00:00:00+00:00,5.082169044666352,88.92947309880492,6.0,8.0,40.72106292162424,0.5384831241344868,0.5257127824033887,53.57396148116748,1.618982441682203,-0.4388941818284877,0.009061669036885434,9,178,13727.0,41.0,False,True
2026-075F,2026-108H,2026-07-30 00:00:00+00:00,2026-07-30 00:00:00+00:00,1,3.0,2.001524957224634,2026-07-30 00:00:00+00:00,7.429562207015431,88.83326045158047,6.0,0.0,61.08939816099977,148.95793947958705,0.49555428183521144,452.9947695686988,453.4773101910893,0.10655809819508022,-2.609208579145786,8,135,7833.0,61.0,False,False
2026-075F,2026-108J,2026-08-02 00:00:00+00:00,2026-08-02 00:00:00+00:00,1,3.0,8.065585157235201,2026-08-02 00:00:00+00:00,7.437667524858788,88.85167190076208,6.0,0.0,61.07449638010754,153.6158622219061,6.056534119964454,566.9720742613705,1438.331872531651,0.12019452068176406,3.815858448448637,8,139,8269.0,61.0,False,False
2026-075F,2026-124F,2026-09-01 00:00:00+00:00,2026-09-01 00:00:00+00:00,1,3.0,6.804067951391641,2026-09-01 00:00:00+00:00,5.076009367297877,88.9301857759988,6.0,8.0,40.65994131437948,26.765071082535336,6.7378867844809065,39.81146064337828,122.8280651899553,0.13606503261667058,0.7713203902391683,9,179,13871.0,41.0,False,True
2026-075G,2026-124L,2026-08-20 00:00:00+00:00,2026-08-20 00:00:00+00:00,1,3.0,4.365318198922721,2026-08-20 00:00:00+00:00,5.070175864605613,88.92413091297657,6.0,8.0,40.62877997868554,7.069291346701605,5.861627064807208,53.409834336481204,2.4291408322145385,0.18311322985644551,0.5636067322591032,9,176,13439.0,41.0,False,True
2026-075H,2026-104C,2026-08-05 00:00:00+00:00,2026-08-08 00:00:00+00:00,2,6.0,6.043156145943054,2026-08-05 00:00:00+00:00,2.5924499604241857,88.97788804075054,6.0,7.0,20.44800873629947,723.2154385868332,659.3405099815097,674.2848775021654,127.70459090542367,0.17771693791693366,-0.20480111394918676,8,140,8378.0,20.0,True,True
2026-075H,2026-108G,2026-07-30 00:00:00+00:00,2026-07-30 00:00:00+00:00,1,3.0,7.569939515621946,2026-07-30 00:00:00+00:00,7.433929660562676,88.860535233605,6.0,0.0,61.13061452049111,144.49669337211546,1.2527228078906774,615.4033894304961,441.54047115850534,0.22183543935242067,4.430083451135937,8,135,7833.0,61.0,False,False
2026-075J,2026-108H,2026-07-21 00:00:00+00:00,2026-07-21 00:00:00+00:00,1,3.0,8.662971763836786,2026-07-21 00:00:00+00:00,7.433267002260958,88.82922913729716,,,,,,,,,,8,118,,,False,
2026-075J,2026-124E,2026-08-08 00:00:00+00:00,2026-08-08 00:00:00+00:00,1,3.0,3.516565314822776,2026-08-08 00:00:00+00:00,5.074171457672918,88.93738326926166,6.0,8.0,40.67896601489004,1740.2426727880304,1381.6437110654315,1785.6382267230347,717.199135518696,0.1661941737924053,-0.20629497974152855,9,148,9392.0,41.0,False,True
2026-075J,2026-124H,2026-09-16 00:00:00+00:00,2026-09-22 00:00:00+00:00,3,9.0,0.4407666137926066,2026-09-19 00:00:00+00:00,5.081205760245416,88.9249613229319,6.0,8.0,40.71606487630326,1.545733236834103,0.42253329737093287,53.640853115339134,2.9093013107703474,-0.41059145208902237,0.01732958163239573,9,178,13727.0,41.0,False,True
2026-075L,2026-108L,2026-08-02 00:00:00+00:00,2026-08-02 00:00:00+00:00,1,3.0,7.08376207865765,2026-08-02 00:00:00+00:00,7.434051707374563,88.84890248464569,6.0,0.0,61.096241137873825,404.9608076763705,2.9049216988205444,567.1367198226328,1194.157287424145,0.5875793360352475,2.037160819648477,8,139,8269.0,61.0,False,False
2026-075L,2026-124J,2026-09-04 00:00:00+00:00,2026-09-10 00:00:00+00:00,3,9.0,0.4856553087408791,2026-09-04 00:00:00+00:00,5.07702659627827,88.92929556153646,6.0,8.0,40.67740480395555,0.9344230626793325,0.39243541937139526,37.92848124217816,8.339479474520836,0.20330443211265958,0.5081414526145309,9,178,13709.0,41.0,False,True
2026-075M,2026-108J,2026-07-27 00:00:00+00:00,2026-07-27 00:00:00+00:00,1,3.0,5.425837121614454,2026-07-27 00:00:00+00:00,7.423018005238227,88.85032885217757,,,,,,,,,,8,130,,,False,
2026-075M,2026-124K,2026-08-23 00:00:00+00:00,2026-08-23 00:00:00+00:00,1,3.0,9.868163449997896,2026-08-23 00:00:00+00:00,5.076159597740357,88.91512685965472,6.0,8.0,40.63622224671143,66.36316048281716,0.23358883544642595,41.765872109938826,483.50537120460774,0.18393372444438683,-0.020399249734396108,9,178,13727.0,41.0,False,True
2026-075N,2026-124R,2026-09-04 00:00:00+00:00,2026-09-04 00:00:00+00:00,1,3.0,8.579824674297711,2026-09-04 00:00:00+00:00,5.082428044837199,88.94043753585515,6.0,8.0,40.65604951132332,531.022885285876,164.88131976203152,37.26533603696765,732.3206063689003,-0.2509340039545407,4.450178079011778,9,178,13709.0,41.0,False,False
2026-075P,2026-108R,2026-07-27 00:00:00+00:00,2026-07-27 00:00:00+00:00,1,3.0,9.01952172421854,2026-07-27 00:00:00+00:00,7.431001298486072,88.81760194620722,6.0,0.0,61.10400359758925,165.52201859616721,4.028679723081744,585.2189272464827,436.67100357233187,-0.33290196624233204,3.4169474525847363,8,130,7278.0,61.0,False,False
2026-075R,2026-124M,2026-09-01 00:00:00+00:00,2026-09-07 00:00:00+00:00,3,9.0,0.4274920759344122,2026-09-04 00:00:00+00:00,5.076029483569193,88.92824685527891,6.0,8.0,40.675533271779685,0.905067784409734,0.41189613478218234,37.74731455333924,3.2020314392020444,-0.4387349027031746,-0.13568911640584247,9,178,13709.0,41.0,False,True
2026-075S,2026-124Q,2026-08-20 00:00:00+00:00,2026-08-20 00:00:00+00:00,1,3.0,9.7418807769919,2026-08-20 00:00:00+00:00,5.073973284400188,88.93284328758462,6.0,8.0,40.61707943660019,1113.6294477702795,502.84313151834306,1151.9931937482631,1221.6005188294666,-0.24291964394706156,-0.5574900615046232,9,176,13439.0,41.0,False,True
2026-075T,2026-124A,2026-08-20 00:00:00+00:00,2026-08-20 00:00:00+00:00,1,3.0,6.757513476689062,2026-08-20 00:00:00+00:00,5.088065666046408,88.93121032555129,6.0,8.0,40.729517875808384,12.710172717215347,6.071853966782659,41.50284037869927,15.894115503963913,0.004218590296211744,0.43964027324186006,9,176,13439.0,41.0,False,True
2026-075T,2026-125A,2026-08-17 00:00:00+00:00,2026-08-17 00:00:00+00:00,1,3.0,0.5734211408264044,2026-08-17 00:00:00+00:00,5.104119791160892,88.91968149533854,6.0,4.0,40.909327407283286,73.26177788820263,4.880685193736099,5.436581604298343,1461.7781055777264,0.1969674914574,0.7772374314268973,9,173,12995.0,41.0,False,True
2026-104A,2026-108E,2026-08-11 00:00:00+00:00,2026-08-11 00:00:00+00:00,1,3.0,5.432819302853894,2026-08-11 00:00:00+00:00,5.078531301051933,88.94818474416127,7.0,0.0,40.69973179795166,8.965463864068546,5.051179387098042,52.23663480079891,7.834080230819722,0.322560761798627,0.8313659496496939,9,158,10770.0,41.0,False,True
2026-104A,2026-108E,2026-08-29 00:00:00+00:00,2026-09-07 00:00:00+00:00,3,12.0,2.2686226082980165,2026-09-07 00:00:00+00:00,5.085129796454834,88.94218947944927,7.0,0.0,40.756125479873205,3.0522333793103997,2.2761574073248503,38.74193596989732,1.5582498376991223,-0.15134105756531469,0.19485947853374697,9,179,13871.0,41.0,False,True
2026-104B,2026-108F,2026-08-05 00:00:00+00:00,2026-08-08 00:00:00+00:00,2,6.0,4.569997505655826,2026-08-05 00:00:00+00:00,5.069500811960116,88.94228915694468,7.0,0.0,40.60636142275389,300.5754924750625,14.428063246624799,17.513151615878304,661.7606110934006,-0.20807233467999708,-2.603732755556635,8,140,8378.0,41.0,False,False
2026-104B,2026-108F,2026-09-04 00:00:00+00:00,2026-09-07 00:00:00+00:00,2,6.0,0.2215106149926775,2026-09-04 00:00:00+00:00,5.081881660389999,88.94407853363131,7.0,0.0,40.67445603806723,7.683371366749926,7.453916380242817,34.6383086244454,0.4589871521845674,0.2304440685156237,0.5784856139902104,9,178,13709.0,41.0,False,True
2026-104C,2026-124S,2026-08-14 00:00:00+00:00,2026-08-14 00:00:00+00:00,1,3.0,9.946846979524317,2026-08-14 00:00:00+00:00,2.573861111967688,88.98761257361542,,,,,,,,,,9,164,,,False,
2026-104D,2026-108A,2026-08-05 00:00:00+00:00,2026-08-05 00:00:00+00:00,1,3.0,9.223265583561052,2026-08-05 00:00:00+00:00,5.07427651091396,88.9337872177084,7.0,0.0,40.63883038936909,9.363106151510406,9.267096059705182,12.750899839492181,7.4378610414329565,-0.042649600414165434,0.3727729906706827,8,140,8378.0,41.0,False,True
2026-104D,2026-108A,2026-09-19 00:00:00+00:00,2026-09-19 00:00:00+00:00,1,3.0,8.549259871277805,2026-09-19 00:00:00+00:00,5.084090948154787,88.92159349738242,7.0,0.0,40.74617586594546,1595.5703905476057,723.5238524340509,1192.709040337703,1744.2762672214815,0.2931734217848003,3.5956306846907538,9,178,13727.0,41.0,False,False
2026-104D,2026-124Q,2026-08-11 00:00:00+00:00,2026-08-11 00:00:00+00:00,1,3.0,1.6009534470644329,2026-08-11 00:00:00+00:00,2.5495286858352006,88.98390671457956,7.0,8.0,20.109603499502647,1742.0723244596948,916.5283590931541,2246.299613924837,1651.12943813609,-0.06171167608289352,-4.003469303146403,9,158,10770.0,20.0,True,False
2026-104E,2026-125F,2026-08-17 00:00:00+00:00,2026-08-17 00:00:00+00:00,1,3.0,4.417982754729562,2026-08-17 00:00:00+00:00,7.457633063077099,88.83644441165765,7.0,4.0,61.41257999065817,171.400514417134,1.125026292513212,572.7316441282195,431.26250411919057,-0.18478822225436886,-3.7753015647166706,9,173,12995.0,61.0,False,False
2026-104H,2026-108Q,2026-08-02 00:00:00+00:00,2026-08-11 00:00:00+00:00,3,12.0,3.3637969924445734,2026-08-11 00:00:00+00:00,5.075037834026429,88.9429441888517,7.0,0.0,40.609287675331196,6.21389618701866,3.273389006655054,52.64339697420862,5.886875980972152,-0.29541853282484,0.18930309624164465,9,158,10770.0,41.0,False,True
2026-104H,2026-108Q,2026-09-22 00:00:00+00:00,2026-09-22 00:00:00+00:00,1,3.0,8.90129144465339,2026-09-22 00:00:00+00:00,5.079458348230275,88.94920853436223,7.0,0.0,40.707950842800365,9.690105974501359,8.54912454029683,25.68650025854552,2.2824161998710135,-0.20516209266732854,0.09248024716744396,9,178,13727.0,41.0,False,True
2026-104J,2026-108K,2026-07-30 00:00:00+00:00,2026-07-30 00:00:00+00:00,1,3.0,8.914036282468247,2026-07-30 00:00:00+00:00,5.073832440302321,88.94529454251938,7.0,0.0,40.64838240097714,203.6777097002957,1.6569839646126638,55.61699205324065,472.66160160793476,0.026265638651835843,2.5413971224126044,8,135,7833.0,41.0,False,False
2026-104J,2026-108N,2026-08-05 00:00:00+00:00,2026-08-05 00:00:00+00:00,1,3.0,6.0508155945204924,2026-08-05 00:00:00+00:00,5.060543103701656,88.93966206560876,7.0,0.0,40.54870677535854,384.8492257477966,242.08027608943948,9.968365396585918,285.55996708808027,0.27965856990374505,3.89296097648122,8,140,8378.0,41.0,False,False
2026-104K,2026-108B,2026-09-22 00:00:00+00:00,2026-09-22 00:00:00+00:00,1,3.0,7.605741051371815,2026-09-22 00:00:00+00:00,5.067253521506097,88.92473336177764,7.0,0.0,40.605344323903914,9.196027270458211,7.424656466358247,25.71429244898092,3.5441122795766153,0.13212834197796042,0.26766909764324964,9,178,13727.0,41.0,False,True
2026-104K,2026-124H,2026-08-11 00:00:00+00:00,2026-08-11 00:00:00+00:00,1,3.0,7.3008443680877155,2026-08-11 00:00:00+00:00,2.5574264701155336,88.97875521709217,7.0,8.0,20.16889357364461,1268.8013431531738,877.9046056027767,964.2807283502431,781.8028781521388,-0.3776120775396947,2.0026103305378555,9,158,10770.0,20.0,True,False
2026-104L,2026-108L,2026-08-05 00:00:00+00:00,2026-08-05 00:00:00+00:00,1,3.0,7.791551214273953,2026-08-05 00:00:00+00:00,5.08387138333639,88.94233328046337,7.0,0.0,40.75336226192978,357.6450878686885,3.1723161799964146,18.659458834359004,895.457629261149,-0.1553871989312725,-3.050140908305849,8,140,8378.0,41.0,False,False
2026-104L,2026-108L,2026-09-13 00:00:00+00:00,2026-09-19 00:00:00+00:00,3,9.0,5.300981069524912,2026-09-13 00:00:00+00:00,5.107364274567718,88.94775949287094,7.0,0.0,40.840299678054706,7.4002928163433275,5.5380289183826745,32.13788036590151,3.727050651519193,0.009989059923526611,0.33891656170823126,9,178,13726.0,41.0,False,True
2026-104M,2026-108P,2026-08-14 00:00:00+00:00,2026-08-23 00:00:00+00:00,3,12.0,3.233276854331154,2026-08-14 00:00:00+00:00,5.06965826252559,88.92437615077192,7.0,0.0,40.60929897758502,430.4759663970586,0.013950219103207928,39.04156583758178,1093.5521295894935,0.01648470195128482,3.8851731436951127,9,164,11663.0,41.0,False,False
2026-104M,2026-108P,2026-09-16 00:00:00+00:00,2026-09-22 00:00:00+00:00,3,9.0,2.149460101738538,2026-09-22 00:00:00+00:00,5.089369765334165,88.92919172563158,7.0,0.0,40.708476433851835,2.627965955987697,2.10310190942397,26.003840700682815,1.0732185414932622,0.1731086847709662,0.365318745333127,9,178,13727.0,41.0,False,True
2026-104N,2026-108G,2026-08-08 00:00:00+00:00,2026-08-20 00:00:00+00:00,4,15.0,3.4552621395092498,2026-08-20 00:00:00+00:00,5.077345012000494,88.94251963525916,7.0,0.0,40.69270084969734,3.400493764760591,3.147978325921854,34.917626894779644,0.5050393179294711,-0.21268662749162104,0.1157851720987253,9,176,13439.0,41.0,False,True
2026-104N,2026-108G,2026-09-01 00:00:00+00:00,2026-09-04 00:00:00+00:00,2,6.0,1.175511648426356,2026-09-04 00:00:00+00:00,5.087463730429141,88.94100175302424,7.0,0.0,40.72875108771451,3.1058418655358606,0.8582079696699767,33.89277825513894,4.632152742227081,-0.8714078277665536,-0.618503201259335,9,178,13709.0,41.0,False,True
2026-104P,2026-108G,2026-07-21 00:00:00+00:00,2026-07-21 00:00:00+00:00,1,3.0,7.522466180374284,2026-07-21 00:00:00+00:00,5.076171456766105,88.93532470207471,7.0,0.0,40.6288133902681,1624.8526198483037,135.61430263939968,1271.8410292705742,2987.3628300212613,3.6488660898280614,0.7509685567740263,8,118,5976.0,41.0,False,False
2026-104P,2026-108M,2026-09-16 00:00:00+00:00,2026-09-22 00:00:00+00:00,3,9.0,7.9885459736904,2026-09-22 00:00:00+00:00,5.095271216265729,88.92481733641608,7.0,0.0,40.75887174317928,8.09300432684885,7.860071348162314,25.80867154957082,0.4667692208593058,0.0990959932955775,0.24460309340156527,9,178,13727.0,41.0,False,True
2026-104P,2026-125N,2026-08-23 00:00:00+00:00,2026-08-23 00:00:00+00:00,1,3.0,8.50372576602608,2026-08-23 00:00:00+00:00,7.469112250236552,88.82456479962698,7.0,4.0,61.44859908571147,25.19873290910706,5.68295209992084,559.0046630129275,368.19290253160017,0.46845525868428695,-4.755538310615179,9,178,13727.0,61.0,False,False
2026-104Q,2026-108T,2026-08-14 00:00:00+00:00,2026-08-14 00:00:00+00:00,1,3.0,9.180082051748167,2026-08-14 00:00:00+00:00,5.072179807745461,88.92212831544865,7.0,0.0,40.64045610732205,406.04348191735295,4.44457383191002,32.65240670312016,1037.968158711335,0.0654506609132568,3.7386500853078104,9,164,11663.0,41.0,False,False
2026-104Q,2026-108T,2026-08-23 00:00:00+00:00,2026-08-23 00:00:00+00:00,1,3.0,0.3510223066072241,2026-08-23 00:00:00+00:00,5.086105028484659,88.93781673330281,7.0,0.0,40.6638366451404,1.2716312888386805,0.273536862072433,38.11034023066205,6.9653323838786925,-0.018257110555452982,0.308676218572316,9,178,13727.0,41.0,False,True
2026-104Q,2026-108T,2026-09-13 00:00:00+00:00,2026-09-16 00:00:00+00:00,2,6.0,3.1670796706765856,2026-09-13 00:00:00+00:00,5.087163206384348,88.94532137826181,7.0,0.0,40.7181029603904,4.101336384281979,2.7570293320538735,31.9778811410765,2.6895283105892043,0.053876765296479334,0.36100460801856116,9,178,13726.0,41.0,False,True
2026-104R,2026-108S,2026-09-13 00:00:00+00:00,2026-09-13 00:00:00+00:00,1,3.0,8.243313341210134,2026-09-13 00:00:00+00:00,5.0776464940045845,88.92427299990196,7.0,0.0,40.692243157171646,1349.609980858929,483.319541879806,1179.885735034893,1734.0615466014547,0.30790177110533534,1.6999142032688326,9,178,13726.0,41.0,False,False
2026-104S,2026-108R,2026-08-20 00:00:00+00:00,2026-08-23 00:00:00+00:00,2,6.0,1.9122433605943447,2026-08-20 00:00:00+00:00,5.086175549825974,88.92692264758958,7.0,0.0,40.71083134424297,5.231725159532176,4.616000724614898,35.13162753644283,1.2315727169514106,-0.15090889283783326,0.09442658875900634,9,176,13439.0,41.0,False,True
2026-104T,2026-108D,2026-08-14 00:00:00+00:00,2026-08-14 00:00:00+00:00,1,3.0,4.209904203197232,2026-08-14 00:00:00+00:00,5.077676832845307,88.92760402563444,7.0,0.0,40.692664540477836,5.247000195827364,3.9927977324857107,36.82215716645271,2.509344593412497,0.03758193867631121,0.2967406058667237,9,164,11663.0,41.0,False,True
2026-104T,2026-125Q,2026-08-20 00:00:00+00:00,2026-08-20 00:00:00+00:00,1,3.0,6.716959401815196,2026-08-20 00:00:00+00:00,7.462486235367581,88.83592809199928,7.0,4.0,61.44926080968583,389.37285415931126,70.12559335451665,526.599041341067,639.5285176759056,0.07071146753271762,1.2986881245398365,9,176,13439.0,61.0,False,False
2026-108A,2026-125Q,2026-08-17 00:00:00+00:00,2026-08-17 00:00:00+00:00,1,3.0,6.461940189184936,2026-08-17 00:00:00+00:00,11.385458431977971,88.38343538081858,0.0,4.0,102.15083696674994,1462.2634060335945,1302.0922254897346,1222.4660779771543,320.4990911913129,-1.253180143982803,1.6833457875783608,9,173,12995.0,102.0,False,False
2026-108C,2026-124C,2026-08-11 00:00:00+00:00,2026-08-11 00:00:00+00:00,1,3.0,9.193400411898006,2026-08-11 00:00:00+00:00,2.5981896287156765,88.99373741716552,0.0,8.0,20.450084360112392,1039.9347826553474,522.5255719192384,1032.3759964562764,1034.7810881094747,0.2489368994488359,0.3080002326001079,9,158,10770.0,20.0,False,True
2026-108H,2026-125F,2026-08-17 00:00:00+00:00,2026-08-17 00:00:00+00:00,1,3.0,0.6921771826175023,2026-08-17 00:00:00+00:00,11.380045162920208,88.41418077973317,0.0,4.0,102.09513481494054,58.766339663161894,0.7809198611794272,403.11866680999975,316.61687398049276,0.4380716990767155,-3.7753015647166706,9,173,12995.0,102.0,False,False
2026-108K,2026-125K,2026-08-29 00:00:00+00:00,2026-08-29 00:00:00+00:00,1,3.0,8.239323297265852,2026-08-29 00:00:00+00:00,11.364153058035743,88.37475124860752,0.0,4.0,102.14197334093528,379.6281539511784,378.75116514613023,433.52060037682105,1.7539777417024618,-0.27048511421742205,0.3895429286150289,9,178,13726.0,102.0,False,True
2026-108L,2026-125G,2026-08-14 00:00:00+00:00,2026-08-14 00:00:00+00:00,1,3.0,9.102475373210838,2026-08-14 00:00:00+00:00,11.363252619058253,88.40263752415075,0.0,4.0,102.07520820628314,284.5828810296259,6.426514777789285,379.42220879149113,620.0509481116658,0.26910782348156204,1.429649610800908,9,164,11663.0,102.0,False,False
2026-108M,2026-125N,2026-08-23 00:00:00+00:00,2026-08-23 00:00:00+00:00,1,3.0,6.079473485550215,2026-08-23 00:00:00+00:00,11.370848376213807,88.3964002272113,0.0,4.0,102.11896582880281,20.358585921202163,5.96105014285331,392.0724067470433,269.99055048146175,0.33969907138299504,-4.755538310615179,9,178,13727.0,102.0,False,False
2026-108P,2026-124K,2026-08-14 00:00:00+00:00,2026-08-14 00:00:00+00:00,1,3.0,7.21895399003152,2026-08-14 00:00:00+00:00,2.5970320981463444,88.98516313403289,0.0,8.0,20.474251629956353,1294.0221861402495,243.95016797492835,1748.6064238212339,2101.623308090922,3.8851731436951127,0.3301335348500629,9,164,11663.0,20.0,False,False
2026-124K,2026-125J,2026-08-20 00:00:00+00:00,2026-08-20 00:00:00+00:00,1,3.0,4.989624383295033,2026-08-20 00:00:00+00:00,9.549655936575816,88.65564058799154,8.0,4.0,81.57191127062991,149.2766139151498,4.056539590875218,22.54792327546894,392.1875210162192,2.0212348192233947,0.1763406835484318,9,176,13439.0,82.0,False,False
