id_1,id_2,plane_1,plane_2,ideal_dmin_km,observed_dmin_km
2024-140A,2024-185L,4,2,4844.413179600015,4796.88480111047
2024-140A,2024-185M,4,2,339.1972351439636,384.52676134950445
2024-140A,2024-185P,4,2,4870.409717427716,4852.444282805308
2024-140A,2024-232B,4,0,1187.3622185000631,1206.046997796444
2024-140A,2024-232C,4,0,8599.765649947303,8575.581072413494
2024-140A,2024-232E,4,0,5032.911597305042,4967.357031222916
2024-140A,2024-232F,4,0,2046.2826255801842,1986.7912513487097
2024-140A,2024-232H,4,0,3594.126953163505,3523.854979796265
2024-140A,2024-232J,4,0,7412.509353185117,7344.427570885251
2024-140A,2024-232K,4,0,6851.873399866241,6854.18735163376
2024-140A,2024-232L,4,0,8898.071373603801,8835.832898931889
2024-140A,2024-232M,4,0,8281.084198153034,8210.735253891917
2024-140A,2024-232N,4,0,4277.551715976267,4332.8816246584975
2024-140A,2024-232P,4,0,436.0910510655997,376.83515000723236
2024-140A,2024-232Q,4,0,7845.025446077862,7819.685474769551
2024-140A,2024-232R,4,0,2774.574867574357,2810.305406733869
2024-140A,2024-232S,4,0,9310.402555249815,9286.537176635667
2024-140A,2024-232T,4,0,5650.568912770789,5676.7200743431995
2024-140A,2024-232U,4,0,6318.666910406475,6257.628721614618
2024-140A,2025-016A,4,3,549.8980423267722,550.9090487037927
2024-140A,2025-016B,4,3,1744.4440446714123,1740.9674108149698
2024-140A,2025-016C,4,3,1507.726126434882,1478.1002195049712
2024-140A,2025-016D,4,3,1930.217685616195,1935.5544227502849
2024-140A,2025-016E,4,3,1746.3730592787044,1732.3700773295948
2024-140A,2025-016F,4,3,898.9340866686257,892.8861162978803
2024-140A,2025-016G,4,3,2058.4576823818015,2008.6930851415252
2024-140A,2025-016H,4,3,1931.6566404605812,1911.5276999651423
2024-140A,2025-016J,4,3,187.4276146477397,180.5695891735049
2024-140A,2025-016K,4,3,2122.6225883042503,2118.6177686470905
2024-140A,2025-016L,4,3,2122.315578686305,2115.7648366409317
2024-140A,2025-016M,4,3,901.9504018778892,898.9912390640077
2024-140A,2025-016N,4,3,553.5994742566025,555.6139504417778
2024-140A,2025-016P,4,3,1223.795166829583,1210.0390901182373
2024-140A,2025-016Q,4,3,184.82852374353817,184.4249852443676
2024-140A,2025-016R,4,3,1505.3302314059029,1495.680792241705
2024-140A,2025-016S,4,3,1220.772731277127,1213.6671276168884
2024-140A,2025-016T,4,3,2057.5980900150676,2050.43779944935
2024-140A,2025-046A,4,5,7879.956236181607,7791.716345442847
2024-140A,2025-046B,4,5,13981.218720563164,13937.622012653941
2024-140A,2025-046C,4,5,14309.65701553488,14312.289994803468
2024-140A,2025-046D,4,5,13540.514159742508,13584.368964005114
2024-140A,2025-046F,4,5,3177.3866637239025,2704.0528129692584
2024-140A,2025-046G,4,5,12359.949360820578,12384.342757510363
2024-140A,2025-046H,4,5,14533.409523215045,14510.61022818748
2024-140A,2025-046J,4,5,10803.834635216674,10826.940488237036
2024-140A,2025-046K,4,5,11632.088109923667,11536.724601750118
2024-140A,2025-046M,4,5,4403.132507816854,4476.100440468382
2024-140A,2025-046N,4,5,1908.4315254299893,1947.2813957557842
2024-140A,2025-046P,4,5,6764.054106693673,6790.912583616056
2024-140A,2025-046Q,4,5,9906.524802563134,9844.689651697936
2024-140A,2025-046R,4,5,644.2675474049158,577.0342246333381
2024-140A,2025-046S,4,5,14644.008058010104,14628.36806861646
2024-140A,2025-046T,4,5,5613.95928167296,5491.98492907799
2024-140A,2025-233A,4,1,5774.339487395685,5760.892054003013
2024-140A,2025-233B,4,1,6822.9252497133475,6843.014037342643
2024-140A,2025-233C,4,1,7048.518202381931,7011.749638935747
2024-140A,2025-233D,4,1,6395.7563548041335,6394.460410700304
2024-140A,2025-233E,4,1,7042.688707660252,7084.386484569204
2024-140A,2025-233F,4,1,4084.056945248654,4042.7093273177074
2024-140A,2025-233G,4,1,6840.1748021117555,6809.762994473899
2024-140A,2025-233H,4,1,5812.646136477226,5792.707171373991
2024-140A,2025-233J,4,1,5024.634017414593,4996.279280658423
2024-140A,2025-233K,4,1,6423.987444042305,6382.425433037629
2024-140A,2025-233M,4,1,1862.908063243715,1825.2547905165986
2024-140A,2025-233N,4,1,649.6813756004722,604.7521240399552
2024-140A,2025-233P,4,1,583.404695938041,592.593462766579
2024-140A,2025-233Q,4,1,2958.7265732565497,3001.8312886070985
2024-140A,2025-233R,4,1,1798.2587336133215,1805.4375481616419
2024-140A,2025-233S,4,1,4029.29189771071,4026.3404203378946
2024-140A,2025-233T,4,1,4977.407474809594,4982.719459795902
2024-140A,2026-075A,4,6,13738.087332139221,13742.726926541218
2024-140A,2026-075B,4,6,13735.772918159138,13715.924031814311
2024-140A,2026-075C,4,6,13109.909374623126,13160.730020197594
2024-140A,2026-075D,4,6,4764.531942261205,4631.242677321232
2024-140A,2026-075E,4,6,13948.845061452363,13939.569746810048
2024-140A,2026-075F,4,6,13105.346211384718,13077.314027226068
2024-140A,2026-075G,4,6,6.665985409575504,75.75959058746241
2024-140A,2026-075H,4,6,6968.64928537112,6891.098010143765
2024-140A,2026-075J,4,6,12076.72227522038,11992.748922807303
2024-140A,2026-075K,4,6,4777.052284469529,4837.667850525099
2024-140A,2026-075L,4,6,8961.042598612814,8911.03896640146
2024-140A,2026-075M,4,6,2415.6266308780564,2346.004185802712
2024-140A,2026-075N,4,6,10689.721831585131,10753.705215558446
2024-140A,2026-075P,4,6,6980.1967240770255,7043.7583820468935
2024-140A,2026-075Q,4,6,10681.149618259113,10632.677881997231
2024-140A,2026-075R,4,6,2428.7574769703124,2520.2328404376062
2024-140A,2026-075S,4,6,8971.250905501045,9051.007184767977
2024-140A,2026-075T,4,6,12083.386223889327,12083.396148780866
2024-140A,2026-104A,4,7,12204.607937330122,12233.353436915797
2024-140A,2026-104B,4,7,12784.709219332219,12767.352080943194
2024-140A,2026-104C,4,7,5908.958479940566,5854.211689983559
2024-140A,2026-104D,4,7,11350.988272543625,11349.435867012833
2024-140A,2026-104E,4,7,11822.78686291097,11755.2362870398
2024-140A,2026-104F,4,7,12687.409317028918,12681.716852510135
2024-140A,2026-104G,4,7,12493.549473879662,12457.707106110294
2024-140A,2026-104H,4,7,1670.3557180520554,1582.7834111396403
2024-140A,2026-104J,4,7,10792.784196546441,10746.409511291089
2024-140A,2026-104K,4,7,7790.250502938578,7728.1558873932045
2024-140A,2026-104L,4,7,9434.865877605464,9359.54430172145
2024-140A,2026-104M,4,7,2769.7607121453325,2800.942320873664
2024-140A,2026-104N,4,7,3848.0975313961694,3712.581392279073
2024-140A,2026-104P,4,7,558.2168809402207,595.1382238453378
2024-140A,2026-104Q,4,7,4897.164921068773,4967.585446190332
2024-140A,2026-104R,4,7,8645.460462364757,8658.002226849785
2024-140A,2026-104S,4,7,6875.763325313458,6938.203945145277
2024-140A,2026-104T,4,7,10152.453250348242,10158.697462885058
2024-140A,2026-108A,4,0,8253.794290724885,8260.892553942265
2024-140A,2026-108B,4,0,5697.454880596585,5676.924213352599
2024-140A,2026-108C,4,0,9236.986076842337,9253.11643181056
2024-140A,2026-108D,4,0,7376.525256277884,7414.803825659625
2024-140A,2026-108E,4,0,8880.296194296083,8892.952304041093
2024-140A,2026-108F,4,0,9312.978256006096,9316.52188241194
2024-140A,2026-108G,4,0,2830.938120393874,2730.3254600818095
2024-140A,2026-108H,4,0,8622.383430142963,8609.933286420297
2024-140A,2026-108J,4,0,9106.04976150878,9102.53097650949
2024-140A,2026-108K,4,0,7876.7776307201175,7825.908089329459
2024-140A,2026-108L,4,0,6891.804380493449,6859.4566217372985
2024-140A,2026-108M,4,0,377.0353112226981,395.59617009405997
2024-140A,2026-108N,4,0,4329.981196342522,4246.694265583515
2024-140A,2026-108P,4,0,1988.6008740623017,2001.9847252004615
2024-140A,2026-108Q,4,0,1245.9777874431581,1205.1685282960811
2024-140A,2026-108R,4,0,4983.056524422618,5053.718049394811
2024-140A,2026-108S,4,0,6275.091068457435,6297.677841380271
2024-140A,2026-108T,4,0,3539.523915529574,3573.9893997537115
2024-140A,2026-121A,4,5,13004.217337350863,12955.26353877817
2024-140A,2026-121B,4,5,8919.449496818548,8946.249306911617
2024-140A,2026-124A,4,8,9759.372581028714,9783.773561190517
2024-140A,2026-124B,4,8,10585.19598083166,10602.827291288055
2024-140A,2026-124C,4,8,11089.359314321835,11081.248237748956
2024-140A,2026-124D,4,8,11256.598057139865,11242.076400907707
2024-140A,2026-124E,4,8,11081.81186081505,11048.10657701421
2024-140A,2026-124F,4,8,10570.301617515463,10529.984533974823
2024-140A,2026-124G,4,8,8609.07264236991,8525.973676279458
2024-140A,2026-124H,4,8,9737.636314433788,9689.921491118037
2024-140A,2026-124J,4,8,7218.967469768169,7190.507030095984
2024-140A,2026-124K,4,8,1933.2714608054014,1901.8695786191176
2024-140A,2026-124L,4,8,21.74904550843713,109.72566185539901
2024-140A,2026-124M,4,8,1976.1212792721024,2052.0560168184734
2024-140A,2026-124N,4,8,5647.146413487009,5691.61347095617
2024-140A,2026-124P,4,8,3870.425463127901,3903.556352148605
2024-140A,2026-124Q,4,8,7252.26121544953,7292.471968274446
2024-140A,2026-124R,4,8,8637.048877266836,8675.870704701229
2024-140A,2026-124S,4,8,5609.4627127019185,5522.501644087327
2024-140A,2026-124T,4,8,3829.5768183489636,3778.222583436629
2024-140B,2024-185L,4,2,1177.6383612228997,1053.5883374929915
2024-140B,2024-185M,4,2,4450.434636560282,4417.101985240767
2024-140B,2024-185P,4,2,1585.1158341846228,1627.6013123601433
2024-140B,2024-232B,4,0,8281.117424851322,8209.673164126032
2024-140B,2024-232C,4,0,436.08192806288713,396.74813418904546
2024-140B,2024-232E,4,0,9093.239479673475,9068.923455334567
2024-140B,2024-232F,4,0,9244.698126753177,9185.62929641552
2024-140B,2024-232H,4,0,9310.400268757363,9246.454494999833
2024-140B,2024-232J,4,0,7845.006653044785,7815.765629119403
2024-140B,2024-232K,4,0,3594.1288455303347,3523.011957507777
2024-140B,2024-232L,4,0,5650.553029417713,5609.196156698149
2024-140B,2024-232M,4,0,6851.887129761158,6818.363057726249
2024-140B,2024-232N,4,0,6318.6743761470025,6212.319370239172
2024-140B,2024-232P,4,0,8898.062498638063,8825.925390006905
2024-140B,2024-232Q,4,0,2046.2697071344714,2010.8443577651442
2024-140B,2024-232R,4,0,7412.490917860206,7332.488718163978
2024-140B,2024-232S,4,0,2774.5633097482046,2774.362279470996
2024-140B,2024-232T,4,0,5032.872984608859,4942.651658972574
2024-140B,2024-232U,4,0,8599.76988189092,8587.012316075135
2024-140B,2025-016A,4,3,1746.243733157124,1697.050750090177
2024-140B,2025-016B,4,3,553.5599493927895,553.9496247606377
2024-140B,2025-016C,4,3,1930.244972747702,1875.85525309559
2024-140B,2025-016D,4,3,187.38755934936938,177.8084223328518
2024-140B,2025-016E,4,3,1744.3046289640176,1701.6547528729534
2024-140B,2025-016F,4,3,1507.7725667868413,1490.319183577371
2024-140B,2025-016G,4,3,1220.6495609619474,1165.3454224951222
2024-140B,2025-016H,4,3,1505.4268904246637,1476.9266174166794
2024-140B,2025-016J,4,3,2058.393067235653,2021.748165460122
2024-140B,2025-016K,4,3,899.1991907426561,881.3129131931291
2024-140B,2025-016L,4,3,549.793435818787,528.9125470545978
2024-140B,2025-016M,4,3,2122.2966523367963,2085.884603024267
2024-140B,2025-016N,4,3,2122.732189346674,2088.957196468177
2024-140B,2025-016P,4,3,2057.5899265967782,2015.2756337600172
2024-140B,2025-016Q,4,3,1931.7409488072137,1920.083274732497
2024-140B,2025-016R,4,3,901.961315130777,883.4701959242025
2024-140B,2025-016S,4,3,1223.534735300218,1205.4963119444828
2024-140B,2025-016T,4,3,186.4609547773524,186.26606214686814
2024-140B,2025-046A,4,5,14309.656808349784,14304.471793169736
2024-140B,2025-046B,4,5,8919.44951010013,8953.773546564778
2024-140B,2025-046C,4,5,1908.4270913548899,1944.8892772460908
2024-140B,2025-046D,4,5,644.2741168968936,511.47540587935487
2024-140B,2025-046F,4,5,14533.408565204825,14452.344081777304
2024-140B,2025-046G,4,5,3177.384954734457,3114.8242126475834
2024-140B,2025-046H,4,5,6764.052994250722,6782.422786379638
2024-140B,2025-046J,4,5,5613.960575685445,5564.11345285454
2024-140B,2025-046K,4,5,12359.949324560774,12386.272330834234
2024-140B,2025-046M,4,5,11632.088080498635,11549.351705565827
2024-140B,2025-046N,4,5,13004.216893147584,12958.915607770241
2024-140B,2025-046P,4,5,9906.525841931623,9866.328909751126
2024-140B,2025-046Q,4,5,13540.51487831928,13534.630786803062
2024-140B,2025-046R,4,5,13981.21898276482,13956.771590649607
2024-140B,2025-046S,4,5,4403.1327804695975,4403.310127515649
2024-140B,2025-046T,4,5,14644.008582051663,14632.674027989366
2024-140B,2025-233A,4,1,1862.853296700513,1846.1956920552375
2024-140B,2025-233B,4,1,583.6702095962904,708.3355660149946
2024-140B,2025-233C,4,1,2958.798459063985,3003.524526849187
2024-140B,2025-233D,4,1,649.6792011835672,623.9927276240894
2024-140B,2025-233E,4,1,1798.2469000969747,1825.3044670638565
2024-140B,2025-233F,4,1,6822.889849604258,6776.172593223346
2024-140B,2025-233G,4,1,4029.2683954741883,3995.5534122563
2024-140B,2025-233H,4,1,5774.310373264231,5766.43047318329
2024-140B,2025-233J,4,1,6395.76665199123,6343.652166551083
2024-140B,2025-233K,4,1,4977.4354563163,4964.9158991041795
2024-140B,2025-233M,4,1,7048.535077174595,7012.909696479096
2024-140B,2025-233N,4,1,6840.162963726887,6787.256373855306
2024-140B,2025-233P,4,1,6424.036666607293,6387.930829732268
2024-140B,2025-233Q,4,1,5024.649855139889,4979.584947640563
2024-140B,2025-233R,4,1,5812.619574687491,5774.949251387812
2024-140B,2025-233S,4,1,4084.0011642596523,4048.3147281794977
2024-140B,2025-233T,4,1,3019.246023394678,2976.7058567479226
2024-140B,2026-075A,4,6,2428.7566651945276,2453.0367841564057
2024-140B,2026-075B,4,6,6980.194899520663,6954.792909211507
2024-140B,2026-075C,4,6,6.665985409422842,156.94618512627457
2024-140B,2026-075D,4,6,13948.845967109713,13934.35248188088
2024-140B,2026-075E,4,6,4777.059869830546,4769.616825838178
2024-140B,2026-075F,4,6,8971.253640829354,8943.33859666081
2024-140B,2026-075G,4,6,13105.349573350308,13065.34528472133
2024-140B,2026-075H,4,6,13738.087477110887,13726.483636973167
2024-140B,2026-075J,4,6,10689.719546010314,10723.299108758554
2024-140B,2026-075K,4,6,10681.151025298146,10627.354348565797
2024-140B,2026-075L,4,6,13109.906618804293,13088.414839854442
2024-140B,2026-075M,4,6,13735.772150099716,13713.699747162744
2024-140B,2026-075N,4,6,4764.5268039807415,4660.7687170189165
2024-140B,2026-075P,4,6,8961.038810808612,8892.35136090303
2024-140B,2026-075Q,4,6,12083.387286747358,12063.68267910186
2024-140B,2026-075R,4,6,12076.720363161392,12015.725327928732
2024-140B,2026-075S,4,6,6968.649763568528,6866.109378712905
2024-140B,2026-075T,4,6,2415.626719577998,2413.5173081444955
2024-140B,2026-104A,4,7,558.1964606807211,664.2407020461873
2024-140B,2026-104B,4,7,4897.157518675125,4921.883693232735
2024-140B,2026-104C,4,7,12687.413378940872,12666.988464403126
2024-140B,2026-104D,4,7,1670.3959071394363,1658.8708420633923
2024-140B,2026-104E,4,7,8645.453394759796,8687.728528570882
2024-140B,2026-104F,4,7,2769.785191280649,2772.7326489790676
2024-140B,2026-104G,4,7,6875.769571846135,6903.537030226249
2024-140B,2026-104H,4,7,12493.558943521532,12456.634848854786
2024-140B,2026-104J,4,7,10152.455032943442,10129.960887262647
2024-140B,2026-104K,4,7,12204.608143334493,12181.911858976415
2024-140B,2026-104L,4,7,11350.98070010961,11352.889971749983
2024-140B,2026-104M,4,7,10792.78630370935,10755.961719107185
2024-140B,2026-104N,4,7,12784.70674713835,12759.652707900252
2024-140B,2026-104P,4,7,11822.78130358345,11788.074485194891
2024-140B,2026-104Q,4,7,9434.85725954988,9368.011375146742
2024-140B,2026-104R,4,7,5908.955120468089,5879.885054011699
2024-140B,2026-104S,4,7,7790.250937093368,7715.622223183657
2024-140B,2026-104T,4,7,3848.097203372284,3824.80392234492
2024-140B,2026-108A,4,0,1245.886931098633,1242.810948568973
2024-140B,2026-108B,4,0,8880.31592428439,8876.858460984284
2024-140B,2026-108C,4,0,1988.514941133259,2052.636985987352
2024-140B,2026-108D,4,0,2830.9834429584307,2774.3923521295683
2024-140B,2026-108E,4,0,377.2225802763019,397.6314481152362
2024-140B,2026-108F,4,0,3539.527572148952,3536.1896992561256
2024-140B,2026-108G,4,0,9312.992005680506,9294.904791766907
2024-140B,2026-108H,4,0,6275.091132871873,6256.70046899336
2024-140B,2026-108J,4,0,4983.0347479419115,4971.676778548599
2024-140B,2026-108K,4,0,7376.537914410195,7388.204678019728
2024-140B,2026-108L,4,0,8253.793033652113,8241.046929055101
2024-140B,2026-108M,4,0,8622.390370768768,8603.159267106324
2024-140B,2026-108N,4,0,9236.963856773533,9237.684242984777
2024-140B,2026-108P,4,0,7876.784694999887,7863.335043895159
2024-140B,2026-108Q,4,0,9106.023593378855,9090.089700746978
2024-140B,2026-108R,4,0,5697.487524572942,5624.959158160164
2024-140B,2026-108S,4,0,4329.968374323954,4312.053047760848
2024-140B,2026-108T,4,0,6891.803167307085,6864.52620423699
2024-140B,2026-121A,4,5,10803.834920984018,10789.547880263093
2024-140B,2026-121B,4,5,7879.955931850702,7836.078861369621
2024-140B,2026-124A,4,8,1933.269339354497,1864.0702530792294
2024-140B,2026-124B,4,8,21.74904550843195,101.5709365193761
2024-140B,2026-124C,4,8,1976.1063273203645,1974.4670053079462
2024-140B,2026-124D,4,8,3870.451317733969,3848.6450078682756
2024-140B,2026-124E,4,8,5647.13397917937,5673.9949054977815
2024-140B,2026-124F,4,8,7252.269405604971,7249.925050155336
2024-140B,2026-124G,4,8,9759.374499763533,9758.159477263036
2024-140B,2026-124H,4,8,8637.03603841148,8621.356874166671
2024-140B,2026-124J,4,8,10585.185578394758,10547.389253801693
2024-140B,2026-124K,4,8,11081.806210345525,11057.734370726073
2024-140B,2026-124L,4,8,10570.318782198667,10514.580623870961
2024-140B,2026-124M,4,8,9737.623240015957,9676.583284874312
2024-140B,2026-124N,4,8,7218.948531474265,7160.4197618728185
2024-140B,2026-124P,4,8,8609.075700365604,8571.205487189913
2024-140B,2026-124Q,4,8,5609.46333656296,5549.0436065200975
2024-140B,2026-124R,4,8,3829.578289901204,3758.5083772135035
2024-140B,2026-124S,4,8,11089.359501802946,11062.954574902466
2024-140B,2026-124T,4,8,11256.608149512209,11227.365891837426
2024-140C,2024-185L,4,2,510.06714556688013,643.3752852998391
2024-140C,2024-185M,4,2,4859.362864295315,4858.748082495265
2024-140C,2024-185P,4,2,85.84265037309652,54.29320370617426
2024-140C,2024-232B,4,0,9244.683557204213,9193.268283400239
2024-140C,2024-232C,4,0,3594.1269531635,3589.43073131493
2024-140C,2024-232E,4,0,7845.025446077865,7807.4450273478105
2024-140C,2024-232F,4,0,9093.26043936031,9037.974481871232
2024-140C,2024-232H,4,0,8599.765649947303,8529.341674450561
2024-140C,2024-232J,4,0,5650.568912770788,5599.714614217073
2024-140C,2024-232K,4,0,6318.666910406475,6284.252809803768
2024-140C,2024-232L,4,0,2774.5748675743575,2709.025424134494
2024-140C,2024-232M,4,0,4277.551715976259,4222.398894444482
2024-140C,2024-232N,4,0,8281.084198153034,8222.219137654367
2024-140C,2024-232P,4,0,9310.402555249815,9260.36642616855
2024-140C,2024-232Q,4,0,5032.911597305041,5027.382096006656
2024-140C,2024-232R,4,0,8898.0713736038,8852.912733744863
2024-140C,2024-232S,4,0,436.091051065608,468.9330206864812
2024-140C,2024-232T,4,0,7412.509353185119,7364.026771039596
2024-140C,2024-232U,4,0,6851.873399866236,6820.773787996192
2024-140C,2025-016A,4,3,2058.4576823818015,2019.3651514866297
2024-140C,2025-016B,4,3,1223.7951668295839,1233.494797874937
2024-140C,2025-016C,4,3,1505.3302314059029,1463.1798344067204
2024-140C,2025-016D,4,3,901.9504018778898,901.6287393235227
2024-140C,2025-016E,4,3,1220.772731277128,1183.9875008458584
2024-140C,2025-016F,4,3,1931.6566404605817,1924.287288929392
2024-140C,2025-016G,4,3,549.8980423267706,510.60813265899105
2024-140C,2025-016H,4,3,898.9340866686266,879.2018496659988
2024-140C,2025-016J,4,3,2122.315578686305,2097.397497985969
2024-140C,2025-016K,4,3,184.82852374353837,169.3993580522062
2024-140C,2025-016L,4,3,187.42761464774043,208.52220042360005
2024-140C,2025-016M,4,3,1930.2176856161955,1901.032106874652
2024-140C,2025-016N,4,3,2057.5980900150676,2030.4763489324632
2024-140C,2025-016P,4,3,1744.4440446714132,1711.1120245920924
2024-140C,2025-016Q,4,3,2122.6225883042507,2121.16719916022
2024-140C,2025-016R,4,3,1507.726126434883,1496.6872146131898
2024-140C,2025-016S,4,3,1746.3730592787044,1737.005958219114
2024-140C,2025-016T,4,3,553.599474256603,554.292473436385
2024-140C,2025-046A,4,5,12359.949360820578,12315.251144279988
2024-140C,2025-046B,4,5,4403.132507816836,4369.460650448362
2024-140C,2025-046C,4,5,3177.3866637239075,3183.7008516617443
2024-140C,2025-046D,4,5,5613.9592816729555,5560.342020706249
2024-140C,2025-046F,4,5,14309.65701553488,14367.416260003229
2024-140C,2025-046G,4,5,7879.956236181605,7889.971347936213
2024-140C,2025-046H,4,5,1908.431525429989,1822.694928638282
2024-140C,2025-046J,4,5,9906.524802563135,9925.64557264507
2024-140C,2025-046K,4,5,8919.449496818546,8893.62165430816
2024-140C,2025-046M,4,5,13981.21872056316,13959.844189226671
2024-140C,2025-046N,4,5,14533.409523215045,14524.557628339373
2024-140C,2025-046P,4,5,13004.217337350867,13017.579975268796
2024-140C,2025-046Q,4,5,10803.834635216674,10735.804299808366
2024-140C,2025-046R,4,5,14644.008058010104,14632.7739472311
2024-140C,2025-046S,4,5,644.267547404916,697.1582097192677
2024-140C,2025-046T,4,5,13540.514159742508,13521.409840643691
2024-140C,2025-233A,4,1,4084.0569452486575,4092.937678982747
2024-140C,2025-233B,4,1,1862.9080632437156,1767.4084217826567
2024-140C,2025-233C,4,1,583.4046959380378,613.8169242818884
2024-140C,2025-233D,4,1,3019.241946918458,3024.0232001797112
2024-140C,2025-233E,4,1,649.681375600469,666.8608434783843
2024-140C,2025-233F,4,1,5774.339487395687,5717.672418757991
2024-140C,2025-233G,4,1,1798.258733613318,1742.9341713596073
2024-140C,2025-233H,4,1,4029.2918977107092,3999.1601320068557
2024-140C,2025-233J,4,1,4977.407474809593,4906.173661017915
2024-140C,2025-233K,4,1,2958.7265732565497,2930.276139765956
2024-140C,2025-233M,4,1,6822.9252497133475,6790.056089476456
2024-140C,2025-233N,4,1,7042.688707660252,7006.953380203043
2024-140C,2025-233P,4,1,7048.518202381932,7028.972653619964
2024-140C,2025-233Q,4,1,6423.987444042306,6417.054697939682
2024-140C,2025-233R,4,1,6840.1748021117555,6822.650940039424
2024-140C,2025-233S,4,1,5812.646136477225,5802.144855516906
2024-140C,2025-233T,4,1,5024.634017414594,5011.970362484795
2024-140C,2026-075A,4,6,2415.626630878054,2461.0485929105835
2024-140C,2026-075B,4,6,2428.7574769703187,2331.6332750465767
2024-140C,2026-075C,4,6,4764.5319422612065,4691.193191798871
2024-140C,2026-075D,4,6,13109.909374623126,13094.655628456077
2024-140C,2026-075E,4,6,6.6659854095692905,72.24239668496386
2024-140C,2026-075F,4,6,4777.052284469523,4677.744787041356
2024-140C,2026-075G,4,6,13948.845061452363,13938.136691658594
2024-140C,2026-075H,4,6,12083.386223889329,12037.20004955353
2024-140C,2026-075J,4,6,6980.1967240770255,6966.299929537026
2024-140C,2026-075K,4,6,13105.346211384718,13102.0224480934
2024-140C,2026-075L,4,6,10689.721831585133,10613.247840775615
2024-140C,2026-075M,4,6,13738.087332139221,13715.756357327089
2024-140C,2026-075N,4,6,8961.042598612821,8933.913602362714
2024-140C,2026-075P,4,6,12076.72227522038,12070.60205355987
2024-140C,2026-075Q,4,6,8971.250905501047,8890.124042736561
2024-140C,2026-075R,4,6,13735.772918159138,13724.504005838004
2024-140C,2026-075S,4,6,10681.149618259113,10654.348958217688
2024-140C,2026-075T,4,6,6968.64928537113,7030.8039933765585
2024-140C,2026-104A,4,7,3848.097531396162,3807.597848055647
2024-140C,2026-104B,4,7,558.2168809402207,524.4950528512082
2024-140C,2026-104C,4,7,11350.988272543625,11298.451437751126
2024-140C,2026-104D,4,7,5908.958479940568,5955.688621239335
2024-140C,2026-104E,4,7,4897.164921068772,4895.963865201854
2024-140C,2026-104F,4,7,1670.3557180520609,1728.1678334490912
2024-140C,2026-104G,4,7,2769.7607121453266,2743.0639871008884
2024-140C,2026-104H,4,7,12687.409317028918,12666.185691735001
2024-140C,2026-104J,4,7,6875.763325313464,6798.550080603467
2024-140C,2026-104K,4,7,10152.453250348242,10090.505533539903
2024-140C,2026-104L,4,7,8645.460462364745,8607.897663319067
2024-140C,2026-104M,4,7,12493.549473879662,12488.591395405478
2024-140C,2026-104N,4,7,12204.607937330122,12190.262162696723
2024-140C,2026-104P,4,7,12784.709219332219,12772.788589355834
2024-140C,2026-104Q,4,7,11822.786862910973,11811.402848392334
2024-140C,2026-104R,4,7,9434.865877605462,9459.617156232325
2024-140C,2026-104S,4,7,10792.784196546443,10780.022333218767
2024-140C,2026-104T,4,7,7790.2505029385775,7823.972473588758
2024-140C,2026-108A,4,0,4329.981196342527,4371.659608811497
2024-140C,2026-108B,4,0,7376.5252562778805,7342.990768069618
2024-140C,2026-108C,4,0,1245.977787443153,1226.455126615264
2024-140C,2026-108D,4,0,5697.454880596584,5692.5910754798115
2024-140C,2026-108E,4,0,2830.9381203938715,2856.731580949704
2024-140C,2026-108F,4,0,377.035311222694,328.17024723853507
2024-140C,2026-108G,4,0,8880.296194296083,8877.326526706112
2024-140C,2026-108H,4,0,3539.52391552957,3478.7048464352038
2024-140C,2026-108J,4,0,1988.6008740623101,1932.4823922216967
2024-140C,2026-108K,4,0,4983.056524422618,4969.20581386437
2024-140C,2026-108L,4,0,6275.091068457435,6231.241126006899
2024-140C,2026-108M,4,0,9312.978256006096,9312.748889763494
2024-140C,2026-108N,4,0,8253.794290724885,8255.087286987911
2024-140C,2026-108P,4,0,9106.04976150878,9117.534302849846
2024-140C,2026-108Q,4,0,9236.986076842337,9230.43319928419
2024-140C,2026-108R,4,0,7876.777630720118,7860.021171547327
2024-140C,2026-108S,4,0,6891.804380493449,6919.613091289667
2024-140C,2026-108T,4,0,8622.383430142962,8634.189566479976
2024-140C,2026-121A,4,5,6764.054106693661,6679.538139514584
2024-140C,2026-121B,4,5,11632.088109923667,11647.721711960836
2024-140C,2026-124A,4,8,5609.462712701918,5596.2098369694895
2024-140C,2026-124B,4,8,3829.576818348969,3807.549302354443
2024-140C,2026-124C,4,8,1933.271460805405,1985.5607978128169
2024-140C,2026-124D,4,8,21.74904550843212,53.07347111445687
2024-140C,2026-124E,4,8,1976.1212792720876,1959.0160620559795
2024-140C,2026-124F,4,8,3870.4254631278955,3823.418124538616
2024-140C,2026-124G,4,8,7252.261215449526,7224.925897375335
2024-140C,2026-124H,4,8,5647.14641348701,5588.991060273041
2024-140C,2026-124J,4,8,8637.048877266832,8555.854241238876
2024-140C,2026-124K,4,8,11089.359314321833,11060.560417706693
2024-140C,2026-124L,4,8,11256.598057139865,11239.528246487076
2024-140C,2026-124M,4,8,11081.811860815053,11064.970044122894
2024-140C,2026-124N,4,8,9737.636314433787,9729.792887663862
2024-140C,2026-124P,4,8,10570.301617515463,10571.442536350907
2024-140C,2026-124Q,4,8,8609.072642369907,8604.051022354528
2024-140C,2026-124R,4,8,7218.967469768167,7206.4287435544475
2024-140C,2026-124S,4,8,9759.372581028716,9719.79780013409
2024-140C,2026-124T,4,8,10585.195980831662,10540.228467694898
2024-140D,2024-185L,4,2,3940.368441654163,3827.6314566903297
2024-140D,2024-185M,4,2,2136.22974421497,2096.6889146346625
2024-140D,2024-185P,4,2,4175.008742776894,4174.191992782213
2024-140D,2024-232B,4,0,3594.1523732594605,3565.482647509005
2024-140D,2024-232C,4,0,5650.560673821338,5621.062774268316
2024-140D,2024-232E,4,0,8281.08357167849,8245.368058835897
2024-140D,2024-232F,4,0,6318.672359794918,6265.928205414248
2024-140D,2024-232H,4,0,7412.500737418316,7349.796285700737
2024-140D,2024-232J,4,0,9244.678710237966,9205.284479586997
2024-140D,2024-232K,4,0,2774.6649293012065,2779.736848933467
2024-140D,2024-232L,4,0,9093.229172199826,9032.554886364882
2024-140D,2024-232M,4,0,9310.429217756342,9260.578916738903
2024-140D,2024-232N,4,0,436.498770955689,365.7962682039967
2024-140D,2024-232P,4,0,5032.864524959109,4975.77790541397
2024-140D,2024-232Q,4,0,4277.549067456553,4245.314592179741
2024-140D,2024-232R,4,0,2046.1925213220493,2007.4061359724776
2024-140D,2024-232S,4,0,7845.0034323229875,7807.517261869483
2024-140D,2024-232T,4,0,1187.2798044028218,1219.9478476904335
2024-140D,2024-232U,4,0,8898.083643790531,8871.102215365134
2024-140D,2025-016A,4,3,553.0791950283461,538.2734806045044
2024-140D,2025-016B,4,3,898.9236551136452,880.5202033716945
2024-140D,2025-016C,4,3,2058.5344429116376,2013.419162281123
2024-140D,2025-016D,4,3,1220.7007733935484,1214.2591864990222
2024-140D,2025-016E,4,3,2122.590522554663,2090.71274286428
2024-140D,2025-016F,4,3,188.99585585045196,196.07821505641033
2024-140D,2025-016G,4,3,2057.5132033466234,1988.0313812553359
2024-140D,2025-016H,4,3,2122.507998057101,2090.8826882231715
2024-140D,2025-016J,4,3,1223.4690754267363,1207.721789814544
2024-140D,2025-016K,4,3,1930.3571138392567,1909.556073094999
2024-140D,2025-016L,4,3,1744.2772974170894,1717.3834662083545
2024-140D,2025-016M,4,3,1746.304056401703,1731.3727672947382
2024-140D,2025-016N,4,3,1507.7655726603557,1499.696737651616
2024-140D,2025-016P,4,3,1931.6544174733353,1905.1230392626567
2024-140D,2025-016Q,4,3,902.1232380636549,908.6742772170265
2024-140D,2025-016R,4,3,550.1074670255942,536.8767848681232
2024-140D,2025-016S,4,3,184.02259338013755,176.02692947355487
2024-140D,2025-016T,4,3,1505.4165088146424,1487.8021307480121
2024-140D,2025-046A,4,5,13004.21667427372,12971.31114559582
2024-140D,2025-046B,4,5,14309.657112409934,14311.164549403784
2024-140D,2025-046C,4,5,10803.83391576377,10817.125537218131
2024-140D,2025-046D,4,5,8919.451139019155,8985.186405679937
2024-140D,2025-046F,4,5,9906.524391238921,9571.666785019952
2024-140D,2025-046G,4,5,6764.052140857974,6768.557353887102
2024-140D,2025-046H,4,5,13540.513921579959,13539.367147093484
2024-140D,2025-046J,4,5,4403.133118414956,4389.698073362975
2024-140D,2025-046K,4,5,14533.408616972236,14511.95381950473
2024-140D,2025-046M,4,5,3177.387262226889,3094.9550491026716
2024-140D,2025-046N,4,5,5613.959018626993,5567.9965375840875
2024-140D,2025-046P,4,5,644.2684878643316,634.9360668570669
2024-140D,2025-046Q,4,5,13981.2191404961,13966.201516025805
2024-140D,2025-046R,4,5,7879.957631834383,7853.761101237077
2024-140D,2025-046S,4,5,12359.950009439008,12350.046208371068
2024-140D,2025-046T,4,5,11632.089005650816,11573.554086049158
2024-140D,2025-233A,4,1,2958.711795093518,2930.6927556114065
2024-140D,2025-233B,4,1,4977.42081541863,5034.484548538806
2024-140D,2025-233C,4,1,6395.783955522384,6384.615653980874
2024-140D,2025-233D,4,1,4029.2877950343677,4015.44559356829
2024-140D,2025-233E,4,1,5774.308819523887,5798.640091288527
2024-140D,2025-233F,4,1,6423.98432722106,6386.7101927459535
2024-140D,2025-233G,4,1,6822.875763216797,6782.48934461315
2024-140D,2025-233H,4,1,7048.508207127403,7044.216575803882
2024-140D,2025-233J,4,1,6840.203686522178,6808.141771789802
2024-140D,2025-233K,4,1,7042.729409868851,7014.556467336112
2024-140D,2025-233M,4,1,5024.640068969961,4996.5011301542745
2024-140D,2025-233N,4,1,4083.9974624473416,4043.8773110897528
2024-140D,2025-233P,4,1,3019.27075618323,3011.6440974674533
2024-140D,2025-233Q,4,1,649.9846975884783,622.2859162653377
2024-140D,2025-233R,4,1,1862.766356513645,1861.836156951873
2024-140D,2025-233S,4,1,583.1409247403496,572.726632501182
2024-140D,2025-233T,4,1,1798.4295766481205,1796.3118568167888
2024-140D,2026-075A,4,6,10689.719673308682,10675.913549019135
2024-140D,2026-075B,4,6,13109.905663687256,13081.935714056572
2024-140D,2026-075C,4,6,8971.251691626394,9049.890325124068
2024-140D,2026-075D,4,6,10681.149920615464,10610.39996629548
2024-140D,2026-075E,4,6,12083.388259504918,12056.80748972718
2024-140D,2026-075F,4,6,13738.090461164626,13718.705396792806
2024-140D,2026-075G,4,6,6968.650901693832,6920.982864423951
2024-140D,2026-075H,4,6,12076.722560028635,12048.166121382608
2024-140D,2026-075J,4,6,13948.844074210156,13938.610645828961
2024-140D,2026-075K,4,6,2415.638170686764,2383.715584328098
2024-140D,2026-075L,4,6,13105.345844773776,13091.968433557631
2024-140D,2026-075M,4,6,8961.039066698044,8931.607369681587
2024-140D,2026-075N,4,6,4777.0499112069265,4833.969527410798
2024-140D,2026-075P,4,6,6.665985409422069,47.07587845239832
2024-140D,2026-075Q,4,6,13735.775723150631,13724.131788044404
2024-140D,2026-075R,4,6,4764.522375465444,4698.8910190736415
2024-140D,2026-075S,4,6,2428.7761780296632,2495.8038506073485
2024-140D,2026-075T,4,6,6980.19708327902,6941.149199048684
2024-140D,2026-104A,4,7,8645.452467503528,8687.888652281023
2024-140D,2026-104B,4,7,11350.97739528605,11338.995722241945
2024-140D,2026-104C,4,7,10792.78541723514,10772.614752184436
2024-140D,2026-104D,4,7,6875.7675096356625,6842.82960184101
2024-140D,2026-104E,4,7,12687.40766450457,12679.617855569753
2024-140D,2026-104F,4,7,10152.45975600381,10123.31894069261
2024-140D,2026-104G,4,7,12204.617162922612,12196.306448315023
2024-140D,2026-104H,4,7,7790.255090347806,7739.286628961014
2024-140D,2026-104J,4,7,12784.713466051973,12768.857973015025
2024-140D,2026-104K,4,7,11822.785149031812,11797.7637655075
2024-140D,2026-104L,4,7,12493.549162053774,12472.533526185993
2024-140D,2026-104M,4,7,3848.1165056701243,3839.0051703485724
2024-140D,2026-104N,4,7,9434.855827778176,9354.948295908873
2024-140D,2026-104P,4,7,5908.944422708116,5888.339509047828
2024-140D,2026-104Q,4,7,1670.3283071636022,1623.7983153821103
2024-140D,2026-104R,4,7,2769.75429423337,2753.326618346823
2024-140D,2026-104S,4,7,558.414426778004,601.3926476549119
2024-140D,2026-104T,4,7,4897.161904868389,4873.704200297103
2024-140D,2026-108A,4,0,4983.0103527278,4958.008618983128
2024-140D,2026-108B,4,0,8622.398105875249,8627.637609745378
2024-140D,2026-108C,4,0,7376.507222221486,7398.449022689494
2024-140D,2026-108D,4,0,3539.5795420331756,3562.7757010396917
2024-140D,2026-108E,4,0,6275.1320265982595,6266.195681410328
2024-140D,2026-108F,4,0,8253.810146869539,8241.034345161113
2024-140D,2026-108G,4,0,6891.835295779803,6833.629324529947
2024-140D,2026-108H,4,0,9236.971546395227,9227.37234228136
2024-140D,2026-108J,4,0,8880.290957338348,8869.62772887544
2024-140D,2026-108K,4,0,9312.983682949493,9302.94191519524
2024-140D,2026-108L,4,0,9106.023875288854,9097.738544632479
2024-140D,2026-108M,4,0,4330.022659159782,4326.778035908641
2024-140D,2026-108N,4,0,7876.758689166426,7841.101934224873
2024-140D,2026-108P,4,0,2830.9305977783597,2841.098748606992
2024-140D,2026-108Q,4,0,5697.443879980216,5683.458124166102
2024-140D,2026-108R,4,0,377.0839102892321,432.5308379602656
2024-140D,2026-108S,4,0,1988.5171164961223,1980.0988808729621
2024-140D,2026-108T,4,0,1245.9829950782903,1238.3161414873814
2024-140D,2026-121A,4,5,14644.008215025391,14630.041061497272
2024-140D,2026-121B,4,5,1908.4277556634142,1908.0840042998927
2024-140D,2026-124A,4,8,5647.1379148334245,5664.938692715784
2024-140D,2026-124B,4,8,7252.269960645814,7272.633906379758
2024-140D,2026-124C,4,8,8637.03302265038,8603.107542447802
2024-140D,2026-124D,4,8,9759.38533078807,9721.331160545076
2024-140D,2026-124E,4,8,10585.178557295234,10573.320472628295
2024-140D,2026-124F,4,8,11089.377549470304,11070.167355123727
2024-140D,2026-124G,4,8,11081.816930100953,11049.470091027164
2024-140D,2026-124H,4,8,11256.595673589356,11236.45794677491
2024-140D,2026-124J,4,8,10570.301722145236,10556.470549335225
2024-140D,2026-124K,4,8,7218.942451393117,7209.9444225335055
2024-140D,2026-124L,4,8,5609.4760515343605,5540.365545219297
2024-140D,2026-124M,4,8,3829.545587780961,3772.893993000993
2024-140D,2026-124N,4,8,21.749045508436158,48.18849777931997
2024-140D,2026-124P,4,8,1933.3417191927842,1924.3790524788978
2024-140D,2026-124Q,4,8,1976.199910934726,1998.2752969323114
2024-140D,2026-124R,4,8,3870.4198798211273,3897.2730858360715
2024-140D,2026-124S,4,8,9737.629553281957,9689.219553421091
2024-140D,2026-124T,4,8,8609.076015857192,8582.320620769378
2024-140E,2024-185L,4,2,4450.455247194011,4442.8466822226555
2024-140E,2024-185M,4,2,2723.234377851323,2772.6492179077973
2024-140E,2024-185P,4,2,4260.836738414703,4193.060043396032
2024-140E,2024-232B,4,0,5650.552743866871,5650.368279142289
2024-140E,2024-232C,4,0,9244.688593039644,9184.853373986984
2024-140E,2024-232E,4,0,436.10294724534504,357.24540329895603
2024-140E,2024-232F,4,0,2774.5624573984087,2816.5315842057516
2024-140E,2024-232H,4,0,1187.416004082484,1242.5901156476175
2024-140E,2024-232J,4,0,3594.1394203301556,3500.3532579744087
2024-140E,2024-232K,4,0,9093.232958850029,9063.44145997589
2024-140E,2024-232L,4,0,6318.711907070544,6227.745028619825
2024-140E,2024-232M,4,0,5032.862273919172,4932.812339959375
2024-140E,2024-232N,4,0,7845.002771024555,7857.019048235584
2024-140E,2024-232P,4,0,4277.607100067414,4311.729080566228
2024-140E,2024-232Q,4,0,9310.403772079664,9265.477503950655
2024-140E,2024-232R,4,0,6851.900308471481,6857.562294409109
2024-140E,2024-232S,4,0,8281.10505266958,8211.174506039026
2024-140E,2024-232T,4,0,8599.777028388127,8588.184770509955
2024-140E,2024-232U,4,0,2046.2292690718227,1957.6499881387736
2024-140E,2025-016A,4,3,1505.521466970343,1485.3602754607923
2024-140E,2025-016B,4,3,2122.31999707548,2113.1484595842535
2024-140E,2025-016C,4,3,553.31397542473,532.3927331376896
2024-140E,2025-016D,4,3,2122.663971439108,2113.637558090482
2024-140E,2025-016E,4,3,902.0258607092395,890.1978130061148
2024-140E,2025-016F,4,3,1744.2748356246657,1731.543372859924
2024-140E,2025-016G,4,3,1507.841964670803,1464.1222427270798
2024-140E,2025-016H,4,3,1223.4614109458753,1196.3703986194512
2024-140E,2025-016J,4,3,899.3778538549042,899.2230161965372
2024-140E,2025-016K,4,3,1746.218940766071,1730.842917245935
2024-140E,2025-016L,4,3,1931.8072138131051,1918.7520561087833
2024-140E,2025-016M,4,3,185.47934644761767,184.52681925468332
2024-140E,2025-016N,4,3,549.789875488212,543.8580198169909
2024-140E,2025-016P,4,3,187.45052366892034,179.55784606860146
2024-140E,2025-016Q,4,3,1220.6450148274266,1219.2987369215205
2024-140E,2025-016R,4,3,2057.5421093409373,2034.9901544939248
2024-140E,2025-016S,4,3,1930.2946879117721,1913.2020185499462
2024-140E,2025-016T,4,3,2058.3945857705567,2036.7377839607705
2024-140E,2025-046A,4,5,644.2809311452587,531.6949953327049
2024-140E,2025-046B,4,5,9906.524662630223,9787.543716215388
2024-140E,2025-046C,4,5,13981.219276512535,13913.771471280175
2024-140E,2025-046D,4,5,14533.408515362948,14485.78725799631
2024-140E,2025-046F,4,5,4403.13343324732,4839.015175378416
2024-140E,2025-046G,4,5,14644.008966027674,14630.008218018327
2024-140E,2025-046H,4,5,11632.0883871605,11545.29441568433
2024-140E,2025-046J,4,5,14309.656827651648,14317.98064075489
2024-140E,2025-046K,4,5,5613.961627752446,5458.483648578955
2024-140E,2025-046M,4,5,10803.834459198097,10883.483713849211
2024-140E,2025-046N,4,5,8919.449662381376,8987.243249012725
2024-140E,2025-046P,4,5,12359.949311798697,12397.743160661814
2024-140E,2025-046Q,4,5,3177.3848159236045,3083.9475848416187
2024-140E,2025-046R,4,5,6764.052480792251,6821.146127550928
2024-140E,2025-046S,4,5,13004.216720866909,12932.150997943334
2024-140E,2025-046T,4,5,1908.426065872058,2005.063519712231
2024-140E,2025-233A,4,1,7042.694916143547,7016.948862259295
2024-140E,2025-233B,4,1,6840.1650944967905,6769.280829472499
2024-140E,2025-233C,4,1,5812.61576677863,5713.586920118698
2024-140E,2025-233D,4,1,7048.52054767904,7020.757485326759
2024-140E,2025-233E,4,1,6424.01501038711,6420.200518693181
2024-140E,2025-233F,4,1,649.7121936930812,607.8041662807428
2024-140E,2025-233G,4,1,5024.701214186238,4972.977502188864
2024-140E,2025-233H,4,1,3019.2652810574637,2968.9331619144236
2024-140E,2025-233J,4,1,1862.8020030135835,1831.722126115944
2024-140E,2025-233K,4,1,4083.9867561498454,4010.535743281304
2024-140E,2025-233M,4,1,1798.2418244713463,1832.837116051546
2024-140E,2025-233N,4,1,2958.8086781764,2990.1893655217477
2024-140E,2025-233P,4,1,4029.2703100990734,4035.901380434675
2024-140E,2025-233Q,4,1,5774.305352022872,5803.415691265902
2024-140E,2025-233R,4,1,4977.4605094796825,4974.368314368395
2024-140E,2025-233S,4,1,6395.780409860313,6379.161104680295
2024-140E,2025-233T,4,1,6822.880219821372,6807.639553716199
2024-140E,2026-075A,4,6,13105.347971839617,13052.596192205292
2024-140E,2026-075B,4,6,10681.154173013741,10618.514894194961
2024-140E,2026-075C,4,6,13735.772404716738,13682.146855839852
2024-140E,2026-075D,4,6,2428.7561472721636,2571.0549897548462
2024-140E,2026-075E,4,6,12076.72023848119,12018.79159507265
2024-140E,2026-075F,4,6,8961.037801532548,8892.158095139532
2024-140E,2026-075G,4,6,6980.195110427843,7060.724747234678
2024-140E,2026-075H,4,6,6.665985410139616,92.06986569414624
2024-140E,2026-075J,4,6,6968.6512614909725,6813.44051914768
2024-140E,2026-075K,4,6,10689.719223852246,10737.252688652985
2024-140E,2026-075L,4,6,2415.62861982836,2341.7473727982347
2024-140E,2026-075M,4,6,4777.058909812659,4850.531140530329
2024-140E,2026-075N,4,6,13738.088157377559,13755.362020195184
2024-140E,2026-075P,4,6,12083.388544156056,12125.73712004497
2024-140E,2026-075Q,4,6,4764.523855682445,4682.231049485193
2024-140E,2026-075R,4,6,8971.255986313718,9055.90124715204
2024-140E,2026-075S,4,6,13109.905910028725,13148.902981534828
2024-140E,2026-075T,4,6,13948.844881702664,13939.38685305237
2024-140E,2026-104A,4,7,12493.555006271357,12437.028286345801
2024-140E,2026-104B,4,7,10792.79563636552,10709.727979049716
2024-140E,2026-104C,4,7,558.1932791656716,618.9287242931615
2024-140E,2026-104D,4,7,12784.706968954839,12764.650314244975
2024-140E,2026-104E,4,7,7790.253194283073,7645.275984686969
2024-140E,2026-104F,4,7,11822.781276376974,11769.676522414053
2024-140E,2026-104G,4,7,9434.853943694103,9328.933127851218
2024-140E,2026-104H,4,7,4897.157623559955,4981.954537713721
2024-140E,2026-104J,4,7,5908.949291666757,5825.4307569564835
2024-140E,2026-104K,4,7,1670.3678488531643,1586.563421199838
2024-140E,2026-104L,4,7,3848.09854379557,3728.9661023617414
2024-140E,2026-104M,4,7,8645.452016883704,8674.49007572675
2024-140E,2026-104N,4,7,2769.794945476636,2912.7464969501634
2024-140E,2026-104P,4,7,6875.775405925778,6920.590353047779
2024-140E,2026-104Q,4,7,10152.457760149695,10202.749732000284
2024-140E,2026-104R,4,7,12204.609393833996,12210.202624340618
2024-140E,2026-104S,4,7,11350.978555946434,11387.559724011637
2024-140E,2026-104T,4,7,12687.410481240233,12684.397318204998
2024-140E,2026-108A,4,0,9313.002960755506,9307.287944392934
2024-140E,2026-108B,4,0,1245.876224592385,1198.2060849378688
2024-140E,2026-108C,4,0,8622.398858404988,8567.259978447251
2024-140E,2026-108D,4,0,9236.964761110934,9246.855894530338
2024-140E,2026-108E,4,0,9106.021536613516,9083.608736914262
2024-140E,2026-108F,4,0,7876.761015598289,7839.472370550502
2024-140E,2026-108G,4,0,1988.493729221641,2099.8454695067267
2024-140E,2026-108H,4,0,5697.4784379844705,5650.566971850422
2024-140E,2026-108J,4,0,6891.811128464921,6849.519391431981
2024-140E,2026-108K,4,0,4329.969523984981,4230.542281275473
2024-140E,2026-108L,4,0,2831.0213851616654,2769.2376718992346
2024-140E,2026-108M,4,0,4983.020495385661,5012.521450237504
2024-140E,2026-108N,4,0,377.4308179824053,481.5519927330607
2024-140E,2026-108P,4,0,6275.094462197018,6295.360295025605
2024-140E,2026-108Q,4,0,3539.5416227974565,3587.2002466828035
2024-140E,2026-108R,4,0,8253.792070564441,8297.336997770437
2024-140E,2026-108S,4,0,8880.314950054015,8899.176755318074
2024-140E,2026-108T,4,0,7376.524376648051,7408.083980639725
2024-140E,2026-121A,4,5,7879.955944386425,7784.966644187081
2024-140E,2026-121B,4,5,13540.514691061635,13556.712575166715
2024-140E,2026-124A,4,8,11256.602320692287,11236.683487803404
2024-140E,2026-124B,4,8,11081.806137698357,11035.006712181019
2024-140E,2026-124C,4,8,10570.314572385874,10523.114279703886
2024-140E,2026-124D,4,8,9737.623536197805,9687.298865878509
2024-140E,2026-124E,4,8,8609.094065254132,8509.834965761704
2024-140E,2026-124F,4,8,7218.939457912878,7128.960426543971
2024-140E,2026-124G,4,8,3829.5621491059296,3704.0388703276276
2024-140E,2026-124H,4,8,5609.467495808095,5522.47375238663
2024-140E,2026-124J,4,8,1933.2708887344704,1891.694753547251
2024-140E,2026-124K,4,8,3870.472126068623,3903.9999488633475
2024-140E,2026-124L,4,8,5647.133163633995,5733.586244502733
2024-140E,2026-124M,4,8,7252.277706752313,7316.4057984114515
2024-140E,2026-124N,4,8,9759.37858470363,9784.997339801881
2024-140E,2026-124P,4,8,8637.03315069994,8663.093717920088
2024-140E,2026-124Q,4,8,10585.181300999444,10602.522100317117
2024-140E,2026-124R,4,8,11089.361263014685,11094.878952122528
2024-140E,2026-124S,4,8,21.74904550843134,114.92798375846846
2024-140E,2026-124T,4,8,1976.1065824460231,2029.966754790944
2024-140F,2024-185L,4,2,4377.857146179893,4267.293758865743
2024-140F,2024-185M,4,2,1343.4855233273856,1296.6286636304008
2024-140F,2024-185P,4,2,4547.329867228834,4524.104833540996
2024-140F,2024-232B,4,0,2046.2084617634594,2020.0811996259401
2024-140F,2024-232C,4,0,6851.87650677678,6809.585394577409
2024-140F,2024-232E,4,0,7412.512919413496,7357.791135418978
2024-140F,2024-232F,4,0,5032.876736331406,4972.889584638705
2024-140F,2024-232H,4,0,6318.667540035807,6245.794839284815
2024-140F,2024-232J,4,0,8898.093213539027,8837.069236790405
2024-140F,2024-232K,4,0,4277.54320789246,4270.643055149701
2024-140F,2024-232L,4,0,9310.417232567997,9240.320638187843
2024-140F,2024-232M,4,0,9244.678454426143,9178.527792335231
2024-140F,2024-232N,4,0,1187.2829851089805,1242.7434933961367
2024-140F,2024-232P,4,0,3594.1358754825465,3533.820689543801
2024-140F,2024-232Q,4,0,5650.602642312995,5606.8511135496
2024-140F,2024-232R,4,0,436.29680783778514,398.68395213900874
2024-140F,2024-232S,4,0,8599.77483275533,8552.412405091674
2024-140F,2024-232T,4,0,2774.6280037272495,2796.6030978647254
2024-140F,2024-232U,4,0,8281.0833768344,8232.56873141109
2024-140F,2025-016A,4,3,188.2281102433068,180.26332406778894
2024-140F,2025-016B,4,3,1220.7864905178699,1191.3546061961056
2024-140F,2025-016C,4,3,1931.6515446867497,1875.1886852740076
2024-140F,2025-016D,4,3,1505.3569146880623,1485.0944496411332
2024-140F,2025-016E,4,3,2058.612491953241,2014.776978281106
2024-140F,2025-016F,4,3,184.0395782436252,171.02833616573423
2024-140F,2025-016G,4,3,2122.4219896426143,2037.9137646996016
2024-140F,2025-016H,4,3,2122.5896003605585,2075.4297855452737
2024-140F,2025-016J,4,3,902.014169696394,884.7484517992756
2024-140F,2025-016K,4,3,2057.51893876351,2021.6935252797855
2024-140F,2025-016L,4,3,1930.286591358495,1890.1365359615577
2024-140F,2025-016M,4,3,1507.7311052266466,1486.3411458292574
2024-140F,2025-016N,4,3,1223.547508635518,1211.1170418533784
2024-140F,2025-016P,4,3,1746.3855881505385,1710.6015616804204
2024-140F,2025-016Q,4,3,553.1687675924018,557.7790920041926
2024-140F,2025-016R,4,3,898.8754926142568,873.3218448108709
2024-140F,2025-016S,4,3,550.3401160365071,530.2733793101696
2024-140F,2025-016T,4,3,1744.3106746449926,1711.1810245642585
2024-140F,2025-046A,4,5,11632.08857674602,11583.887191076883
2024-140F,2025-046B,4,5,14644.008081383112,14640.451494968
2024-140F,2025-046C,4,5,12359.950487293941,12372.82331854301
2024-140F,2025-046D,4,5,10803.833924906914,10862.527592183164
2024-140F,2025-046F,4,5,7879.957310060449,7491.599982515887
2024-140F,2025-046G,4,5,8919.449829209867,8930.483141611243
2024-140F,2025-046H,4,5,14309.657419214423,14307.442650276475
2024-140F,2025-046J,4,5,6764.0526682219925,6761.4207398214785
2024-140F,2025-046K,4,5,13981.21889208713,13938.134988551288
2024-140F,2025-046M,4,5,644.2673635303046,554.8776397655865
2024-140F,2025-046N,4,5,3177.389031903057,3122.4143026836555
2024-140F,2025-046P,4,5,1908.4299076698628,1901.6212574013648
2024-140F,2025-046Q,4,5,13004.216778721751,12977.276904324823
2024-140F,2025-046R,4,5,5613.959067826325,5577.9402554928065
2024-140F,2025-046S,4,5,13540.51388900694,13532.39674050312
2024-140F,2025-046T,4,5,9906.524375316218,9829.093991348167
2024-140F,2025-233A,4,1,4029.3518412146973,3992.112869761256
2024-140F,2025-233B,4,1,5774.318888911989,5804.327113459617
2024-140F,2025-233C,4,1,6822.878904866637,6788.218729017945
2024-140F,2025-233D,4,1,4977.408993492082,4952.617931677496
2024-140F,2025-233E,4,1,6395.7690157729285,6410.958761391566
2024-140F,2025-233F,4,1,5812.663688445608,5762.525030105192
2024-140F,2025-233G,4,1,7042.710630209695,6992.164806734153
2024-140F,2025-233H,4,1,6840.208106907578,6816.85947784252
2024-140F,2025-233J,4,1,6423.985528117305,6380.106570410789
2024-140F,2025-233K,4,1,7048.506912212828,7002.688130357951
2024-140F,2025-233M,4,1,4084.019008000105,4046.3540465099486
2024-140F,2025-233N,4,1,3019.2489949224328,2973.626789007478
2024-140F,2025-233P,4,1,1862.7938871580752,1853.0056267317098
2024-140F,2025-233Q,4,1,583.1659178469829,611.4481986321325
2024-140F,2025-233R,4,1,649.8271185416598,649.8179834346765
2024-140F,2025-233S,4,1,1798.3522185397162,1781.2755534199584
2024-140F,2025-233T,4,1,2958.7043141532054,2948.0371050400686
2024-140F,2026-075A,4,6,12083.387096979783,12070.239396151444
2024-140F,2026-075B,4,6,13738.089012970147,13715.044400134448
2024-140F,2026-075C,4,6,10689.720649807405,10754.959160111099
2024-140F,2026-075D,4,6,8961.04076223307,8868.862904698617
2024-140F,2026-075E,4,6,13109.906013826869,13087.151259007302
2024-140F,2026-075F,4,6,13948.843984030118,13932.247782422832
2024-140F,2026-075G,4,6,4764.524336955091,4706.23319356583
2024-140F,2026-075H,4,6,10681.149598198917,10636.453126620947
2024-140F,2026-075J,4,6,13735.77538927342,13700.016775749444
2024-140F,2026-075K,4,6,6.66598540944142,43.73436269907487
2024-140F,2026-075L,4,6,12076.724302383504,12051.359406468704
2024-140F,2026-075M,4,6,6968.649568296269,6927.630369261804
2024-140F,2026-075N,4,6,6980.2018999365855,7034.366299613217
2024-140F,2026-075P,4,6,2428.7675364785423,2471.246974330023
2024-140F,2026-075Q,4,6,13105.345957107565,13081.171429831944
2024-140F,2026-075R,4,6,2415.6319031111816,2341.078732476664
2024-140F,2026-075S,4,6,4777.0495960065255,4843.690220435679
2024-140F,2026-075T,4,6,8971.250683499291,8937.77438884868
2024-140F,2026-104A,4,7,10152.456363514199,10182.568742074563
2024-140F,2026-104B,4,7,12204.613322731668,12185.99006890492
2024-140F,2026-104C,4,7,9434.858762411071,9401.149979436337
2024-140F,2026-104D,4,7,8645.454501413818,8613.275722608521
2024-140F,2026-104E,4,7,12784.715579284548,12756.841976239788
2024-140F,2026-104F,4,7,11350.977849703298,11321.06292218359
2024-140F,2026-104G,4,7,12687.407524530714,12668.83075782106
2024-140F,2026-104H,4,7,5908.94700554741,5845.4135926751815
2024-140F,2026-104J,4,7,12493.549203165992,12462.942136395714
2024-140F,2026-104K,4,7,10792.784313501234,10752.162494199221
2024-140F,2026-104L,4,7,11822.78854195472,11779.442768428033
2024-140F,2026-104M,4,7,1670.3300049480042,1656.8956161938181
2024-140F,2026-104N,4,7,7790.251966142367,7688.90605525221
2024-140F,2026-104P,4,7,3848.1069518098684,3820.2457711416055
2024-140F,2026-104Q,4,7,558.3263306660222,608.4519445174656
2024-140F,2026-104R,4,7,4897.182472943872,4882.005462858937
2024-140F,2026-104S,4,7,2769.754178101686,2813.482429665955
2024-140F,2026-104T,4,7,6875.762959651848,6853.00814377056
2024-140F,2026-108A,4,0,6275.123776458352,6247.501313125404
2024-140F,2026-108B,4,0,7876.761341503705,7865.202327105269
2024-140F,2026-108C,4,0,8253.82316078461,8260.540659554368
2024-140F,2026-108D,4,0,4983.02136348234,5000.290136356681
2024-140F,2026-108E,4,0,7376.507897066122,7361.110985920807
2024-140F,2026-108F,4,0,8880.289455243417,8861.124801858829
2024-140F,2026-108G,4,0,5697.442484770893,5618.644008494009
2024-140F,2026-108H,4,0,9312.97915379,9294.65721992944
2024-140F,2026-108J,4,0,9236.980052820707,9219.487072272663
2024-140F,2026-108K,4,0,9106.02933680996,9070.834972605693
2024-140F,2026-108L,4,0,8622.389869081433,8595.943378184575
2024-140F,2026-108M,4,0,2830.933548514047,2820.4223409273495
2024-140F,2026-108N,4,0,6891.820805905218,6832.3151426878885
2024-140F,2026-108P,4,0,1246.0648751955441,1250.7097060194174
2024-140F,2026-108Q,4,0,4330.020661139042,4304.429119073219
2024-140F,2026-108R,4,0,1988.55391933326,2042.1880424440112
2024-140F,2026-108S,4,0,3539.5268468884997,3531.4658791876914
2024-140F,2026-108T,4,0,377.0342391558958,388.5612506159056
2024-140F,2026-121A,4,5,14533.408814741888,14513.820099050463
2024-140F,2026-121B,4,5,4403.132609601031,4406.554857634224
2024-140F,2026-124A,4,8,7252.260928774042,7261.830512141796
2024-140F,2026-124B,4,8,8637.03572394121,8645.64642684458
2024-140F,2026-124C,4,8,9759.378997158765,9721.899059798709
2024-140F,2026-124D,4,8,10585.17884027298,10545.217949576161
2024-140F,2026-124E,4,8,11089.370795036899,11064.153462313689
2024-140F,2026-124F,4,8,11256.595718376917,11227.006180405515
2024-140F,2026-124G,4,8,10570.301286443975,10512.845733323822
2024-140F,2026-124H,4,8,11081.824197666992,11045.29741226054
2024-140F,2026-124J,4,8,9737.635735707765,9712.943624508276
2024-140F,2026-124K,4,8,5609.467980005727,5591.956338449407
2024-140F,2026-124L,4,8,3829.550687785182,3749.5960888095306
2024-140F,2026-124M,4,8,1933.3077814258247,1870.1007854738662
2024-140F,2026-124N,4,8,1976.1773933201519,2001.4923635194536
2024-140F,2026-124P,4,8,21.749045508436144,35.35787924758108
2024-140F,2026-124Q,4,8,3870.4206249875715,3890.5312779363217
2024-140F,2026-124R,4,8,5647.165912111823,5668.796976535323
2024-140F,2026-124S,4,8,8609.073118767112,8541.814983337123
2024-140F,2026-124T,4,8,7218.947973871451,7180.478943254923
2024-140H,2024-185L,4,2,3383.30382211755,3256.542638961824
2024-140H,2024-185M,4,2,2863.8702247778297,2849.634982088934
2024-140H,2024-185P,4,2,3675.78756097907,3684.001960819098
2024-140H,2024-232B,4,0,5032.858044085263,5029.354879338751
2024-140H,2024-232C,4,0,4277.56166939359,4232.011650402039
2024-140H,2024-232E,4,0,8898.073495630815,8890.14963177521
2024-140H,2024-232F,4,0,7412.492446249985,7387.178484720049
2024-140H,2024-232H,4,0,8281.087249272126,8244.042801472982
2024-140H,2024-232J,4,0,9310.420071828885,9286.136664299984
2024-140H,2024-232K,4,0,1187.3009151240406,1172.2217103549322
2024-140H,2024-232L,4,0,8599.797430240656,8535.85828287005
2024-140H,2024-232M,4,0,9093.229432272241,9048.379137917385
2024-140H,2024-232N,4,0,2046.1906757503793,2007.9950783784843
2024-140H,2024-232P,4,0,6318.681743940908,6289.826006736214
2024-140H,2024-232Q,4,0,2774.5794595065613,2723.099729948945
2024-140H,2024-232R,4,0,3594.17689530203,3581.507587795097
2024-140H,2024-232S,4,0,6851.896450459275,6801.761908919762
2024-140H,2024-232T,4,0,436.73342884692886,426.54779065709204
2024-140H,2024-232U,4,0,9244.67888477298,9241.484763453438
2024-140H,2025-016A,4,3,902.2837406810202,892.4185231336636
2024-140H,2025-016B,4,3,549.9172192339373,531.3697626514072
2024-140H,2025-016C,4,3,2122.5931369182417,2091.991205387736
2024-140H,2025-016D,4,3,899.0234491576849,895.2932792773477
2024-140H,2025-016E,4,3,2122.432298671493,2102.7291213433136
2024-140H,2025-016F,4,3,553.0735434709043,567.1590838731853
2024-140H,2025-016G,4,3,1930.4516794386934,1873.5474385784817
2024-140H,2025-016H,4,3,2057.5141547084836,2040.0597321531677
2024-140H,2025-016J,4,3,1507.830824867692,1504.641026302287
2024-140H,2025-016K,4,3,1744.270532016128,1732.4642001559753
2024-140H,2025-016L,4,3,1505.5069336217264,1485.09659515902
2024-140H,2025-016M,4,3,1931.6813207607756,1930.2548997938416
2024-140H,2025-016N,4,3,1746.2491030899382,1750.121186193921
2024-140H,2025-016P,4,3,2058.465274800298,2045.7623858004883
2024-140H,2025-016Q,4,3,1223.4285794679877,1242.7774902936496
2024-140H,2025-016R,4,3,184.25770370517498,172.42144474973372
2024-140H,2025-016S,4,3,188.31732657109774,199.85591920081225
2024-140H,2025-016T,4,3,1220.6530787933996,1210.4370356254756
2024-140H,2025-046A,4,5,13981.219497336127,13973.087472030575
2024-140H,2025-046B,4,5,13540.514066113521,13525.677195293423
2024-140H,2025-046C,4,5,8919.45047684126,8889.597037251757
2024-140H,2025-046D,4,5,6764.052126254164,6784.869708840256
2024-140H,2025-046F,4,5,11632.089223631005,11386.712491411787
2024-140H,2025-046G,4,5,4403.135771701894,4345.686084764386
2024-140H,2025-046H,4,5,12359.949654237966,12326.989067419336
2024-140H,2025-046J,4,5,1908.4258865229413,1827.7195227878974
2024-140H,2025-046K,4,5,14644.008452191349,14635.580631800842
2024-140H,2025-046M,4,5,5613.959147657564,5582.084177306605
2024-140H,2025-046N,4,5,7879.956918258426,7881.2459229305905
2024-140H,2025-046P,4,5,3177.385969670579,3217.7536568407377
2024-140H,2025-046Q,4,5,14533.40852351413,14530.410457274851
2024-140H,2025-046R,4,5,9906.52436335799,9922.350801919238
2024-140H,2025-046S,4,5,10803.83395658775,10754.294591578442
2024-140H,2025-046T,4,5,13004.216686403523,12983.46142046106
2024-140H,2025-233A,4,1,1798.2860776515613,1754.3857518490024
2024-140H,2025-233B,4,1,4029.273364714598,4089.4217069587908
2024-140H,2025-233C,4,1,5774.3051073742545,5770.785241651916
2024-140H,2025-233D,4,1,2958.731682950041,2931.5421736388994
2024-140H,2025-233E,4,1,4977.4400123315645,4990.173585151176
2024-140H,2025-233F,4,1,6840.185455927093,6821.886734483794
2024-140H,2025-233G,4,1,6395.804634718025,6354.246236535493
2024-140H,2025-233H,4,1,7042.725116596496,7049.854827717634
2024-140H,2025-233J,4,1,7048.5071126348175,7029.297427037506
2024-140H,2025-233K,4,1,6822.877100953932,6803.293727147763
2024-140H,2025-233M,4,1,5812.627097011226,5809.101344521865
2024-140H,2025-233N,4,1,5024.653145093851,5009.325005895313
2024-140H,2025-233P,4,1,4083.984905236783,4099.902690798922
2024-140H,2025-233Q,4,1,1862.758532211794,1861.6593334113747
2024-140H,2025-233R,4,1,3019.304675293676,3040.406843848807
2024-140H,2025-233S,4,1,650.1986983494008,679.6324990989455
2024-140H,2025-233T,4,1,583.1788798848316,564.6837213492746
2024-140H,2026-075A,4,6,8971.253257432514,8920.327263458705
2024-140H,2026-075B,4,6,12083.389906015307,12025.397848111737
2024-140H,2026-075C,4,6,6980.195587834264,7029.3486876707375
2024-140H,2026-075D,4,6,12076.721301925882,12048.768941834951
2024-140H,2026-075E,4,6,10689.719243896354,10628.126888073173
2024-140H,2026-075F,4,6,13109.90575963816,13068.805286554882
2024-140H,2026-075G,4,6,8961.038023787309,8957.668630572298
2024-140H,2026-075H,4,6,13105.346107550458,13104.971713329305
2024-140H,2026-075J,4,6,13738.090794985575,13732.926610154112
2024-140H,2026-075K,4,6,4764.521641422991,4779.416159161687
2024-140H,2026-075L,4,6,13735.774191243041,13737.424254377394
2024-140H,2026-075M,4,6,10681.150790557458,10690.287198952385
2024-140H,2026-075N,4,6,2428.7623351211446,2442.468982722163
2024-140H,2026-075P,4,6,2415.6468592058786,2423.81898779557
2024-140H,2026-075Q,4,6,13948.843968669278,13944.062692649508
2024-140H,2026-075R,4,6,6968.653074305579,6951.134581872609
2024-140H,2026-075S,4,6,6.66598540942447,27.046778810014423
2024-140H,2026-075T,4,6,4777.051804459017,4690.451914895168
2024-140H,2026-104A,4,7,6875.772518835857,6892.065091969286
2024-140H,2026-104B,4,7,10152.464372426171,10118.980144181023
2024-140H,2026-104C,4,7,11822.782807126332,11829.356568205578
2024-140H,2026-104D,4,7,4897.158314200253,4824.413977817418
2024-140H,2026-104E,4,7,12204.614949245832,12199.364566019141
2024-140H,2026-104F,4,7,8645.451870880019,8584.51409721361
2024-140H,2026-104G,4,7,11350.97755174001,11330.762430589159
2024-140H,2026-104H,4,7,9434.854210174386,9424.303812437925
2024-140H,2026-104J,4,7,12687.40762402053,12669.115299030647
2024-140H,2026-104K,4,7,12493.550115534805,12489.783925007543
2024-140H,2026-104L,4,7,12784.71032841347,12783.550795833558
2024-140H,2026-104M,4,7,5908.9439427816305,5940.51141859352
2024-140H,2026-104N,4,7,10792.787672292478,10756.786892643604
2024-140H,2026-104P,4,7,7790.259809616968,7809.123153666061
2024-140H,2026-104Q,4,7,3848.1292885933017,3845.59692876237
2024-140H,2026-104R,4,7,558.2340201199974,499.3820122612302
2024-140H,2026-104S,4,7,1670.3284997342382,1670.601367270455
2024-140H,2026-104T,4,7,2769.7655892990538,2704.7761357162913
2024-140H,2026-108A,4,0,3539.5941682269345,3486.803854389341
2024-140H,2026-108B,4,0,9106.021581002437,9132.174375770157
2024-140H,2026-108C,4,0,6275.114909091412,6285.807549955905
2024-140H,2026-108D,4,0,1988.4895245057407,1984.371769882264
2024-140H,2026-108E,4,0,4983.009353733881,4952.060825477045
2024-140H,2026-108F,4,0,7376.509030534948,7348.601877840908
2024-140H,2026-108G,4,0,7876.759698353785,7856.96249080349
2024-140H,2026-108H,4,0,8880.29570717899,8866.55195221273
2024-140H,2026-108J,4,0,8253.800627182245,8232.887139527174
2024-140H,2026-108K,4,0,9236.96616229604,9239.690117404169
2024-140H,2026-108L,4,0,9312.991308953664,9321.07410285784
2024-140H,2026-108M,4,0,5697.442413825642,5726.773751638268
2024-140H,2026-108N,4,0,8622.409687532212,8622.137793228196
2024-140H,2026-108P,4,0,4329.999096958947,4373.2731681674495
2024-140H,2026-108Q,4,0,6891.836551101773,6910.603994138713
2024-140H,2026-108R,4,0,1245.9242579413162,1224.4248237620438
2024-140H,2026-108S,4,0,377.57821697555335,336.31013201247754
2024-140H,2026-108T,4,0,2830.937213599216,2857.875070052445
2024-140H,2026-121A,4,5,14309.656911547876,14281.556675699352
2024-140H,2026-121B,4,5,644.2719652488489,693.9388193155226
2024-140H,2026-124A,4,8,3870.4368034083213,3859.3412404923697
2024-140H,2026-124B,4,8,5647.133783333433,5644.384436297052
2024-140H,2026-124C,4,8,7252.27848380793,7191.807171906053
2024-140H,2026-124D,4,8,8637.032675844936,8575.147911487582
2024-140H,2026-124E,4,8,9759.39300569867,9739.73639887541
2024-140H,2026-124F,4,8,10585.178509666803,10561.171857600373
2024-140H,2026-124G,4,8,11256.596082726695,11246.214207688898
2024-140H,2026-124H,4,8,11089.370286854455,11070.905472887365
2024-140H,2026-124J,4,8,11081.81149757969,11082.121371988565
2024-140H,2026-124K,4,8,8609.08127507433,8631.519506183427
2024-140H,2026-124L,4,8,7218.939745911602,7190.71896421356
2024-140H,2026-124M,4,8,5609.487748287466,5592.8821349811715
2024-140H,2026-124N,4,8,1933.3647357082166,1945.5427938135829
2024-140H,2026-124P,4,8,3829.545798004812,3858.791102751723
2024-140H,2026-124Q,4,8,21.74904550844613,13.774205026202235
2024-140H,2026-124R,4,8,1976.1199048159951,1969.7916287755813
2024-140H,2026-124S,4,8,10570.304081705292,10552.423102400408
2024-140H,2026-124T,4,8,9737.625459218127,9740.06314778194
2024-140J,2024-185L,4,2,4726.673123045122,4726.796997329516
2024-140J,2024-185M,4,2,1980.614882799255,2013.5708682188824
2024-140J,2024-185P,4,2,4606.055598130304,4577.7955775611945
2024-140J,2024-232B,4,0,4277.58719345502,4240.197893062241
2024-140J,2024-232C,4,0,9310.400268757363,9276.876706358687
2024-140J,2024-232E,4,0,2046.2697071344755,2027.805181570065
2024-140J,2024-232F,4,0,1187.509975159394,1181.0927653497836
2024-140J,2024-232H,4,0,436.0819280628913,431.8124821668122
2024-140J,2024-232J,4,0,5032.872984608859,4999.525190226714
2024-140J,2024-232K,4,0,8599.769881890918,8569.207133308963
2024-140J,2024-232L,4,0,7412.490917860206,7373.596797057406
2024-140J,2024-232M,4,0,6318.6743761470025,6276.090715445485
2024-140J,2024-232N,4,0,6851.887129761158,6848.910950835843
2024-140J,2024-232P,4,0,2774.5633097482014,2766.9687715805685
2024-140J,2024-232Q,4,0,9093.239479673475,9052.998092642883
2024-140J,2024-232R,4,0,5650.553029417719,5627.9195228453045
2024-140J,2024-232S,4,0,8898.062498638063,8873.186683543463
2024-140J,2024-232T,4,0,7845.006653044785,7825.1477788090715
2024-140J,2024-232U,4,0,3594.1288455303343,3569.8199022266563
2024-140J,2025-016A,4,3,1220.6495609619471,1207.1155902465969
2024-140J,2025-016B,4,3,2057.589926596778,2061.3798359499287
2024-140J,2025-016C,4,3,901.961315130777,892.764593898669
2024-140J,2025-016D,4,3,2122.296652336796,2131.594479655424
2024-140J,2025-016E,4,3,1223.534735300218,1227.1742851145502
2024-140J,2025-016F,4,3,1505.4268904246635,1497.2014504240037
2024-140J,2025-016G,4,3,1746.243733157124,1716.797931959136
2024-140J,2025-016H,4,3,1507.7725667868403,1499.560626672648
2024-140J,2025-016J,4,3,549.7934358187872,547.0217781880821
2024-140J,2025-016K,4,3,1931.740948807214,1937.6280101180578
2024-140J,2025-016L,4,3,2058.3930672356532,2064.4340305877004
2024-140J,2025-016M,4,3,187.38755934936987,199.51755032172017
2024-140J,2025-016N,4,3,186.46095477735219,173.49264282639436
2024-140J,2025-016P,4,3,553.5599493927888,554.9493581060228
2024-140J,2025-016Q,4,3,899.1991907426558,893.6087775461554
2024-140J,2025-016R,4,3,1930.244972747702,1920.1861984092798
2024-140J,2025-016S,4,3,1744.3046289640176,1735.9951412534588
2024-140J,2025-016T,4,3,2122.732189346674,2120.818254324855
2024-140J,2025-046A,4,5,3177.384954734451,3160.049367233534
2024-140J,2025-046B,4,5,11632.088080498641,11596.126147959301
2024-140J,2025-046C,4,5,14533.408565204825,14510.889723285749
2024-140J,2025-046D,4,5,14644.008582051663,14635.194938182658
2024-140J,2025-046F,4,5,1908.4270913548764,2268.2152679165883
2024-140J,2025-046G,4,5,14309.65680834978,14302.179608149117
2024-140J,2025-046H,4,5,13004.216893147584,12985.957251387574
2024-140J,2025-046J,4,5,13540.514878319278,13533.435684446713
2024-140J,2025-046K,4,5,7879.955931850702,7820.159006750566
2024-140J,2025-046M,4,5,8919.449510100138,8941.538698916112
2024-140J,2025-046N,4,5,6764.052994250716,6756.755988183808
2024-140J,2025-046P,4,5,10803.834920984022,10783.233182977583
2024-140J,2025-046Q,4,5,5613.960575685449,5614.603598753766
2024-140J,2025-046R,4,5,4403.132780469602,4373.342423496372
2024-140J,2025-046S,4,5,13981.218982764824,13962.795565740518
2024-140J,2025-046T,4,5,644.2741168968936,599.5550170435976
2024-140J,2025-233A,4,1,6822.889849604258,6802.424374975492
2024-140J,2025-233B,4,1,7048.535077174595,7028.503088941283
2024-140J,2025-233C,4,1,6424.036666607294,6375.3780237710025
2024-140J,2025-233D,4,1,7042.687634333913,7036.171676857833
2024-140J,2025-233E,4,1,6840.162963726889,6878.363794917511
2024-140J,2025-233F,4,1,1862.8532967005128,1864.3725455881165
2024-140J,2025-233G,4,1,5812.619574687495,5802.973360169522
2024-140J,2025-233H,4,1,4084.001164259653,4085.6004356507647
2024-140J,2025-233J,4,1,3019.2460233946767,3032.3917853997364
2024-140J,2025-233K,4,1,5024.64985513989,5000.056600285554
2024-140J,2025-233M,4,1,583.6702095962908,578.0868561681147
2024-140J,2025-233N,4,1,1798.2469000969757,1797.1059522287794
2024-140J,2025-233P,4,1,2958.798459063987,2934.272058133585
2024-140J,2025-233Q,4,1,4977.435456316298,4990.837020706871
2024-140J,2025-233R,4,1,4029.2683954741856,4001.4458460721153
2024-140J,2025-233S,4,1,5774.310373264233,5747.80758728316
2024-140J,2025-233T,4,1,6395.766651991228,6380.994088636006
2024-140J,2026-075A,4,6,13735.772150099716,13727.871323487607
2024-140J,2026-075B,4,6,12076.720363161396,12078.189793888681
2024-140J,2026-075C,4,6,13948.845967109713,13946.146711657313
2024-140J,2026-075D,4,6,6.665985409422853,62.362833172523736
2024-140J,2026-075E,4,6,13105.349573350311,13101.818802860595
2024-140J,2026-075F,4,6,10681.151025298144,10686.194794505462
2024-140J,2026-075G,4,6,4777.059869830547,4781.300850039663
2024-140J,2026-075H,4,6,2415.626719578001,2408.2650293732413
2024-140J,2026-075J,4,6,8961.038810808612,8897.10736492971
2024-140J,2026-075K,4,6,8971.253640829353,8961.013739589274
2024-140J,2026-075L,4,6,4764.526803980747,4780.429571688264
2024-140J,2026-075M,4,6,2428.756665194531,2417.7885328419297
2024-140J,2026-075N,4,6,13109.906618804289,13120.313435034197
2024-140J,2026-075P,4,6,10689.719546010314,10688.803073594081
2024-140J,2026-075Q,4,6,6968.649763568524,6974.01872758228
2024-140J,2026-075R,4,6,6980.1948995206685,6999.506633998406
2024-140J,2026-075S,4,6,12083.387286747356,12099.486915098501
2024-140J,2026-075T,4,6,13738.087477110887,13727.582242072986
2024-140J,2026-104A,4,7,12784.70674713835,12776.417567267239
2024-140J,2026-104B,4,7,11822.781303583452,11801.423982185184
2024-140J,2026-104C,4,7,1670.3959071394363,1684.6412656748132
2024-140J,2026-104D,4,7,12687.413378940872,12676.760310711386
2024-140J,2026-104E,4,7,9434.857259549884,9373.45234850777
2024-140J,2026-104F,4,7,12493.558943521533,12485.141672608454
2024-140J,2026-104G,4,7,10792.786303709354,10759.861641935104
2024-140J,2026-104H,4,7,2769.7851912806495,2781.6374800309127
2024-140J,2026-104J,4,7,7790.250937093365,7785.545721457123
2024-140J,2026-104K,4,7,3848.0972033722815,3847.5667724344285
2024-140J,2026-104L,4,7,5908.95512046809,5875.851767441067
2024-140J,2026-104M,4,7,6875.769571846141,6843.941325382206
2024-140J,2026-104N,4,7,558.1964606807212,623.795935282729
2024-140J,2026-104P,4,7,4897.157518675127,4873.4523341444965
2024-140J,2026-104Q,4,7,8645.453394759801,8650.48613029327
2024-140J,2026-104R,4,7,11350.980700109605,11329.456290586984
2024-140J,2026-104S,4,7,10152.455032943439,10156.894147657298
2024-140J,2026-104T,4,7,12204.608143334493,12188.74216474525
2024-140J,2026-108A,4,0,9236.963856773533,9243.453407626623
2024-140J,2026-108B,4,0,2830.9834429584294,2849.5089927696686
2024-140J,2026-108C,4,0,9106.023593378855,9101.551181703306
2024-140J,2026-108D,4,0,8880.31592428439,8894.699318258252
2024-140J,2026-108E,4,0,9312.992005680506,9322.629063225639
2024-140J,2026-108F,4,0,8622.390370768768,8633.33919022289
2024-140J,2026-108G,4,0,377.222580276303,431.6901968977564
2024-140J,2026-108H,4,0,6891.803167307085,6903.644465173944
2024-140J,2026-108J,4,0,7876.784694999881,7888.862972325413
2024-140J,2026-108K,4,0,5697.487524572944,5664.845131290529
2024-140J,2026-108L,4,0,4329.968374323954,4332.886833058994
2024-140J,2026-108M,4,0,3539.527572148952,3519.6416482211857
2024-140J,2026-108N,4,0,1245.8869310986372,1201.2718026741638
2024-140J,2026-108P,4,0,4983.034747941909,4959.3729327185365
2024-140J,2026-108Q,4,0,1988.5149411332509,1981.3661714516988
2024-140J,2026-108R,4,0,7376.537914410196,7405.141262712311
2024-140J,2026-108S,4,0,8253.793033652113,8258.312970182551
2024-140J,2026-108T,4,0,6275.091132871874,6273.632556805346
2024-140J,2026-121A,4,5,9906.525841931623,9895.255611326365
2024-140J,2026-121B,4,5,12359.94932456077,12333.512356305684
2024-140J,2026-124A,4,8,11089.359501802946,11085.997653334935
2024-140J,2026-124B,4,8,11256.608149512209,11249.397135063331
2024-140J,2026-124C,4,8,11081.806210345527,11073.722096036656
2024-140J,2026-124D,4,8,10570.318782198668,10567.471201565853
2024-140J,2026-124E,4,8,9737.623240015957,9704.119121991696
2024-140J,2026-124F,4,8,8609.075700365604,8587.47227746403
2024-140J,2026-124G,4,8,5609.463336562962,5560.4537344623195
2024-140J,2026-124H,4,8,7218.948531474265,7203.372099852649
2024-140J,2026-124J,4,8,3829.5782899012033,3860.1660565941775
2024-140J,2026-124K,4,8,1976.1063273203645,1942.5693307777296
2024-140J,2026-124L,4,8,3870.451317733969,3901.3554680099014
2024-140J,2026-124M,4,8,5647.133979179371,5663.212235747623
2024-140J,2026-124N,4,8,8637.036038411477,8632.737500922209
2024-140J,2026-124P,4,8,7252.269405604972,7234.064366925988
2024-140J,2026-124Q,4,8,9759.374499763535,9759.275434828247
2024-140J,2026-124R,4,8,10585.185578394758,10588.720224655914
2024-140J,2026-124S,4,8,1933.2693393544998,1904.5707757950652
2024-140J,2026-124T,4,8,21.749045508433195,13.70892870948786
2024-140K,2024-185L,4,2,4859.418124213954,4764.1671954852645
2024-140K,2024-185M,4,2,1177.666066302546,1188.476209641008
2024-140K,2024-185P,4,2,4811.359309822343,4719.448074536199
2024-140K,2024-232B,4,0,2774.5638912883533,2722.908867939174
2024-140K,2024-232C,4,0,9093.249172172105,8993.576574816949
2024-140K,2024-232E,4,0,3594.126295173861,3552.769492892076
2024-140K,2024-232F,4,0,436.08735108832593,426.0702896384609
2024-140K,2024-232H,4,0,2046.3242384060393,2018.7421171634094
2024-140K,2024-232J,4,0,6318.668361077258,6244.9166981273775
2024-140K,2024-232K,4,0,7845.014211401587,7761.210590219836
2024-140K,2024-232L,4,0,8281.08878779825,8187.218420588666
2024-140K,2024-232M,4,0,7412.498190106146,7322.105878725948
2024-140K,2024-232N,4,0,5650.558419058756,5615.877708392074
2024-140K,2024-232P,4,0,1187.4382662548537,1177.9234393747236
2024-140K,2024-232Q,4,0,8599.766089074752,8495.671198682476
2024-140K,2024-232R,4,0,4277.566083576672,4230.095987857459
2024-140K,2024-232S,4,0,9244.709209359711,9163.874932351475
2024-140K,2024-232T,4,0,6851.878160218014,6788.791192007361
2024-140K,2024-232U,4,0,5032.889425760881,4978.861997916638
2024-140K,2025-016A,4,3,899.0408330756661,846.3605840248234
2024-140K,2025-016B,4,3,1930.2193049887571,1855.2627278666002
2024-140K,2025-016C,4,3,1223.645990741441,1173.7748295863425
2024-140K,2025-016D,4,3,2057.660301914632,1987.4105348475343
2024-140K,2025-016E,4,3,1507.733953242141,1458.8056454930688
2024-140K,2025-016F,4,3,1220.6921344501393,1157.2017056817776
2024-140K,2025-016G,4,3,1931.6867800011637,1827.8834847716262
2024-140K,2025-016H,4,3,1746.295106791242,1677.811935544292
2024-140K,2025-016J,4,3,185.59727445217564,166.06702468852703
2024-140K,2025-016K,4,3,2058.414099675804,1989.0418304052243
2024-140K,2025-016L,4,3,2122.671884594217,2047.0875396728206
2024-140K,2025-016M,4,3,553.8896255298455,548.0459980429713
2024-140K,2025-016N,4,3,187.39800500271275,200.5936980218022
2024-140K,2025-016P,4,3,901.9482316450332,875.6217410812758
2024-140K,2025-016Q,4,3,549.8035290201152,511.41160400969284
2024-140K,2025-016R,4,3,1744.3610328560646,1662.873179341356
2024-140K,2025-016S,4,3,1505.363143912805,1432.7329697587609
2024-140K,2025-016T,4,3,2122.295179524807,2040.3182806046825
2024-140K,2025-046A,4,5,5613.959793658695,5590.756496027898
2024-140K,2025-046B,4,5,13004.217791531455,12967.590243611334
2024-140K,2025-046C,4,5,14644.008301599002,14620.350498421189
2024-140K,2025-046D,4,5,14309.65685897101,14308.107572445211
2024-140K,2025-046F,4,5,644.2696556325493,246.0308048608638
2024-140K,2025-046G,4,5,13540.514463050864,13519.307096886878
2024-140K,2025-046H,4,5,13981.218727628426,13957.89882604192
2024-140K,2025-046J,4,5,12359.949302214156,12333.737544113015
2024-140K,2025-046K,4,5,9906.525245732366,9845.38841545525
2024-140K,2025-046M,4,5,6764.053731834903,6788.055198803914
2024-140K,2025-046N,4,5,4403.132471992657,4397.692227527994
2024-140K,2025-046P,4,5,8919.449527784924,8884.621816070065
2024-140K,2025-046Q,4,5,7879.955987822524,7873.054808078066
2024-140K,2025-046R,4,5,1908.4289112088045,1882.4365884553638
2024-140K,2025-046S,4,5,14533.408719358293,14507.706807267941
2024-140K,2025-046T,4,5,3177.3855706681525,3128.6610991949287
2024-140K,2025-233A,4,1,6395.758633629691,6304.700142372935
2024-140K,2025-233B,4,1,7042.685564837359,6970.199863378832
2024-140K,2025-233C,4,1,6840.166199602004,6736.964983580596
2024-140K,2025-233D,4,1,6822.904859584361,6743.921214803977
2024-140K,2025-233E,4,1,7048.55481459829,7022.301761818836
2024-140K,2025-233F,4,1,3019.238923901453,2989.212351360993
2024-140K,2025-233G,4,1,6423.996495082141,6350.574679093209
2024-140K,2025-233H,4,1,5024.638283413332,4981.747203674349
2024-140K,2025-233J,4,1,4084.024560684077,4053.888419953791
2024-140K,2025-233K,4,1,5812.62969793424,5734.991286105738
2024-140K,2025-233M,4,1,649.6932498347627,644.3452016222557
2024-140K,2025-233N,4,1,583.6184034775065,577.8963339440522
2024-140K,2025-233P,4,1,1798.242610058398,1753.6514481202898
2024-140K,2025-233Q,4,1,4029.2755913630526,3999.369006975011
2024-140K,2025-233R,4,1,2958.756313001178,2898.375379603949
2024-140K,2025-233S,4,1,4977.417778061711,4896.905588624047
2024-140K,2025-233T,4,1,5774.321751737602,5698.769970637228
2024-140K,2026-075A,4,6,13948.84747177577,13915.346436407843
2024-140K,2026-075B,4,6,13105.347007891545,13081.752878294454
2024-140K,2026-075C,4,6,13738.087222536773,13721.048010393697
2024-140K,2026-075D,4,6,2415.627240315381,2348.7519096487727
2024-140K,2026-075E,4,6,13735.772259720636,13708.590115014935
2024-140K,2026-075F,4,6,12076.72111205356,12058.160388987357
2024-140K,2026-075G,4,6,2428.7560590517273,2429.840520996432
2024-140K,2026-075H,4,6,4764.530979719037,4747.238780012164
2024-140K,2026-075J,4,6,10681.150048015967,10607.490491622673
2024-140K,2026-075K,4,6,6980.195392885003,6954.788421676859
2024-140K,2026-075L,4,6,6968.649104861643,6969.077166712141
2024-140K,2026-075M,4,6,6.665985409422046,11.152028395227017
2024-140K,2026-075N,4,6,12083.386513324864,12071.636390701073
2024-140K,2026-075P,4,6,8971.251947224522,8951.170036242605
2024-140K,2026-075Q,4,6,8961.040378399268,8948.621742723499
2024-140K,2026-075R,4,6,4777.055465040114,4789.081254076244
2024-140K,2026-075S,4,6,10689.720415254902,10687.041209444513
2024-140K,2026-075T,4,6,13109.907773669462,13057.863573213437
2024-140K,2026-104A,4,7,12687.417256031531,12647.100289341923
2024-140K,2026-104B,4,7,12493.550881332032,12442.29804528871
2024-140K,2026-104C,4,7,3848.097664874465,3848.8504150962167
2024-140K,2026-104D,4,7,12204.607910974813,12142.442348024184
2024-140K,2026-104E,4,7,10792.784674465744,10711.123306631513
2024-140K,2026-104F,4,7,12784.706772297803,12736.046326828488
2024-140K,2026-104G,4,7,11822.783949713506,11763.373410695584
2024-140K,2026-104H,4,7,558.195540506601,570.1806930797317
2024-140K,2026-104J,4,7,9434.860910066356,9401.383328968624
2024-140K,2026-104K,4,7,5908.963052161681,5888.964431694685
2024-140K,2026-104L,4,7,7790.250274973457,7737.486057363768
2024-140K,2026-104M,4,7,4897.15995118003,4847.559881107319
2024-140K,2026-104N,4,7,1670.3797330061916,1592.4900811219063
2024-140K,2026-104P,4,7,2769.770708601877,2737.0899770255382
2024-140K,2026-104Q,4,7,6875.765544973156,6858.887175231465
2024-140K,2026-104R,4,7,10152.453529675682,10089.39043467529
2024-140K,2026-104S,4,7,8645.456209921413,8621.755044830565
2024-140K,2026-104T,4,7,11350.983938976575,11288.172874723012
2024-140K,2026-108A,4,0,8880.304435430528,8816.51256460128
2024-140K,2026-108B,4,0,4329.971454954805,4324.062504816399
2024-140K,2026-108C,4,0,9312.984147434772,9257.404818706267
2024-140K,2026-108D,4,0,8253.792021592228,8210.399065107216
2024-140K,2026-108E,4,0,9236.965884382367,9179.839707597921
2024-140K,2026-108F,4,0,9106.044076200584,9060.206393407916
2024-140K,2026-108G,4,0,1245.9207860208346,1181.2934231372396
2024-140K,2026-108H,4,0,7876.79126756262,7838.731425501169
2024-140K,2026-108J,4,0,8622.384007477109,8580.483143788117
2024-140K,2026-108K,4,0,6891.80244500021,6822.023333721005
2024-140K,2026-108L,4,0,5697.468671587972,5665.980780302221
2024-140K,2026-108M,4,0,1988.55065635079,1951.2534899285636
2024-140K,2026-108N,4,0,2830.955687928055,2773.296828354138
2024-140K,2026-108P,4,0,3539.521669711055,3485.4458350034897
2024-140K,2026-108Q,4,0,377.0907179410625,364.05832594535013
2024-140K,2026-108R,4,0,6275.09239964631,6261.676456753449
2024-140K,2026-108S,4,0,7376.539087246627,7322.4160514217465
2024-140K,2026-108T,4,0,4983.054788244329,4942.013393582601
2024-140K,2026-121A,4,5,11632.08807200653,11611.740153381119
2024-140K,2026-121B,4,5,10803.83515567521,10760.57906247479
2024-140K,2026-124A,4,8,10585.19177693564,10531.333251321363
2024-140K,2026-124B,4,8,11089.359574400634,11032.641847033336
2024-140K,2026-124C,4,8,11256.61210266097,11193.453368377837
2024-140K,2026-124D,4,8,11081.805950089458,11028.502740746744
2024-140K,2026-124E,4,8,10570.303824750426,10498.607718458441
2024-140K,2026-124F,4,8,9737.629966658309,9676.748924346806
2024-140K,2026-124G,4,8,7218.9570939777905,7142.294288545558
2024-140K,2026-124H,4,8,8609.072990301687,8556.836850561773
2024-140K,2026-124J,4,8,5609.462802577809,5611.416625170255
2024-140K,2026-124K,4,8,21.74904550843148,10.436310961773376
2024-140K,2026-124L,4,8,1976.1086579090197,2000.0584114183655
2024-140K,2026-124M,4,8,3870.43576339485,3869.741621458996
2024-140K,2026-124N,4,8,7252.263908500352,7211.889159070482
2024-140K,2026-124P,4,8,5647.138395801122,5598.668411143699
2024-140K,2026-124Q,4,8,8637.041280603371,8593.723850673872
2024-140K,2026-124R,4,8,9759.372498537567,9715.966183927521
2024-140K,2026-124S,4,8,3829.597848777514,3782.928530602038
2024-140K,2026-124T,4,8,1933.2690785757839,1932.8657135905983
2024-140L,2024-185L,4,2,339.4985453905454,183.48138853532024
2024-140L,2024-185M,4,2,4726.691251176508,4715.06465402159
2024-140L,2024-185P,4,2,761.5750510846143,775.0386716025931
2024-140L,2024-232B,4,0,8898.065315493059,8848.693095001845
2024-140L,2024-232C,4,0,2046.3242384060354,2065.494397543833
2024-140L,2024-232E,4,0,8599.766089074752,8553.749930050137
2024-140L,2024-232F,4,0,9310.39986314716,9254.356140623353
2024-140L,2024-232H,4,0,9093.249172172105,9017.59151155532
2024-140L,2024-232J,4,0,6851.878160218012,6783.860939692865
2024-140L,2024-232K,4,0,5032.889425760881,5013.399355734811
2024-140L,2024-232L,4,0,4277.566083576672,4186.973169773287
2024-140L,2024-232M,4,0,5650.558419058755,5573.173020757711
2024-140L,2024-232N,4,0,7412.498190106146,7353.6103514512115
2024-140L,2024-232P,4,0,9244.709209359711,9190.522759732166
2024-140L,2024-232Q,4,0,3594.1262951738613,3610.671616989482
2024-140L,2024-232R,4,0,8281.088787798248,8236.819151789885
2024-140L,2024-232S,4,0,1187.4382662548514,1130.5393731052209
2024-140L,2024-232T,4,0,6318.668361077256,6278.232506135742
2024-140L,2024-232U,4,0,7845.014211401586,7801.496065231839
2024-140L,2025-016A,4,3,1931.6867800011637,1887.7005206678923
2024-140L,2025-016B,4,3,901.9482316450329,915.2648280224894
2024-140L,2025-016C,4,3,1744.361032856065,1686.926753892441
2024-140L,2025-016D,4,3,553.8896255298456,556.916925478903
2024-140L,2025-016E,4,3,1505.3631439128046,1456.0274667766334
2024-140L,2025-016F,4,3,1746.2951067912413,1736.1937568741846
2024-140L,2025-016G,4,3,899.0408330756658,841.225165830272
2024-140L,2025-016H,4,3,1220.6921344501397,1186.3789147320185
2024-140L,2025-016J,4,3,2122.671884594217,2089.02285796402
2024-140L,2025-016K,4,3,549.8035290201142,522.3603452910719
2024-140L,2025-016L,4,3,185.59727445217626,154.65495696420143
2024-140L,2025-016M,4,3,2057.660301914631,2018.4894554995858
2024-140L,2025-016N,4,3,2122.295179524807,2087.213430451323
2024-140L,2025-016P,4,3,1930.2193049887571,1884.8961638726582
2024-140L,2025-016Q,4,3,2058.414099675804,2050.932255061473
2024-140L,2025-016R,4,3,1223.645990741441,1214.0557763860193
2024-140L,2025-016S,4,3,1507.733953242141,1498.2253777306132
2024-140L,2025-016T,4,3,187.3980050027127,196.85163004280832
2024-140L,2025-046A,4,5,13540.514463050864,13497.25644178102
2024-140L,2025-046B,4,5,6764.053731834885,6709.052718108435
2024-140L,2025-046C,4,5,644.2696556325492,678.5231395007028
2024-140L,2025-046D,4,5,3177.3855706681593,3147.0227350593573
2024-140L,2025-046F,4,5,14644.008301599002,14638.62728483155
2024-140L,2025-046G,4,5,5613.959793658696,5648.974644735492
2024-140L,2025-046H,4,5,4403.132471992654,4307.031745656826
2024-140L,2025-046J,4,5,7879.955987822524,7921.808789395937
2024-140L,2025-046K,4,5,10803.83515567521,10764.25742591258
2024-140L,2025-046M,4,5,13004.217791531455,12987.351183287066
2024-140L,2025-046N,4,5,13981.218727628422,13979.913248165012
2024-140L,2025-046P,4,5,11632.08807200653,11662.694756550958
2024-140L,2025-046Q,4,5,12359.94930221416,12292.328130770848
2024-140L,2025-046R,4,5,14533.40871935829,14530.91531088535
2024-140L,2025-046S,4,5,1908.428911208803,1788.9498648468045
2024-140L,2025-046T,4,5,14309.65685897101,14287.704201332874
2024-140L,2025-233A,4,1,3019.2389239014537,3042.455951186356
2024-140L,2025-233B,4,1,649.6932498347659,568.2807515353754
2024-140L,2025-233C,4,1,1798.2426100583943,1806.5606786333997
2024-140L,2025-233D,4,1,1862.9242938968284,1881.88734587726
2024-140L,2025-233E,4,1,583.6184034775055,557.8696075177631
2024-140L,2025-233F,4,1,6395.758633629691,6329.678057511073
2024-140L,2025-233G,4,1,2958.756313001179,2884.922437678863
2024-140L,2025-233H,4,1,4977.41777806171,4935.470919117557
2024-140L,2025-233J,4,1,5774.321751737602,5693.241136910632
2024-140L,2025-233K,4,1,4029.2755913630513,3982.554814686521
2024-140L,2025-233M,4,1,7042.68556483736,7005.416514459923
2024-140L,2025-233N,4,1,7048.55481459829,7006.725496450351
2024-140L,2025-233P,4,1,6840.166199602001,6819.137448797567
2024-140L,2025-233Q,4,1,5812.629697934242,5803.089081362304
2024-140L,2025-233R,4,1,6423.9964950821395,6408.12587421676
2024-140L,2025-233S,4,1,5024.638283413331,5021.977775884681
2024-140L,2025-233T,4,1,4084.0245606840776,4080.26853915981
2024-140L,2026-075A,4,6,6.665985409422053,66.51444063037576
2024-140L,2026-075B,4,6,4777.055465040114,4658.098154448124
2024-140L,2026-075C,4,6,2415.6272403153785,2363.603220284804
2024-140L,2026-075D,4,6,13738.087222536773,13718.928925677095
2024-140L,2026-075E,4,6,2428.7560590517137,2325.2261579945316
2024-140L,2026-075F,4,6,6980.195392885012,6864.063771233881
2024-140L,2026-075G,4,6,13735.772259720636,13726.462739299617
2024-140L,2026-075H,4,6,13109.907773669458,13064.982202721443
2024-140L,2026-075J,4,6,8971.251947224524,8936.934767022038
2024-140L,2026-075K,4,6,12076.721112053561,12082.928175056286
2024-140L,2026-075L,4,6,12083.386513324866,12007.255797240881
2024-140L,2026-075M,4,6,13948.84747177577,13935.569216422646
2024-140L,2026-075N,4,6,6968.64910486164,6957.5712515182795
2024-140L,2026-075P,4,6,10681.150048015967,10686.403831858399
2024-140L,2026-075Q,4,6,10689.720415254902,10602.408097398025
2024-140L,2026-075R,4,6,13105.347007891547,13094.9289278385
2024-140L,2026-075S,4,6,8961.040378399275,8945.421818320674
2024-140L,2026-075T,4,6,4764.530979719037,4854.049528813251
2024-140L,2026-104A,4,7,1670.3797330061927,1652.2576515035805
2024-140L,2026-104B,4,7,2769.7707086018795,2710.6556644401544
2024-140L,2026-104C,4,7,12204.607910974813,12154.921910771045
2024-140L,2026-104D,4,7,3848.0976648744704,3920.384058065263
2024-140L,2026-104E,4,7,6875.765544973156,6850.681886641365
2024-140L,2026-104F,4,7,558.195540506601,474.52655912985205
2024-140L,2026-104G,4,7,4897.159951180019,4846.609726701375
2024-140L,2026-104H,4,7,12784.706772297803,12764.940086956418
2024-140L,2026-104J,4,7,8645.456209921409,8555.27352011469
2024-140L,2026-104K,4,7,11350.983938976578,11285.52508176371
2024-140L,2026-104L,4,7,10152.453529675682,10102.908545423803
2024-140L,2026-104M,4,7,11822.783949713506,11826.72059849368
2024-140L,2026-104N,4,7,12687.417256031531,12665.615992942836
2024-140L,2026-104P,4,7,12493.550881332032,12486.165601079101
2024-140L,2026-104Q,4,7,10792.784674465744,10786.488585147277
2024-140L,2026-104R,4,7,7790.250274973455,7834.472603892217
2024-140L,2026-104S,4,7,9434.860910066353,9431.040494294759
2024-140L,2026-104T,4,7,5908.963052161681,5965.331680907201
2024-140L,2026-108A,4,0,2830.955687928052,2889.299411747283
2024-140L,2026-108B,4,0,8253.79202159223,8216.882732651804
2024-140L,2026-108C,4,0,377.09071794106245,379.54117220500683
2024-140L,2026-108D,4,0,4329.971454954805,4334.941641629003
2024-140L,2026-108E,4,0,1245.9207860208344,1289.1061158361385
2024-140L,2026-108F,4,0,1988.5506563507847,1921.979460540253
2024-140L,2026-108G,4,0,9236.965884382367,9222.937717032031
2024-140L,2026-108H,4,0,4983.054788244328,4908.2491994872635
2024-140L,2026-108J,4,0,3539.52166971106,3467.404925976442
2024-140L,2026-108K,4,0,6275.092399646309,6244.159960373661
2024-140L,2026-108L,4,0,7376.539087246625,7323.299287776724
2024-140L,2026-108M,4,0,9106.044076200586,9105.92349767041
2024-140L,2026-108N,4,0,8880.304435430528,8870.485804257354
2024-140L,2026-108P,4,0,8622.38400747711,8637.725489802675
2024-140L,2026-108Q,4,0,9312.98414743477,9306.658333251271
2024-140L,2026-108R,4,0,6891.802445000209,6874.451155972167
2024-140L,2026-108S,4,0,5697.468671587972,5734.882288547212
2024-140L,2026-108T,4,0,7876.791267562618,7891.337480298127
2024-140L,2026-121A,4,5,8919.449527784924,8820.875838332124
2024-140L,2026-121B,4,5,9906.52524573237,9943.594903838548
2024-140L,2026-124A,4,8,3829.597848777514,3834.5443228903955
2024-140L,2026-124B,4,8,1933.2690785757882,1932.2230535390906
2024-140L,2026-124C,4,8,21.749045508431486,56.02745167975111
2024-140L,2026-124D,4,8,1976.1086579090188,1879.2027783357246
2024-140L,2026-124E,4,8,3870.4357633948507,3829.377911299283
2024-140L,2026-124F,4,8,5647.138395801125,5579.996506506546
2024-140L,2026-124G,4,8,8637.041280603362,8592.534150333791
2024-140L,2026-124H,4,8,7252.263908500351,7178.040296770168
2024-140L,2026-124J,4,8,9759.372498537565,9676.301892490299
2024-140L,2026-124K,4,8,11256.61210266097,11236.064487176849
2024-140L,2026-124L,4,8,11081.805950089458,11056.48615368007
2024-140L,2026-124M,4,8,10570.303824750428,10550.323768446102
2024-140L,2026-124N,4,8,8609.072990301685,8608.761579017022
2024-140L,2026-124P,4,8,9737.629966658305,9745.733169344136
2024-140L,2026-124Q,4,8,7218.9570939777905,7224.735326837237
2024-140L,2026-124R,4,8,5609.462802577807,5610.62457340603
2024-140L,2026-124S,4,8,10585.191776935646,10537.752311106573
2024-140L,2026-124T,4,8,11089.359574400634,11046.55764611129
2024-140M,2024-185L,4,2,3504.6639393371183,3565.2647343259177
2024-140M,2024-185M,4,2,3940.3712395079374,3955.9232443387064
2024-140M,2024-185P,4,2,3196.402961385851,3149.561992850595
2024-140M,2024-232B,4,0,7845.002263896832,7777.538084996883
2024-140M,2024-232C,4,0,8281.087249272126,8239.993453327284
2024-140M,2024-232E,4,0,2774.5794595065554,2754.061038553358
2024-140M,2024-232F,4,0,5650.553947538087,5597.982997688921
2024-140M,2024-232H,4,0,4277.561669393586,4226.304898999414
2024-140M,2024-232J,4,0,436.7334288469284,443.34601648111664
2024-140M,2024-232K,4,0,9244.67888477298,9202.281061893702
2024-140M,2024-232L,4,0,3594.17689530203,3594.4284388365404
2024-140M,2024-232M,4,0,2046.1906757503796,2043.7525502189096
2024-140M,2024-232N,4,0,9093.22943227224,9055.64410647187
2024-140M,2024-232P,4,0,6851.896450459275,6800.636674874078
2024-140M,2024-232Q,4,0,8898.073495630817,8858.749662846409
2024-140M,2024-232R,4,0,8599.797430240655,8550.0712996266
2024-140M,2024-232S,4,0,6318.681743940908,6303.189974620738
2024-140M,2024-232T,4,0,9310.420071828885,9271.757182686337
2024-140M,2024-232U,4,0,1187.3009151240406,1179.7361307716396
2024-140M,2025-016A,4,3,1930.4516794386946,1896.9033135356754
2024-140M,2025-016B,4,3,2058.4652748002977,2060.460783170082
2024-140M,2025-016C,4,3,184.2577037051755,171.57115785488895
2024-140M,2025-016D,4,3,1931.6813207607756,1931.1792131201632
2024-140M,2025-016E,4,3,188.3173265710987,204.3871777093143
2024-140M,2025-016F,4,3,2057.514154708484,2044.0181884499982
2024-140M,2025-016G,4,3,902.2837406810199,894.7715130573446
2024-140M,2025-016H,4,3,553.0735434709052,551.8300922674232
2024-140M,2025-016J,4,3,1505.5069336217264,1488.4772046477913
2024-140M,2025-016K,4,3,1223.4285794679877,1228.6277437658912
2024-140M,2025-016L,4,3,1507.830824867693,1515.7434905339824
2024-140M,2025-016M,4,3,899.0234491576841,876.6338083272946
2024-140M,2025-016N,4,3,1220.6530787933991,1196.2336970678793
2024-140M,2025-016P,4,3,549.9172192339366,532.6335688056336
2024-140M,2025-016Q,4,3,1744.2705320161274,1737.3433740471457
2024-140M,2025-016R,4,3,2122.5931369182417,2104.667455855119
2024-140M,2025-016S,4,3,2122.432298671493,2107.114489725275
2024-140M,2025-016T,4,3,1746.2491030899387,1738.23805237446
2024-140M,2025-046A,4,5,4403.135771701894,4334.830619488496
2024-140M,2025-046B,4,5,5613.959147657564,5604.481054831751
2024-140M,2025-046C,4,5,11632.089223631005,11605.386756256703
2024-140M,2025-046D,4,5,13004.216686403523,12953.844438954899
2024-140M,2025-046F,4,5,8919.450476841255,9180.832622065032
2024-140M,2025-046G,4,5,13981.219497336133,13966.287543412705
2024-140M,2025-046H,4,5,7879.956918258431,7887.821694778699
2024-140M,2025-046J,4,5,14533.40852351413,14525.043203307045
2024-140M,2025-046K,4,5,644.2719652488488,629.6728661832757
2024-140M,2025-046M,4,5,13540.514066113523,13531.977276743328
2024-140M,2025-046N,4,5,12359.949654237967,12335.80072346397
2024-140M,2025-046P,4,5,14309.656911547876,14295.358835719177
2024-140M,2025-046Q,4,5,1908.4258865229376,1819.9157553750988
2024-140M,2025-046R,4,5,10803.833956587752,10757.799485334757
2024-140M,2025-046S,4,5,9906.524363358001,9909.679085160155
2024-140M,2025-046T,4,5,6764.052126254164,6737.840070849493
2024-140M,2025-233A,4,1,6840.185455927094,6822.685784983559
2024-140M,2025-233B,4,1,5812.627097011229,5734.462209186048
2024-140M,2025-233C,4,1,4083.9849052367877,4023.7675568015993
2024-140M,2025-233D,4,1,6423.988840647899,6410.061237935795
2024-140M,2025-233E,4,1,5024.653145093852,5047.153860396844
2024-140M,2025-233F,4,1,1798.2860776515597,1760.7876614361128
2024-140M,2025-233G,4,1,3019.3046752936766,3034.0125964128274
2024-140M,2025-233H,4,1,650.1986983493979,666.4760683843281
2024-140M,2025-233J,4,1,583.1788798848318,533.8624795950318
2024-140M,2025-233K,4,1,1862.7585322117968,1856.7221295032473
2024-140M,2025-233M,4,1,4029.273364714595,3996.679562454086
2024-140M,2025-233N,4,1,4977.440012331565,4944.950170697701
2024-140M,2025-233P,4,1,5774.305107374255,5735.572811639735
2024-140M,2025-233Q,4,1,6822.877100953932,6822.675763721038
2024-140M,2025-233R,4,1,6395.804634718025,6358.625130780825
2024-140M,2025-233S,4,1,7042.725116596496,7015.834942225039
2024-140M,2025-233T,4,1,7048.507112634817,7027.028543149527
2024-140M,2026-075A,4,6,10681.150790557458,10683.170952981513
2024-140M,2026-075B,4,6,6968.65307430559,7012.613075163213
2024-140M,2026-075C,4,6,12076.721301925883,12017.19724370361
2024-140M,2026-075D,4,6,6980.1955878342615,6984.537421205596
2024-140M,2026-075E,4,6,8961.038023787318,8986.651621232515
2024-140M,2026-075F,4,6,4764.521641422991,4818.323119694331
2024-140M,2026-075G,4,6,10689.71924389636,10659.012484918283
2024-140M,2026-075H,4,6,4777.051804459023,4733.292624534263
2024-140M,2026-075J,4,6,2415.6468592058786,2384.206800337012
2024-140M,2026-075K,4,6,13109.905759638157,13087.916095515357
2024-140M,2026-075L,4,6,2428.7623351211414,2358.5923803725254
2024-140M,2026-075M,4,6,8971.253257432505,8922.35928226356
2024-140M,2026-075N,4,6,13735.774191243041,13720.323370644197
2024-140M,2026-075P,4,6,13738.090794985577,13728.620242990883
2024-140M,2026-075Q,4,6,6.665985409424475,52.99510244903525
2024-140M,2026-075R,4,6,12083.389906015307,12069.895724789512
2024-140M,2026-075S,4,6,13948.843968669278,13942.184360747066
2024-140M,2026-075T,4,6,13105.346107550458,13117.05561375236
2024-140M,2026-104A,4,7,10792.787672292483,10747.420835895562
2024-140M,2026-104B,4,7,7790.259809616968,7780.788380804588
2024-140M,2026-104C,4,7,4897.158314200248,4837.432652438161
2024-140M,2026-104D,4,7,11822.782807126332,11825.345650582596
2024-140M,2026-104E,4,7,3848.1292885933117,3804.9280420741884
2024-140M,2026-104F,4,7,9434.854210174388,9443.617744446701
2024-140M,2026-104G,4,7,5908.94394278163,5892.708889165737
2024-140M,2026-104H,4,7,8645.451870880019,8615.968983177188
2024-140M,2026-104J,4,7,1670.3284997342494,1712.7968754410645
2024-140M,2026-104K,4,7,2769.7655892990483,2719.9191550890932
2024-140M,2026-104L,4,7,558.2340201199946,545.2558577112934
2024-140M,2026-104M,4,7,11350.977551740016,11308.940213974394
2024-140M,2026-104N,4,7,6875.772518835852,6887.529778479336
2024-140M,2026-104P,4,7,10152.464372426173,10105.697204352426
2024-140M,2026-104Q,4,7,12204.614949245832,12191.299412275834
2024-140M,2026-104R,4,7,12784.710328413472,12779.088400818535
2024-140M,2026-104S,4,7,12687.40762402053,12679.340434644693
2024-140M,2026-104T,4,7,12493.550115534805,12491.553145124692
2024-140M,2026-108A,4,0,8622.40968753221,8636.331956773243
2024-140M,2026-108B,4,0,1988.4895245057385,1948.1352563214848
2024-140M,2026-108C,4,0,6891.836551101773,6863.846936856019
2024-140M,2026-108D,4,0,9106.021581002437,9105.159215882039
2024-140M,2026-108E,4,0,7876.759698353785,7881.276437091217
2024-140M,2026-108F,4,0,5697.442413825642,5718.660784100535
2024-140M,2026-108G,4,0,4983.009353733877,5001.877316569649
2024-140M,2026-108H,4,0,2830.937213599217,2866.8552974994163
2024-140M,2026-108J,4,0,4329.999096958951,4359.224585016638
2024-140M,2026-108K,4,0,1245.9242579413203,1231.7319529781169
2024-140M,2026-108L,4,0,377.5782169755489,345.12977941383275
2024-140M,2026-108M,4,0,7376.509030534941,7345.891773571795
2024-140M,2026-108N,4,0,3539.594168226934,3557.089709725288
2024-140M,2026-108P,4,0,8253.800627182243,8231.02106125229
2024-140M,2026-108Q,4,0,6275.114909091409,6248.924694217693
2024-140M,2026-108R,4,0,9236.96616229604,9243.657744856266
2024-140M,2026-108S,4,0,9312.991308953664,9326.74246832118
2024-140M,2026-108T,4,0,8880.295707178992,8877.475435530127
2024-140M,2026-121A,4,5,3177.3859696705854,3218.909481799752
2024-140M,2026-121B,4,5,14644.008452191349,14632.34519267852
2024-140M,2026-124A,4,8,10570.304081705292,10548.307032038612
2024-140M,2026-124B,4,8,9737.62545921813,9703.652866603816
2024-140M,2026-124C,4,8,8609.081275074335,8615.194588870467
2024-140M,2026-124D,4,8,7218.939745911605,7242.693704811263
2024-140M,2026-124E,4,8,5609.487748287466,5586.160014188785
2024-140M,2026-124F,4,8,3829.545798004817,3835.2720392433516
2024-140M,2026-124G,4,8,21.749045508436122,30.134665355520788
2024-140M,2026-124H,4,8,1933.3647357082166,1954.8923007538015
2024-140M,2026-124J,4,8,1976.1199048159913,1899.3510222612601
2024-140M,2026-124K,4,8,7252.278483807931,7191.697340083157
2024-140M,2026-124L,4,8,8637.03267584494,8627.417169982002
2024-140M,2026-124M,4,8,9759.393005698672,9744.895607677006
2024-140M,2026-124N,4,8,11089.370286854455,11076.798702153208
2024-140M,2026-124P,4,8,10585.178509666803,10562.440412284699
2024-140M,2026-124Q,4,8,11256.596082726695,11250.315290790299
2024-140M,2026-124R,4,8,11081.81149757969,11069.65405180725
2024-140M,2026-124S,4,8,3870.4368034083213,3851.6082785510926
2024-140M,2026-124T,4,8,5647.133783333432,5592.768920010408
2024-140N,2024-185L,4,2,1980.6878744780815,1862.0645686439664
2024-140N,2024-185M,4,2,4038.8445680948867,4047.993622433158
2024-140N,2024-185P,4,2,2360.926972640552,2409.2169319982568
2024-140N,2024-232B,4,0,7412.487536464971,7393.847962128899
2024-140N,2024-232C,4,0,1187.416004082484,1188.3437390172387
2024-140N,2024-232E,4,0,9310.403772079666,9328.172845034227
2024-140N,2024-232F,4,0,8898.062923044292,8881.607550180277
2024-140N,2024-232H,4,0,9244.688593039644,9223.846448703178
2024-140N,2024-232J,4,0,8599.77702838813,8596.679594367886
2024-140N,2024-232K,4,0,2046.2292690718186,2020.3356488889913
2024-140N,2024-232L,4,0,6851.900308471481,6816.57174582124
2024-140N,2024-232M,4,0,7845.002771024551,7827.041850147946
2024-140N,2024-232N,4,0,5032.862273919172,4972.362298712632
2024-140N,2024-232P,4,0,8281.105052669574,8254.156647977326
2024-140N,2024-232Q,4,0,436.10294724534407,443.2000200162153
2024-140N,2024-232R,4,0,6318.711907070544,6288.395690466061
2024-140N,2024-232S,4,0,4277.607100067413,4263.765854794834
2024-140N,2024-232T,4,0,3594.1394203301584,3550.741181442024
2024-140N,2024-232U,4,0,9093.23295885003,9114.404550496514
2024-140N,2025-016A,4,3,1507.8419646708028,1501.7903778894524
2024-140N,2025-016B,4,3,187.4505236689209,198.4015051858912
2024-140N,2025-016C,4,3,2057.5421093409373,2055.4894892155853
2024-140N,2025-016D,4,3,185.4793464476179,196.901496403394
2024-140N,2025-016E,4,3,1930.2946879117724,1937.5527948024721
2024-140N,2025-016F,4,3,1223.4614109458753,1241.5455836008953
2024-140N,2025-016G,4,3,1505.5214669703432,1482.6224780942764
2024-140N,2025-016H,4,3,1744.2748356246655,1758.9732590253627
2024-140N,2025-016J,4,3,1931.8072138131056,1946.4350939485998
2024-140N,2025-016K,4,3,1220.645014827427,1233.8490338247393
2024-140N,2025-016L,4,3,899.3778538549046,899.3790919109298
2024-140N,2025-016M,4,3,2122.663971439108,2143.8168420652273
2024-140N,2025-016N,4,3,2058.394585770556,2081.3498053150483
2024-140N,2025-016P,4,3,2122.31999707548,2136.0226017683794
2024-140N,2025-016Q,4,3,1746.2189407660703,1781.8498082742292
2024-140N,2025-016R,4,3,553.3139754247309,553.6595863751618
2024-140N,2025-016S,4,3,902.0258607092394,911.6385076110063
2024-140N,2025-016T,4,3,549.7898754882118,561.6418331482844
2024-140N,2025-046A,4,5,14644.008966027674,14634.707672955195
2024-140N,2025-046B,4,5,10803.834459198097,10807.917161818667
2024-140N,2025-046C,4,5,4403.133433247324,4388.585440992157
2024-140N,2025-046D,4,5,1908.4260658720711,1952.6039424795822
2024-140N,2025-046F,4,5,13981.219276512533,13845.501524113846
2024-140N,2025-046G,4,5,644.2809311452587,633.0803860001631
2024-140N,2025-046H,4,5,8919.449662381374,8898.811609787845
2024-140N,2025-046J,4,5,3177.3848159236113,3176.7526021717777
2024-140N,2025-046K,4,5,13540.514691061635,13550.230653725437
2024-140N,2025-046M,4,5,9906.524662630229,9851.629674934773
2024-140N,2025-046N,4,5,11632.0883871605,11611.820776544673
2024-140N,2025-046P,4,5,7879.95594438642,7881.1966968759325
2024-140N,2025-046Q,4,5,14309.656827651648,14301.160317038462
2024-140N,2025-046R,4,5,13004.216720866905,13000.331675872934
2024-140N,2025-046S,4,5,6764.05248079225,6719.950802723439
2024-140N,2025-046T,4,5,14533.408515362948,14519.413411956235
2024-140N,2025-233A,4,1,649.7121936930805,664.9292966576893
2024-140N,2025-233B,4,1,1798.2418244713447,1907.2991072009224
2024-140N,2025-233C,4,1,4029.270310099073,4073.9076009229534
2024-140N,2025-233D,4,1,583.4435652290241,585.4331341658668
2024-140N,2025-233E,4,1,2958.8086781763964,2989.9632829650527
2024-140N,2025-233F,4,1,7042.694916143547,7045.299641635665
2024-140N,2025-233G,4,1,4977.460509479682,4960.840159607957
2024-140N,2025-233H,4,1,6395.780409860314,6424.173425040272
2024-140N,2025-233J,4,1,6822.880219821371,6816.6788641770545
2024-140N,2025-233K,4,1,5774.305352022871,5785.521239821949
2024-140N,2025-233M,4,1,6840.165094496791,6852.695180210964
2024-140N,2025-233N,4,1,6424.015010387112,6419.680320224352
2024-140N,2025-233P,4,1,5812.615766778628,5828.584303477712
2024-140N,2025-233Q,4,1,4083.986756149845,4080.3232954094824
2024-140N,2025-233R,4,1,5024.701214186238,5038.243848885049
2024-140N,2025-233S,4,1,3019.2652810574627,3027.8930293970384
2024-140N,2025-233T,4,1,1862.8020030135806,1857.4807116178486
2024-140N,2026-075A,4,6,4777.058909812661,4760.857810124936
2024-140N,2026-075B,4,6,8971.25598631372,8924.080770472598
2024-140N,2026-075C,4,6,2428.756147272161,2531.4921359830423
2024-140N,2026-075D,4,6,13735.772404716738,13726.554172949813
2024-140N,2026-075E,4,6,6980.195110427844,6941.050746046747
2024-140N,2026-075F,4,6,10689.71922385225,10650.253535151049
2024-140N,2026-075G,4,6,12076.720238481183,12063.220634982214
2024-140N,2026-075H,4,6,13948.844881702664,13953.866338016242
2024-140N,2026-075J,4,6,12083.388544156056,12102.571267835503
2024-140N,2026-075K,4,6,8961.037801532548,8947.516517447764
2024-140N,2026-075L,4,6,13738.088157377557,13734.528265629831
2024-140N,2026-075M,4,6,13105.347971839621,13106.083898918827
2024-140N,2026-075N,4,6,2415.6286198283565,2358.800627073355
2024-140N,2026-075P,4,6,6968.651261490972,6943.26078082521
2024-140N,2026-075Q,4,6,13109.905910028721,13097.671030864967
2024-140N,2026-075R,4,6,10681.154173013741,10650.160056621491
2024-140N,2026-075S,4,6,4764.523855682441,4706.177346974293
2024-140N,2026-075T,4,6,6.665985410139613,41.26432424311293
2024-140N,2026-104A,4,7,2769.7949454766417,2834.9263217901043
2024-140N,2026-104B,4,7,6875.77540592578,6875.262860645629
2024-140N,2026-104C,4,7,12784.706968954839,12794.531699811392
2024-140N,2026-104D,4,7,558.1932791656744,519.2113258717485
2024-140N,2026-104E,4,7,10152.457760149695,10182.45056397003
2024-140N,2026-104F,4,7,4897.1576235599605,4868.349881036359
2024-140N,2026-104G,4,7,8645.452016883699,8655.832249530973
2024-140N,2026-104H,4,7,11822.781276376973,11814.46379277767
2024-140N,2026-104J,4,7,11350.978555946436,11336.549537087434
2024-140N,2026-104K,4,7,12687.410481240235,12690.766942081014
2024-140N,2026-104L,4,7,12204.609393833998,12218.588612601188
2024-140N,2026-104M,4,7,9434.853943694103,9442.981457320086
2024-140N,2026-104N,4,7,12493.555006271357,12482.49854105371
2024-140N,2026-104P,4,7,10792.79563636552,10797.411875555295
2024-140N,2026-104Q,4,7,7790.253194283072,7765.851243718928
2024-140N,2026-104R,4,7,3848.0985437955687,3868.8410131048386
2024-140N,2026-104S,4,7,5908.949291666757,5879.293993307896
2024-140N,2026-104T,4,7,1670.3678488531698,1695.2428387050368
2024-140N,2026-108A,4,0,377.4308179824093,347.653083259509
2024-140N,2026-108B,4,0,9236.964761110934,9277.832642753187
2024-140N,2026-108C,4,0,3539.541622797458,3588.2804087290788
2024-140N,2026-108D,4,0,1245.8762245923808,1223.9504841960422
2024-140N,2026-108E,4,0,1988.493729221641,1987.0358011445135
2024-140N,2026-108F,4,0,4983.02049538566,4977.762558948639
2024-140N,2026-108G,4,0,9106.021536613516,9119.586624896756
2024-140N,2026-108H,4,0,7376.52437664805,7377.025963918855
2024-140N,2026-108J,4,0,6275.094462197023,6272.549001444664
2024-140N,2026-108K,4,0,8253.792070564443,8285.873294273237
2024-140N,2026-108L,4,0,8880.31495005401,8902.560261465256
2024-140N,2026-108M,4,0,7876.761015598293,7905.897968186833
2024-140N,2026-108N,4,0,9313.002960755506,9348.875159100013
2024-140N,2026-108P,4,0,6891.811128464921,6928.038256026075
2024-140N,2026-108Q,4,0,8622.39885840499,8650.866635755736
2024-140N,2026-108R,4,0,4329.96952398498,4296.911539636746
2024-140N,2026-108S,4,0,2831.021385161662,2852.9771208461534
2024-140N,2026-108T,4,0,5697.47843798447,5715.722224586952
2024-140N,2026-121A,4,5,12359.949311798697,12329.394499995997
2024-140N,2026-121B,4,5,5613.961627752446,5617.872746675124
2024-140N,2026-124A,4,8,21.749045508426388,47.655407651603774
2024-140N,2026-124B,4,8,1976.1065824460206,2017.6445153959899
2024-140N,2026-124C,4,8,3870.472126068623,3842.7421964869495
2024-140N,2026-124D,4,8,5647.133163633997,5609.965459558431
2024-140N,2026-124E,4,8,7252.277706752314,7268.189000230394
2024-140N,2026-124F,4,8,8637.03315069993,8636.433465868538
2024-140N,2026-124G,4,8,10585.181300999444,10600.086076559966
2024-140N,2026-124H,4,8,9759.37858470363,9756.486140846164
2024-140N,2026-124J,4,8,11089.361263014685,11089.64100732309
2024-140N,2026-124K,4,8,10570.314572385874,10588.521690796822
2024-140N,2026-124L,4,8,9737.623536197803,9717.125577185772
2024-140N,2026-124M,4,8,8609.094065254129,8588.536587172834
2024-140N,2026-124N,4,8,5609.467495808095,5597.3237546793025
2024-140N,2026-124P,4,8,7218.939457912874,7228.96194239456
2024-140N,2026-124Q,4,8,3829.562149105929,3814.1904911803103
2024-140N,2026-124R,4,8,1933.2708887344684,1904.730948859491
2024-140N,2026-124S,4,8,11256.602320692287,11261.617557881398
2024-140N,2026-124T,4,8,11081.806137698355,11089.522954414202
2024-140P,2024-185L,4,2,2863.876371916072,2951.6853726342415
2024-140P,2024-185M,4,2,4377.8917940461315,4383.811450915746
2024-140P,2024-185P,4,2,2509.6396318739653,2469.794689579438
2024-140P,2024-232B,4,0,8599.784454672219,8524.555445340458
2024-140P,2024-232C,4,0,7412.500737418315,7385.258869965079
2024-140P,2024-232E,4,0,4277.549067456553,4231.529406783913
2024-140P,2024-232F,4,0,6851.884374030724,6779.278927094529
2024-140P,2024-232H,4,0,5650.560673821338,5572.877959186005
2024-140P,2024-232J,4,0,1187.279804402822,1148.3808730744488
2024-140P,2024-232K,4,0,8898.08364379053,8856.74120249911
2024-140P,2024-232L,4,0,2046.1925213220493,2080.3400805086685
2024-140P,2024-232M,4,0,436.4987709556889,467.41912079378335
2024-140P,2024-232N,4,0,9310.42921775634,9268.04024235699
2024-140P,2024-232P,4,0,7845.003432322989,7777.744591838527
2024-140P,2024-232Q,4,0,8281.083571678488,8252.368408759901
2024-140P,2024-232R,4,0,9093.229172199826,9039.137539233183
2024-140P,2024-232S,4,0,5032.864524959109,5040.764525647682
2024-140P,2024-232T,4,0,9244.678710237968,9200.873168275779
2024-140P,2024-232U,4,0,2774.664929301203,2740.263859210347
2024-140P,2025-016A,4,3,2057.5132033466234,2018.5192491357857
2024-140P,2025-016B,4,3,1931.6544174733353,1935.3522428349454
2024-140P,2025-016C,4,3,550.1074670255953,524.5628708182389
2024-140P,2025-016D,4,3,1746.3040564017035,1745.8784054350845
2024-140P,2025-016E,4,3,184.02259338013664,160.4622740424816
2024-140P,2025-016F,4,3,2122.507998057101,2107.9280153994778
2024-140P,2025-016G,4,3,553.0791950283453,560.7224949535771
2024-140P,2025-016H,4,3,188.99585585045162,196.8300882087606
2024-140P,2025-016J,4,3,1744.2772974170898,1720.8086142096417
2024-140P,2025-016K,4,3,902.1232380636557,912.836289893427
2024-140P,2025-016L,4,3,1223.4690754267356,1237.2883564274161
2024-140P,2025-016M,4,3,1220.7007733935488,1191.2941538305558
2024-140P,2025-016N,4,3,1505.4165088146422,1474.9088782909523
2024-140P,2025-016P,4,3,898.9236551136452,872.3599286111014
2024-140P,2025-016Q,4,3,1930.357113839257,1921.2235683303638
2024-140P,2025-016R,4,3,2058.534442911638,2041.1124535340819
2024-140P,2025-016S,4,3,2122.5905225546626,2107.2020659779846
2024-140P,2025-016T,4,3,1507.7655726603548,1502.6880313953743
2024-140P,2025-046A,4,5,6764.052140857978,6668.782911120701
2024-140P,2025-046B,4,5,3177.387262226902,3206.3544105159413
2024-140P,2025-046C,4,5,9906.52439123892,9903.959201900561
2024-140P,2025-046D,4,5,11632.089005650823,11591.112676982546
2024-140P,2025-046F,4,5,10803.833915763775,11001.35371083894
2024-140P,2025-046G,4,5,13004.216674273719,13004.047386663144
2024-140P,2025-046H,4,5,5613.959018626993,5658.767776919235
2024-140P,2025-046J,4,5,13981.2191404961,13984.78779175493
2024-140P,2025-046K,4,5,1908.4277556634208,1843.708590948653
2024-140P,2025-046M,4,5,14309.657112409937,14289.444432153983
2024-140P,2025-046N,4,5,13540.513921579963,13506.849659466405
2024-140P,2025-046P,4,5,14644.008215025391,14632.611874770762
2024-140P,2025-046Q,4,5,4403.133118414961,4284.4676911554725
2024-140P,2025-046R,4,5,12359.950009439011,12302.808872632091
2024-140P,2025-046S,4,5,7879.9576318343825,7916.939532682543
2024-140P,2025-046T,4,5,8919.451139019155,8867.442583024747
2024-140P,2025-233A,4,1,6423.984327221062,6414.689408575752
2024-140P,2025-233B,4,1,5024.64006896996,4944.079599809118
2024-140P,2025-233C,4,1,3019.2707561832303,2974.066296465427
2024-140P,2025-233D,4,1,5812.64223510608,5806.918705349746
2024-140P,2025-233E,4,1,4083.9974624473393,4114.086725300793
2024-140P,2025-233F,4,1,2958.7117950935176,2899.3640737725027
2024-140P,2025-233G,4,1,1862.7663565136452,1900.7926914751895
2024-140P,2025-233H,4,1,583.1409247403494,546.8073891577841
2024-140P,2025-233J,4,1,1798.4295766481325,1725.6690850276052
2024-140P,2025-233K,4,1,649.9846975884783,666.3449101309358
2024-140P,2025-233M,4,1,4977.420815418634,4930.233285367217
2024-140P,2025-233N,4,1,5774.308819523887,5728.345987074157
2024-140P,2025-233P,4,1,6395.7839555223845,6352.1898045431735
2024-140P,2025-233Q,4,1,7042.729409868852,7040.454192262607
2024-140P,2025-233R,4,1,6822.875763216797,6785.000445704349
2024-140P,2025-233S,4,1,7048.508207127403,7023.717512153566
2024-140P,2025-233T,4,1,6840.203686522178,6819.990035002032
2024-140P,2026-075A,4,6,8961.039066698047,8991.022884884544
2024-140P,2026-075B,4,6,4764.522375465444,4848.254148111178
2024-140P,2026-075C,4,6,10681.14992061546,10627.50340360475
2024-140P,2026-075D,4,6,8971.2516916264,8943.597108027612
2024-140P,2026-075E,4,6,6968.650901693842,7029.517376991459
2024-140P,2026-075F,4,6,2415.6381706867705,2510.641524452944
2024-140P,2026-075G,4,6,12083.388259504918,12038.503986852344
2024-140P,2026-075H,4,6,6980.197083279025,6904.371730127757
2024-140P,2026-075J,4,6,6.6659854094220625,12.021956115910024
2024-140P,2026-075K,4,6,13738.090461164627,13718.100143572274
2024-140P,2026-075L,4,6,4777.049911206939,4671.464368179496
2024-140P,2026-075M,4,6,10689.719673308686,10622.26216570681
2024-140P,2026-075N,4,6,13105.345844773778,13090.538634231769
2024-140P,2026-075P,4,6,13948.844074210156,13939.639343877625
2024-140P,2026-075Q,4,6,2428.776178029676,2327.0857209562496
2024-140P,2026-075R,4,6,13109.905663687257,13086.38335416351
2024-140P,2026-075S,4,6,13735.775723150631,13723.876218366006
2024-140P,2026-075T,4,6,12076.722560028635,12110.983927923518
2024-140P,2026-104A,4,7,9434.855827778178,9400.515225985371
2024-140P,2026-104B,4,7,5908.944422708115,5929.459393204478
2024-140P,2026-104C,4,7,6875.767509635657,6788.715631831266
2024-140P,2026-104D,4,7,10792.785417235144,10815.58723773164
2024-140P,2026-104E,4,7,1670.3283071635963,1661.7682292038764
2024-140P,2026-104F,4,7,7790.255090347811,7827.956928134975
2024-140P,2026-104G,4,7,3848.1165056701184,3864.6010965428504
2024-140P,2026-104H,4,7,10152.459756003811,10103.34852252446
2024-140P,2026-104J,4,7,558.4144267779984,470.98771158708905
2024-140P,2026-104K,4,7,4897.161904868392,4814.111760934212
2024-140P,2026-104L,4,7,2769.754294233375,2725.2347370419566
2024-140P,2026-104M,4,7,12204.617162922614,12162.662887764609
2024-140P,2026-104N,4,7,8645.452467503528,8626.813052016461
2024-140P,2026-104P,4,7,11350.97739528605,11296.08289412875
2024-140P,2026-104Q,4,7,12687.407664504572,12673.606672801676
2024-140P,2026-104R,4,7,12493.549162053772,12496.792356236347
2024-140P,2026-104S,4,7,12784.713466051973,12774.747010593117
2024-140P,2026-104T,4,7,11822.785149031813,11834.903916332514
2024-140P,2026-108A,4,0,7876.758689166423,7904.0649106619085
2024-140P,2026-108B,4,0,3539.5795420331756,3479.096997758837
2024-140P,2026-108C,4,0,5697.443879980214,5680.924711847786
2024-140P,2026-108D,4,0,8622.39810587525,8623.015436441421
2024-140P,2026-108E,4,0,6891.835295779802,6910.08984896178
2024-140P,2026-108F,4,0,4330.022659159781,4372.677145108688
2024-140P,2026-108G,4,0,6275.1320265982595,6271.49978429318
2024-140P,2026-108H,4,0,1245.9829950782903,1307.6924755740038
2024-140P,2026-108J,4,0,2830.9305977783597,2884.171471621319
2024-140P,2026-108K,4,0,377.08391028923205,361.7819610413611
2024-140P,2026-108L,4,0,1988.5171164961184,1932.9839776293063
2024-140P,2026-108M,4,0,8253.810146869539,8218.294804273708
2024-140P,2026-108N,4,0,4983.0103527278,4977.869977242635
2024-140P,2026-108P,4,0,8880.290957338346,8859.282430439354
2024-140P,2026-108Q,4,0,7376.507222221488,7339.228445081163
2024-140P,2026-108R,4,0,9312.983682949493,9313.282890076145
2024-140P,2026-108S,4,0,9106.023875288853,9124.217638157352
2024-140P,2026-108T,4,0,9236.971546395227,9237.001467660777
2024-140P,2026-121A,4,5,644.2684878643316,729.2792533557952
2024-140P,2026-121B,4,5,14533.408616972234,14528.12634370588
2024-140P,2026-124A,4,8,9737.629553281957,9723.077618086172
2024-140P,2026-124B,4,8,8609.076015857187,8586.02311426141
2024-140P,2026-124C,4,8,7218.942451393118,7250.168979591262
2024-140P,2026-124D,4,8,5609.476051534364,5663.247736556212
2024-140P,2026-124E,4,8,3829.545587780957,3834.4120632684944
2024-140P,2026-124F,4,8,1933.3417191927795,1971.270085376241
2024-140P,2026-124G,4,8,1976.199910934726,1953.4217278789333
2024-140P,2026-124H,4,8,21.749045508436172,35.578427013135496
2024-140P,2026-124J,4,8,3870.4198798211273,3764.5656263042356
2024-140P,2026-124K,4,8,8637.033022650381,8563.206571371707
2024-140P,2026-124L,4,8,9759.38533078807,9732.450656378353
2024-140P,2026-124M,4,8,10585.178557295238,10560.786593555637
2024-140P,2026-124N,4,8,11256.595673589356,11244.982484110431
2024-140P,2026-124P,4,8,11089.377549470306,11069.790341498447
2024-140P,2026-124Q,4,8,11081.816930100953,11075.351785757177
2024-140P,2026-124R,4,8,10570.301722145234,10560.4919490423
2024-140P,2026-124S,4,8,5647.137914833429,5598.353691400982
2024-140P,2026-124T,4,8,7252.269960645815,7176.144020627332
2024-140Q,2024-185L,4,2,4038.843064820113,4069.8264434992766
2024-140Q,2024-185M,4,2,3383.295412621721,3409.70500723376
2024-140Q,2024-185P,4,2,3786.158693803494,3732.8211054602825
2024-140Q,2024-232B,4,0,6851.912736029865,6801.408857850191
2024-140Q,2024-232C,4,0,8898.06658871092,8847.71627127324
2024-140Q,2024-232E,4,0,1187.346315958915,1198.8178325269835
2024-140Q,2024-232F,4,0,4277.581013633201,4253.8654220001645
2024-140Q,2024-232H,4,0,2774.565761090864,2758.0302216278155
2024-140Q,2024-232J,4,0,2046.2029250881699,2017.8923741074125
2024-140Q,2024-232K,4,0,9310.410373107583,9269.995144281154
2024-140Q,2024-232L,4,0,5032.857293737553,4998.213432729283
2024-140Q,2024-232M,4,0,3594.205401135212,3555.7293751835705
2024-140Q,2024-232N,4,0,8599.787528551919,8574.505028300458
2024-140Q,2024-232P,4,0,5650.55232534177,5624.397974890629
2024-140Q,2024-232Q,4,0,9244.682179042255,9200.260017178887
2024-140Q,2024-232R,4,0,7845.00256534965,7808.236994518862
2024-140Q,2024-232S,4,0,7412.488045928637,7375.402798985365
2024-140Q,2024-232T,4,0,9093.229609714164,9057.79582444801
2024-140Q,2024-232U,4,0,436.1900905500311,409.95656444927675
2024-140Q,2025-016A,4,3,1744.2716542270332,1715.78317357944
2024-140Q,2025-016B,4,3,2122.617620138932,2120.0474151325
2024-140Q,2025-016C,4,3,187.76085379960196,186.58189313774395
2024-140Q,2025-016D,4,3,2058.418655229309,2055.316362117822
2024-140Q,2025-016E,4,3,553.1518154971701,558.2554409476656
2024-140Q,2025-016F,4,3,1930.3684485805466,1916.0014826392319
2024-140Q,2025-016G,4,3,1223.4260245610758,1200.5748534910288
2024-140Q,2025-016H,4,3,902.1418572794273,890.1218013934285
2024-140Q,2025-016J,4,3,1220.643411215153,1209.364117925075
2024-140Q,2025-016K,4,3,1507.9268577965142,1505.8058173874747
2024-140Q,2025-016L,4,3,1746.220730771433,1746.5113882629807
2024-140Q,2025-016M,4,3,549.8113391102287,534.6247750312359
2024-140Q,2025-016N,4,3,899.1748574703404,880.1180325146934
2024-140Q,2025-016P,4,3,184.7439465509153,176.79915597209515
2024-140Q,2025-016Q,4,3,1505.6281834772285,1499.1792813329214
2024-140Q,2025-016R,4,3,2122.3652129991897,2102.1314202076096
2024-140Q,2025-016S,4,3,2057.5168517607117,2040.918794676806
2024-140Q,2025-016T,4,3,1931.7322535220753,1919.076451862748
2024-140Q,2025-046A,4,5,1908.4258347625023,1883.6437625462388
2024-140Q,2025-046B,4,5,7879.956397068867,7831.238381026927
2024-140Q,2025-046C,4,5,13004.216665164025,12959.859082111261
2024-140Q,2025-046D,4,5,13981.219678691192,13930.599225281718
2024-140Q,2025-046F,4,5,6764.052191459972,7098.076654802847
2024-140Q,2025-046G,4,5,14533.408534367647,14513.60822884785
2024-140Q,2025-046H,4,5,9906.52443647874,9878.65466444868
2024-140Q,2025-046J,4,5,14644.00879288076,14635.05759349129
2024-140Q,2025-046K,4,5,3177.384847012368,3114.9302726849255
2024-140Q,2025-046M,4,5,12359.94942169113,12378.123526599573
2024-140Q,2025-046N,4,5,10803.834137732581,10802.46335094334
2024-140Q,2025-046P,4,5,13540.514322607483,13533.012744302127
2024-140Q,2025-046Q,4,5,644.2900982971659,652.2878045628725
2024-140Q,2025-046R,4,5,8919.449984628516,8901.520749204774
2024-140Q,2025-046S,4,5,11632.088740231327,11604.93455349737
2024-140Q,2025-046T,4,5,4403.134430325114,4419.4676100463475
2024-140Q,2025-233A,4,1,7048.51122615624,7025.576563821996
2024-140Q,2025-233B,4,1,6423.999068381926,6351.500399767502
2024-140Q,2025-233C,4,1,5024.6735268680495,4950.884898746447
2024-140Q,2025-233D,4,1,6840.172591904877,6819.981502612546
2024-140Q,2025-233E,4,1,5812.618274223314,5827.206917817559
2024-140Q,2025-233F,4,1,583.2797709595292,572.932198671588
2024-140Q,2025-233G,4,1,4083.9813364620836,4074.0417383218155
2024-140Q,2025-233H,4,1,1862.7704145075274,1857.5801459165789
2024-140Q,2025-233J,4,1,649.8016791667407,672.3394587887732
2024-140Q,2025-233K,4,1,3019.3507518150905,2989.2674626330854
2024-140Q,2025-233M,4,1,2958.763977455608,2946.1060221347166
2024-140Q,2025-233N,4,1,4029.2680448706233,4015.8149866808294
2024-140Q,2025-233P,4,1,4977.466584129147,4949.130720929447
2024-140Q,2025-233Q,4,1,6395.799907188157,6401.410624139676
2024-140Q,2025-233R,4,1,5774.306688034394,5743.210677224536
2024-140Q,2025-233S,4,1,6822.875970266703,6793.6248716112905
2024-140Q,2025-233T,4,1,7042.707410243879,7020.346817098287
2024-140Q,2026-075A,4,6,12076.720528076485,12055.493261220707
2024-140Q,2026-075B,4,6,8961.037633502008,8964.480327122472
2024-140Q,2026-075C,4,6,13105.346816572635,13048.38918231082
2024-140Q,2026-075D,4,6,4777.054745025337,4825.388737417115
2024-140Q,2026-075E,4,6,10681.152208024025,10673.49198592061
2024-140Q,2026-075F,4,6,6968.65608612888,6977.888193684895
2024-140Q,2026-075G,4,6,8971.255475118569,8969.455958474962
2024-140Q,2026-075H,4,6,2428.758037250114,2429.001656847854
2024-140Q,2026-075J,4,6,4764.521957452188,4690.37924918838
2024-140Q,2026-075K,4,6,12083.390285549729,12073.627271225329
2024-140Q,2026-075L,4,6,6.665985409666006,19.774846083762768
2024-140Q,2026-075M,4,6,6980.194930216936,6964.542134968149
2024-140Q,2026-075N,4,6,13948.844215555644,13943.43133200623
2024-140Q,2026-075P,4,6,13109.905647343436,13106.95293163141
2024-140Q,2026-075Q,4,6,2415.6329410591225,2427.272945575104
2024-140Q,2026-075R,4,6,10689.719361570846,10700.610360863679
2024-140Q,2026-075S,4,6,13738.089263336135,13740.369348598048
2024-140Q,2026-075T,4,6,13735.773085098059,13733.111035431137
2024-140Q,2026-104A,4,7,11822.781516240904,11772.905933493234
2024-140Q,2026-104B,4,7,9434.853909601765,9397.354767745597
2024-140Q,2026-104C,4,7,2769.7780242976314,2748.864711229503
2024-140Q,2026-104D,4,7,12493.552063608042,12482.608816867503
2024-140Q,2026-104E,4,7,5908.943997217115,5830.194748587782
2024-140Q,2026-104F,4,7,10792.79107867061,10775.829693114532
2024-140Q,2026-104G,4,7,7790.266123942884,7741.480241449284
2024-140Q,2026-104H,4,7,6875.779335237872,6878.479938406493
2024-140Q,2026-104J,4,7,3848.10311334236,3847.022348219712
2024-140Q,2026-104K,4,7,558.202519759409,551.2517581866334
2024-140Q,2026-104L,4,7,1670.347229250661,1636.6926526621062
2024-140Q,2026-104M,4,7,10152.461711291131,10123.581208451957
2024-140Q,2026-104N,4,7,4897.157260919911,4949.9058626746755
2024-140Q,2026-104P,4,7,8645.452076295003,8620.299309142
2024-140Q,2026-104Q,4,7,11350.977506489498,11350.064848338337
2024-140Q,2026-104R,4,7,12687.408562932758,12676.234728793263
2024-140Q,2026-104S,4,7,12204.611662471947,12202.35242815648
2024-140Q,2026-104T,4,7,12784.708162713645,12776.992612226524
2024-140Q,2026-108A,4,0,9106.022453955062,9109.803807423374
2024-140Q,2026-108B,4,0,377.7153045625433,364.2598425199151
2024-140Q,2026-108C,4,0,7876.758637850079,7839.708418572812
2024-140Q,2026-108D,4,0,9313.00203178839,9315.19436510407
2024-140Q,2026-108E,4,0,8622.410690902832,8615.602743086982
2024-140Q,2026-108F,4,0,6891.821747399634,6891.398723171675
2024-140Q,2026-108G,4,0,3539.563821547539,3587.096668535935
2024-140Q,2026-108H,4,0,4329.982195363819,4337.149642321718
2024-140Q,2026-108J,4,0,5697.445701080665,5701.149229812863
2024-140Q,2026-108K,4,0,2831.00309817498,2788.0488400797904
2024-140Q,2026-108L,4,0,1245.880220164704,1246.7208017256735
2024-140Q,2026-108M,4,0,6275.102387611594,6257.592979152728
2024-140Q,2026-108N,4,0,1988.4870210981971,2034.5360140900318
2024-140Q,2026-108P,4,0,7376.514748681788,7359.805468579163
2024-140Q,2026-108Q,4,0,4983.012030637406,4975.975956921964
2024-140Q,2026-108R,4,0,8880.30370475608,8894.665554246829
2024-140Q,2026-108S,4,0,9236.963900533203,9246.304645430524
2024-140Q,2026-108T,4,0,8253.794601742946,8254.939601845692
2024-140Q,2026-121A,4,5,5613.959546729806,5607.1861965604685
2024-140Q,2026-121B,4,5,14309.65681662842,14293.988938492617
2024-140Q,2026-124A,4,8,11081.807900110538,11058.62015159852
2024-140Q,2026-124B,4,8,10570.308365120833,10530.64767109307
2024-140Q,2026-124C,4,8,9737.62345352241,9721.372102967201
2024-140Q,2026-124D,4,8,8609.088896409723,8603.516568136625
2024-140Q,2026-124E,4,8,7218.939857432396,7168.039043356148
2024-140Q,2026-124F,4,8,5609.495681101464,5581.0102246525375
2024-140Q,2026-124G,4,8,1933.2829569185276,1883.0213317297494
2024-140Q,2026-124H,4,8,3829.5450448848133,3813.3348765058236
2024-140Q,2026-124J,4,8,21.749045508432854,19.17843531846185
2024-140Q,2026-124K,4,8,5647.133252910345,5611.173113174205
2024-140Q,2026-124L,4,8,7252.288811925668,7270.071263277569
2024-140Q,2026-124M,4,8,8637.032617473566,8642.690886908551
2024-140Q,2026-124N,4,8,10585.178944755698,10576.956042155609
2024-140Q,2026-124P,4,8,9759.384753351751,9743.58778383814
2024-140Q,2026-124Q,4,8,11089.364858033474,11084.301858529318
2024-140Q,2026-124R,4,8,11256.59829842866,11249.301911206543
2024-140Q,2026-124S,4,8,1976.108098239185,1995.6894889272296
2024-140Q,2026-124T,4,8,3870.4527737456538,3848.2869391453455
2024-140R,2024-185L,4,2,2136.174847130008,2223.18648994559
2024-140R,2024-185M,4,2,4682.23642912369,4715.5347536790205
2024-140R,2024-185P,4,2,1746.444003061363,1684.4187101920322
2024-140R,2024-232B,4,0,9093.230180236227,9057.63981462208
2024-140R,2024-232C,4,0,6318.667540035808,6265.749156430227
2024-140R,2024-232E,4,0,5650.602642312995,5663.623788753849
2024-140R,2024-232F,4,0,7845.008277092983,7823.405096959345
2024-140R,2024-232H,4,0,6851.876506776778,6827.343641827204
2024-140R,2024-232J,4,0,2774.6280037272495,2791.6950020887944
2024-140R,2024-232K,4,0,8281.0833768344,8228.56900295982
2024-140R,2024-232L,4,0,436.29680783779355,424.54996582226937
2024-140R,2024-232M,4,0,1187.2829851089805,1207.7650418193116
2024-140R,2024-232N,4,0,9244.67845442614,9206.201852138385
2024-140R,2024-232P,4,0,8599.77483275533,8576.433266321445
2024-140R,2024-232Q,4,0,7412.5129194135,7368.159669313438
2024-140R,2024-232R,4,0,9310.417232567997,9284.19669020204
2024-140R,2024-232S,4,0,3594.135875482554,3562.0731595266448
2024-140R,2024-232T,4,0,8898.093213539029,8849.923248168707
2024-140R,2024-232U,4,0,4277.543207892452,4303.859698738125
2024-140R,2025-016A,4,3,2122.4219896426143,2105.447423406985
2024-140R,2025-016B,4,3,1746.385588150539,1760.0056227771947
2024-140R,2025-016C,4,3,898.8754926142574,891.2499273935872
2024-140R,2025-016D,4,3,1507.7311052266462,1510.5768266135915
2024-140R,2025-016E,4,3,550.3401160365057,541.8930971639719
2024-140R,2025-016F,4,3,2122.5896003605585,2130.745260514056
2024-140R,2025-016G,4,3,188.22811024330662,191.53181465650903
2024-140R,2025-016H,4,3,184.03957824362493,192.40696289833082
2024-140R,2025-016J,4,3,1930.2865913584951,1932.3634551037426
2024-140R,2025-016K,4,3,553.1687675924026,555.6972254125238
2024-140R,2025-016L,4,3,902.0141696963938,913.0056704302465
2024-140R,2025-016M,4,3,1505.356914688062,1502.5805312323141
2024-140R,2025-016N,4,3,1744.310674644992,1741.531127389296
2024-140R,2025-016P,4,3,1220.7864905178703,1217.4022586052783
2024-140R,2025-016Q,4,3,2057.51893876351,2076.4980956910167
2024-140R,2025-016R,4,3,1931.6515446867495,1928.5960225433078
2024-140R,2025-016S,4,3,2058.612491953241,2061.301131417028
2024-140R,2025-016T,4,3,1223.5475086355182,1218.9333707644269
2024-140R,2025-046A,4,5,8919.449829209869,8914.511892364158
2024-140R,2025-046B,4,5,644.2673635303174,584.2024853406413
2024-140R,2025-046C,4,5,7879.957310060442,7804.55705781943
2024-140R,2025-046D,4,5,9906.52437531622,9794.289809972672
2024-140R,2025-046F,4,5,12359.950487293938,12567.878090938477
2024-140R,2025-046G,4,5,11632.088576746019,11582.975267961514
2024-140R,2025-046H,4,5,3177.389031903057,3137.928990235603
2024-140R,2025-046J,4,5,13004.21677872175,12975.455784489503
2024-140R,2025-046K,4,5,4403.132609601031,4437.255251201216
2024-140R,2025-046M,4,5,14644.008081383112,14633.121686316475
2024-140R,2025-046N,4,5,14309.657419214423,14309.85992357019
2024-140R,2025-046P,4,5,14533.408814741888,14524.240258369215
2024-140R,2025-046Q,4,5,6764.0526682219925,6743.769305812248
2024-140R,2025-046R,4,5,13540.51388900694,13541.345346692828
2024-140R,2025-046S,4,5,5613.959067826325,5573.851715834414
2024-140R,2025-046T,4,5,10803.833924906914,10827.672036325172
2024-140R,2025-233A,4,1,5812.663688445607,5799.208318258653
2024-140R,2025-233B,4,1,4084.0190080001066,3968.5343839271113
2024-140R,2025-233C,4,1,1862.7938871580754,1781.7929474193513
2024-140R,2025-233D,4,1,5024.634298564573,5003.630007887642
2024-140R,2025-233E,4,1,3019.2489949224387,3011.9568573768674
2024-140R,2025-233F,4,1,4029.351841214697,4017.560079112614
2024-140R,2025-233G,4,1,649.8271185416568,651.3183425590738
2024-140R,2025-233H,4,1,1798.3522185397103,1812.9844090849062
2024-140R,2025-233J,4,1,2958.704314153208,2933.728189664491
2024-140R,2025-233K,4,1,583.165917846983,607.0241610347953
2024-140R,2025-233M,4,1,5774.31888891199,5773.486481435455
2024-140R,2025-233N,4,1,6395.7690157729285,6389.875922853557
2024-140R,2025-233P,4,1,6822.878904866636,6819.241598931567
2024-140R,2025-233Q,4,1,7048.506912212828,7060.712820567643
2024-140R,2025-233R,4,1,7042.7106302096945,7038.270714431484
2024-140R,2025-233S,4,1,6840.2081069075775,6827.0432623004945
2024-140R,2025-233T,4,1,6423.985528117306,6404.271288309191
2024-140R,2026-075A,4,6,6968.649568296278,6932.417720153521
2024-140R,2026-075B,4,6,2415.631903111182,2421.546869599373
2024-140R,2026-075C,4,6,8961.040762233073,8835.768767783222
2024-140R,2026-075D,4,6,10689.720649807403,10728.561040468006
2024-140R,2026-075E,4,6,4764.524336955096,4753.233916348941
2024-140R,2026-075F,4,6,6.6659854094414115,11.428966048139383
2024-140R,2026-075G,4,6,13109.906013826869,13115.95421503526
2024-140R,2026-075H,4,6,8971.250683499291,8975.88646046136
2024-140R,2026-075J,4,6,2428.767536478548,2501.8037998892028
2024-140R,2026-075K,4,6,13948.843984030118,13945.699839857249
2024-140R,2026-075L,4,6,6980.201899936585,6961.2851725329765
2024-140R,2026-075M,4,6,12083.387096979779,12081.81957643203
2024-140R,2026-075N,4,6,12076.724302383505,12019.940331010865
2024-140R,2026-075P,4,6,13735.775389273418,13720.748227667547
2024-140R,2026-075Q,4,6,4777.049596006526,4766.932047246419
2024-140R,2026-075R,4,6,13738.089012970147,13748.055883477442
2024-140R,2026-075S,4,6,13105.345957107571,13065.516228521288
2024-140R,2026-075T,4,6,10681.149598198926,10675.83869305446
2024-140R,2026-104A,4,7,7790.2519661423685,7694.7552799080295
2024-140R,2026-104B,4,7,3848.106951809869,3799.9705077545777
2024-140R,2026-104C,4,7,8645.454501413815,8635.364046839535
2024-140R,2026-104D,4,7,9434.858762411068,9420.408665661858
2024-140R,2026-104E,4,7,558.3263306660222,636.75100446082
2024-140R,2026-104F,4,7,5908.947005547414,5888.077475527426
2024-140R,2026-104G,4,7,1670.3300049480158,1612.29874873116
2024-140R,2026-104H,4,7,11350.977849703297,11359.014869986504
2024-140R,2026-104J,4,7,2769.754178101686,2769.006389987165
2024-140R,2026-104K,4,7,6875.762959651858,6871.646178847476
2024-140R,2026-104L,4,7,4897.182472943878,4932.360829318015
2024-140R,2026-104M,4,7,12687.407524530716,12685.962188069378
2024-140R,2026-104N,4,7,10152.4563635142,10193.619699348234
2024-140R,2026-104P,4,7,12204.613322731668,12201.55102850104
2024-140R,2026-104Q,4,7,12784.715579284548,12781.59129668703
2024-140R,2026-104R,4,7,11822.78854195472,11813.757573520239
2024-140R,2026-104S,4,7,12493.549203165992,12476.55084867649
2024-140R,2026-104T,4,7,10792.784313501239,10779.172035087426
2024-140R,2026-108A,4,0,6891.820805905218,6897.423918388952
2024-140R,2026-108B,4,0,4983.02136348234,4989.612962998667
2024-140R,2026-108C,4,0,4330.020661139049,4266.519347620733
2024-140R,2026-108D,4,0,7876.761341503708,7857.949990245384
2024-140R,2026-108E,4,0,5697.442484770895,5681.864787886707
2024-140R,2026-108F,4,0,2830.933548514047,2825.3666783264343
2024-140R,2026-108G,4,0,7376.507897066119,7423.532603693261
2024-140R,2026-108H,4,0,377.03423915589576,367.7969919523118
2024-140R,2026-108J,4,0,1246.0648751955441,1245.1655338048536
2024-140R,2026-108K,4,0,1988.5539193332597,2037.665370220243
2024-140R,2026-108L,4,0,3539.526846888484,3547.8136072391103
2024-140R,2026-108M,4,0,8880.289455243417,8892.817920437448
2024-140R,2026-108N,4,0,6275.123776458344,6327.824871755555
2024-140R,2026-108P,4,0,9236.980052820705,9256.619410710928
2024-140R,2026-108Q,4,0,8253.82316078461,8270.162818669283
2024-140R,2026-108R,4,0,9106.02933680996,9104.65769385389
2024-140R,2026-108S,4,0,8622.389869081431,8638.045850018456
2024-140R,2026-108T,4,0,9312.97915379,9333.812265338616
2024-140R,2026-121A,4,5,1908.4299076698628,1908.5398804749807
2024-140R,2026-121B,4,5,13981.21889208713,13960.304034240005
2024-140R,2026-124A,4,8,8609.073118767115,8559.22959462888
2024-140R,2026-124B,4,8,7218.9479738714535,7149.48614391991
2024-140R,2026-124C,4,8,5609.4679800057265,5594.010864520074
2024-140R,2026-124D,4,8,3829.550687785186,3829.605963880249
2024-140R,2026-124E,4,8,1933.3077814258252,1874.5915892277583
2024-140R,2026-124F,4,8,21.749045508431152,42.61595857047441
2024-140R,2026-124G,4,8,3870.420624987566,3917.397660132884
2024-140R,2026-124H,4,8,1976.1773933201516,1990.0293116540972
2024-140R,2026-124J,4,8,5647.165912111815,5615.517686368939
2024-140R,2026-124K,4,8,9759.378997158763,9748.469144826604
2024-140R,2026-124L,4,8,10585.17884027298,10600.879594474987
2024-140R,2026-124M,4,8,11089.370795036897,11098.63737059213
2024-140R,2026-124N,4,8,11081.824197666994,11073.519685006799
2024-140R,2026-124P,4,8,11256.595718376917,11261.362015265562
2024-140R,2026-124Q,4,8,10570.301286443975,10553.523563859302
2024-140R,2026-124R,4,8,9737.635735707763,9703.193263307834
2024-140R,2026-124S,4,8,7252.260928774042,7269.2030661965255
2024-140R,2026-124T,4,8,8637.035723941208,8627.0154251777
2024-140S,2024-185L,4,2,1343.5301280816166,1474.055008642624
2024-140S,2024-185M,4,2,4844.435754408479,4878.916677805713
2024-140S,2024-185P,4,2,930.7011157983055,899.3306251435905
2024-140S,2024-232B,4,0,9310.408345060332,9280.188931481125
2024-140S,2024-232C,4,0,5032.894678150019,5035.745288803296
2024-140S,2024-232E,4,0,6851.872848718662,6827.516114252734
2024-140S,2024-232F,4,0,8599.76856450946,8560.719745005475
2024-140S,2024-232H,4,0,7845.038505988084,7790.697721645537
2024-140S,2024-232J,4,0,4277.544090733998,4238.533075038181
2024-140S,2024-232K,4,0,7412.52440707002,7396.900228345636
2024-140S,2024-232L,4,0,1187.3104570445723,1131.3010281318284
2024-140S,2024-232M,4,0,2774.596238473469,2731.038290607144
2024-140S,2024-232N,4,0,8898.08067295849,8870.374619962002
2024-140S,2024-232P,4,0,9093.234359965487,9062.15423527357
2024-140S,2024-232Q,4,0,6318.667284678148,6324.11384678492
2024-140S,2024-232R,4,0,9244.67944594857,9226.119302210918
2024-140S,2024-232S,4,0,2046.2384967315968,2078.6166091864584
2024-140S,2024-232T,4,0,8281.083091256052,8257.528080251483
2024-140S,2024-232U,4,0,5650.584510516411,5630.989770201636
2024-140S,2025-016A,4,3,2122.5951599359764,2115.4564255769565
2024-140S,2025-016B,4,3,1507.7274247072717,1536.5379700552664
2024-140S,2025-016C,4,3,1220.8913438437914,1205.3979672962091
2024-140S,2025-016D,4,3,1223.6638717323658,1239.0879557396674
2024-140S,2025-016E,4,3,898.8789700000018,882.6643712589978
2024-140S,2025-016F,4,3,2058.523813884135,2079.835790257838
2024-140S,2025-016G,4,3,184.3085885860628,165.15166930051325
2024-140S,2025-016H,4,3,550.0769321433106,546.1688152762848
2024-140S,2025-016J,4,3,2057.5472346379615,2066.0621214750245
2024-140S,2025-016K,4,3,187.7046807204998,201.587511633909
2024-140S,2025-016L,4,3,553.3422203323425,577.0100206150221
2024-140S,2025-016M,4,3,1744.3706621437427,1743.7531287006825
2024-140S,2025-016N,4,3,1930.2401146919242,1933.341461284365
2024-140S,2025-016P,4,3,1505.3281549545297,1499.8521644969549
2024-140S,2025-016Q,4,3,2122.3578491731987,2152.174326699387
2024-140S,2025-016R,4,3,1746.4775869939783,1757.7738285997775
2024-140S,2025-016S,4,3,1931.6505313359926,1948.4096571387652
2024-140S,2025-016T,4,3,901.9565543313222,911.6632522019476
2024-140S,2025-046A,4,5,10803.834255078385,10742.62937493765
2024-140S,2025-046B,4,5,1908.4328540414772,1867.7011257402692
2024-140S,2025-046C,4,5,5613.959039728754,5624.378382552195
2024-140S,2025-046D,4,5,7879.956676927706,7836.637670908822
2024-140S,2025-046F,4,5,13540.513896302153,13655.474242666314
2024-140S,2025-046G,4,5,9906.524512424336,9921.610244623093
2024-140S,2025-046H,4,5,644.267792238893,703.2832550046381
2024-140S,2025-046J,4,5,11632.088278170215,11655.403437134531
2024-140S,2025-046K,4,5,6764.053275395112,6721.573882871717
2024-140S,2025-046M,4,5,14533.409116822913,14521.589604160032
2024-140S,2025-046N,4,5,14644.008051264616,14635.338073454492
2024-140S,2025-046P,4,5,13981.218752109446,13995.930353339287
2024-140S,2025-046Q,4,5,8919.449578031214,8835.04844277611
2024-140S,2025-046R,4,5,14309.657831961069,14291.376985550878
2024-140S,2025-046S,4,5,3177.3882339002867,3232.829511745312
2024-140S,2025-046T,4,5,12359.949542081458,12333.510660065218
2024-140S,2025-233A,4,1,5024.6358339077915,5049.306258184898
2024-140S,2025-233B,4,1,3019.2393917927766,2938.8199339851267
2024-140S,2025-233C,4,1,649.726002395668,616.9681635453351
2024-140S,2025-233D,4,1,4084.0495417344355,4102.90285881945
2024-140S,2025-233E,4,1,1862.8411232478666,1893.5634406088463
2024-140S,2025-233F,4,1,4977.404546614542,4938.074056920796
2024-140S,2025-233G,4,1,583.2538510911743,532.1543897287877
2024-140S,2025-233H,4,1,2958.70924022961,2937.1396043073814
2024-140S,2025-233J,4,1,4029.317314392627,3970.988569160903
2024-140S,2025-233K,4,1,1798.2952701988797,1779.8982129160609
2024-140S,2025-233M,4,1,6395.759815522635,6383.859268505225
2024-140S,2025-233N,4,1,6822.887426748927,6811.864745491033
2024-140S,2025-233P,4,1,7042.697062792925,7046.64054416162
2024-140S,2025-233Q,4,1,6840.188771228549,6864.572083615382
2024-140S,2025-233R,4,1,7048.509953294737,7056.029372076195
2024-140S,2025-233S,4,1,6423.984107314574,6436.1958106539505
2024-140S,2025-233T,4,1,5812.668890248841,5822.123484475093
2024-140S,2026-075A,4,6,4764.527525888745,4814.394869835813
2024-140S,2026-075B,4,6,6.6659854095382665,94.73987922856433
2024-140S,2026-075C,4,6,6968.649074114511,6909.647077181014
2024-140S,2026-075D,4,6,12083.386348500751,12071.440895512738
2024-140S,2026-075E,4,6,2415.628056503335,2497.118646907582
2024-140S,2026-075F,4,6,2428.7613027841376,2324.2941845078535
2024-140S,2026-075G,4,6,13738.087990466767,13729.570562414669
2024-140S,2026-075H,4,6,10689.723794999574,10637.225827445405
2024-140S,2026-075J,4,6,4777.050328123933,4763.2305404373055
2024-140S,2026-075K,4,6,13735.773940834855,13742.372091083802
2024-140S,2026-075L,4,6,8971.25051566004,8885.165531987912
2024-140S,2026-075M,4,6,13109.906810056662,13081.76934168673
2024-140S,2026-075N,4,6,10681.149736028014,10669.96127655533
2024-140S,2026-075P,4,6,13105.345861123278,13112.264515153856
2024-140S,2026-075Q,4,6,6980.198893095094,6891.311046758073
2024-140S,2026-075R,4,6,13948.844313110958,13950.929736997758
2024-140S,2026-075S,4,6,12076.723922639594,12067.82177823287
2024-140S,2026-075T,4,6,8961.043110390583,9026.760438084455
2024-140S,2026-104A,4,7,5908.951691294567,5880.60176747497
2024-140S,2026-104B,4,7,1670.339141954126,1707.1234168544718
2024-140S,2026-104C,4,7,10152.45328203085,10097.153269996104
2024-140S,2026-104D,4,7,7790.250437005197,7843.861121457427
2024-140S,2026-104E,4,7,2769.755201968102,2770.973586441826
2024-140S,2026-104F,4,7,3848.100627044783,3909.7236451086887
2024-140S,2026-104G,4,7,558.2604794105175,526.241775651974
2024-140S,2026-104H,4,7,12204.610500674833,12189.598268191798
2024-140S,2026-104J,4,7,4897.172428329416,4818.170150832211
2024-140S,2026-104K,4,7,8645.466152084047,8582.064345844992
2024-140S,2026-104L,4,7,6875.762912870689,6839.3891220408495
2024-140S,2026-104M,4,7,12784.711913339901,12789.712917653478
2024-140S,2026-104N,4,7,11350.979398827596,11348.604920143693
2024-140S,2026-104P,4,7,12687.407931081849,12680.936523986738
2024-140S,2026-104Q,4,7,12493.549061020203,12501.198961627077
2024-140S,2026-104R,4,7,10792.78436109206,10828.342235693259
2024-140S,2026-104S,4,7,11822.790827123947,11829.35317431267
2024-140S,2026-104T,4,7,9434.863014069342,9477.878240441147
2024-140S,2026-108A,4,0,5697.446151647318,5753.271488232284
2024-140S,2026-108B,4,0,6275.094053106891,6246.6825943456815
2024-140S,2026-108C,4,0,2830.930740560544,2821.7536274413815
2024-140S,2026-108D,4,0,6891.810500800576,6909.7004758161465
2024-140S,2026-108E,4,0,4329.997598433833,4367.960324483367
2024-140S,2026-108F,4,0,1246.057932140376,1300.1953420626255
2024-140S,2026-108G,4,0,8253.816888454583,8273.27975786747
2024-140S,2026-108H,4,0,1988.6052245902124,1928.4134993447678
2024-140S,2026-108J,4,0,377.0563938729285,315.80939087846633
2024-140S,2026-108K,4,0,3539.521555513002,3533.5626626887342
2024-140S,2026-108L,4,0,4983.03605008222,4945.181263941013
2024-140S,2026-108M,4,0,9236.991681556583,9253.047566020201
2024-140S,2026-108N,4,0,7376.5153351028675,7395.038111315296
2024-140S,2026-108P,4,0,9312.977721483569,9344.121360296613
2024-140S,2026-108Q,4,0,8880.290015810322,8888.273442054946
2024-140S,2026-108R,4,0,8622.384977167385,8637.05178583367
2024-140S,2026-108S,4,0,7876.767655359669,7926.057379368721
2024-140S,2026-108T,4,0,9106.037965555392,9142.183292530393
2024-140S,2026-121A,4,5,4403.132445088088,4311.47338738175
2024-140S,2026-121B,4,5,13004.216999747532,13022.052160037116
2024-140S,2026-124A,4,8,7218.956313335437,7221.413688539865
2024-140S,2026-124B,4,8,5609.463533724111,5599.970012168887
2024-140S,2026-124C,4,8,3829.56109799192,3886.619789496764
2024-140S,2026-124D,4,8,1933.2843618292816,2009.5074098887367
2024-140S,2026-124E,4,8,21.74904550843115,11.20943749867282
2024-140S,2026-124F,4,8,1976.1441912016346,1930.8254911041101
2024-140S,2026-124G,4,8,5647.158032214865,5628.131479572519
2024-140S,2026-124H,4,8,3870.420416983848,3815.236312833915
2024-140S,2026-124J,4,8,7252.261326457917,7170.881321022493
2024-140S,2026-124K,4,8,10585.181044405726,10560.445734921743
2024-140S,2026-124L,4,8,11089.365221021422,11092.168728550982
2024-140S,2026-124M,4,8,11256.595984476015,11264.024604362905
2024-140S,2026-124N,4,8,10570.301334139442,10583.966907734743
2024-140S,2026-124P,4,8,11081.817438629772,11100.942687019999
2024-140S,2026-124Q,4,8,9737.64400648629,9753.417439289842
2024-140S,2026-124R,4,8,8609.072583808962,8616.380448311254
2024-140S,2026-124S,4,8,8637.054029378598,8607.58875895678
2024-140S,2026-124T,4,8,9759.372285506917,9719.969608009107
2024-140T,2024-185L,4,2,2723.237938055507,2555.985429268403
2024-140T,2024-185M,4,2,3504.70947644937,3477.7964437720593
2024-140T,2024-185P,4,2,3064.895174963591,3045.8889006204304
2024-140T,2024-232B,4,0,6318.695692445429,6301.398227610892
2024-140T,2024-232C,4,0,2774.565761090865,2706.7915311300076
2024-140T,2024-232E,4,0,9244.682179042253,9212.970591142397
2024-140T,2024-232F,4,0,8281.094409607544,8236.0507742629
2024-140T,2024-232H,4,0,8898.066588710923,8837.105946895419
2024-140T,2024-232J,4,0,9093.229609714163,9027.563477560978
2024-140T,2024-232K,4,0,436.19009055003085,458.8647908635675
2024-140T,2024-232L,4,0,7845.00256534965,7738.503102409737
2024-140T,2024-232M,4,0,8599.787528551917,8513.14810132599
2024-140T,2024-232N,4,0,3594.205401135216,3557.2471162789016
2024-140T,2024-232P,4,0,7412.488045928638,7368.932366779383
2024-140T,2024-232Q,4,0,1187.346315958911,1119.5185939140379
2024-140T,2024-232R,4,0,5032.857293737553,5014.544705286252
2024-140T,2024-232S,4,0,5650.552325341764,5564.195198039103
2024-140T,2024-232T,4,0,2046.2029250881703,2041.45843079384
2024-140T,2024-232U,4,0,9310.410373107583,9274.265068085479
2024-140T,2025-016A,4,3,1223.4260245610758,1194.2660126475546
2024-140T,2025-016B,4,3,184.74394655091507,155.99285799931508
2024-140T,2025-016C,4,3,2122.365212999189,2050.6739430926377
2024-140T,2025-016D,4,3,549.811339110228,527.4466921629327
2024-140T,2025-016E,4,3,2057.5168517607112,1995.5697957882217
2024-140T,2025-016F,4,3,902.1418572794279,905.677727512988
2024-140T,2025-016G,4,3,1744.2716542270332,1652.374331487972
2024-140T,2025-016H,4,3,1930.368448580547,1874.1250408337735
2024-140T,2025-016J,4,3,1746.220730771433,1714.6621792607812
2024-140T,2025-016K,4,3,1505.6281834772287,1458.645180089382
2024-140T,2025-016L,4,3,1220.6434112151528,1169.3885970543552
2024-140T,2025-016M,4,3,2058.4186552293086,2018.9073280692078
2024-140T,2025-016N,4,3,1931.732253522075,1901.0030600937662
2024-140T,2025-016P,4,3,2122.617620138932,2069.942662126804
2024-140T,2025-016Q,4,3,1507.9268577965147,1505.4286516643622
2024-140T,2025-016R,4,3,187.7608537996029,199.52875027457964
2024-140T,2025-016S,4,3,553.1518154971711,560.9297902995718
2024-140T,2025-016T,4,3,899.1748574703399,865.4070075693548
2024-140T,2025-046A,4,5,14533.408534367647,14521.809689216936
2024-140T,2025-046B,4,5,12359.949421691123,12314.432242468683
2024-140T,2025-046C,4,5,6764.052191459972,6698.560196423973
2024-140T,2025-046D,4,5,4403.134430325106,4392.082846096968
2024-140T,2025-046F,4,5,13004.21666516403,12825.9049147504
2024-140T,2025-046G,4,5,1908.4258347624955,1815.172607541112
2024-140T,2025-046H,4,5,10803.83413773258,10733.103270475709
2024-140T,2025-046J,4,5,644.2900982971676,717.852783642014
2024-140T,2025-046K,4,5,14309.65681662842,14291.879827498395
2024-140T,2025-046M,4,5,7879.956397068872,7872.731530340078
2024-140T,2025-046N,4,5,9906.524436478734,9926.635928967835
2024-140T,2025-046P,4,5,5613.959546729812,5677.975843929922
2024-140T,2025-046Q,4,5,14644.00879288076,14627.195660065972
2024-140T,2025-046R,4,5,11632.088740231327,11660.125985659115
2024-140T,2025-046S,4,5,8919.449984628513,8831.430607161206
2024-140T,2025-046T,4,5,13981.219678691192,13969.241624070866
2024-140T,2025-233A,4,1,583.2797709595293,524.3480507228493
2024-140T,2025-233B,4,1,2958.763977455608,2999.9479009095303
2024-140T,2025-233C,4,1,4977.466584129147,4944.776044472046
2024-140T,2025-233D,4,1,1798.253744459051,1748.4733826930492
2024-140T,2025-233E,4,1,4029.2680448706215,4001.9409106336434
2024-140T,2025-233F,4,1,7048.511226156241,6995.194308167658
2024-140T,2025-233G,4,1,5774.306688034394,5689.267060166356
2024-140T,2025-233H,4,1,6822.875970266702,6785.809486697727
2024-140T,2025-233J,4,1,7042.707410243879,6978.23601351383
2024-140T,2025-233K,4,1,6395.799907188156,6335.284936380423
2024-140T,2025-233M,4,1,6423.999068381926,6395.005380908268
2024-140T,2025-233N,4,1,5812.618274223315,5776.950477790974
2024-140T,2025-233P,4,1,5024.673526868048,5023.645369405391
2024-140T,2025-233Q,4,1,3019.3507518150905,3018.9576832092225
2024-140T,2025-233R,4,1,4083.981336462087,4093.6764026070805
2024-140T,2025-233S,4,1,1862.7704145075274,1893.7347798036803
2024-140T,2025-233T,4,1,649.8016791667421,677.4228074778747
2024-140T,2026-075A,4,6,6980.194930216933,6891.478929250069
2024-140T,2026-075B,4,6,10689.719361570844,10586.436554082042
2024-140T,2026-075C,4,6,4777.054745025331,4799.574664852439
2024-140T,2026-075D,4,6,13105.346816572634,13084.398658500235
2024-140T,2026-075E,4,6,8971.255475118567,8867.025623763257
2024-140T,2026-075F,4,6,12083.390285549733,11997.262856013427
2024-140T,2026-075G,4,6,10681.152208024025,10687.708270032508
2024-140T,2026-075H,4,6,13735.77308509806,13727.423303049176
2024-140T,2026-075J,4,6,13109.905647343438,13078.015321222427
2024-140T,2026-075K,4,6,6968.65608612888,7000.789583414484
2024-140T,2026-075L,4,6,13948.844215555644,13929.391992331723
2024-140T,2026-075M,4,6,12076.720528076487,12088.11485952576
2024-140T,2026-075N,4,6,6.6659854096660105,12.674708410311265
2024-140T,2026-075P,4,6,4764.521957452188,4794.491479003739
2024-140T,2026-075Q,4,6,13738.089263336135,13698.416938291028
2024-140T,2026-075R,4,6,8961.037633502003,8960.058186206747
2024-140T,2026-075S,4,6,2415.6329410591266,2420.0343989772587
2024-140T,2026-075T,4,6,2428.758037250109,2308.2890881198164
2024-140T,2026-104A,4,7,4897.157260919909,4884.367528465534
2024-140T,2026-104B,4,7,8645.452076295005,8573.2722625608
2024-140T,2026-104C,4,7,12493.552063608044,12483.743258494625
2024-140T,2026-104D,4,7,2769.778024297631,2664.879471777055
2024-140T,2026-104E,4,7,11350.977506489497,11314.447980783289
2024-140T,2026-104F,4,7,6875.779335237876,6774.845526057765
2024-140T,2026-104G,4,7,10152.46171129113,10094.644713150135
2024-140T,2026-104H,4,7,10792.791078670607,10782.343777708084
2024-140T,2026-104J,4,7,12204.611662471943,12143.73765231593
2024-140T,2026-104K,4,7,12784.708162713645,12759.528071766772
2024-140T,2026-104L,4,7,12687.408562932756,12657.842072261032
2024-140T,2026-104M,4,7,7790.2661239428835,7827.379583884421
2024-140T,2026-104N,4,7,11822.781516240904,11789.423030804555
2024-140T,2026-104P,4,7,9434.853909601765,9454.818697352843
2024-140T,2026-104Q,4,7,5908.943997217114,5921.065417649182
2024-140T,2026-104R,4,7,1670.347229250661,1751.6079055509135
2024-140T,2026-104S,4,7,3848.103113342364,3866.769944556064
2024-140T,2026-104T,4,7,558.2025197594049,466.20521630483864
2024-140T,2026-108A,4,0,1988.4870210981971,1906.502502339885
2024-140T,2026-108B,4,0,9313.00203178839,9306.583331292632
2024-140T,2026-108C,4,0,4983.012030637408,4960.833899626919
2024-140T,2026-108D,4,0,377.7153045625417,351.51830971997794
2024-140T,2026-108E,4,0,3539.563821547539,3475.240934153038
2024-140T,2026-108F,4,0,6275.102387611594,6203.274895131729
2024-140T,2026-108G,4,0,8622.410690902832,8591.902654481484
2024-140T,2026-108H,4,0,8253.794601742946,8191.530036846276
2024-140T,2026-108J,4,0,7376.514748681787,7308.468911736593
2024-140T,2026-108K,4,0,8880.303704756081,8844.660849022308
2024-140T,2026-108L,4,0,9236.963900533201,9203.593270940395
2024-140T,2026-108M,4,0,6891.821747399636,6910.989571938779
2024-140T,2026-108N,4,0,9106.022453955062,9089.516481749282
2024-140T,2026-108P,4,0,5697.445701080675,5736.630260552051
2024-140T,2026-108Q,4,0,7876.758637850078,7881.401627780996
2024-140T,2026-108R,4,0,2831.0030981749806,2821.23864636338
2024-140T,2026-108S,4,0,1245.8802201647031,1304.8359046866303
2024-140T,2026-108T,4,0,4329.982195363823,4361.439497028335
2024-140T,2026-121A,4,5,13540.514322607485,13477.246224830833
2024-140T,2026-121B,4,5,3177.3848470123726,3252.1676145738734
2024-140T,2026-124A,4,8,1976.1080982391823,1939.343893891384
2024-140T,2026-124B,4,8,3870.452773745645,3839.1297221711047
2024-140T,2026-124C,4,8,5647.133252910343,5548.316410160152
2024-140T,2026-124D,4,8,7252.288811925661,7146.270211955835
2024-140T,2026-124E,4,8,8637.032617473567,8579.573741346594
2024-140T,2026-124F,4,8,9759.384753351747,9693.060310407196
2024-140T,2026-124G,4,8,11089.364858033474,11046.495820798427
2024-140T,2026-124H,4,8,10585.178944755695,10523.862838228017
2024-140T,2026-124J,4,8,11256.59829842866,11221.24166499776
2024-140T,2026-124K,4,8,9737.623453522408,9745.855030967754
2024-140T,2026-124L,4,8,8609.088896409718,8581.267753259071
2024-140T,2026-124M,4,8,7218.939857432399,7206.258150312595
2024-140T,2026-124N,4,8,3829.5450448848082,3853.982811043364
2024-140T,2026-124P,4,8,5609.495681101464,5644.669311601027
2024-140T,2026-124Q,4,8,1933.282956918526,1965.2946683854432
2024-140T,2026-124R,4,8,21.749045508432854,11.390486432657958
2024-140T,2026-124S,4,8,11081.807900110536,11046.814183956758
2024-140T,2026-124T,4,8,10570.308365120834,10554.582324563045
2024-185L,2024-232B,2,0,13722.345206878552,13656.996588932974
2024-185L,2024-232C,2,0,4328.82084891192,3981.9888212566566
2024-185L,2024-232E,2,0,12391.50888287688,12531.52498484993
2024-185L,2024-232F,2,0,13894.893385792117,13934.235155220931
2024-185L,2024-232H,2,0,13345.952919481784,13441.959007284826
2024-185L,2024-232J,2,0,9393.525825269393,9637.000873209994
2024-185L,2024-232K,2,0,8632.34566685601,8332.824468650471
2024-185L,2024-232L,2,0,5262.5454143048755,5551.671304169755
2024-185L,2024-232M,2,0,7441.081560778766,7723.412484431304
2024-185L,2024-232N,2,0,11894.682366883855,11664.891852009536
2024-185L,2024-232P,2,0,14021.637735900062,14005.317001266005
2024-185L,2024-232Q,2,0,6580.564694327924,6280.708110943712
2024-185L,2024-232R,2,0,13006.106625608207,12867.922452561683
2024-185L,2024-232S,2,0,496.82593953351443,828.7551600800662
2024-185L,2024-232T,2,0,10421.848242556147,10151.53617770556
2024-185L,2024-232U,2,0,11060.549614753912,11260.218050096886
2024-185L,2025-016A,2,3,13274.993309088497,13074.135024214642
2024-185L,2025-016B,2,3,6216.990685524481,5905.786722998474
2024-185L,2025-016C,2,3,11962.343926360827,12178.099739679577
2024-185L,2025-016D,2,3,3822.8968820273553,3384.864443515558
2024-185L,2025-016E,2,3,10318.113590033683,10536.37405001691
2024-185L,2025-016F,2,3,12005.622050630242,11803.199445964608
2024-185L,2025-016G,2,3,6148.6046192404165,6448.063698052963
2024-185L,2025-016H,2,3,8360.371661834291,8694.399952200212
2024-185L,2025-016J,2,3,14577.35950634226,14534.037598960798
2024-185L,2025-016K,2,3,3750.0161843672468,4088.8304666003723
2024-185L,2025-016L,2,3,1237.4833706874765,1531.7722818755146
2024-185L,2025-016M,2,3,14121.481176666872,14198.03989712333
2024-185L,2025-016N,2,3,14570.784281827644,14591.528016473752
2024-185L,2025-016P,2,3,13243.105931185562,13389.281949265345
2024-185L,2025-016Q,2,3,14141.010024076108,14056.069152911452
2024-185L,2025-016R,2,3,8422.178991834191,8079.356360977726
2024-185L,2025-016S,2,3,10371.467383517436,10102.561518784005
2024-185L,2025-016T,2,3,1312.6568629633646,867.2134754488043
2024-185L,2025-046A,2,5,6486.0702116298835,6549.026001700489
2024-185L,2025-046B,2,5,2802.820088991447,2966.100061549181
2024-185L,2025-046C,2,5,947.9760396293509,750.3978279547432
2024-185L,2025-046D,2,5,2191.916476375554,1971.0708399682226
2024-185L,2025-046F,2,5,7247.317235561807,7263.73601876979
2024-185L,2025-046G,2,5,3369.4030308691586,3194.5920770636753
2024-185L,2025-046H,2,5,1588.2347394566734,1748.2472493591536
2024-185L,2025-046J,2,5,4444.511437572078,4275.261999080165
2024-185L,2025-046K,2,5,4942.512088862256,5064.902567686435
2024-185L,2025-046M,2,5,6750.261852965754,6651.056375011193
2024-185L,2025-046N,2,5,7134.461315253002,7060.576304106062
2024-185L,2025-046P,2,5,6161.038268319047,6024.431693713132
2024-185L,2025-046Q,2,5,5802.472176660995,5874.426260163591
2024-185L,2025-046R,2,5,7301.791719720646,7253.903035176863
2024-185L,2025-046S,2,5,325.066735878465,489.5220387985548
2024-185L,2025-046T,2,5,6972.6284088320635,7010.476643062937
2024-185L,2025-233A,2,1,7383.735336627141,7089.533066909402
2024-185L,2025-233B,2,1,2589.401797680135,1984.304505109996
2024-185L,2025-233C,2,1,2517.25881242083,2987.8955758603643
2024-185L,2025-233D,2,1,5063.4919781369545,4706.0500153916055
2024-185L,2025-233E,2,1,36.6271811247168,335.1552056498818
2024-185L,2025-233F,2,1,12715.748422032013,12869.275386738835
2024-185L,2025-233G,2,1,4994.655574931709,5284.095373010724
2024-185L,2025-233H,2,1,9423.509089170284,9676.148029483753
2024-185L,2025-233J,2,1,11240.395196104942,11415.856807984488
2024-185L,2025-233K,2,1,7320.294024004294,7639.71201651163
2024-185L,2025-233M,2,1,14474.280975902833,14522.28825768589
2024-185L,2025-233N,2,1,14704.027688044638,14694.725008382487
2024-185L,2025-233P,2,1,14487.000824782335,14422.084523392206
2024-185L,2025-233Q,2,1,12752.375105069827,12542.054427426596
2024-185L,2025-233R,2,1,13829.793704275884,13711.810659856583
2024-185L,2025-233S,2,1,11287.482705377019,11066.044925379823
2024-185L,2025-233T,2,1,9479.624821640593,9186.834236753857
2024-185L,2026-075A,2,6,875.2450565270389,637.2973729627798
2024-185L,2026-075B,2,6,2414.4666375310667,2602.270614700772
2024-185L,2026-075C,2,6,2505.4656077186582,2192.9131106122964
2024-185L,2026-075D,2,6,9168.380638007051,9215.668700683844
2024-185L,2026-075E,2,6,781.6437144959189,988.0677192255569
2024-185L,2026-075F,2,6,3974.090353430513,4145.222057985902
2024-185L,2026-075G,2,6,9472.33056597551,9432.850919965576
2024-185L,2026-075H,2,6,8594.01237964497,8666.862212247765
2024-185L,2026-075J,2,6,5412.954916704452,5614.98852832825
2024-185L,2026-075K,2,6,8633.792983294252,8515.443060297534
2024-185L,2026-075L,2,6,7758.56411746949,7857.190706928396
2024-185L,2026-075M,2,6,9464.120564594812,9461.860075765351
2024-185L,2026-075N,2,6,5490.084539954486,5250.459820518471
2024-185L,2026-075P,2,6,7812.5488336971,7652.068216911719
2024-185L,2026-075Q,2,6,6687.342286760842,6815.785603966164
2024-185L,2026-075R,2,6,9192.720938924287,9105.13060132054
2024-185L,2026-075S,2,6,6753.8954041837915,6543.1872961555555
2024-185L,2026-075T,2,6,4059.382735364258,3859.640578512432
2024-185L,2026-104A,2,7,2553.9768771713775,2203.754471436073
2024-185L,2026-104B,2,7,1397.0561042402799,1678.0409238280981
2024-185L,2026-104C,2,7,10489.527368166617,10565.277629358083
2024-185L,2026-104D,2,7,4442.987912320053,4196.507676585739
2024-185L,2026-104E,2,7,5179.563437475105,5457.9292097277985
2024-185L,2026-104F,2,7,587.5098051192156,314.5644150769171
2024-185L,2026-104G,2,7,3339.0306829231595,3615.6405218109144
2024-185L,2026-104H,2,7,11376.505527253828,11372.336226866562
2024-185L,2026-104J,2,7,6862.702401319388,7051.034645499467
2024-185L,2026-104K,2,7,9558.637953217738,9681.762531537397
2024-185L,2026-104L,2,7,8337.347371213116,8510.301639119421
2024-185L,2026-104M,2,7,10891.309040030017,10798.023633618139
2024-185L,2026-104N,2,7,11101.661143470237,11153.454452943912
2024-185L,2026-104P,2,7,11305.66494834068,11253.76086912625
2024-185L,2026-104Q,2,7,10146.040629411711,9987.575088151543
2024-185L,2026-104R,2,7,7762.6624023788945,7555.13099752162
2024-185L,2026-104S,2,7,9092.469165421835,8888.954906084316
2024-185L,2026-104T,2,7,6196.944247596979,5964.73784736315
2024-185L,2026-108A,2,0,5475.5267644170235,5181.318973509966
2024-185L,2026-108B,2,0,11770.821303849218,11906.980898128404
2024-185L,2026-108C,2,0,727.1670189801587,299.34269164648504
2024-185L,2026-108D,2,0,7635.508175271533,7300.452398476334
2024-185L,2026-108E,2,0,3149.1729821890153,2804.7563343673664
2024-185L,2026-108F,2,0,1716.999473950953,2021.5880158085085
2024-185L,2026-108G,2,0,13672.449843320732,13739.7276766062
2024-185L,2026-108H,2,0,6376.0755177514475,6627.521639937203
2024-185L,2026-108J,2,0,4108.972350994636,4389.681239110755
2024-185L,2026-108K,2,0,8449.45997578567,8734.777013164949
2024-185L,2026-108L,2,0,10266.102326534578,10461.092444997088
2024-185L,2026-108M,2,0,13924.97981235932,13865.490562150288
2024-185L,2026-108N,2,0,12917.886222213168,13043.970297608692
2024-185L,2026-108P,2,0,13415.2776113421,13306.814952231465
2024-185L,2026-108Q,2,0,14011.582766876747,14003.752949603611
2024-185L,2026-108R,2,0,11200.888843950901,10935.053274204358
2024-185L,2026-108S,2,0,9563.48767728858,9311.737271828486
2024-185L,2026-108T,2,0,12497.95230037278,12326.366956539236
2024-185L,2026-121A,2,5,3932.484860641854,4072.0963267103784
2024-185L,2026-121B,2,5,5384.553802043307,5274.648998097849
2024-185L,2026-124A,2,8,5521.843460268176,5188.643931384097
2024-185L,2026-124B,2,8,3413.1117140340825,3043.581724457667
2024-185L,2026-124C,2,8,1200.638344000112,898.921220623363
2024-185L,2026-124D,2,8,1048.3343214114566,1315.5611628160157
2024-185L,2026-124E,2,8,3265.3932933224683,3591.0089117751218
2024-185L,2026-124F,2,8,5383.257586841676,5657.038757828368
2024-185L,2026-124G,2,8,9068.908809287814,9299.574078351527
2024-185L,2026-124H,2,8,7337.56239828677,7572.15694243919
2024-185L,2026-124J,2,8,10524.715302109149,10653.945154893934
2024-185L,2026-124K,2,8,12846.072067308805,12850.480113947586
2024-185L,2026-124L,2,8,12859.400614715732,12811.15399144687
2024-185L,2026-124M,2,8,12482.003786621543,12374.558593796186
2024-185L,2026-124N,2,8,10612.422829928693,10407.94750528881
2024-185L,2026-124P,2,8,11725.342498736969,11579.114677462294
2024-185L,2026-124Q,2,8,9177.035975925048,8924.561546383044
2024-185L,2026-124R,2,8,7462.83185361912,7161.673060917056
2024-185L,2026-124S,2,8,11660.717907389568,11785.842510711556
2024-185L,2026-124T,2,8,12442.43164920792,12501.896919621213
2024-185L,2026-125A,2,4,1585.2080708652966,1462.7343285796
2024-185L,2026-125B,2,4,85.84265037307937,212.6739367744758
2024-185L,2026-125C,2,4,4260.846265400295,4321.237054119929
2024-185L,2026-125D,2,4,761.2063997195024,607.4164253814587
2024-185L,2026-125E,2,4,930.2816758326563,1067.1985014755767
2024-185L,2026-125F,2,4,2509.5467038250804,2599.7878718007373
2024-185L,2026-125G,2,4,3786.132721295476,3847.4865188086
2024-185L,2026-125H,2,4,1746.6701559960823,1838.700328531815
2024-185L,2026-125J,2,4,4811.330917519226,4827.5559726207475
2024-185L,2026-125K,2,4,3196.47109696412,3271.950522025727
2024-185L,2026-125L,2,4,4781.5108455346,4753.478267105807
2024-185L,2026-125M,2,4,4870.4449127441785,4866.6124370289535
2024-185L,2026-125N,2,4,4547.385043574494,4492.365187972484
2024-185L,2026-125P,2,4,3675.8076133564164,3602.7949375481003
2024-185L,2026-125Q,2,4,2360.883137896336,2234.4693315598915
2024-185L,2026-125R,2,4,4174.979151869032,4105.566186711581
2024-185L,2026-125S,2,4,3064.8988730038714,2949.3105588254384
2024-185L,2026-125T,2,4,4606.063531219434,4644.975169721227
2024-185M,2024-232B,2,0,496.8381495774411,373.85211635089854
2024-185M,2024-232C,2,0,12391.510157873525,12356.026981949351
2024-185M,2024-232E,2,0,8632.34568835366,8687.269551506522
2024-185M,2024-232F,2,0,4328.821011893182,4414.408132057674
2024-185M,2024-232H,2,0,6580.561796009058,6663.510822816084
2024-185M,2024-232J,2,0,11894.682257743598,11941.190979653657
2024-185M,2024-232K,2,0,9393.527612454369,9336.73965601009
2024-185M,2024-232L,2,0,13722.344721610707,13766.552833933229
2024-185M,2024-232M,2,0,13006.10783935501,13051.354951965366
2024-185M,2024-232N,2,0,5262.547585717581,5231.672188242118
2024-185M,2024-232P,2,0,1945.5648495142693,2012.1933112731788
2024-185M,2024-232Q,2,0,11060.549587961756,10993.000300418078
2024-185M,2024-232R,2,0,2924.109906365072,2837.7128311640117
2024-185M,2024-232S,2,0,13894.890290086516,13896.293768701913
2024-185M,2024-232T,2,0,7441.080800518188,7391.56331175496
2024-185M,2024-232U,2,0,10421.850271650861,10462.070378158123
2024-185M,2025-016A,2,3,3750.015284941537,3705.9357574653313
2024-185M,2025-016B,2,3,11962.343927539087,11869.658719273726
2024-185M,2025-016C,2,3,10371.468025773833,10395.100188777351
2024-185M,2025-016D,2,3,13243.10624299114,13219.338508900972
2024-185M,2025-016E,2,3,12005.622025442924,12056.658089047782
2024-185M,2025-016F,2,3,6148.605223854557,6009.747800153864
2024-185M,2025-016G,2,3,14141.009882935723,14146.079177624413
2024-185M,2025-016H,2,3,13274.993692856966,13266.653682362392
2024-185M,2025-016J,2,3,1312.6530033545032,1345.346868691526
2024-185M,2025-016K,2,3,14577.359739652684,14576.733871337663
2024-185M,2025-016L,2,3,14570.783368673823,14552.619329034773
2024-185M,2025-016M,2,3,6216.989598213067,6300.611083531778
2024-185M,2025-016N,2,3,3822.8969685007355,3936.416621936643
2024-185M,2025-016P,2,3,8422.178990786178,8461.116635820183
2024-185M,2025-016Q,2,3,1237.485006310005,1070.9808031975301
2024-185M,2025-016R,2,3,10318.114114451895,10246.86797072925
2024-185M,2025-016S,2,3,8360.371460960008,8257.029201431304
2024-185M,2025-016T,2,3,14121.481297587123,14111.098308510635
2024-185M,2025-046A,2,5,4444.4967004751,4491.1944604905275
2024-185M,2025-046B,2,5,7134.442047563633,7152.705772175397
2024-185M,2025-046C,2,5,6972.617291535093,6997.583663505232
2024-185M,2025-046D,2,5,6486.07882985134,6513.882642542195
2024-185M,2025-046F,2,5,2191.903010340897,2051.445959305739
2024-185M,2025-046G,2,5,5802.455846150364,5798.645932809685
2024-185M,2025-046H,2,5,7301.791165131258,7302.1191772265865
2024-185M,2025-046J,2,5,4942.516118322071,4905.531111595703
2024-185M,2025-046K,2,5,6161.02179675732,6181.039943196444
2024-185M,2025-046M,2,5,1588.2589186984542,1563.8379569313456
2024-185M,2025-046N,2,5,325.08662794675763,278.8928173958771
2024-185M,2025-046P,2,5,2802.8171417225944,2747.079435908446
2024-185M,2025-046Q,2,5,5384.562934421816,5425.797814049928
2024-185M,2025-046R,2,5,948.1038182229139,1000.999206769198
2024-185M,2025-046S,2,5,7247.353102776887,7264.414130632194
2024-185M,2025-046T,2,5,3369.428304258285,3402.064696618469
2024-185M,2025-233A,2,1,11240.395160986896,11145.651206779863
2024-185M,2025-233B,2,1,13804.739087827975,13851.293709110603
2024-185M,2025-233C,2,1,14704.027828264863,14712.376880481346
2024-185M,2025-233D,2,1,12715.748795417878,12662.086689861715
2024-185M,2025-233E,2,1,14474.280338421822,14458.165025538034
2024-185M,2025-233F,2,1,9479.624847717492,9565.5664853875
2024-185M,2025-233G,2,1,14487.000696905192,14515.285709717786
2024-185M,2025-233H,2,1,12752.375056115414,12796.177141473227
2024-185M,2025-233J,2,1,11287.483105673335,11385.449149406462
2024-185M,2025-233K,2,1,13829.793942173237,13855.191732961192
2024-185M,2025-233M,2,1,5063.491945511979,5150.325964803097
2024-185M,2025-233N,2,1,2589.4002222000713,2657.5794414675856
2024-185M,2025-233P,2,1,36.627181124716806,156.64494152342283
2024-185M,2025-233Q,2,1,4994.656033691266,4920.574432865059
2024-185M,2025-233R,2,1,2517.257679727321,2370.334557973309
2024-185M,2025-233S,2,1,7320.293802290238,7196.771466201206
2024-185M,2025-233T,2,1,9423.50946266331,9341.117215747354
2024-185M,2026-075A,2,6,9168.361538765554,9173.690894818308
2024-185M,2026-075B,2,6,9472.325495102801,9503.39818404062
2024-185M,2026-075C,2,6,8594.013066616666,8611.514289411574
2024-185M,2026-075D,2,6,4059.3806647053334,4082.859349933117
2024-185M,2026-075E,2,6,9464.125746583832,9477.718881371591
2024-185M,2026-075F,2,6,9192.728512971613,9235.612064445208
2024-185M,2026-075G,2,6,875.266392326711,920.553056703295
2024-185M,2026-075H,2,6,5490.085455682325,5546.251649891579
2024-185M,2026-075J,2,6,8633.790674790678,8660.075260259708
2024-185M,2026-075K,2,6,2414.4860107226677,2354.572557120356
2024-185M,2026-075L,2,6,6753.896613960803,6823.564950968417
2024-185M,2026-075M,2,6,2505.4260998898735,2567.685716699157
2024-185M,2026-075N,2,6,6687.340091665232,6673.9343659012975
2024-185M,2026-075P,2,6,3974.0795883892647,3927.8840160405844
2024-185M,2026-075Q,2,6,7812.561342776718,7870.437651940358
2024-185M,2026-075R,2,6,781.5530247116802,739.3026060981797
2024-185M,2026-075S,2,6,5412.968749778917,5393.736544665287
2024-185M,2026-075T,2,6,7758.577390485254,7709.617562935919
2024-185M,2026-104A,2,7,10489.519926873036,10495.214679509003
2024-185M,2026-104B,2,7,11376.49574661661,11393.693026749874
2024-185M,2026-104C,2,7,6196.944356620117,6274.278864808341
2024-185M,2026-104D,2,7,9558.637908955283,9509.534235246345
2024-185M,2026-104E,2,7,10891.308426585712,10911.076856575015
2024-185M,2026-104F,2,7,11101.665959507543,11103.286742624647
2024-185M,2026-104G,2,7,11305.669905650158,11328.24172488271
2024-185M,2026-104H,2,7,2553.984848436958,2603.958421210239
2024-185M,2026-104J,2,7,10146.048093251535,10200.556920955685
2024-185M,2026-104K,2,7,7762.655354680045,7831.043893690877
2024-185M,2026-104L,2,7,9092.469372235802,9127.778669848438
2024-185M,2026-104M,2,7,1397.0847651372267,1296.895541748272
2024-185M,2026-104N,2,7,4442.973946185324,4455.524430262525
2024-185M,2026-104P,2,7,587.4376853386177,663.789018728492
2024-185M,2026-104Q,2,7,3339.0238888340978,3281.245760320214
2024-185M,2026-104R,2,7,6862.7019637657195,6780.832262185168
2024-185M,2026-104S,2,7,5179.574968181085,5129.039759759297
2024-185M,2026-104T,2,7,8337.356166135396,8270.547145140084
2024-185M,2026-108A,2,0,11770.820182647696,11686.34098976319
2024-185M,2026-108B,2,0,9563.488539508071,9643.347555934617
2024-185M,2026-108C,2,0,13672.449175321992,13672.593455580794
2024-185M,2026-108D,2,0,10266.10270514521,10211.601995919573
2024-185M,2026-108E,2,0,12917.886938094769,12872.63791830901
2024-185M,2026-108F,2,0,14011.585112407185,14007.24023804165
2024-185M,2026-108G,2,0,5475.529249408725,5478.8585692415045
2024-185M,2026-108H,2,0,13415.27615329432,13452.649060893165
2024-185M,2026-108J,2,0,13924.979727670585,13940.239050817441
2024-185M,2026-108K,2,0,12497.952531210834,12517.213345533239
2024-185M,2026-108L,2,0,11200.887576255722,11261.027825281702
2024-185M,2026-108M,2,0,727.1931025416916,838.7285800917606
2024-185M,2026-108N,2,0,7635.507017719513,7648.8008217063525
2024-185M,2026-108P,2,0,1717.000376944038,1566.084520725602
2024-185M,2026-108Q,2,0,3149.1718778751087,3240.188071763319
2024-185M,2026-108R,2,0,6376.075286579495,6333.904617131163
2024-185M,2026-108S,2,0,8449.457779400365,8334.66495352794
2024-185M,2026-108T,2,0,4108.971952666572,3992.0951737477217
2024-185M,2026-121A,2,5,6750.263807120027,6823.290500422464
2024-185M,2026-121B,2,5,3932.4516143895817,3902.982086964544
2024-185M,2026-124A,2,8,10524.717084211,10495.68610684159
2024-185M,2026-124B,2,8,11660.717715129695,11652.276039986038
2024-185M,2026-124C,2,8,12442.424434542138,12430.695735863264
2024-185M,2026-124D,2,8,12846.075221575187,12850.29102213183
2024-185M,2026-124E,2,8,12859.39962728491,12878.704264900949
2024-185M,2026-124F,2,8,12482.006743873619,12513.630201057182
2024-185M,2026-124G,2,8,10612.426266574112,10643.696862070827
2024-185M,2026-124H,2,8,11725.342426346626,11771.071680263645
2024-185M,2026-124J,2,8,9177.035882739117,9276.231205801369
2024-185M,2026-124K,2,8,3413.101699321212,3520.4015205505907
2024-185M,2026-124L,2,8,1200.6511945364657,1227.512856488069
2024-185M,2026-124M,2,8,1048.3130185018958,988.480530214788
2024-185M,2026-124N,2,8,5383.255639435732,5306.087955753725
2024-185M,2026-124P,2,8,3265.401646939819,3158.3850026491477
2024-185M,2026-124Q,2,8,7337.567730683696,7271.101475019451
2024-185M,2026-124R,2,8,9068.908959866174,9024.457154035355
2024-185M,2026-124S,2,8,7462.825685690687,7514.321094408267
2024-185M,2026-124T,2,8,5521.844108595901,5611.933666442476
2024-185M,2026-125A,2,4,4260.828162559753,4282.618545105334
2024-185M,2026-125B,2,4,4811.323682288773,4856.121813804597
2024-185M,2026-125C,2,4,3064.9289409142157,3097.1842429923095
2024-185M,2026-125D,2,4,4606.085255768203,4652.942519422027
2024-185M,2026-125E,2,4,4870.462775863653,4917.800309292539
2024-185M,2026-125F,2,4,4547.35703514842,4605.860070824361
2024-185M,2026-125G,2,4,3675.784477526283,3740.5999508115765
2024-185M,2026-125H,2,4,4781.512416410791,4835.930695039225
2024-185M,2026-125J,2,4,1585.2929014044764,1638.3692303145
2024-185M,2026-125K,2,4,4174.991088050722,4239.228568604859
2024-185M,2026-125L,2,4,85.84265037311854,60.076676567531344
2024-185M,2026-125M,2,4,761.2058766209148,789.6438400258462
2024-185M,2026-125N,2,4,930.2766195760474,925.8461032139993
2024-185M,2026-125P,2,4,2509.552848557231,2487.155952058225
2024-185M,2026-125Q,2,4,3786.1479723741145,3803.5018125183406
2024-185M,2026-125R,2,4,1746.5775330692227,1731.0072168141448
2024-185M,2026-125S,2,4,3196.433725725552,3203.239917200452
2024-185M,2026-125T,2,4,2360.865042730735,2404.2798014255977
2024-185P,2024-232B,2,0,13924.9830404922,13956.56240641171
2024-185P,2024-232C,2,0,5475.525376829172,5603.604939874521
2024-185P,2024-232E,2,0,11770.81964795575,11673.47180300299
2024-185P,2024-232F,2,0,13672.450059369408,13635.534056943388
2024-185P,2024-232H,2,0,12917.886709426199,12853.031785662983
2024-185P,2024-232J,2,0,8449.455012585646,8321.503828779832
2024-185P,2024-232K,2,0,9563.488669243556,9654.806300985107
2024-185P,2024-232L,2,0,4108.962105330837,3936.1334790449564
2024-185P,2024-232M,2,0,6376.0818637173315,6235.695583673911
2024-185P,2024-232N,2,0,12497.954426390053,12538.5972311796
2024-185P,2024-232P,2,0,14011.581904226585,14008.176946368416
2024-185P,2024-232Q,2,0,7635.50801277759,7772.381003026755
2024-185P,2024-232R,2,0,13415.274172651778,13463.21102503838
2024-185P,2024-232S,2,0,727.1330753806609,872.1428990090615
2024-185P,2024-232T,2,0,11200.886729309448,11265.549981361357
2024-185P,2024-232U,2,0,10266.104603745232,10157.934775090182
2024-185P,2025-016A,2,3,13760.363720529629,13774.437998770722
2024-185P,2025-016B,2,3,7347.543588351055,7497.955755558259
2024-185P,2025-016C,2,3,11182.782950476554,11091.189435032222
2024-185P,2025-016D,2,3,5039.11796188459,5100.18274513059
2024-185P,2025-016E,2,3,9374.91661076025,9211.662977485303
2024-185P,2025-016F,2,3,12688.592019127831,12769.585486946156
2024-185P,2025-016G,2,3,4968.215147502347,4791.964886975921
2024-185P,2025-016H,2,3,7282.200561898716,7186.458129455133
2024-185P,2025-016J,2,3,14629.741904912227,14620.839812059718
2024-185P,2025-016K,2,3,2503.280317878669,2338.5730077936246
2024-185P,2025-016L,2,3,37.72654014686507,221.05117582268488
2024-185P,2025-016M,2,3,13734.557468700115,13656.84168205842
2024-185P,2025-016N,2,3,14400.9329785181,14354.070812570511
2024-185P,2025-016P,2,3,12650.864954972987,12563.492063231724
2024-185P,2025-016Q,2,3,14414.03534759502,14443.289427752747
2024-185P,2025-016R,2,3,9432.717406388592,9509.224081081948
2024-185P,2025-016S,2,3,11231.282711104128,11319.323716316534
2024-185P,2025-016T,2,3,2577.584565920933,2646.294156501854
2024-185P,2025-046A,2,5,6167.724704869834,6120.949135083676
2024-185P,2025-046B,2,5,2203.851820683142,2134.766485993553
2024-185P,2025-046C,2,5,1575.8601506652897,1637.3089877872162
2024-185P,2025-046D,2,5,2791.3544271836868,2822.9218844815946
2024-185P,2025-046F,2,5,7137.120929109876,7156.695899228757
2024-185P,2025-046G,2,5,3921.8622376509566,3982.7380487275723
2024-185P,2025-046H,2,5,960.2570715853855,872.6812172672979
2024-185P,2025-046J,2,5,4933.359730062664,4974.749536669762
2024-185P,2025-046K,2,5,4454.411894365169,4396.0290771906875
2024-185P,2025-046M,2,5,6968.858785040488,6983.868831902391
2024-185P,2025-046N,2,5,7245.687494099317,7241.472235164389
2024-185P,2025-046P,2,5,6480.3231573389585,6491.339521084343
2024-185P,2025-046Q,2,5,5393.038833761818,5315.651789101797
2024-185P,2025-046R,2,5,7302.345562834503,7278.9178285096
2024-185P,2025-046S,2,5,312.99663040858303,393.37680008351447
2024-185P,2025-046T,2,5,6755.099871682408,6727.958507889961
2024-185P,2025-233A,2,1,8463.887226183826,8615.250354923555
2024-185P,2025-233B,2,1,3841.062759181076,3753.345876618405
2024-185P,2025-233C,2,1,1245.0596641519885,1205.9033037976335
2024-185P,2025-233D,2,1,6247.386293833429,6377.1894355547065
2024-185P,2025-233E,2,1,1318.0283332984798,1445.936380612341
2024-185P,2025-233F,2,1,12023.825851362502,11904.579723212893
2024-185P,2025-233G,2,1,3770.3033059499244,3567.5253850218724
2024-185P,2025-233H,2,1,8403.880537865247,8251.594590831817
2024-185P,2025-233J,2,1,10371.418936782957,10198.059611535507
2024-185P,2025-233K,2,1,6180.996874197581,6047.197958498744
2024-185P,2025-233M,2,1,14193.520392308154,14139.11822668417
2024-185P,2025-233N,2,1,14644.88210310211,14626.768418858075
2024-185P,2025-233P,2,1,14651.26745178745,14662.513984648094
2024-185P,2025-233Q,2,1,13341.854594277458,13388.52565630848
2024-185P,2025-233R,2,1,14212.479852597526,14259.761120448236
2024-185P,2025-233S,2,1,12065.842810779512,12170.765776439375
2024-185P,2025-233T,2,1,10423.21731967751,10525.63185571163
2024-185P,2026-075A,2,6,1696.7695950722311,1794.8047406506794
2024-185P,2026-075B,2,6,1604.074393869398,1468.505132037523
2024-185P,2026-075C,2,6,3294.9440599627083,3312.422011564779
2024-185P,2026-075D,2,6,8915.11276665691,8884.232232987735
2024-185P,2026-075E,2,6,47.061649140265196,162.72066622805332
2024-185P,2026-075F,2,6,3206.554855713577,3074.2296821459186
2024-185P,2026-075G,2,6,9504.417117248235,9500.961457034955
2024-185P,2026-075H,2,6,8207.52133831898,8142.121549216989
2024-185P,2026-075J,2,6,4711.437941753488,4643.7446751906655
2024-185P,2026-075K,2,6,8947.320491410708,8977.855441030417
2024-185P,2026-075L,2,6,7250.5346184085865,7157.582965305092
2024-185P,2026-075M,2,6,9351.823569749577,9324.53989928047
2024-185P,2026-075N,2,6,6145.360253338661,6188.985237489107
2024-185P,2026-075P,2,6,8254.57344264037,8294.37125930821
2024-185P,2026-075Q,2,6,6073.279181921209,5965.850527993396
2024-185P,2026-075R,2,6,9368.168126410523,9376.555844552242
2024-185P,2026-075S,2,6,7311.047945287008,7347.15605578314
2024-185P,2026-075T,2,6,4792.958588278385,4899.7706976140225
2024-185P,2026-104A,2,7,3511.83081439987,3558.2411193048397
2024-185P,2026-104B,2,7,406.3839236075837,289.91442927699205
2024-185P,2026-104C,2,7,10062.368002792848,9980.7185165208
2024-185P,2026-104D,2,7,5340.288419676345,5466.705178407559
2024-185P,2026-104E,2,7,4275.556755491854,4200.07092991532
2024-185P,2026-104F,2,7,1576.780547797895,1707.2545752297672
2024-185P,2026-104G,2,7,2377.144784807265,2271.4582880056173
2024-185P,2026-104H,2,7,11282.025284762522,11261.724660755348
2024-185P,2026-104J,2,7,6044.141474921761,5911.289003165086
2024-185P,2026-104K,2,7,8982.169723079734,8886.33599539106
2024-185P,2026-104L,2,7,7629.0496802147,7531.456651251465
2024-185P,2026-104M,2,7,11140.887991887961,11167.553800475795
2024-185P,2026-104N,2,7,10836.823265385967,10807.206973328388
2024-185P,2026-104P,2,7,11384.398721478925,11383.742820936592
2024-185P,2026-104Q,2,7,10558.849514058698,10590.455270520331
2024-185P,2026-104R,2,7,8459.750057810146,8549.442080074268
2024-185P,2026-104S,2,7,9655.998560573458,9702.209126164813
2024-185P,2026-104T,2,7,7006.45502109001,7114.543937241811
2024-185P,2026-108A,2,0,6580.556702730151,6740.226573385377
2024-185P,2026-108B,2,0,11060.552736144127,10918.825936838492
2024-185P,2026-108C,2,0,1945.5564034571778,2013.3604419168414
2024-185P,2026-108D,2,0,8632.351780460896,8714.89940737691
2024-185P,2026-108E,2,0,4328.8285915732195,4467.182733613189
2024-185P,2026-108F,2,0,496.859013026444,311.3903142101497
2024-185P,2026-108G,2,0,13345.956712373783,13305.110192670712
2024-185P,2026-108H,2,0,5262.545290409415,5069.486029048313
2024-185P,2026-108J,2,0,2924.1101293407437,2730.567999190004
2024-185P,2026-108K,2,0,7441.083184086396,7331.080775106239
2024-185P,2026-108L,2,0,9393.523937125523,9245.03818389428
2024-185P,2026-108M,2,0,14021.63791710442,14013.99991207763
2024-185P,2026-108N,2,0,12391.506072836837,12325.381614308277
2024-185P,2026-108P,2,0,13722.345781454342,13749.766624261307
2024-185P,2026-108Q,2,0,13894.89010722923,13854.104545279237
2024-185P,2026-108R,2,0,11894.684916734042,11931.950468029892
2024-185P,2026-108S,2,0,10421.845207791685,10528.949536534723
2024-185P,2026-108T,2,0,13006.105507399558,13055.459425123086
2024-185P,2026-121A,2,5,3380.507847694271,3303.593391207377
2024-185P,2026-121B,2,5,5794.8297838142325,5870.948470518506
2024-185P,2026-124A,2,8,6517.130520240805,6600.094552362236
2024-185P,2026-124B,2,8,4484.546225081196,4558.368014820772
2024-185P,2026-124C,2,8,2315.6753434161633,2468.7688214733785
2024-185P,2026-124D,2,8,76.4574373767336,245.23299862382524
2024-185P,2026-124E,2,8,2165.084587670478,2051.359617668897
2024-185P,2026-124F,2,8,4340.859262079954,4200.691996971543
2024-185P,2026-124G,2,8,8234.573006212773,8142.715381244944
2024-185P,2026-124H,2,8,6384.70162944031,6243.195166704947
2024-185P,2026-124J,2,8,9834.231326650855,9692.375837164285
2024-185P,2026-124K,2,8,12692.546927047806,12648.494967185798
2024-185P,2026-124L,2,8,12901.838401886402,12895.50503458818
2024-185P,2026-124M,2,8,12719.100044396586,12731.275920397777
2024-185P,2026-124N,2,8,11211.54300861467,11269.132138420222
2024-185P,2026-124P,2,8,12149.909820499397,12193.076655779465
2024-185P,2026-124Q,2,8,9932.524274306103,10003.718703554092
2024-185P,2026-124R,2,8,8351.710451196555,8426.683523541464
2024-185P,2026-124S,2,8,11135.086506493915,11064.93415245577
2024-185P,2026-124T,2,8,12097.608338565644,12031.906616286624
2024-185P,2026-125A,2,4,1980.5248194564306,2029.7126342662975
2024-185P,2026-125B,2,4,339.0689645722047,383.99045853503054
2024-185P,2026-125C,2,4,4038.9385970881426,4028.5256905398965
2024-185P,2026-125D,2,4,1177.7898213631915,1200.9576410079028
2024-185P,2026-125E,2,4,510.1524228894574,478.3008697824623
2024-185P,2026-125F,2,4,2136.132071558341,2082.5186843898896
2024-185P,2026-125G,2,4,3504.5993816000146,3464.4628125804466
2024-185P,2026-125H,2,4,1343.5535351302726,1276.503817716874
2024-185P,2026-125J,2,4,4726.734063278219,4727.645721653976
2024-185P,2026-125K,2,4,2863.949225553376,2814.559453259429
2024-185P,2026-125L,2,4,4844.399520749882,4865.159647051223
2024-185P,2026-125M,2,4,4859.376481086128,4873.579810329652
2024-185P,2026-125N,2,4,4682.279366730293,4706.691372068844
2024-185P,2026-125P,2,4,3940.457957382291,3992.4624138589975
2024-185P,2026-125Q,2,4,2723.352965065832,2758.8389895323476
2024-185P,2026-125R,2,4,4377.811222798796,4412.260438081962
2024-185P,2026-125S,2,4,3383.20282336119,3414.166400977924
2024-185P,2026-125T,2,4,4450.369912878924,4445.5516012437465
2024-232B,2025-016A,0,3,2838.6009109063066,2914.258254936906
2024-232B,2025-016B,0,3,10217.225740326214,10224.23630373322
2024-232B,2025-016C,0,3,9416.667502519174,9376.485144132623
2024-232B,2025-016D,0,3,11409.582705623417,11465.834909648866
2024-232B,2025-016E,0,3,10786.843273999919,10803.636623686109
2024-232B,2025-016F,0,3,4968.205498552841,4959.470803934965
2024-232B,2025-016G,0,3,12512.282120341803,12508.105848506466
2024-232B,2025-016H,0,3,11829.279490570469,11812.035009052013
2024-232B,2025-016J,0,3,1612.08878564544,1553.553400177583
2024-232B,2025-016K,0,3,12815.109092422972,12837.667768599043
2024-232B,2025-016L,0,3,12728.556138969348,12747.824229785148
2024-232B,2025-016M,0,3,5868.2713559206995,5874.200881664038
2024-232B,2025-016N,0,3,3797.8491800462507,3819.046399892224
2024-232B,2025-016P,0,3,7760.353007037541,7739.0559177901505
2024-232B,2025-016Q,0,3,622.740465096885,591.0257329654341
2024-232B,2025-016R,0,3,8714.4382301656,8749.214986659723
2024-232B,2025-016S,0,3,6946.855943629618,6963.083835639228
2024-232B,2025-016T,0,3,12255.248871938129,12297.774207233279
2024-232B,2025-046A,0,5,7236.063256105733,7191.926138081324
2024-232B,2025-046B,0,5,11079.217152401503,11033.419876735814
2024-232B,2025-046C,0,5,10568.056617112052,10557.165252756582
2024-232B,2025-046D,0,5,9738.26697929258,9755.948410145835
2024-232B,2025-046F,0,5,3853.9962793014456,3532.564847299727
2024-232B,2025-046G,0,5,8612.590979415858,8601.029955131688
2024-232B,2025-046H,0,5,11248.86871331291,11196.195783493069
2024-232B,2025-046J,0,5,7225.208896152026,7192.514148063806
2024-232B,2025-046K,0,5,9745.355714738393,9677.786708596594
2024-232B,2025-046M,0,5,1946.4622576885602,1969.540987054564
2024-232B,2025-046N,0,5,7.080979651733149,7.963682294608026
2024-232B,2025-046P,0,5,3840.68671841795,3814.5705231834204
2024-232B,2025-046Q,0,5,8621.686082406426,8580.084051362914
2024-232B,2025-046R,0,5,1960.3704745315547,1940.2170407672154
2024-232B,2025-046S,0,5,11076.757438444545,11044.641292871542
2024-232B,2025-046T,0,5,5630.574766333062,5566.466541949594
2024-232B,2025-233A,0,1,10862.517619463973,10849.669081859522
2024-232B,2025-233B,0,1,13571.587950934869,13668.258878681814
2024-232B,2025-233C,0,1,14643.724590417263,14654.263256089487
2024-232B,2025-233D,0,1,12405.521328143084,12418.555218150892
2024-232B,2025-233E,0,1,14325.289944075355,14348.651362398905
2024-232B,2025-233F,0,1,9836.146716621171,9828.991869859477
2024-232B,2025-233G,0,1,14517.217409676581,14523.51300806982
2024-232B,2025-233H,0,1,12958.154338150067,12951.552468090284
2024-232B,2025-233J,0,1,11572.970725156083,11591.373217148806
2024-232B,2025-233K,0,1,13949.612061567119,13935.443883563952
2024-232B,2025-233M,0,1,5527.754671855681,5510.065581886319
2024-232B,2025-233N,0,1,3087.097248890371,3047.9363586932286
2024-232B,2025-233P,0,1,552.6343968010971,568.0633752357769
2024-232B,2025-233Q,0,1,4489.143302168195,4539.876647953761
2024-232B,2025-233R,0,1,1998.620492756722,1979.4247109501032
2024-232B,2025-233S,0,1,6843.267589044994,6830.984126781572
2024-232B,2025-233T,0,1,8989.463199444057,9006.016471259738
2024-232B,2026-075A,0,6,12211.633076288019,12190.385119163102
2024-232B,2026-075B,0,6,12797.78223682162,12777.915969095995
2024-232B,2026-075C,0,6,11354.603552388928,11382.493604733143
2024-232B,2026-075D,0,6,5928.811026479271,5848.909000456861
2024-232B,2026-075E,0,6,12697.610599723861,12672.161741015576
2024-232B,2026-075F,0,6,12509.099520324193,12488.81621163971
2024-232B,2026-075G,0,6,1687.757293216316,1652.26062931
2024-232B,2026-075H,0,6,7810.4593376336015,7773.567188838126
2024-232B,2026-075J,0,6,11840.331397244803,11786.357613301365
2024-232B,2026-075K,0,6,2756.870662523919,2770.125463067383
2024-232B,2026-075L,0,6,9454.76280017951,9437.4365184209
2024-232B,2026-075M,0,6,3867.054864316062,3844.604962539715
2024-232B,2026-075N,0,6,8642.064834547095,8667.865344369582
2024-232B,2026-075P,0,6,4887.168677593779,4904.542101200543
2024-232B,2026-075Q,0,6,10811.808530872138,10787.254311904338
2024-232B,2026-075R,0,6,542.886359381909,592.0073299828091
2024-232B,2026-075S,0,6,6868.9751360763175,6905.942600310865
2024-232B,2026-075T,0,6,10152.581640407547,10110.078452046904
2024-232B,2026-104A,0,7,12639.508147848172,12660.895317780358
2024-232B,2026-104B,0,7,13902.12557381921,13889.624399607468
2024-232B,2026-104C,0,7,8025.219445368151,8008.22542702767
2024-232B,2026-104D,0,7,11419.428804212368,11391.294372879067
2024-232B,2026-104E,0,7,13487.942097740006,13445.57454568399
2024-232B,2026-104F,0,7,13475.540159652173,13458.056852341188
2024-232B,2026-104G,0,7,13906.302962736052,13885.569291911865
2024-232B,2026-104H,0,7,3635.5653756243046,3589.1462760748436
2024-232B,2026-104J,0,7,12659.761273056578,12639.845409842228
2024-232B,2026-104K,0,7,9886.266895158107,9861.861051171176
2024-232B,2026-104L,0,7,11446.914173786798,11396.126221535846
2024-232B,2026-104M,0,7,1192.6005734171297,1185.5178971695495
2024-232B,2026-104N,0,7,5920.340886141082,5823.792005711835
2024-232B,2026-104P,0,7,1240.3426489727951,1233.9092956708664
2024-232B,2026-104Q,0,7,3589.279794720141,3623.9203501297798
2024-232B,2026-104R,0,7,7985.966233627898,7960.151549036461
2024-232B,2026-104S,0,7,5876.909557140643,5906.693332197239
2024-232B,2026-104T,0,7,9852.381483278277,9825.166803282076
2024-232B,2026-121A,0,5,10572.900267044251,10565.24645473097
2024-232B,2026-121B,0,5,5618.328626271009,5608.519194233494
2024-232B,2026-124A,0,8,11641.925384600254,11662.893749407487
2024-232B,2026-124B,0,8,13011.067814868757,13034.186465626528
2024-232B,2026-124C,0,8,13984.876855536571,13970.69060490826
2024-232B,2026-124D,0,8,14533.762147524607,14521.29646778364
2024-232B,2026-124E,0,8,14641.046429237776,14630.619658263748
2024-232B,2026-124F,0,8,14303.470393295303,14285.997808020407
2024-232B,2026-124G,0,8,12347.969299771525,12295.15441687268
2024-232B,2026-124H,0,8,13531.289852782353,13511.212606566094
2024-232B,2026-124J,0,8,10789.46013330661,10799.795787833677
2024-232B,2026-124K,0,8,4384.42480668545,4395.118902051361
2024-232B,2026-124L,0,8,1889.3660390285534,1812.773056085182
2024-232B,2026-124M,0,8,663.1045100101868,721.187221632558
2024-232B,2026-124N,0,8,5630.642570401919,5650.168601552696
2024-232B,2026-124P,0,8,3195.417514827213,3192.5360517341933
2024-232B,2026-124Q,0,8,7894.785042708118,7912.649301616283
2024-232B,2026-124R,0,8,9919.046813369592,9944.417297037948
2024-232B,2026-124S,0,8,8903.120994883113,8851.141004514253
2024-232B,2026-124T,0,8,6746.262224000614,6734.987930489785
2024-232B,2026-125A,0,4,7876.766197202093,7866.628211754381
2024-232B,2026-125B,0,4,9106.022050169875,9094.67120649811
2024-232B,2026-125C,0,4,6275.099867921322,6215.047954844022
2024-232B,2026-125D,0,4,8622.407268966414,8631.831391150658
2024-232B,2026-125E,0,4,9313.00535153591,9298.41650162919
2024-232B,2026-125F,0,4,8880.306335755358,8863.547855316554
2024-232B,2026-125G,0,4,7376.516892147847,7368.014450784493
2024-232B,2026-125H,0,4,9236.963824128483,9221.262648427057
2024-232B,2026-125J,0,4,3539.557220706577,3536.7827979528556
2024-232B,2026-125K,0,4,8253.7936011688,8242.347308332257
2024-232B,2026-125L,0,4,377.6334435122591,345.9124602106856
2024-232B,2026-125M,0,4,1988.4873760150522,1956.6261128529661
2024-232B,2026-125N,0,4,1245.8831713894688,1298.9252534666098
2024-232B,2026-125P,0,4,4329.96844396445,4304.028121054323
2024-232B,2026-125Q,0,4,6891.805206322682,6899.6453270601405
2024-232B,2026-125R,0,4,2831.013520375161,2841.974399807634
2024-232B,2026-125S,0,4,5697.465709663967,5710.259549312412
2024-232B,2026-125T,0,4,4983.013687974686,4948.761260138256
2024-232C,2025-016A,0,3,9416.658557061903,9382.141189698286
2024-232C,2025-016B,0,3,1612.0793688080948,1652.750379922015
2024-232C,2025-016C,0,3,12255.250989865644,12266.07149977918
2024-232C,2025-016D,0,3,622.732541824151,669.140581613853
2024-232C,2025-016E,0,3,11409.574721040717,11396.654958180483
2024-232C,2025-016F,0,3,7760.357236240119,7799.673804274255
2024-232C,2025-016G,0,3,8714.431991084191,8687.155823412988
2024-232C,2025-016H,0,3,10217.231875690879,10248.475837985105
2024-232C,2025-016J,0,3,11829.275474628577,11836.481353298926
2024-232C,2025-016K,0,3,6946.870254702554,6942.602213518191
2024-232C,2025-016L,0,3,4968.201119919779,4915.403005698178
2024-232C,2025-016M,0,3,12815.108251619755,12834.411050121784
2024-232C,2025-016N,0,3,12512.285515753018,12544.606282658588
2024-232C,2025-016P,0,3,12728.555269571842,12740.745596509056
2024-232C,2025-016Q,0,3,10786.852176956412,10838.093619164869
2024-232C,2025-016R,0,3,3797.852309637694,3779.431511797332
2024-232C,2025-016S,0,3,5868.256250587528,5885.43682456504
2024-232C,2025-016T,0,3,2838.6214422937237,2882.1715810625333
2024-232C,2025-046A,0,5,11076.74338509253,11045.774782120265
2024-232C,2025-046B,0,5,7225.21024564103,7202.270250870083
2024-232C,2025-046C,0,5,1946.378995007144,1929.1542024507905
2024-232C,2025-046D,0,5,7.0809796517485175,24.102811585501176
2024-232C,2025-046F,0,5,11079.202286464038,10989.034150375524
2024-232C,2025-046G,0,5,1960.3189808562488,1949.8855624119672
2024-232C,2025-046H,0,5,5618.310168092106,5574.334669827615
2024-232C,2025-046J,0,5,3854.036484760524,3841.112190124184
2024-232C,2025-046K,0,5,9738.265106533378,9714.161298430765
2024-232C,2025-046M,0,5,8621.684573773213,8569.780585313893
2024-232C,2025-046N,0,5,9745.347957582624,9703.636994436374
2024-232C,2025-046P,0,5,7236.079553259982,7207.495755800233
2024-232C,2025-046Q,0,5,10568.07318316865,10522.955440151061
2024-232C,2025-046R,0,5,10572.908061637778,10532.498637909628
2024-232C,2025-046S,0,5,3840.6965442786127,3793.701400757321
2024-232C,2025-046T,0,5,11248.881576702443,11218.07335052312
2024-232C,2025-233A,0,1,3087.095642295206,3122.8049845503147
2024-232C,2025-233B,0,1,1998.6226379487043,2219.1203668134303
2024-232C,2025-233C,0,1,6843.269566837361,6935.693018444019
2024-232C,2025-233D,0,1,552.6345360685644,555.5485121372823
2024-232C,2025-233E,0,1,4489.142847676945,4492.11817435459
2024-232C,2025-233F,0,1,14325.289691693579,14317.26373877396
2024-232C,2025-233G,0,1,8989.462607687388,8938.59509858075
2024-232C,2025-233H,0,1,12405.520526633476,12393.95369816069
2024-232C,2025-233J,0,1,13571.5883039994,13538.001672744309
2024-232C,2025-233K,0,1,10862.518486225874,10863.252278065018
2024-232C,2025-233M,0,1,14517.217624963732,14522.792471199642
2024-232C,2025-233N,0,1,13949.611742167364,13944.24231564336
2024-232C,2025-233P,0,1,12958.15509953781,12974.378305904067
2024-232C,2025-233Q,0,1,9836.147291614445,9808.207221872419
2024-232C,2025-233R,0,1,11572.96994064933,11592.633101060113
2024-232C,2025-233S,0,1,7800.457366064798,7820.419709258737
2024-232C,2025-233T,0,1,5527.755068798783,5520.392598860534
2024-232C,2026-075A,0,6,2756.865965886464,2731.902342141985
2024-232C,2026-075B,0,6,6868.970010974079,6805.009327632484
2024-232C,2026-075C,0,6,542.9222338776875,631.4291005738539
2024-232C,2026-075D,0,6,12797.783346198496,12775.68004976635
2024-232C,2026-075E,0,6,4887.187834985817,4834.513834648711
2024-232C,2026-075F,0,6,8642.074432745947,8579.463340805707
2024-232C,2026-075G,0,6,11840.337161395988,11814.478425672272
2024-232C,2026-075H,0,6,12697.61129269655,12673.660165129942
2024-232C,2026-075J,0,6,10152.57452115332,10148.142418286068
2024-232C,2026-075K,0,6,9454.768384915677,9430.823118273795
2024-232C,2026-075L,0,6,12211.629812648718,12174.374213108116
2024-232C,2026-075M,0,6,12509.0972599269,12488.804366956387
2024-232C,2026-075N,0,6,3867.0407261999635,3813.19677472709
2024-232C,2026-075P,0,6,7810.446223837212,7778.035897961782
2024-232C,2026-075Q,0,6,11354.607592486978,11308.540142726246
2024-232C,2026-075R,0,6,10811.802486540537,10770.865494782678
2024-232C,2026-075S,0,6,5928.814569620732,5870.832358927585
2024-232C,2026-075T,0,6,1687.7596805883795,1730.936272128323
2024-232C,2026-104A,0,7,1192.5930104658214,1257.8776126421574
2024-232C,2026-104B,0,7,5876.905652523149,5862.6362095161985
2024-232C,2026-104C,0,7,13902.126727428225,13883.150855173091
2024-232C,2026-104D,0,7,1240.3603863877227,1279.5347671086638
2024-232C,2026-104E,0,7,9852.377388862938,9866.575489310671
2024-232C,2026-104F,0,7,3589.293689961233,3547.0931504805462
2024-232C,2026-104G,0,7,7985.970300932355,7978.86294460361
2024-232C,2026-104H,0,7,13487.94516676089,13468.117519193938
2024-232C,2026-104J,0,7,11419.430125530238,11375.68641410347
2024-232C,2026-104K,0,7,13475.539988676865,13450.3421258962
2024-232C,2026-104L,0,7,12639.507410512639,12617.197982598977
2024-232C,2026-104M,0,7,11446.915775887424,11442.855331603572
2024-232C,2026-104N,0,7,13906.301546352075,13885.881679167713
2024-232C,2026-104P,0,7,12659.75834335441,12649.165304687
2024-232C,2026-104Q,0,7,9886.262083429669,9849.733141750801
2024-232C,2026-104R,0,7,5920.338726687214,5935.821824198172
2024-232C,2026-104S,0,7,8025.220306336231,7986.2692795281455
2024-232C,2026-104T,0,7,3635.5650854226333,3660.805324749154
2024-232C,2026-121A,0,5,8612.59313136551,8581.5952362957
2024-232C,2026-121B,0,5,5630.567485594171,5640.012127547683
2024-232C,2026-124A,0,8,1889.3655939461962,1856.2178042479902
2024-232C,2026-124B,0,8,663.1169672918691,709.4497708189242
2024-232C,2026-124C,0,8,3195.4165942032955,3147.3333663638896
2024-232C,2026-124D,0,8,5630.644688628451,5563.942647820779
2024-232C,2026-124E,0,8,7894.784120382519,7899.274275410315
2024-232C,2026-124F,0,8,9919.047553278884,9893.673540358655
2024-232C,2026-124G,0,8,13011.068042995232,13008.674916196702
2024-232C,2026-124H,0,8,11641.924365065635,11610.246652614307
2024-232C,2026-124J,0,8,13984.876807841267,13948.179445169484
2024-232C,2026-124K,0,8,14303.469944161116,14301.662582101224
2024-232C,2026-124L,0,8,13531.290792106578,13498.91805110946
2024-232C,2026-124M,0,8,12347.968390413356,12313.144374347608
2024-232C,2026-124N,0,8,8903.119861506117,8881.026079279014
2024-232C,2026-124P,0,8,10789.460467780269,10785.984965793394
2024-232C,2026-124Q,0,8,6746.26241076051,6722.019548386754
2024-232C,2026-124R,0,8,4384.424597988124,4348.333184372969
2024-232C,2026-124S,0,8,14533.762021171438,14527.42880221761
2024-232C,2026-124T,0,8,14641.046840521934,14635.21575552548
2024-232C,2026-125A,0,4,377.06881665201445,376.49870254029867
2024-232C,2026-125B,0,4,2830.950102772861,2825.991409927013
2024-232C,2026-125C,0,4,9106.047316392462,9095.464846511075
2024-232C,2026-125D,0,4,1245.9334764189193,1293.1069087329656
2024-232C,2026-125E,0,4,4329.973362249398,4345.429508665363
2024-232C,2026-125F,0,4,6891.802547404135,6854.04126790396
2024-232C,2026-125G,0,4,8622.384433911007,8590.397058793475
2024-232C,2026-125H,0,4,5697.464570804649,5646.306146473058
2024-232C,2026-125J,0,4,9236.97822587441,9228.779041541555
2024-232C,2026-125K,0,4,7876.787342508928,7838.737888205802
2024-232C,2026-125L,0,4,8253.799235633202,8230.749240994552
2024-232C,2026-125M,0,4,8880.29159824681,8863.234246475473
2024-232C,2026-125N,0,4,7376.535087356848,7334.474352201175
2024-232C,2026-125P,0,4,4983.060992631595,4995.216023862801
2024-232C,2026-125Q,0,4,1988.5624056149982,1956.859008399819
2024-232C,2026-125R,0,4,6275.091813698431,6254.210925440782
2024-232C,2026-125S,0,4,3539.521470320376,3502.839949543463
2024-232C,2026-125T,0,4,9312.977753862167,9303.560976296501
2024-232E,2025-016A,0,3,10217.236317455872,10225.71426042857
2024-232E,2025-016B,0,3,12815.109882154518,12819.67300332074
2024-232E,2025-016C,0,3,1612.061950965123,1579.6446276226357
2024-232E,2025-016D,0,3,12512.283088784756,12504.255038864238
2024-232E,2025-016E,0,3,3797.8584140319554,3832.005074727965
2024-232E,2025-016F,0,3,11409.574205702369,11380.031611024235
2024-232E,2025-016G,0,3,7760.365214114679,7754.693435631269
2024-232E,2025-016H,0,3,5868.253552130296,5819.422268897742
2024-232E,2025-016J,0,3,6946.867341021805,6947.403454734778
2024-232E,2025-016K,0,3,9416.65817564607,9414.576566236685
2024-232E,2025-016L,0,3,10786.84822673505,10811.241873007357
2024-232E,2025-016M,0,3,2838.607237360055,2788.3394808905778
2024-232E,2025-016N,0,3,4968.200857544383,4901.749106609663
2024-232E,2025-016P,0,3,622.7501093768675,615.0805691189067
2024-232E,2025-016Q,0,3,8714.432249186366,8662.391899749076
2024-232E,2025-016R,0,3,12728.553845736815,12719.410544476408
2024-232E,2025-016S,0,3,12255.253693933257,12241.089496942359
2024-232E,2025-016T,0,3,11829.276206026925,11806.730027723392
2024-232E,2025-046A,0,5,7.080979651731922,16.062031929738623
2024-232E,2025-046B,0,5,7236.0599469347735,7212.925222150737
2024-232E,2025-046C,0,5,10572.914513634934,10570.708197715652
2024-232E,2025-046D,0,5,11079.202583428449,11073.702203290868
2024-232E,2025-046F,0,5,3840.7099925571565,4088.213654950485
2024-232E,2025-046G,0,5,11248.8837735246,11253.301490797996
2024-232E,2025-046H,0,5,8621.694101253252,8603.023387980695
2024-232E,2025-046J,0,5,11076.742983829148,11059.022748822592
2024-232E,2025-046K,0,5,3854.0349935347826,3821.343003922542
2024-232E,2025-046M,0,5,8612.586858988032,8621.826289563669
2024-232E,2025-046N,0,5,7225.21457463332,7205.451348854044
2024-232E,2025-046P,0,5,9738.26622633272,9706.76810704206
2024-232E,2025-046Q,0,5,1960.322005474486,1980.2651185008513
2024-232E,2025-046R,0,5,5618.304179017433,5578.89533693289
2024-232E,2025-046S,0,5,9745.34620465739,9744.27965079872
2024-232E,2025-046T,0,5,1946.3721743923404,1932.5718602853972
2024-232E,2025-233A,0,1,14643.724816212172,14638.146391283095
2024-232E,2025-233B,0,1,13949.611856666315,13867.478325568263
2024-232E,2025-233C,0,1,11572.969945490264,11481.934589415396
2024-232E,2025-233D,0,1,14517.217396656733,14511.750707495816
2024-232E,2025-233E,0,1,12958.154724826301,12950.158117784316
2024-232E,2025-233F,0,1,552.6379474264184,587.2478676285339
2024-232E,2025-233G,0,1,9836.14775465244,9853.825267861776
2024-232E,2025-233H,0,1,5527.755688658,5530.775776773953
2024-232E,2025-233J,0,1,3087.0946619695246,3152.0202078516936
2024-232E,2025-233K,0,1,7800.457175669807,7769.944433766575
2024-232E,2025-233M,0,1,4489.142924317018,4457.093774005052
2024-232E,2025-233N,0,1,6843.268674174683,6827.725234320962
2024-232E,2025-233P,0,1,8989.462603784603,8931.28061927553
2024-232E,2025-233Q,0,1,12405.520507932108,12405.314468120407
2024-232E,2025-233R,0,1,10862.519012490886,10809.590701655958
2024-232E,2025-233S,0,1,13571.588648807556,13543.401965072764
2024-232E,2025-233T,0,1,14325.289567913043,14317.062916015413
2024-232E,2026-075A,0,6,11840.334082841602,11841.330510193298
2024-232E,2026-075B,0,6,9454.7705731966,9479.54125026926
2024-232E,2026-075C,0,6,12509.098482336734,12486.172142305792
2024-232E,2026-075D,0,6,2756.867867532916,2787.0205811819033
2024-232E,2026-075E,0,6,10811.802757821235,10823.599539452489
2024-232E,2026-075F,0,6,7810.4450170968385,7839.495229199784
2024-232E,2026-075G,0,6,6868.969743574576,6857.091795796114
2024-232E,2026-075H,0,6,542.85934540572,517.3702792987061
2024-232E,2026-075J,0,6,5928.819622734903,5884.923838927517
2024-232E,2026-075K,0,6,10152.574582564399,10137.68468901537
2024-232E,2026-075L,0,6,1687.7701090523826,1728.958547798467
2024-232E,2026-075M,0,6,4887.178320357644,4857.278306280805
2024-232E,2026-075N,0,6,12697.613470227358,12704.795740577074
2024-232E,2026-075P,0,6,11354.611115956182,11349.601084927966
2024-232E,2026-075Q,0,6,3867.035093106633,3896.86220025505
2024-232E,2026-075R,0,6,8642.077437641017,8644.199388633693
2024-232E,2026-075S,0,6,12211.62885170141,12220.22659461163
2024-232E,2026-075T,0,6,12797.781463611795,12798.291420941636
2024-232E,2026-104A,0,7,13487.943739996093,13465.454911289775
2024-232E,2026-104B,0,7,11446.91781758548,11434.99322149828
2024-232E,2026-104C,0,7,1192.5932749959024,1147.6746788765925
2024-232E,2026-104D,0,7,13906.301908027448,13910.550834777776
2024-232E,2026-104E,0,7,8025.221790481591,7967.546732206497
2024-232E,2026-104F,0,7,12659.758282690127,12667.008423764773
2024-232E,2026-104G,0,7,9886.261419320568,9860.49550864315
2024-232E,2026-104H,0,7,5876.905734359263,5869.205237474186
2024-232E,2026-104J,0,7,5920.336638442792,5941.521067146632
2024-232E,2026-104K,0,7,1240.3457448652728,1267.3454119914377
2024-232E,2026-104L,0,7,3635.5667668770184,3618.5469933524473
2024-232E,2026-104M,0,7,9852.37720094211,9812.178589110226
2024-232E,2026-104N,0,7,3589.2889407644993,3634.560725687526
2024-232E,2026-104P,0,7,7985.97310863166,7946.581698349625
2024-232E,2026-104Q,0,7,11419.431581353492,11413.681852400565
2024-232E,2026-104R,0,7,13475.540792141828,13460.280616355918
2024-232E,2026-104S,0,7,12639.506805344454,12637.536219495998
2024-232E,2026-104T,0,7,13902.125760196204,13900.38347209528
2024-232E,2026-121A,0,5,5630.566480241808,5661.37384524136
2024-232E,2026-121B,0,5,10568.066143631053,10579.128024159912
2024-232E,2026-124A,0,8,14641.046570291961,14639.535281888544
2024-232E,2026-124B,0,8,14303.470008280898,14288.449179187543
2024-232E,2026-124C,0,8,13531.29038669752,13538.604540002716
2024-232E,2026-124D,0,8,12347.968358394692,12366.610317690218
2024-232E,2026-124E,0,8,10789.461281087317,10757.038865280663
2024-232E,2026-124F,0,8,8903.119596637522,8893.800242560066
2024-232E,2026-124G,0,8,4384.42376078463,4344.318788076729
2024-232E,2026-124H,0,8,6746.262815754214,6750.508792515408
2024-232E,2026-124J,0,8,1889.3662306309338,1960.5194055291186
2024-232E,2026-124K,0,8,5630.6444719530145,5565.191162324603
2024-232E,2026-124L,0,8,7894.7841689379875,7911.329155826961
2024-232E,2026-124M,0,8,9919.048108263505,9920.84401036351
2024-232E,2026-124N,0,8,13011.068348555134,12999.009828131539
2024-232E,2026-124P,0,8,11641.924287937136,11607.51778594288
2024-232E,2026-124Q,0,8,13984.876634283219,13979.10451549325
2024-232E,2026-124R,0,8,14533.762189496687,14535.69230508798
2024-232E,2026-124S,0,8,663.1091256210016,665.8843868962525
2024-232E,2026-124T,0,8,3195.4164920776548,3151.0738909019706
2024-232E,2026-125A,0,4,9236.989271101802,9256.66568058354
2024-232E,2026-125B,0,4,8253.808102302653,8267.37549748243
2024-232E,2026-125C,0,4,377.03343938375656,348.67116818960136
2024-232E,2026-125D,0,4,8880.289489199648,8883.510757166052
2024-232E,2026-125E,0,4,7376.509802099585,7366.496836405145
2024-232E,2026-125F,0,4,4983.050603287127,5012.954230987321
2024-232E,2026-125G,0,4,1988.6164210232228,2031.0609653917077
2024-232E,2026-125H,0,4,6275.1005572718905,6313.690579237074
2024-232E,2026-125J,0,4,2830.9352031498793,2800.052809737921
2024-232E,2026-125K,0,4,3539.52287672392,3579.190629179377
2024-232E,2026-125L,0,4,5697.452105442514,5705.61724926391
2024-232E,2026-125M,0,4,4329.984847929887,4333.584981993306
2024-232E,2026-125N,0,4,6891.805578805503,6921.228673105264
2024-232E,2026-125P,0,4,8622.383511993607,8623.341644888007
2024-232E,2026-125Q,0,4,9312.978650818235,9332.510098555382
2024-232E,2026-125R,0,4,7876.774664522318,7885.186745674153
2024-232E,2026-125S,0,4,9106.046366312454,9123.41865398917
2024-232E,2026-125T,0,4,1245.9965389012498,1242.754267227911
2024-232F,2025-016A,0,3,6946.863721893907,6991.235622523152
2024-232F,2025-016B,0,3,12255.249284842856,12259.156127932054
2024-232F,2025-016C,0,3,5868.261035447108,5821.293282055254
2024-232F,2025-016D,0,3,12728.557655303252,12753.3142919754
2024-232F,2025-016E,0,3,7760.354248798912,7781.78548577435
2024-232F,2025-016F,0,3,8714.432665802986,8692.61118045411
2024-232F,2025-016G,0,3,10786.846437450216,10779.8528994905
2024-232F,2025-016H,0,3,9416.660238681054,9378.439195242549
2024-232F,2025-016J,0,3,2838.6285728438484,2864.6404663228286
2024-232F,2025-016K,0,3,11829.275778253468,11841.279767375492
2024-232F,2025-016L,0,3,12512.288921241188,12538.203677333096
2024-232F,2025-016M,0,3,1612.1043812338958,1626.972083357369
2024-232F,2025-016N,0,3,622.7346350687432,574.1353720465074
2024-232F,2025-016P,0,3,3797.849429050368,3780.0638390334625
2024-232F,2025-016Q,0,3,4968.200667197789,4924.5887690414975
2024-232F,2025-016R,0,3,11409.57630947508,11421.132529280856
2024-232F,2025-016S,0,3,10217.22863224524,10216.24549972044
2024-232F,2025-016T,0,3,12815.10757648593,12826.597954762286
2024-232F,2025-046A,0,5,3854.017796837686,3833.130350668418
2024-232F,2025-046B,0,5,9745.36251556777,9699.169786055596
2024-232F,2025-046C,0,5,11248.8755124185,11233.501358866153
2024-232F,2025-046D,0,5,11076.74308806219,11074.791119650235
2024-232F,2025-046F,0,5,7.080979651734477,269.4203516121732
2024-232F,2025-046G,0,5,10568.070844823998,10556.0253476642
2024-232F,2025-046H,0,5,10572.900292441003,10525.857038713968
2024-232F,2025-046J,0,5,9738.265562948487,9703.119738709338
2024-232F,2025-046K,0,5,7236.080347507331,7176.079232801611
2024-232F,2025-046M,0,5,5618.319783326533,5627.285634588862
2024-232F,2025-046N,0,5,3840.6884004636654,3822.4897237370324
2024-232F,2025-046P,0,5,7225.208736355593,7182.021162598815
2024-232F,2025-046Q,0,5,5630.566432552588,5614.4754904919355
2024-232F,2025-046R,0,5,1946.3962826535292,1913.9216082253681
2024-232F,2025-046S,0,5,11079.203828349737,11052.954238985063
2024-232F,2025-046T,0,5,1960.3257529455498,1920.5991077660115
2024-232F,2025-233A,0,1,13571.58807275112,13553.569517049325
2024-232F,2025-233B,0,1,14643.724492822974,14655.584581632593
2024-232F,2025-233C,0,1,13949.611738151194,13902.075484920186
2024-232F,2025-233D,0,1,14325.289923059392,14326.867964244124
2024-232F,2025-233E,0,1,14517.217959433456,14526.037668365363
2024-232F,2025-233F,0,1,5527.754727748928,5534.812654986963
2024-232F,2025-233G,0,1,12958.154748059527,12963.794678279648
2024-232F,2025-233H,0,1,9836.146943263597,9825.132871088115
2024-232F,2025-233J,0,1,7800.457754036734,7836.006733111077
2024-232F,2025-233K,0,1,11572.970068980083,11540.695501975115
2024-232F,2025-233M,0,1,552.633913508106,557.7568719425116
2024-232F,2025-233N,0,1,1998.625694416797,2010.7639018147845
2024-232F,2025-233P,0,1,4489.142855492254,4446.427062049288
2024-232F,2025-233Q,0,1,8989.462633495414,9008.285446569378
2024-232F,2025-233R,0,1,6843.268731481716,6798.903850930969
2024-232F,2025-233S,0,1,10862.518055423896,10831.793077882547
2024-232F,2025-233T,0,1,12405.520669569194,12400.384345971
2024-232F,2026-075A,0,6,12797.786194434948,12782.566369207476
2024-232F,2026-075B,0,6,11840.33541400544,11833.237993710105
2024-232F,2026-075C,0,6,12697.610088435003,12693.318706462871
2024-232F,2026-075D,0,6,1687.7565743457828,1630.787709814616
2024-232F,2026-075E,0,6,12509.09702545487,12494.589571070966
2024-232F,2026-075F,0,6,10811.803358289693,10806.881321432165
2024-232F,2026-075G,0,6,2756.8666321353967,2760.420527146491
2024-232F,2026-075H,0,6,3867.0495550527244,3854.7917885567545
2024-232F,2026-075J,0,6,9454.765216250562,9393.873367692138
2024-232F,2026-075K,0,6,6868.969920206401,6853.026136903618
2024-232F,2026-075L,0,6,5928.8116009328605,5936.373872672
2024-232F,2026-075M,0,6,543.0078742508172,533.1323738567513
2024-232F,2026-075N,0,6,11354.605157401054,11354.656769873032
2024-232F,2026-075P,0,6,8642.069803345055,8631.774302786707
2024-232F,2026-075Q,0,6,7810.4490128432335,7805.848340088124
2024-232F,2026-075R,0,6,4887.182521389064,4901.906607199165
2024-232F,2026-075S,0,6,10152.575676991344,10159.152161586348
2024-232F,2026-075T,0,6,12211.631785598549,12176.267147849501
2024-232F,2026-104A,0,7,13902.128111685737,13897.733415336166
2024-232F,2026-104B,0,7,13487.94343401739,13468.308155860606
2024-232F,2026-104C,0,7,3635.5649986474627,3645.8965876608177
2024-232F,2026-104D,0,7,13475.539615440102,13452.50455042709
2024-232F,2026-104E,0,7,11446.914735380496,11384.080464698527
2024-232F,2026-104F,0,7,13906.301601578487,13897.847033781736
2024-232F,2026-104G,0,7,12659.758861970651,12625.605262846513
2024-232F,2026-104H,0,7,1192.5926071906545,1208.468945155362
2024-232F,2026-104J,0,7,9886.263333964125,9877.771203194086
2024-232F,2026-104K,0,7,5920.341794189491,5916.0791738942635
2024-232F,2026-104L,0,7,8025.219544607782,7981.355517128979
2024-232F,2026-104M,0,7,5876.905967564274,5840.086713094167
2024-232F,2026-104N,0,7,1240.3741292936882,1165.9633870255368
2024-232F,2026-104P,0,7,3589.2874429865897,3563.3534817275054
2024-232F,2026-104Q,0,7,7985.968219197205,7987.132869487715
2024-232F,2026-104R,0,7,11419.429177398431,11381.198741190576
2024-232F,2026-104S,0,7,9852.378165226552,9851.423467383906
2024-232F,2026-104T,0,7,12639.508474365895,12608.014240144448
2024-232F,2026-121A,0,5,8621.685230339055,8625.366513139268
2024-232F,2026-121B,0,5,8612.60176921538,8594.994405247664
2024-232F,2026-124A,0,8,13984.877090750417,13984.817945824341
2024-232F,2026-124B,0,8,14533.761958067656,14534.399864074316
2024-232F,2026-124C,0,8,14641.047215201961,14637.245313632919
2024-232F,2026-124D,0,8,14303.469971802342,14302.26276526066
2024-232F,2026-124E,0,8,13531.290143598995,13499.946966437166
2024-232F,2026-124F,0,8,12347.968581388639,12324.397025828386
2024-232F,2026-124G,0,8,8903.120273794751,8844.911192716043
2024-232F,2026-124H,0,8,10789.460214552235,10771.534983205187
2024-232F,2026-124J,0,8,6746.262232449856,6782.428779254662
2024-232F,2026-124K,0,8,663.1188071191956,620.4794405807539
2024-232F,2026-124L,0,8,3195.416474239347,3239.010726437054
2024-232F,2026-124M,0,8,5630.6437109572125,5653.223011894148
2024-232F,2026-124N,0,8,9919.04715246815,9909.319436784903
2024-232F,2026-124P,0,8,7894.784234118923,7863.057224941447
2024-232F,2026-124Q,0,8,11641.924573552471,11633.810290220881
2024-232F,2026-124R,0,8,13011.06785497077,13011.09863540426
2024-232F,2026-124S,0,8,4384.425783984927,4347.6580318195165
2024-232F,2026-124T,0,8,1889.3657666676534,1905.5745908298218
2024-232F,2026-125A,0,4,9106.036112338154,9098.744348685808
2024-232F,2026-125B,0,4,9236.970302960832,9229.887302629657
2024-232F,2026-125C,0,4,3539.5252389178827,3491.429000820483
2024-232F,2026-125D,0,4,9312.979764921363,9312.621776688753
2024-232F,2026-125E,0,4,8880.31260172908,8857.446103059545
2024-232F,2026-125F,0,4,7376.5421056463165,7375.3961483214025
2024-232F,2026-125G,0,4,4983.039436663996,4997.063123037536
2024-232F,2026-125H,0,4,8253.792588174863,8256.644347230736
2024-232F,2026-125J,0,4,377.18066287622867,398.6360655265758
2024-232F,2026-125K,0,4,6275.091020403764,6283.745615431746
2024-232F,2026-125L,0,4,2830.9751899570956,2839.4184537269407
2024-232F,2026-125M,0,4,1245.8935597186198,1255.4676597391367
2024-232F,2026-125N,0,4,4329.968537315354,4358.35818351631
2024-232F,2026-125P,0,4,6891.803700821563,6860.17128630647
2024-232F,2026-125Q,0,4,8622.383465114866,8620.089590617363
2024-232F,2026-125R,0,4,5697.482098174817,5690.5447285973
2024-232F,2026-125S,0,4,7876.788440859322,7874.231816974096
2024-232F,2026-125T,0,4,1988.5228924336634,1973.4365565726825
2024-232H,2025-016A,0,3,8714.431991084197,8755.365881013497
2024-232H,2025-016B,0,3,12728.555269571842,12746.816431233994
2024-232H,2025-016C,0,3,3797.85230963769,3752.578533541962
2024-232H,2025-016D,0,3,12815.108251619755,12837.47130137221
2024-232H,2025-016E,0,3,5868.256250587523,5894.024708726619
2024-232H,2025-016F,0,3,10217.231875690875,10205.753183692372
2024-232H,2025-016G,0,3,9416.658557061895,9412.979599367944
2024-232H,2025-016H,0,3,7760.357236240115,7716.142287468708
2024-232H,2025-016J,0,3,4968.201119919785,4993.6707492026735
2024-232H,2025-016K,0,3,10786.852176956409,10797.20438852049
2024-232H,2025-016L,0,3,11829.275474628575,11863.733433715637
2024-232H,2025-016M,0,3,622.7325418241538,590.7931868230687
2024-232H,2025-016N,0,3,2838.6214422937237,2790.548162231497
2024-232H,2025-016P,0,3,1612.0793688080953,1594.3604042704342
2024-232H,2025-016Q,0,3,6946.87025470256,6911.373046690052
2024-232H,2025-016R,0,3,12255.250989865648,12271.171164948215
2024-232H,2025-016S,0,3,11409.574721040717,11416.706764399216
2024-232H,2025-016T,0,3,12512.285515753018,12519.644092513687
2024-232H,2025-046A,0,5,1960.318980856249,1945.8647603797206
2024-232H,2025-046B,0,5,8621.684573773213,8567.527829462224
2024-232H,2025-046C,0,5,11079.202286464037,11049.98752187159
2024-232H,2025-046D,0,5,11248.881576702444,11225.455388196462
2024-232H,2025-046F,0,5,1946.378995007144,2212.364562192805
2024-232H,2025-046G,0,5,11076.743385092526,11054.638809746706
2024-232H,2025-046H,0,5,9745.347957582622,9691.92293096501
2024-232H,2025-046J,0,5,10568.073183168653,10524.733624043789
2024-232H,2025-046K,0,5,5630.567485594167,5569.007408548519
2024-232H,2025-046M,0,5,7225.210245641038,7225.573899613657
2024-232H,2025-046N,0,5,5618.310168092112,5593.255443390909
2024-232H,2025-046P,0,5,8612.59313136551,8560.715953260578
2024-232H,2025-046Q,0,5,3854.036484760523,3844.4335324100657
2024-232H,2025-046R,0,5,3840.6965442786172,3801.644988395973
2024-232H,2025-046S,0,5,10572.908061637781,10538.561301109932
2024-232H,2025-046T,0,5,7.080979651747271,11.89441006210863
2024-232H,2025-233A,0,1,14325.289691693579,14319.076418745804
2024-232H,2025-233B,0,1,14517.217624963732,14484.025672386351
2024-232H,2025-233C,0,1,12958.155099537813,12885.872931022213
2024-232H,2025-233D,0,1,14643.724601894673,14651.299718538095
2024-232H,2025-233E,0,1,13949.611742167363,13949.993816325157
2024-232H,2025-233F,0,1,3087.095642295206,3100.2983134166525
2024-232H,2025-233G,0,1,11572.96994064933,11581.193915391526
2024-232H,2025-233H,0,1,7800.457366064792,7789.89325382952
2024-232H,2025-233J,0,1,5527.755068798779,5571.406367633818
2024-232H,2025-233K,0,1,9836.14729161444,9799.030304345923
2024-232H,2025-233M,0,1,1998.622637948704,1987.9586544675635
2024-232H,2025-233N,0,1,4489.142847676951,4495.315768732264
2024-232H,2025-233P,0,1,6843.269566837361,6799.592999196369
2024-232H,2025-233Q,0,1,10862.518486225876,10878.56539085621
2024-232H,2025-233R,0,1,8989.462607687385,8947.206891810232
2024-232H,2025-233S,0,1,12405.520526633476,12381.713041527004
2024-232H,2025-233T,0,1,13571.588303999402,13570.260129463626
2024-232H,2026-075A,0,6,12509.097259926897,12484.725763453875
2024-232H,2026-075B,0,6,10811.802486540539,10803.41355158354
2024-232H,2026-075C,0,6,12797.783346198496,12770.291618121868
2024-232H,2026-075D,0,6,542.9222338776875,587.3039791021142
2024-232H,2026-075E,0,6,11840.337161395986,11821.396292923491
2024-232H,2026-075F,0,6,9454.768384915677,9450.411474354629
2024-232H,2026-075G,0,6,4887.18783498583,4880.719858828226
2024-232H,2026-075H,0,6,1687.7596805883738,1682.9405637719944
2024-232H,2026-075J,0,6,7810.446223837212,7742.122347932554
2024-232H,2026-075K,0,6,8642.074432745945,8618.211972679728
2024-232H,2026-075L,0,6,3867.040726199958,3881.12137306207
2024-232H,2026-075M,0,6,2756.8659658864694,2738.157600868536
2024-232H,2026-075N,0,6,12211.629812648716,12201.009976610256
2024-232H,2026-075P,0,6,10152.57452115332,10134.134778858359
2024-232H,2026-075Q,0,6,5928.8145696207275,5928.464524780522
2024-232H,2026-075R,0,6,6868.970010974086,6872.149513789864
2024-232H,2026-075S,0,6,11354.607592486978,11349.569468269909
2024-232H,2026-075T,0,6,12697.611292696549,12667.96209439688
2024-232H,2026-104A,0,7,13906.301546352075,13882.525270362212
2024-232H,2026-104B,0,7,12659.75834335441,12629.699151505258
2024-232H,2026-104C,0,7,1240.3603863877224,1259.1025139777323
2024-232H,2026-104D,0,7,13902.126727428227,13886.014742274498
2024-232H,2026-104E,0,7,9886.262083429672,9811.139882896676
2024-232H,2026-104F,0,7,13487.94516676089,13474.038830073892
2024-232H,2026-104G,0,7,11446.915775887423,11402.228360004301
2024-232H,2026-104H,0,7,3589.293689961234,3595.7270690340524
2024-232H,2026-104J,0,7,8025.220306336226,8018.554923716371
2024-232H,2026-104K,0,7,3635.5650854226274,3637.307575431727
2024-232H,2026-104L,0,7,5920.338726687209,5877.748013170945
2024-232H,2026-104M,0,7,7985.970300932362,7944.069760297931
2024-232H,2026-104N,0,7,1192.5930104658275,1258.3223761018205
2024-232H,2026-104P,0,7,5876.905652523161,5843.445942571802
2024-232H,2026-104Q,0,7,9852.377388862935,9844.946793701594
2024-232H,2026-104R,0,7,12639.507410512639,12603.63081778867
2024-232H,2026-104S,0,7,11419.430125530238,11410.855153575983
2024-232H,2026-104T,0,7,13475.539988676865,13448.616347766161
2024-232H,2026-121A,0,5,7236.079553259986,7236.488511638279
2024-232H,2026-121B,0,5,9738.265106533376,9718.909177417456
2024-232H,2026-124A,0,8,14533.762021171438,14529.922605787186
2024-232H,2026-124B,0,8,14641.046840521934,14629.967878267207
2024-232H,2026-124C,0,8,14303.469944161116,14296.622130735597
2024-232H,2026-124D,0,8,13531.290792106583,13530.280358918222
2024-232H,2026-124E,0,8,12347.968390413356,12304.824817092498
2024-232H,2026-124F,0,8,10789.460467780274,10761.541373969314
2024-232H,2026-124G,0,8,6746.26241076051,6685.674508775918
2024-232H,2026-124H,0,8,8903.119861506113,8884.969880825522
2024-232H,2026-124J,0,8,4384.424597988125,4429.181082386855
2024-232H,2026-124K,0,8,3195.416594203307,3145.283939279876
2024-232H,2026-124L,0,8,5630.644688628462,5663.938265350481
2024-232H,2026-124M,0,8,7894.78412038252,7908.046565130735
2024-232H,2026-124N,0,8,11641.924365065639,11628.424335394175
2024-232H,2026-124P,0,8,9919.047553278893,9884.622154998991
2024-232H,2026-124Q,0,8,13011.068042995235,13000.174297428983
2024-232H,2026-124R,0,8,13984.876807841267,13980.814807297469
2024-232H,2026-124S,0,8,1889.3655939461894,1858.126116677796
2024-232H,2026-124T,0,8,663.1169672918691,637.2521523228398
2024-232H,2026-125A,0,4,9312.977753862167,9299.514067017266
2024-232H,2026-125B,0,4,8880.29159824681,8860.054772840522
2024-232H,2026-125C,0,4,1988.5624056149973,1941.2893653090168
2024-232H,2026-125D,0,4,9236.97822587441,9214.875717154137
2024-232H,2026-125E,0,4,8253.799235633203,8214.468247861316
2024-232H,2026-125F,0,4,6275.09181369843,6270.895143025027
2024-232H,2026-125G,0,4,3539.5214703203724,3555.8596342198057
2024-232H,2026-125H,0,4,7376.535087356843,7376.412574770597
2024-232H,2026-125J,0,4,1245.9334764189214,1219.2634480524816
2024-232H,2026-125K,0,4,4983.060992631595,4991.701418762642
2024-232H,2026-125L,0,4,4329.973362249403,4329.323234048784
2024-232H,2026-125M,0,4,2830.950102772853,2832.824823815539
2024-232H,2026-125N,0,4,5697.464570804653,5713.912094310994
2024-232H,2026-125P,0,4,7876.787342508931,7842.31337378616
2024-232H,2026-125Q,0,4,9106.047316392463,9093.384761134985
2024-232H,2026-125R,0,4,6891.802547404136,6876.411684460311
2024-232H,2026-125S,0,4,8622.384433911007,8608.885014959042
2024-232H,2026-125T,0,4,377.06881665201445,366.1449424899289
2024-232J,2025-016A,0,3,12255.255745428345,12260.201754280746
2024-232J,2025-016B,0,3,11829.280773888928,11858.032636981625
2024-232J,2025-016C,0,3,2838.591767045056,2855.4744309112325
2024-232J,2025-016D,0,3,10786.843731419283,10768.623928262696
2024-232J,2025-016E,0,3,622.8867379537977,575.8148077281458
2024-232J,2025-016F,0,3,12728.553560505869,12728.286189877637
2024-232J,2025-016G,0,3,3797.863496035375,3805.6279723502657
2024-232J,2025-016H,0,3,1612.049899958029,1555.9223749878433
2024-232J,2025-016J,0,3,10217.23038989367,10221.028693260538
2024-232J,2025-016K,0,3,5868.254414439652,5874.382264739667
2024-232J,2025-016L,0,3,7760.355810252206,7806.4929137533
2024-232J,2025-016M,0,3,6946.857494688614,6900.951042963915
2024-232J,2025-016N,0,3,8714.433354996412,8662.365548813614
2024-232J,2025-016P,0,3,4968.207725951066,4954.291119153298
2024-232J,2025-016Q,0,3,11409.574288587151,11387.212278418068
2024-232J,2025-016R,0,3,12512.281170417438,12512.931629972705
2024-232J,2025-016S,0,3,12815.116009418785,12821.829902051975
2024-232J,2025-016T,0,3,9416.66131342469,9388.179198219763
2024-232J,2025-046A,0,5,3840.727248839398,3802.0356665195272
2024-232J,2025-046B,0,5,3853.993749370589,3830.6421413168514
2024-232J,2025-046C,0,5,8621.70487966049,8599.535394874474
2024-232J,2025-046D,0,5,9745.346086184167,9703.681632710835
2024-232J,2025-046F,0,5,7225.231691697649,7424.829500343773
2024-232J,2025-046G,0,5,10572.909814595703,10561.049018466803
2024-232J,2025-046H,0,5,5630.593184306234,5613.290714106306
2024-232J,2025-046J,0,5,11079.20316652203,11051.565972024637
2024-232J,2025-046K,0,5,7.080979655258312,15.881606082554732
2024-232J,2025-046M,0,5,10568.057847892745,10564.361467864352
2024-232J,2025-046N,0,5,9738.274742088804,9713.03711307653
2024-232J,2025-046P,0,5,11076.746792059157,11041.311987004407
2024-232J,2025-046Q,0,5,1946.3723123501898,1891.53183506643
2024-232J,2025-046R,0,5,8612.581410688357,8568.68818697177
2024-232J,2025-046S,0,5,7236.058040823182,7228.279990653158
2024-232J,2025-046T,0,5,5618.30287145956,5609.183847898879
2024-232J,2025-233A,0,1,13949.612417112066,13956.66558009718
2024-232J,2025-233B,0,1,11572.97035468707,11420.756535376053
2024-232J,2025-233C,0,1,7800.457387611221,7688.147617429902
2024-232J,2025-233D,0,1,12958.154332210639,12951.791307887737
2024-232J,2025-233E,0,1,9836.146924047536,9825.565755276977
2024-232J,2025-233F,0,1,4489.14410754275,4441.942571677477
2024-232J,2025-233G,0,1,5527.755634194711,5563.850102512994
2024-232J,2025-233H,0,1,552.6523887726731,569.4893567561057
2024-232J,2025-233J,0,1,1998.6180952784055,1917.2269558251485
2024-232J,2025-233K,0,1,3087.094199028089,3066.704167767803
2024-232J,2025-233M,0,1,8989.462851773633,8954.706287396457
2024-232J,2025-233N,0,1,10862.518029636152,10844.9923005233
2024-232J,2025-233P,0,1,12405.520532837492,12364.345940042653
2024-232J,2025-233Q,0,1,14325.289549268799,14329.88360715931
2024-232J,2025-233R,0,1,13571.588619911356,13541.917408100308
2024-232J,2025-233S,0,1,14643.725526151606,14642.494066215504
2024-232J,2025-233T,0,1,14517.217258531626,14516.038605828613
2024-232J,2026-075A,0,6,9454.76416964909,9448.932293472055
2024-232J,2026-075B,0,6,5928.816964291916,5961.4405176908
2024-232J,2026-075C,0,6,10811.806729469583,10745.139327912335
2024-232J,2026-075D,0,6,6868.973069164426,6880.570886947849
2024-232J,2026-075E,0,6,7810.447350417782,7824.925135834383
2024-232J,2026-075F,0,6,3867.033414262779,3906.877678687346
2024-232J,2026-075G,0,6,10152.574918028757,10132.258451109301
2024-232J,2026-075H,0,6,4887.166877144516,4855.574996668372
2024-232J,2026-075J,0,6,1687.8001180155954,1647.9155311575935
2024-232J,2026-075K,0,6,12211.62875234704,12195.095291328316
2024-232J,2026-075L,0,6,2756.8851188625604,2702.73784719308
2024-232J,2026-075M,0,6,8642.068106395585,8604.364985548114
2024-232J,2026-075N,0,6,12509.103890963426,12488.165102627483
2024-232J,2026-075P,0,6,12697.618666174956,12688.006524101407
2024-232J,2026-075Q,0,6,542.801853131822,497.27130220511117
2024-232J,2026-075R,0,6,11354.609307774472,11344.774079461931
2024-232J,2026-075S,0,6,12797.780595394737,12786.974408792841
2024-232J,2026-075T,0,6,11840.331056941191,11842.759163869645
2024-232J,2026-104A,0,7,11446.914961732879,11391.469582614442
2024-232J,2026-104B,0,7,8025.222304738202,8008.771752175731
2024-232J,2026-104C,0,7,5876.9068282196595,5823.975008679941
2024-232J,2026-104D,0,7,12659.75953521725,12665.682805192659
2024-232J,2026-104E,0,7,3635.57647146988,3576.6322338859623
2024-232J,2026-104F,0,7,9886.261850380552,9894.509759000975
2024-232J,2026-104G,0,7,5920.335399737512,5892.579890846397
2024-232J,2026-104H,0,7,9852.377281777402,9834.732101815844
2024-232J,2026-104J,0,7,1240.33048397124,1275.2705467415021
2024-232J,2026-104K,0,7,3589.2804366273194,3548.6705612179203
2024-232J,2026-104L,0,7,1192.6083878756037,1194.652791561368
2024-232J,2026-104M,0,7,12639.506696912702,12607.429702399586
2024-232J,2026-104N,0,7,7985.968700037104,8010.663626330901
2024-232J,2026-104P,0,7,11419.432052126174,11381.616295458776
2024-232J,2026-104Q,0,7,13475.543689752878,13465.356752298618
2024-232J,2026-104R,0,7,13906.30388208178,13901.418773919388
2024-232J,2026-104S,0,7,13902.125076811884,13895.734562275993
2024-232J,2026-104T,0,7,13487.942175961507,13487.13529154955
2024-232J,2026-121A,0,5,1960.3610202424582,1991.3546930394427
2024-232J,2026-121B,0,5,11248.872357653741,11263.167874098615
2024-232J,2026-124A,0,8,13531.289914928935,13510.17835376535
2024-232J,2026-124B,0,8,12347.968630790467,12308.730242377429
2024-232J,2026-124C,0,8,10789.46040595948,10802.51168761587
2024-232J,2026-124D,0,8,8903.119655242814,8934.156026880033
2024-232J,2026-124E,0,8,6746.263303348104,6710.764097469785
2024-232J,2026-124F,0,8,4384.423132760842,4383.593410580549
2024-232J,2026-124G,0,8,663.1000338243293,690.5811636158794
2024-232J,2026-124H,0,8,1889.3723212023103,1907.002795074855
2024-232J,2026-124J,0,8,3195.4177235676825,3110.258632050036
2024-232J,2026-124K,0,8,9919.047461030343,9855.351709207514
2024-232J,2026-124L,0,8,11641.9242928333,11645.379433517222
2024-232J,2026-124M,0,8,13011.06867788217,13005.76232113541
2024-232J,2026-124N,0,8,14533.762841810889,14526.911465246489
2024-232J,2026-124P,0,8,13984.876597487082,13962.536770101493
2024-232J,2026-124Q,0,8,14641.046343183049,14635.729247763154
2024-232J,2026-124R,0,8,14303.470457267034,14289.606987359131
2024-232J,2026-124S,0,8,5630.642896543523,5624.306834889193
2024-232J,2026-124T,0,8,7894.784279972863,7843.593240942642
2024-232J,2026-125A,0,4,8253.819415026148,8252.875373215298
2024-232J,2026-125B,0,4,6275.128478409301,6270.072393095209
2024-232J,2026-125C,0,4,2830.9322496924083,2851.433091915103
2024-232J,2026-125D,0,4,7376.508395523769,7343.903404897927
2024-232J,2026-125E,0,4,4983.0094142477465,4951.843977641362
2024-232J,2026-125F,0,4,1988.4965914130814,2017.5422885463202
2024-232J,2026-125G,0,4,1246.0411961590426,1200.0918266845854
2024-232J,2026-125H,0,4,3539.5590538764272,3577.0433527223936
2024-232J,2026-125J,0,4,5697.442360899942,5664.197659737651
2024-232J,2026-125K,0,4,377.19213132778805,418.873636653466
2024-232J,2026-125L,0,4,7876.76029303554,7874.957943449645
2024-232J,2026-125M,0,4,6891.824196020978,6886.909925790492
2024-232J,2026-125N,0,4,8622.391702831686,8633.54040916843
2024-232J,2026-125P,0,4,9312.980040566665,9317.2477229319
2024-232J,2026-125Q,0,4,8880.289534716909,8870.934375712348
2024-232J,2026-125R,0,4,9106.02760045351,9106.159303056365
2024-232J,2026-125S,0,4,9236.977523414002,9230.543430178843
2024-232J,2026-125T,0,4,4330.027801242489,4321.9759531809395
2024-232K,2025-016A,0,3,5868.2529400806125,5831.504298063466
2024-232K,2025-016B,0,3,2838.597345592653,2778.116312486838
2024-232K,2025-016C,0,3,12815.112468088455,12821.512476573378
2024-232K,2025-016D,0,3,4968.2030595565275,4998.803187846146
2024-232K,2025-016E,0,3,12728.553383799706,12732.832934589342
2024-232K,2025-016F,0,3,3797.8747156021595,3846.8594000671583
2024-232K,2025-016G,0,3,11409.574402836264,11382.55533728601
2024-232K,2025-016H,0,3,12255.257397042718,12273.487176651104
2024-232K,2025-016J,0,3,9416.659094434057,9420.345539308128
2024-232K,2025-016K,0,3,10217.23433639571,10211.297144629974
2024-232K,2025-016L,0,3,8714.432099603042,8665.025007987713
2024-232K,2025-016M,0,3,11829.277972447702,11865.913558787202
2024-232K,2025-016N,0,3,10786.845411554908,10836.891694777785
2024-232K,2025-016P,0,3,12512.281640339035,12530.02476426615
2024-232K,2025-016Q,0,3,7760.359723334295,7829.236261980854
2024-232K,2025-016R,0,3,622.787336048102,615.2381124959365
2024-232K,2025-016S,0,3,1612.0521279660275,1634.7169307164058
2024-232K,2025-016T,0,3,6946.861536629222,6974.052178493616
2024-232K,2025-046A,0,5,11079.202182254132,11051.502853599202
2024-232K,2025-046B,0,5,9738.269438186133,9701.735623067294
2024-232K,2025-046C,0,5,5618.301816119219,5595.214569262482
2024-232K,2025-046D,0,5,3840.7287452320843,3860.147120690347
2024-232K,2025-046F,0,5,9745.346542267647,9565.40426115779
2024-232K,2025-046G,0,5,1946.3752206835638,1904.7528111897802
2024-232K,2025-046H,0,5,8612.582952093459,8556.46810950741
2024-232K,2025-046J,0,5,7.080979651795576,29.936854391646772
2024-232K,2025-046K,0,5,11076.743968315563,11043.909123543128
2024-232K,2025-046M,0,5,5630.581068981136,5589.940432539871
2024-232K,2025-046N,0,5,7236.057586137919,7210.108852064627
2024-232K,2025-046P,0,5,3853.99818187776,3858.3336767606734
2024-232K,2025-046Q,0,5,11248.877160037688,11209.94974047787
2024-232K,2025-046R,0,5,8621.702013429382,8598.065819050522
2024-232K,2025-046S,0,5,7225.2217233236815,7175.667665570157
2024-232K,2025-046T,0,5,10572.916850908345,10537.92655859249
2024-232K,2025-233A,0,1,1998.6188383756844,1935.2765050846076
2024-232K,2025-233B,0,1,6843.268006723606,7016.763233810197
2024-232K,2025-233C,0,1,10862.518450123058,10917.598757793032
2024-232K,2025-233D,0,1,4489.143344272438,4461.0594459321765
2024-232K,2025-233E,0,1,8989.462642056984,8976.846072357897
2024-232K,2025-233F,0,1,14517.217274512665,14524.416113666497
2024-232K,2025-233G,0,1,12405.520505104012,12361.07019781125
2024-232K,2025-233H,0,1,14325.289551717895,14324.071345128308
2024-232K,2025-233J,0,1,14643.725135775288,14643.839056916268
2024-232K,2025-233K,0,1,13571.589070023058,13567.551333532638
2024-232K,2025-233M,0,1,12958.1544690505,12968.280983098028
2024-232K,2025-233N,0,1,11572.970083502887,11569.07212068646
2024-232K,2025-233P,0,1,9836.147261006956,9872.813919340906
2024-232K,2025-233Q,0,1,5527.756512592708,5512.3340172269955
2024-232K,2025-233R,0,1,7800.457182851951,7844.436853457435
2024-232K,2025-233S,0,1,3087.094180880268,3135.105859851744
2024-232K,2025-233T,0,1,552.6441475271151,571.4785513304192
2024-232K,2026-075A,0,6,6868.970506801964,6821.377989389659
2024-232K,2026-075B,0,6,10152.574401648784,10087.70106011725
2024-232K,2026-075C,0,6,4887.171334404943,4941.271325247247
2024-232K,2026-075D,0,6,11840.332048022583,11804.95824506885
2024-232K,2026-075E,0,6,8642.072057019894,8576.964109708622
2024-232K,2026-075F,0,6,11354.613403003133,11299.302008897894
2024-232K,2026-075G,0,6,9454.766717880993,9437.448259876113
2024-232K,2026-075H,0,6,12509.100692683049,12490.751161012131
2024-232K,2026-075J,0,6,12211.628902757706,12195.173670701994
2024-232K,2026-075K,0,6,5928.823112415309,5926.205468597036
2024-232K,2026-075L,0,6,12797.78054667688,12781.352988442823
2024-232K,2026-075M,0,6,10811.804172131471,10801.987889999713
2024-232K,2026-075N,0,6,542.8192167963941,566.8425050456758
2024-232K,2026-075P,0,6,3867.0326557915378,3858.9355431190543
2024-232K,2026-075Q,0,6,12697.616621025065,12669.36247260937
2024-232K,2026-075R,0,6,7810.445392623879,7778.845570231446
2024-232K,2026-075S,0,6,1687.7878595931825,1655.000668623459
2024-232K,2026-075T,0,6,2756.8742518704735,2682.439984453818
2024-232K,2026-104A,0,7,5876.905788040017,5907.72618302656
2024-232K,2026-104B,0,7,9852.37724975703,9820.299587391022
2024-232K,2026-104C,0,7,13487.94274306265,13481.207739770967
2024-232K,2026-104D,0,7,3589.283881079877,3520.769890475677
2024-232K,2026-104E,0,7,12639.50665886192,12634.066457649957
2024-232K,2026-104F,0,7,7985.970974107452,7925.474011725219
2024-232K,2026-104G,0,7,11419.433544866743,11397.011806439737
2024-232K,2026-104H,0,7,11446.91613642327,11429.0532019449
2024-232K,2026-104J,0,7,13475.542025834216,13444.71738697867
2024-232K,2026-104K,0,7,13906.302686604264,13896.735149679635
2024-232K,2026-104L,0,7,13902.125209990585,13883.354008472119
2024-232K,2026-104M,0,7,8025.224702693125,8045.049072572327
2024-232K,2026-104N,0,7,12659.75867997787,12619.795317088852
2024-232K,2026-104P,0,7,9886.26134163751,9893.258687275102
2024-232K,2026-104Q,0,7,5920.335529459064,5902.395066338892
2024-232K,2026-104R,0,7,1240.3357773527134,1289.8179764450151
2024-232K,2026-104S,0,7,3635.5700430069933,3620.5414660899996
2024-232K,2026-104T,0,7,1192.59840082151,1134.4116613266879
2024-232K,2026-121A,0,5,10568.061031870027,10547.807546691101
2024-232K,2026-121B,0,5,1960.3191178325906,1992.3391250023712
2024-232K,2026-124A,0,8,3195.416868532604,3197.7215427076862
2024-232K,2026-124B,0,8,5630.643548450437,5645.530925584433
2024-232K,2026-124C,0,8,7894.784127602585,7828.216654486412
2024-232K,2026-124D,0,8,9919.047985265566,9844.774957858535
2024-232K,2026-124E,0,8,11641.924320864233,11628.732392610184
2024-232K,2026-124F,0,8,13011.068771650202,12982.747791051213
2024-232K,2026-124G,0,8,14533.762463043247,14527.14720055555
2024-232K,2026-124H,0,8,13984.876570076412,13960.317436469793
2024-232K,2026-124J,0,8,14641.046404512286,14637.52225322935
2024-232K,2026-124K,0,8,12347.968432668886,12365.738149921586
2024-232K,2026-124L,0,8,10789.460772655266,10752.693135073881
2024-232K,2026-124M,0,8,8903.119552230008,8874.680092859902
2024-232K,2026-124N,0,8,4384.423222935864,4386.8550505644625
2024-232K,2026-124P,0,8,6746.264116495668,6768.201822711734
2024-232K,2026-124Q,0,8,1889.3676767205138,1893.3316865805134
2024-232K,2026-124R,0,8,663.1035900757636,669.3906660536394
2024-232K,2026-124S,0,8,14303.470179316255,14293.44510190397
2024-232K,2026-124T,0,8,13531.290094304879,13535.402546246367
2024-232K,2026-125A,0,4,2830.930491261741,2810.9616095353545
2024-232K,2026-125B,0,4,5697.444702132258,5677.62079049074
2024-232K,2026-125C,0,4,9236.988334489963,9218.63839740268
2024-232K,2026-125D,0,4,4330.002994293994,4354.067531550507
2024-232K,2026-125E,0,4,6891.81279501755,6890.0605547811165
2024-232K,2026-125F,0,4,8622.385934968795,8592.39385563762
2024-232K,2026-125G,0,4,9312.977797264663,9301.37863567506
2024-232K,2026-125H,0,4,7876.765648024429,7830.880490301434
2024-232K,2026-125J,0,4,8253.820463204222,8257.478349451996
2024-232K,2026-125K,0,4,9106.035399776569,9083.858611442054
2024-232K,2026-125L,0,4,6275.112219822978,6258.564546397647
2024-232K,2026-125M,0,4,7376.5072631000685,7363.036060667303
2024-232K,2026-125N,0,4,4983.013172808687,4945.120409994829
2024-232K,2026-125P,0,4,1988.5903873339214,2024.622616081187
2024-232K,2026-125Q,0,4,1246.0827435976298,1255.0607392126992
2024-232K,2026-125R,0,4,3539.5383778652513,3535.356510137045
2024-232K,2026-125S,0,4,377.0466422163564,362.6623527584111
2024-232K,2026-125T,0,4,8880.290429859506,8869.760871972156
2024-232L,2025-016A,0,3,12815.111283492199,12821.519346420693
2024-232L,2025-016B,0,3,9416.669652000997,9444.662880623273
2024-232L,2025-016C,0,3,6946.854698186549,6983.905772497986
2024-232L,2025-016D,0,3,7760.352717203578,7711.654967172413
2024-232L,2025-016E,0,3,4968.211610799657,4950.645797755772
2024-232L,2025-016F,0,3,12512.281245997587,12539.751820187008
2024-232L,2025-016G,0,3,622.7695670091299,624.1974145814532
2024-232L,2025-016H,0,3,2838.593549706707,2905.1266259745257
2024-232L,2025-016J,0,3,12255.250164056648,12282.390572147679
2024-232L,2025-016K,0,3,1612.0682289350907,1588.0905204535281
2024-232L,2025-016L,0,3,3797.8507282357145,3829.3136136143617
2024-232L,2025-016M,0,3,10217.226091856326,10213.250689217115
2024-232L,2025-016N,0,3,11409.577279377365,11405.294488999292
2024-232L,2025-016P,0,3,8714.44311980197,8731.502193833945
2024-232L,2025-016Q,0,3,12728.554317583805,12752.158988534045
2024-232L,2025-016R,0,3,10786.843394844698,10779.024953343791
2024-232L,2025-016S,0,3,11829.282899258425,11843.13365394801
2024-232L,2025-016T,0,3,5868.263622368537,5810.686179305301
2024-232L,2025-046A,0,5,7225.211260493628,7200.40192963467
2024-232L,2025-046B,0,5,7.080979651757164,23.872095989274992
2024-232L,2025-046C,0,5,5630.584360623485,5575.715060726219
2024-232L,2025-046D,0,5,7236.0589336036965,7146.802605875739
2024-232L,2025-046F,0,5,9738.28154786325,9857.78961316645
2024-232L,2025-046G,0,5,8621.68998517594,8577.152642278472
2024-232L,2025-046H,0,5,1960.4084232788134,1933.2048688991717
2024-232L,2025-046J,0,5,9745.350414689538,9692.251716029221
2024-232L,2025-046K,0,5,3840.6858617666667,3848.829485987834
2024-232L,2025-046M,0,5,11248.868186218015,11215.800540205293
2024-232L,2025-046N,0,5,11076.757957300104,11039.330143405532
2024-232L,2025-046P,0,5,11079.210651600773,11024.542097702326
2024-232L,2025-046Q,0,5,5618.316484498649,5578.788723233627
2024-232L,2025-046R,0,5,10568.057152754873,10525.701949622078
2024-232L,2025-046S,0,5,3853.993449794952,3826.1394391928156
2024-232L,2025-046T,0,5,8612.581441865688,8605.59921107394
2024-232L,2025-233A,0,1,11572.971253000745,11571.66187867096
2024-232L,2025-233B,0,1,7800.458389860187,7571.874634766127
2024-232L,2025-233C,0,1,3087.095733034167,2938.010149354251
2024-232L,2025-233D,0,1,9836.146720188017,9807.18869804295
2024-232L,2025-233E,0,1,5527.7547138257405,5489.133941114046
2024-232L,2025-233F,0,1,8989.463739584173,8970.68924869997
2024-232L,2025-233G,0,1,552.6376054086287,571.6527203649018
2024-232L,2025-233H,0,1,4489.144040478799,4495.801633326448
2024-232L,2025-233J,0,1,6843.267355645381,6791.072886753888
2024-232L,2025-233K,0,1,1998.6189224697498,2039.9445376428175
2024-232L,2025-233M,0,1,12405.520961007354,12401.542766140483
2024-232L,2025-233N,0,1,13571.588060367014,13577.894460453945
2024-232L,2025-233P,0,1,14325.289704887866,14322.992547552882
2024-232L,2025-233Q,0,1,14517.21727981423,14516.543226448732
2024-232L,2025-233R,0,1,14643.724797083174,14649.970839778907
2024-232L,2025-233S,0,1,13949.612388998927,13949.745432675998
2024-232L,2025-233T,0,1,12958.154311599355,12939.517184242413
2024-232L,2026-075A,0,6,5928.810921318129,5899.143107200254
2024-232L,2026-075B,0,6,1687.7642460573027,1706.3780851840465
2024-232L,2026-075C,0,6,7810.456012792419,7690.289623750782
2024-232L,2026-075D,0,6,10152.579602532396,10160.079296954353
2024-232L,2026-075E,0,6,3867.044518543556,3864.8698249649965
2024-232L,2026-075F,0,6,542.8354265508501,511.42410614754624
2024-232L,2026-075G,0,6,12211.630622972192,12193.340301770166
2024-232L,2026-075H,0,6,8642.064495156745,8618.557523697618
2024-232L,2026-075J,0,6,2756.879401743032,2807.0656611322347
2024-232L,2026-075K,0,6,12797.780861521112,12774.013502670354
2024-232L,2026-075L,0,6,6868.980442705372,6827.615916103575
2024-232L,2026-075M,0,6,11354.60438246456,11326.093348463857
2024-232L,2026-075N,0,6,10811.812831699377,10745.59387192042
2024-232L,2026-075P,0,6,12509.102249662816,12474.500132066927
2024-232L,2026-075Q,0,6,4887.165548737334,4854.559545131761
2024-232L,2026-075R,0,6,12697.612315273711,12679.952397643861
2024-232L,2026-075S,0,6,11840.330954471194,11785.145352846796
2024-232L,2026-075T,0,6,9454.762994447656,9440.728142298347
2024-232L,2026-104A,0,7,8025.219676074231,7923.284555405636
2024-232L,2026-104B,0,7,3635.5674795681475,3595.227289309289
2024-232L,2026-104C,0,7,9852.379111146163,9817.220504841385
2024-232L,2026-104D,0,7,9886.264627142284,9873.327935092128
2024-232L,2026-104E,0,7,1192.6118483723963,1268.7117143572852
2024-232L,2026-104F,0,7,5920.338078080328,5907.890590737273
2024-232L,2026-104G,0,7,1240.3339198021665,1191.6587451475784
2024-232L,2026-104H,0,7,12639.50720551759,12629.777745132656
2024-232L,2026-104J,0,7,3589.2783934452,3569.3541222936587
2024-232L,2026-104K,0,7,7985.966329795991,7961.077775841229
2024-232L,2026-104L,0,7,5876.912831671033,5888.543862428174
2024-232L,2026-104M,0,7,13902.125134099515,13886.495257028604
2024-232L,2026-104N,0,7,11419.429379158482,11440.563144305881
2024-232L,2026-104P,0,7,13475.541077100497,13454.332967750632
2024-232L,2026-104Q,0,7,13906.30426866592,13883.729828402424
2024-232L,2026-104R,0,7,12659.76261954719,12638.806162070683
2024-232L,2026-104S,0,7,13487.942074350465,13453.556951691038
2024-232L,2026-104T,0,7,11446.914131771715,11427.382378245195
2024-232L,2026-121A,0,5,1946.4495618989476,1932.4729578742927
2024-232L,2026-121B,0,5,10572.90152265785,10562.812732106519
2024-232L,2026-124A,0,8,10789.460097777966,10730.519082480747
2024-232L,2026-124B,0,8,8903.120376569697,8822.42445396286
2024-232L,2026-124C,0,8,6746.262357100137,6740.581432006037
2024-232L,2026-124D,0,8,4384.423899916309,4400.010203519801
2024-232L,2026-124E,0,8,1889.3673236854722,1829.56087732383
2024-232L,2026-124F,0,8,663.1008206884283,678.9371299786229
2024-232L,2026-124G,0,8,5630.64240751902,5671.412719269896
2024-232L,2026-124H,0,8,3195.4187529905676,3195.014640184873
2024-232L,2026-124J,0,8,7894.785737560174,7835.1794488426585
2024-232L,2026-124K,0,8,13011.067996111133,12977.755025390426
2024-232L,2026-124L,0,8,13984.876660168824,13989.854804346705
2024-232L,2026-124M,0,8,14533.762400085176,14530.413724797316
2024-232L,2026-124N,0,8,14303.470756837442,14282.4193660329
2024-232L,2026-124P,0,8,14641.046347076268,14629.488962236517
2024-232L,2026-124Q,0,8,13531.289876899342,13498.70968236881
2024-232L,2026-124R,0,8,12347.969398575004,12298.15000531459
2024-232L,2026-124S,0,8,9919.04685322881,9926.687764877157
2024-232L,2026-124T,0,8,11641.924630846512,11615.316784523762
2024-232L,2026-125A,0,4,6275.111185799749,6241.462920391304
2024-232L,2026-125B,0,4,3539.5854336495822,3506.965755822802
2024-232L,2026-125C,0,4,5697.452864684284,5713.497165785795
2024-232L,2026-125D,0,4,4983.009495364683,4907.8250018327535
2024-232L,2026-125E,0,4,1988.4913735852317,1931.6064469404091
2024-232L,2026-125F,0,4,1245.8764666237532,1228.6991916479494
2024-232L,2026-125G,0,4,4329.972769386785,4292.976278159317
2024-232L,2026-125H,0,4,377.6563525284119,401.7020416946411
2024-232L,2026-125J,0,4,7876.759231553076,7848.4930347564
2024-232L,2026-125K,0,4,2830.977481961861,2799.5814342705517
2024-232L,2026-125L,0,4,9106.021503499036,9092.508161105445
2024-232L,2026-125M,0,4,8622.413273167276,8610.439871132605
2024-232L,2026-125N,0,4,9312.993817715043,9297.927734255765
2024-232L,2026-125P,0,4,8880.297487672595,8864.09279963419
2024-232L,2026-125Q,0,4,7376.51015010686,7325.864835941952
2024-232L,2026-125R,0,4,9236.965268221815,9213.754828331343
2024-232L,2026-125S,0,4,8253.798711541938,8206.101830904137
2024-232L,2026-125T,0,4,6891.832269899765,6883.104727081423
2024-232M,2025-016A,0,3,12728.553458095665,12737.490776396311
2024-232M,2025-016B,0,3,10786.843186330145,10825.152710844304
2024-232M,2025-016C,0,3,4968.220187408833,4985.28416379422
2024-232M,2025-016D,0,3,9416.664832615157,9393.28874461466
2024-232M,2025-016E,0,3,2838.590501747458,2794.359871773089
2024-232M,2025-016F,0,3,12815.1144299591,12834.451423709528
2024-232M,2025-016G,0,3,1612.0552669745325,1622.0536342612781
2024-232M,2025-016H,0,3,622.8183261807419,666.3691804677708
2024-232M,2025-016J,0,3,11409.57524743455,11423.261641272858
2024-232M,2025-016K,0,3,3797.8555002374974,3803.078640160314
2024-232M,2025-016L,0,3,5868.257975204571,5920.774497610058
2024-232M,2025-016M,0,3,8714.436015364796,8682.368464325804
2024-232M,2025-016N,0,3,10217.227641712763,10184.050134997558
2024-232M,2025-016P,0,3,6946.855215206495,6939.843675061858
2024-232M,2025-016Q,0,3,12255.25245522089,12256.34026991619
2024-232M,2025-016R,0,3,11829.28461034748,11835.927955087878
2024-232M,2025-016S,0,3,12512.281350177927,12532.094283290544
2024-232M,2025-016T,0,3,7760.353474874163,7728.20251154863
2024-232M,2025-046A,0,5,5618.301863912543,5578.541685648264
2024-232M,2025-046B,0,5,1960.3958178064756,1938.5416962011586
2024-232M,2025-046C,0,5,7236.057426581059,7202.019472975142
2024-232M,2025-046D,0,5,8621.696250930794,8559.404570660674
2024-232M,2025-046F,0,5,8612.58209912549,8769.529355144792
2024-232M,2025-046G,0,5,9745.347205169863,9719.984425438644
2024-232M,2025-046H,0,5,3853.9946030638403,3838.054819622497
2024-232M,2025-046J,0,5,10572.904705176488,10534.17373214612
2024-232M,2025-046K,0,5,1946.4145150068978,1938.312385006635
2024-232M,2025-046M,0,5,11076.751455056103,11056.844393371372
2024-232M,2025-046N,0,5,10568.056591703658,10534.741373891782
2024-232M,2025-046P,0,5,11248.869366379184,11203.00791750994
2024-232M,2025-046Q,0,5,3840.6903096323595,3784.613385548711
2024-232M,2025-046R,0,5,9738.282138032788,9689.374089664208
2024-232M,2025-046S,0,5,5630.597573148451,5618.333984817121
2024-232M,2025-046T,0,5,7225.230896257744,7210.553313068131
2024-232M,2025-233A,0,1,12958.154314306837,12969.329589803201
2024-232M,2025-233B,0,1,9836.146743774509,9653.632773178582
2024-232M,2025-233C,0,1,5527.75503460552,5407.404309772588
2024-232M,2025-233D,0,1,11572.970759042577,11564.653041184605
2024-232M,2025-233E,0,1,7800.457789947423,7787.129718455533
2024-232M,2025-233F,0,1,6843.267347458648,6798.91427824824
2024-232M,2025-233G,0,1,3087.094716412949,3127.8070058122485
2024-232M,2025-233H,0,1,1998.6181233097727,1980.8856952328929
2024-232M,2025-233J,0,1,4489.145122103532,4409.325472308039
2024-232M,2025-233K,0,1,552.6436027644601,534.3405648271389
2024-232M,2025-233M,0,1,10862.517751030522,10835.600443826124
2024-232M,2025-233N,0,1,12405.520684805317,12394.95690131699
2024-232M,2025-233P,0,1,13571.588283359242,13547.216001646242
2024-232M,2025-233Q,0,1,14643.72510899471,14653.88046715501
2024-232M,2025-233R,0,1,14325.289573285638,14313.879512171532
2024-232M,2025-233S,0,1,14517.217256114907,14522.200065240011
2024-232M,2025-233T,0,1,13949.612826912951,13946.24816103605
2024-232M,2026-075A,0,6,7810.450890475688,7799.348954872291
2024-232M,2026-075B,0,6,3867.03736851785,3901.6584490968194
2024-232M,2026-075C,0,6,9454.762928504118,9365.871747784528
2024-232M,2026-075D,0,6,8642.0655857734,8644.090980991352
2024-232M,2026-075E,0,6,5928.8129005902765,5942.876386493965
2024-232M,2026-075F,0,6,1687.7785210563945,1731.1912133392434
2024-232M,2026-075G,0,6,11354.606300927144,11330.381819123351
2024-232M,2026-075H,0,6,6868.977430657754,6832.245320029553
2024-232M,2026-075J,0,6,542.8072566114679,575.0754943026549
2024-232M,2026-075K,0,6,12697.615004091713,12679.113616057302
2024-232M,2026-075L,0,6,4887.164948587099,4829.292158462645
2024-232M,2026-075M,0,6,10152.576651657326,10112.632756982732
2024-232M,2026-075N,0,6,11840.331109598545,11799.703155175734
2024-232M,2026-075P,0,6,12797.78045187304,12778.405435363735
2024-232M,2026-075Q,0,6,2756.892623587135,2708.5338228815367
2024-232M,2026-075R,0,6,12211.629181658001,12194.970061616117
2024-232M,2026-075S,0,6,12509.105966933806,12477.889098907626
2024-232M,2026-075T,0,6,10811.81042983258,10810.701543954969
2024-232M,2026-104A,0,7,9886.262945549195,9814.03172071082
2024-232M,2026-104B,0,7,5920.336249278315,5901.064866555017
2024-232M,2026-104C,0,7,7985.967151932699,7931.940834450379
2024-232M,2026-104D,0,7,11446.914293515472,11449.805091978336
2024-232M,2026-104E,0,7,1240.3298647852107,1182.4141987939752
2024-232M,2026-104F,0,7,8025.220629197937,8031.7595615805385
2024-232M,2026-104G,0,7,3635.5711781860164,3607.012008283406
2024-232M,2026-104H,0,7,11419.430461796774,11399.41503357022
2024-232M,2026-104J,0,7,1192.62798438023,1153.8568032412486
2024-232M,2026-104K,0,7,5876.90885489677,5833.372387930708
2024-232M,2026-104L,0,7,3589.278607414416,3585.4125242313767
2024-232M,2026-104M,0,7,13475.542424775982,13449.475088309244
2024-232M,2026-104N,0,7,9852.377902240656,9867.78490020017
2024-232M,2026-104P,0,7,12639.50672187228,12605.452540671686
2024-232M,2026-104Q,0,7,13902.125111406816,13889.682525802935
2024-232M,2026-104R,0,7,13487.942038693207,13478.492135575687
2024-232M,2026-104S,0,7,13906.305494458877,13889.562252493964
2024-232M,2026-104T,0,7,12659.760848407444,12654.561356894257
2024-232M,2026-121A,0,5,7.080979652116765,39.18421699380935
2024-232M,2026-121B,0,5,11079.205989638845,11082.174759509715
2024-232M,2026-124A,0,8,12347.968952759269,12314.657111733522
2024-232M,2026-124B,0,8,10789.460181000326,10737.177150983634
2024-232M,2026-124C,0,8,8903.119930022796,8916.512548821209
2024-232M,2026-124D,0,8,6746.2627168827385,6780.5039196057305
2024-232M,2026-124E,0,8,4384.423341941236,4347.341902426987
2024-232M,2026-124F,0,8,1889.3694177448822,1890.957470080909
2024-232M,2026-124G,0,8,3195.420469731573,3218.280720631845
2024-232M,2026-124H,0,8,663.099437586041,640.6000694237533
2024-232M,2026-124J,0,8,5630.642477735777,5545.968311319773
2024-232M,2026-124K,0,8,11641.924396160755,11585.97574961937
2024-232M,2026-124L,0,8,13011.068278229035,13010.973713116407
2024-232M,2026-124M,0,8,13984.8765741523,13978.55613143744
2024-232M,2026-124N,0,8,14641.046369365251,14632.652605870626
2024-232M,2026-124P,0,8,14533.76275786687,14519.925363047849
2024-232M,2026-124Q,0,8,14303.470842132992,14288.519238350988
2024-232M,2026-124R,0,8,13531.289848569832,13504.875227827828
2024-232M,2026-124S,0,8,7894.784626048665,7885.363205076503
2024-232M,2026-124T,0,8,9919.047090969068,9870.955367582093
2024-232M,2026-125A,0,4,7376.507317896524,7361.087558885691
2024-232M,2026-125B,0,4,4983.011090610398,4967.62364720747
2024-232M,2026-125C,0,4,4330.015845024879,4342.2039494685305
2024-232M,2026-125D,0,4,6275.127099716575,6223.353409392448
2024-232M,2026-125E,0,4,3539.587877853919,3499.255458904513
2024-232M,2026-125F,0,4,377.38610392175787,406.33779931176
2024-232M,2026-125G,0,4,2830.9516307908725,2782.449497710952
2024-232M,2026-125H,0,4,1988.4871727417024,2024.904991413065
2024-232M,2026-125J,0,4,6891.839781785275,6855.087635043764
2024-232M,2026-125K,0,4,1245.8914992847654,1202.8850973441133
2024-232M,2026-125L,0,4,8622.400815570641,8611.014098885173
2024-232M,2026-125M,0,4,7876.758599567685,7863.595483417247
2024-232M,2026-125N,0,4,9106.022968358067,9102.544459590768
2024-232M,2026-125P,0,4,9236.969834653162,9230.457708492797
2024-232M,2026-125Q,0,4,8253.807316167151,8224.634951852167
2024-232M,2026-125R,0,4,9312.985380720087,9302.984375339569
2024-232M,2026-125S,0,4,8880.291887322803,8853.258949907862
2024-232M,2026-125T,0,4,5697.443234624649,5682.930838352101
2024-232N,2025-016A,0,3,1612.0552669745323,1612.8347374963505
2024-232N,2025-016B,0,3,6946.85521520649,6861.200117310238
2024-232N,2025-016C,0,3,11829.28461034748,11836.265730127905
2024-232N,2025-016D,0,3,8714.436015364794,8711.848824925753
2024-232N,2025-016E,0,3,12512.281350177931,12546.399692748773
2024-232N,2025-016F,0,3,622.8183261807304,521.4790916645909
2024-232N,2025-016G,0,3,12728.553458095665,12711.984876538263
2024-232N,2025-016H,0,3,12815.114429959098,12829.664643057178
2024-232N,2025-016J,0,3,5868.257975204566,5903.788053725003
2024-232N,2025-016K,0,3,12255.252455220892,12250.551373284568
2024-232N,2025-016L,0,3,11409.57524743455,11366.533662697515
2024-232N,2025-016M,0,3,9416.664832615155,9488.444891931074
2024-232N,2025-016N,0,3,7760.353474874165,7854.804248080436
2024-232N,2025-016P,0,3,10786.843186330141,10824.486282710783
2024-232N,2025-016Q,0,3,3797.855500237497,3912.4002256526865
2024-232N,2025-016R,0,3,4968.220187408834,4919.60221690673
2024-232N,2025-016S,0,3,2838.590501747458,2763.6951738897023
2024-232N,2025-016T,0,3,10217.227641712763,10216.101691690692
2024-232N,2025-046A,0,5,9745.347205169863,9740.043724603045
2024-232N,2025-046B,0,5,11076.751455056103,11038.373422411802
2024-232N,2025-046C,0,5,8612.582099125488,8568.611791810321
2024-232N,2025-046D,0,5,7225.230896257748,7210.212030800894
2024-232N,2025-046F,0,5,7236.057426581062,7014.31888317374
2024-232N,2025-046G,0,5,5618.30186391254,5546.928967719401
2024-232N,2025-046H,0,5,10568.056591703657,10504.797514434442
2024-232N,2025-046J,0,5,3840.6903096323595,3743.219084695142
2024-232N,2025-046K,0,5,11079.205989638847,11044.28181854067
2024-232N,2025-046M,0,5,1960.3958178064759,1967.1702667467473
2024-232N,2025-046N,0,5,3853.9946030638403,3877.9251741133653
2024-232N,2025-046P,0,5,7.080979652116749,74.0176292663137
2024-232N,2025-046Q,0,5,10572.904705176486,10555.80098572307
2024-232N,2025-046R,0,5,5630.597573148447,5655.9512410610205
2024-232N,2025-046S,0,5,9738.282138032784,9678.151681008289
2024-232N,2025-046T,0,5,8621.696250930794,8607.987466087638
2024-232N,2025-233A,0,1,6843.267347458653,6734.780844350657
2024-232N,2025-233B,0,1,10862.517751030511,10957.986569275028
2024-232N,2025-233C,0,1,13571.588283359237,13585.268448573164
2024-232N,2025-233D,0,1,8989.463232934344,8921.524649963774
2024-232N,2025-233E,0,1,12405.520684805313,12374.835335298458
2024-232N,2025-233F,0,1,12958.154314306843,12993.247452297981
2024-232N,2025-233G,0,1,14325.289573285638,14300.522529795162
2024-232N,2025-233H,0,1,14517.217256114907,14533.344410700538
2024-232N,2025-233J,0,1,13949.612826912953,13985.301024049082
2024-232N,2025-233K,0,1,14643.72510899471,14646.959151796838
2024-232N,2025-233M,0,1,9836.146743774509,9885.228433613967
2024-232N,2025-233N,0,1,7800.457789947424,7838.318256765812
2024-232N,2025-233P,0,1,5527.755034605525,5622.657964115835
2024-232N,2025-233Q,0,1,552.6436027644536,592.3901794478403
2024-232N,2025-233R,0,1,3087.0947164129425,3192.585844674999
2024-232N,2025-233S,0,1,1998.6181233097727,1890.9007580697207
2024-232N,2025-233T,0,1,4489.1451221035195,4414.852019303386
2024-232N,2026-075A,0,6,10152.576651657324,10081.917874983998
2024-232N,2026-075B,0,6,12211.629181658001,12158.266906831619
2024-232N,2026-075C,0,6,8642.0655857734,8641.64738388542
2024-232N,2026-075D,0,6,9454.762928504111,9438.237412304592
2024-232N,2026-075E,0,6,11354.606300927137,11284.396973397847
2024-232N,2026-075F,0,6,12697.615004091715,12665.573081709343
2024-232N,2026-075G,0,6,5928.812900590281,5957.205385082649
2024-232N,2026-075H,0,6,10811.810429832578,10819.80287223747
2024-232N,2026-075J,0,6,12797.78045187304,12778.287497164605
2024-232N,2026-075K,0,6,1687.7785210563889,1742.6493397723677
2024-232N,2026-075L,0,6,11840.331109598545,11851.62886799356
2024-232N,2026-075M,0,6,7810.450890475687,7844.356873143024
2024-232N,2026-075N,0,6,4887.164948587105,4854.916389164909
2024-232N,2026-075P,0,6,542.8072566114678,485.1008913866366
2024-232N,2026-075Q,0,6,12509.105966933806,12503.94896350283
2024-232N,2026-075R,0,6,3867.0373685178506,3884.8970872072227
2024-232N,2026-075S,0,6,2756.8926235871345,2731.3948039493253
2024-232N,2026-075T,0,6,6868.977430657752,6753.6763367164585
2024-232N,2026-104A,0,7,9852.377902240654,9833.488177443309
2024-232N,2026-104B,0,7,12639.50672187228,12594.245792956139
2024-232N,2026-104C,0,7,11446.914293515476,11476.082515066744
2024-232N,2026-104D,0,7,7985.9671519326985,7877.651975821293
2024-232N,2026-104E,0,7,13902.125111406816,13889.079201430197
2024-232N,2026-104F,0,7,11419.430461796774,11342.61674313143
2024-232N,2026-104G,0,7,13475.542424775982,13446.76658322563
2024-232N,2026-104H,0,7,8025.220629197939,8047.841586703772
2024-232N,2026-104J,0,7,13906.305494458875,13899.795649497722
2024-232N,2026-104K,0,7,12659.760848407444,12674.780919906962
2024-232N,2026-104L,0,7,13487.942038693203,13476.674295685109
2024-232N,2026-104M,0,7,3635.5711781860164,3716.8865726905533
2024-232N,2026-104N,0,7,9886.262945549191,9863.645878218926
2024-232N,2026-104P,0,7,5920.336249278322,5983.195071846553
2024-232N,2026-104Q,0,7,1240.3298647852107,1282.1382606413054
2024-232N,2026-104R,0,7,3589.278607414416,3480.916831016928
2024-232N,2026-104S,0,7,1192.62798438023,1143.122748187529
2024-232N,2026-104T,0,7,5876.908854896768,5767.488784642803
2024-232N,2026-121A,0,5,11248.869366379184,11250.177592016309
2024-232N,2026-121B,0,5,1946.4145150068978,1869.2816720633691
2024-232N,2026-124A,0,8,7894.784626048662,7844.658477569298
2024-232N,2026-124B,0,8,9919.047090969067,9886.329565822356
2024-232N,2026-124C,0,8,11641.924396160759,11557.555544270142
2024-232N,2026-124D,0,8,13011.068278229031,12937.246730231154
2024-232N,2026-124E,0,8,13984.8765741523,13960.849480358325
2024-232N,2026-124F,0,8,14533.76275786687,14516.499112175281
2024-232N,2026-124G,0,8,14303.470842132992,14296.790839198036
2024-232N,2026-124H,0,8,14641.046369365251,14636.11536891173
2024-232N,2026-124J,0,8,13531.289848569832,13566.314607557248
2024-232N,2026-124K,0,8,8903.119930022793,8975.691596588867
2024-232N,2026-124L,0,8,6746.262716882737,6750.296102583435
2024-232N,2026-124M,0,8,4384.423341941236,4407.950691170991
2024-232N,2026-124N,0,8,663.099437586041,592.9677039404014
2024-232N,2026-124P,0,8,1889.3694177448692,1975.589885036903
2024-232N,2026-124Q,0,8,3195.4204697315736,3129.5036660883943
2024-232N,2026-124R,0,8,5630.642477735777,5578.129013277585
2024-232N,2026-124S,0,8,12347.968952759273,12356.176044673728
2024-232N,2026-124T,0,8,10789.460181000324,10835.396313804866
2024-232N,2026-125A,0,4,5697.44323462465,5648.098804114984
2024-232N,2026-125B,0,4,7876.7585995676845,7842.557509579177
2024-232N,2026-125C,0,4,8253.80731616715,8238.610301619918
2024-232N,2026-125D,0,4,6891.839781785274,6883.7507711994285
2024-232N,2026-125E,0,4,8622.400815570641,8605.623304963952
2024-232N,2026-125F,0,4,9312.985380720087,9301.33735623061
2024-232N,2026-125G,0,4,8880.291887322803,8890.371635323801
2024-232N,2026-125H,0,4,9106.022968358067,9076.23640283965
2024-232N,2026-125J,0,4,6275.127099716576,6311.739770532392
2024-232N,2026-125K,0,4,9236.969834653164,9236.596041373132
2024-232N,2026-125L,0,4,3539.587877853919,3557.242986846485
2024-232N,2026-125M,0,4,4983.011090610401,4998.900267612193
2024-232N,2026-125N,0,4,1988.4871727417026,1985.4060175493576
2024-232N,2026-125P,0,4,1245.8914992847656,1165.4804718265875
2024-232N,2026-125Q,0,4,4330.015845024879,4300.024990679063
2024-232N,2026-125R,0,4,377.38610392175775,415.62485032476195
2024-232N,2026-125S,0,4,2830.951630790868,2802.755052929097
2024-232N,2026-125T,0,4,7376.507317896526,7384.324752876326
2024-232P,2025-016A,0,3,4968.201850682702,5006.888759938721
2024-232P,2025-016B,0,3,11409.578971003657,11400.679713448446
2024-232P,2025-016C,0,3,7760.352839064039,7728.511990354234
2024-232P,2025-016D,0,3,12255.248578866753,12286.122093962382
2024-232P,2025-016E,0,3,9416.66322050141,9447.831191872181
2024-232P,2025-016F,0,3,6946.85895153369,6909.683634721596
2024-232P,2025-016G,0,3,11829.277116901265,11831.279994698669
2024-232P,2025-016H,0,3,10786.844288202155,10769.507611298177
2024-232P,2025-016J,0,3,622.7310232247553,637.2837909548045
2024-232P,2025-016K,0,3,12512.28397320961,12534.60861327948
2024-232P,2025-016L,0,3,12815.10785675377,12837.040765759173
2024-232P,2025-016M,0,3,3797.8497722797897,3832.81674971248
2024-232P,2025-016N,0,3,1612.1169367974837,1663.9821309477768
2024-232P,2025-016P,0,3,5868.267906699868,5871.205397583726
2024-232P,2025-016Q,0,3,2838.612585306409,2778.3435221902223
2024-232P,2025-016R,0,3,10217.226587122857,10223.14983984917
2024-232P,2025-016S,0,3,8714.434745497712,8702.058590661449
2024-232P,2025-016T,0,3,12728.561002928458,12750.242932593399
2024-232P,2025-046A,0,5,5630.568790303898,5612.413703068325
2024-232P,2025-046B,0,5,10572.900827838434,10531.968190963458
2024-232P,2025-046C,0,5,11076.74463029021,11061.003462222241
2024-232P,2025-046D,0,5,10568.064389869696,10570.467378846244
2024-232P,2025-046F,0,5,1960.3429175998658,1659.9765249664104
2024-232P,2025-046G,0,5,9738.265225092746,9716.91733389497
2024-232P,2025-046H,0,5,11079.216633661114,11031.902562603835
2024-232P,2025-046J,0,5,8612.598899954784,8565.868659171025
2024-232P,2025-046K,0,5,8621.684542628798,8567.593391117773
2024-232P,2025-046M,0,5,3840.685561152997,3836.255897611102
2024-232P,2025-046N,0,5,1946.4240370377884,1914.7188069201436
2024-232P,2025-046P,0,5,5618.33302469387,5567.325685903046
2024-232P,2025-046Q,0,5,7236.070394078417,7219.550375379902
2024-232P,2025-046R,0,5,7.080979651790221,25.16661669909248
2024-232P,2025-046S,0,5,11248.868210088624,11219.82590922052
2024-232P,2025-046T,0,5,3854.004394995799,3817.941840756476
2024-232P,2025-233A,0,1,12405.520936739145,12371.494041771746
2024-232P,2025-233B,0,1,14325.290262010283,14372.469760855869
2024-232P,2025-233C,0,1,14517.217645701849,14500.149670804522
2024-232P,2025-233D,0,1,13571.587955062905,13565.078147071914
2024-232P,2025-233E,0,1,14643.724488997168,14660.765534311198
2024-232P,2025-233F,0,1,7800.458339585265,7816.781978792988
2024-232P,2025-233G,0,1,13949.61184461781,13959.83353641199
2024-232P,2025-233H,0,1,11572.970330482418,11574.53597232142
2024-232P,2025-233J,0,1,9836.14675159912,9876.976086578796
2024-232P,2025-233K,0,1,12958.154483636834,12942.027451368795
2024-232P,2025-233M,0,1,3087.0991006499394,3102.2625226047617
2024-232P,2025-233N,0,1,552.6339769932254,550.3449522592718
2024-232P,2025-233P,0,1,1998.6228341675317,1943.9029899804498
2024-232P,2025-233Q,0,1,6843.268047657232,6853.109541869053
2024-232P,2025-233R,0,1,4489.1429071725515,4431.134736107909
2024-232P,2025-233S,0,1,8989.462830747683,8943.45578937984
2024-232P,2025-233T,0,1,10862.517766503175,10846.580292562609
2024-232P,2026-075A,0,6,12697.609857444022,12676.708003377656
2024-232P,2026-075B,0,6,12509.097778920912,12499.060094359334
2024-232P,2026-075C,0,6,12211.63477054874,12214.845571317252
2024-232P,2026-075D,0,6,3867.0615796355282,3816.5776808955175
2024-232P,2026-075E,0,6,12797.784577773078,12780.062011252243
2024-232P,2026-075F,0,6,11840.332883756775,11834.137331206952
2024-232P,2026-075G,0,6,542.9600486552797,538.5487129335044
2024-232P,2026-075H,0,6,5928.81071667698,5920.756149948066
2024-232P,2026-075J,0,6,10811.805373067686,10762.978452853697
2024-232P,2026-075K,0,6,4887.174335148878,4863.17747424352
2024-232P,2026-075L,0,6,7810.453384110822,7820.012207841273
2024-232P,2026-075M,0,6,1687.7576626298708,1701.9146957726543
2024-232P,2026-075N,0,6,10152.578050077036,10148.816467616309
2024-232P,2026-075P,0,6,6868.971628574752,6850.923514785652
2024-232P,2026-075Q,0,6,9454.763354671055,9452.021186588685
2024-232P,2026-075R,0,6,2756.8664059799053,2766.5318458240104
2024-232P,2026-075S,0,6,8642.066603943995,8644.451299697696
2024-232P,2026-075T,0,6,11354.603810701192,11301.668388106682
2024-232P,2026-104A,0,7,13475.539672431889,13475.450270568459
2024-232P,2026-104B,0,7,13906.302073706627,13893.031168348862
2024-232P,2026-104C,0,7,5920.344673456782,5935.491627963716
2024-232P,2026-104D,0,7,12639.50999690319,12599.728088242078
2024-232P,2026-104E,0,7,12659.759838538354,12613.91934052135
2024-232P,2026-104F,0,7,13902.126430565479,13887.889339004993
2024-232P,2026-104G,0,7,13487.942550962458,13464.458143198483
2024-232P,2026-104H,0,7,1240.3560521909676,1231.5539368393574
2024-232P,2026-104J,0,7,11446.91420134678,11442.927540601637
2024-232P,2026-104K,0,7,8025.219505297115,8026.698032926225
2024-232P,2026-104L,0,7,9886.26517092264,9851.556170008078
2024-232P,2026-104M,0,7,3589.2828112361535,3542.325938616324
2024-232P,2026-104N,0,7,3635.564866359069,3569.691166191923
2024-232P,2026-104P,0,7,1192.5941596618986,1158.6807952016568
2024-232P,2026-104Q,0,7,5876.90726910402,5870.654272339595
2024-232P,2026-104R,0,7,9852.379530032138,9798.803232663815
2024-232P,2026-104S,0,7,7985.966863428539,7977.390807531605
2024-232P,2026-104T,0,7,11419.428736958986,11371.757908788375
2024-232P,2026-121A,0,5,9745.36310530849,9751.513874342105
2024-232P,2026-121B,0,5,7225.2093515199995,7193.511799416456
2024-232P,2026-124A,0,8,13011.067784481898,13005.95604621295
2024-232P,2026-124B,0,8,13984.877483010412,13986.103675523489
2024-232P,2026-124C,0,8,14533.7619852709,14520.24907331005
2024-232P,2026-124D,0,8,14641.046615849698,14636.544709941503
2024-232P,2026-124E,0,8,14303.470136668404,14285.620776758493
2024-232P,2026-124F,0,8,13531.289941682262,13517.089238487913
2024-232P,2026-124G,0,8,10789.460103060983,10745.95857760184
2024-232P,2026-124H,0,8,12347.968878656582,12338.447419509086
2024-232P,2026-124J,0,8,8903.120857849995,8942.376968699615
2024-232P,2026-124K,0,8,1889.3655637769143,1939.6035062434098
2024-232P,2026-124L,0,8,663.1105055096727,698.732553566558
2024-232P,2026-124M,0,8,3195.4167552431554,3210.6442634752925
2024-232P,2026-124N,0,8,7894.784541560857,7874.878621594613
2024-232P,2026-124P,0,8,5630.643004881461,5587.267945923273
2024-232P,2026-124Q,0,8,9919.046905831638,9901.119222371655
2024-232P,2026-124R,0,8,11641.924913397444,11635.025758312795
2024-232P,2026-124S,0,8,6746.262280822421,6719.691376011589
2024-232P,2026-124T,0,8,4384.42606224768,4407.879446278385
2024-232P,2026-125A,0,4,8622.385637246194,8606.0977646143
2024-232P,2026-125B,0,4,9312.999792567924,9305.958862703952
2024-232P,2026-125C,0,4,4983.023668422227,4940.504310180563
2024-232P,2026-125D,0,4,9106.028075495315,9106.885937515155
2024-232P,2026-125E,0,4,9236.964363049767,9220.929230285103
2024-232P,2026-125F,0,4,8253.791985058579,8251.60447801322
2024-232P,2026-125G,0,4,6275.093146115824,6288.577181895031
2024-232P,2026-125H,0,4,8880.31843155383,8878.526181196896
2024-232P,2026-125J,0,4,1988.4978823774857,2012.903563291443
2024-232P,2026-125K,0,4,7376.527544003013,7383.99870235734
2024-232P,2026-125L,0,4,1245.876791059139,1249.3742984369364
2024-232P,2026-125M,0,4,377.3689099683699,373.38298679003276
2024-232P,2026-125N,0,4,2831.010464410332,2855.523566337775
2024-232P,2026-125P,0,4,5697.483616647668,5653.1830373308385
2024-232P,2026-125Q,0,4,7876.775488287272,7869.0899683683065
2024-232P,2026-125R,0,4,4329.970373154132,4315.8726683468285
2024-232P,2026-125S,0,4,6891.802488753804,6883.966674324284
2024-232P,2026-125T,0,4,3539.5371557441144,3528.3404386055604
2024-232Q,2025-016A,0,3,7760.365214114678,7702.215609067089
2024-232Q,2025-016B,0,3,622.7501093768689,595.8264270475892
2024-232Q,2025-016C,0,3,12728.553845736815,12742.94870448987
2024-232Q,2025-016D,0,3,2838.6072373600546,2904.4768952398886
2024-232Q,2025-016E,0,3,12255.253693933257,12259.332403894276
2024-232Q,2025-016F,0,3,5868.253552130307,5891.027631055982
2024-232Q,2025-016G,0,3,10217.236317455876,10205.994701424432
2024-232Q,2025-016H,0,3,11409.574205702367,11447.178012845177
2024-232Q,2025-016J,0,3,10786.848226735054,10776.113922510895
2024-232Q,2025-016K,0,3,8714.43224918637,8729.009288523375
2024-232Q,2025-016L,0,3,6946.867341021807,6917.724042838911
2024-232Q,2025-016M,0,3,12512.283088784754,12536.209296233523
2024-232Q,2025-016N,0,3,11829.276206026929,11859.784541223911
2024-232Q,2025-016P,0,3,12815.109882154518,12829.953568556895
2024-232Q,2025-016Q,0,3,9416.65817564607,9457.52078446913
2024-232Q,2025-016R,0,3,1612.0619509651174,1568.817397387049
2024-232Q,2025-016S,0,3,3797.858414031956,3793.5178788674602
2024-232Q,2025-016T,0,3,4968.200857544381,5029.251093143978
2024-232Q,2025-046A,0,5,11248.8837735246,11216.57871736821
2024-232Q,2025-046B,0,5,8612.586858988027,8595.017954289819
2024-232Q,2025-046C,0,5,3840.7099925571597,3841.3537949454985
2024-232Q,2025-046D,0,5,1946.3721743923404,1994.033830365008
2024-232Q,2025-046F,0,5,10572.914513634933,10423.851157114826
2024-232Q,2025-046G,0,5,7.080979651733179,15.16453996414195
2024-232Q,2025-046H,0,5,7225.214574633319,7192.5922246582795
2024-232Q,2025-046J,0,5,1960.3220054744847,1940.2543122429686
2024-232Q,2025-046K,0,5,10568.066143631055,10546.663765633028
2024-232Q,2025-046M,0,5,7236.059946934766,7167.511638398198
2024-232Q,2025-046N,0,5,8621.694101253248,8568.666876906771
2024-232Q,2025-046P,0,5,5630.566480241809,5594.919865940275
2024-232Q,2025-046Q,0,5,11076.742983829148,11035.971112720554
2024-232Q,2025-046R,0,5,9745.346204657388,9697.588588254723
2024-232Q,2025-046S,0,5,5618.304179017436,5588.565417884402
2024-232Q,2025-046T,0,5,11079.202583428449,11038.759148154199
2024-232Q,2025-233A,0,1,552.6379474264184,571.0257846474169
2024-232Q,2025-233B,0,1,4489.14292431702,4718.129674807343
2024-232Q,2025-233C,0,1,8989.462603784596,9087.437639975267
2024-232Q,2025-233D,0,1,1998.6203526001348,2014.0214466770044
2024-232Q,2025-233E,0,1,6843.268674174676,6864.902626957944
2024-232Q,2025-233F,0,1,14643.724816212172,14648.388305885604
2024-232Q,2025-233G,0,1,10862.519012490893,10833.651221424261
2024-232Q,2025-233H,0,1,13571.588648807552,13575.79457677568
2024-232Q,2025-233J,0,1,14325.289567913042,14314.297277878819
2024-232Q,2025-233K,0,1,12405.520507932117,12419.033282952778
2024-232Q,2025-233M,0,1,13949.611856666315,13946.067801130368
2024-232Q,2025-233N,0,1,12958.154724826301,12936.51118580386
2024-232Q,2025-233P,0,1,11572.969945490262,11578.149577476726
2024-232Q,2025-233Q,0,1,7800.457175669807,7749.44112309965
2024-232Q,2025-233R,0,1,9836.147754652442,9842.760556667421
2024-232Q,2025-233S,0,1,5527.755688657998,5531.278365802457
2024-232Q,2025-233T,0,1,3087.094661969537,3060.8314680470417
2024-232Q,2026-075A,0,6,4887.178320357638,4874.138215069184
2024-232Q,2026-075B,0,6,8642.077437641015,8594.39404791244
2024-232Q,2026-075C,0,6,2756.8678675329115,2856.049700274948
2024-232Q,2026-075D,0,6,12509.098482336734,12470.855013292761
2024-232Q,2026-075E,0,6,6868.969743574567,6830.201605636891
2024-232Q,2026-075F,0,6,10152.5745825644,10106.757038565858
2024-232Q,2026-075G,0,6,10811.802757821235,10771.777982140222
2024-232Q,2026-075H,0,6,12797.781463611795,12774.384454343546
2024-232Q,2026-075J,0,6,11354.611115956182,11353.894066841835
2024-232Q,2026-075K,0,6,7810.4450170968385,7772.15253576359
2024-232Q,2026-075L,0,6,12697.613470227358,12673.763524829716
2024-232Q,2026-075M,0,6,11840.334082841604,11811.331356651102
2024-232Q,2026-075N,0,6,1687.7701090523826,1619.891438471827
2024-232Q,2026-075P,0,6,5928.819622734903,5881.390808750549
2024-232Q,2026-075Q,0,6,12211.628851701415,12179.745525605842
2024-232Q,2026-075R,0,6,9454.770573196605,9396.077485002115
2024-232Q,2026-075S,0,6,3867.0350931066387,3792.9269072657376
2024-232Q,2026-075T,0,6,542.8593454057143,506.4245065993156
2024-232Q,2026-104A,0,7,3589.2889407644993,3665.9654837523567
2024-232Q,2026-104B,0,7,7985.973108631659,7984.763457849035
2024-232Q,2026-104C,0,7,13906.301908027448,13889.906627838096
2024-232Q,2026-104D,0,7,1192.593274995904,1167.2902069329616
2024-232Q,2026-104E,0,7,11419.431581353492,11438.395896349515
2024-232Q,2026-104F,0,7,5876.905734359264,5850.268677191578
2024-232Q,2026-104G,0,7,9852.377200942106,9856.042741792899
2024-232Q,2026-104H,0,7,12659.758282690127,12624.815911429587
2024-232Q,2026-104J,0,7,12639.506805344454,12611.967647109623
2024-232Q,2026-104K,0,7,13902.125760196204,13887.978095115537
2024-232Q,2026-104L,0,7,13475.540792141826,13460.320446803553
2024-232Q,2026-104M,0,7,9886.261419320568,9869.963902082876
2024-232Q,2026-104N,0,7,13487.943739996099,13446.517852096144
2024-232Q,2026-104P,0,7,11446.917817585478,11424.705778400092
2024-232Q,2026-104Q,0,7,8025.22179048159,7970.052359348029
2024-232Q,2026-104R,0,7,3635.5667668770184,3637.994237697542
2024-232Q,2026-104S,0,7,5920.336638442792,5863.439420106473
2024-232Q,2026-104T,0,7,1240.3457448652666,1252.1527587628855
2024-232Q,2026-121A,0,5,9738.26622633272,9721.518356297041
2024-232Q,2026-121B,0,5,3854.0349935347826,3850.4552526130274
2024-232Q,2026-124A,0,8,663.109125621008,712.7638834444346
2024-232Q,2026-124B,0,8,3195.416492077648,3256.6047147466584
2024-232Q,2026-124C,0,8,5630.6444719530145,5600.063794202892
2024-232Q,2026-124D,0,8,7894.784168937982,7847.79479969427
2024-232Q,2026-124E,0,8,9919.048108263505,9935.433521409657
2024-232Q,2026-124F,0,8,11641.924287937136,11631.404928328258
2024-232Q,2026-124G,0,8,13984.876634283217,13987.760356759505
2024-232Q,2026-124H,0,8,13011.06834855514,12994.821949479025
2024-232Q,2026-124J,0,8,14533.762189496687,14517.637041083683
2024-232Q,2026-124K,0,8,13531.29038669752,13524.534106561303
2024-232Q,2026-124L,0,8,12347.968358394693,12292.771920021327
2024-232Q,2026-124M,0,8,10789.461281087317,10732.910140855702
2024-232Q,2026-124N,0,8,6746.262815754212,6705.825296708529
2024-232Q,2026-124P,0,8,8903.119596637516,8884.628713242042
2024-232Q,2026-124Q,0,8,4384.423760784617,4342.287635382149
2024-232Q,2026-124R,0,8,1889.3662306309304,1835.7186600054042
2024-232Q,2026-124S,0,8,14641.046570291961,14631.953094661696
2024-232Q,2026-124T,0,8,14303.470008280898,14293.238533415775
2024-232Q,2026-125A,0,4,1245.9965389012527,1255.8471574492346
2024-232Q,2026-125B,0,4,4329.984847929886,4333.156513796058
2024-232Q,2026-125C,0,4,9312.978650818235,9298.866952208264
2024-232Q,2026-125D,0,4,2830.9352031498793,2884.913864748507
2024-232Q,2026-125E,0,4,5697.452105442513,5717.747461330767
2024-232Q,2026-125F,0,4,7876.774664522318,7850.196063791023
2024-232Q,2026-125G,0,4,9106.046366312452,9085.533153980932
2024-232Q,2026-125H,0,4,6891.805578805503,6853.317851211595
2024-232Q,2026-125J,0,4,8880.289489199646,8868.713055658001
2024-232Q,2026-125K,0,4,8622.383511993607,8596.635091032278
2024-232Q,2026-125L,0,4,7376.5098020995865,7340.9558138923585
2024-232Q,2026-125M,0,4,8253.808102302653,8225.677696764544
2024-232Q,2026-125N,0,4,6275.100557271892,6216.612109253022
2024-232Q,2026-125P,0,4,3539.52287672392,3543.6541019699757
2024-232Q,2026-125Q,0,4,377.0334393837524,337.0260146749826
2024-232Q,2026-125R,0,4,4983.050603287127,4950.865065611806
2024-232Q,2026-125S,0,4,1988.6164210232237,1941.7491404752395
2024-232Q,2026-125T,0,4,9236.989271101802,9221.00462865866
2024-232R,2025-016A,0,3,622.7695670091357,665.9130708564887
2024-232R,2025-016B,0,3,8714.443119801963,8682.680145559358
2024-232R,2025-016C,0,3,10786.843394844702,10767.57703961926
2024-232R,2025-016D,0,3,10217.226091856324,10252.841447854713
2024-232R,2025-016E,0,3,11829.282899258433,11856.754426007928
2024-232R,2025-016F,0,3,2838.593549706707,2790.5164260869055
2024-232R,2025-016G,0,3,12815.111283492199,12812.188482058627
2024-232R,2025-016H,0,3,12512.28124599759,12517.650181533963
2024-232R,2025-016J,0,3,3797.8507282357155,3784.7209328039758
2024-232R,2025-016K,0,3,12728.554317583805,12745.823798574647
2024-232R,2025-016L,0,3,12255.250164056642,12251.607386996977
2024-232R,2025-016M,0,3,7760.35271720358,7801.184480599279
2024-232R,2025-016N,0,3,5868.263622368538,5927.035241349013
2024-232R,2025-016P,0,3,9416.669652001001,9425.42639514238
2024-232R,2025-016Q,0,3,1612.0682289351023,1670.553752479376
2024-232R,2025-016R,0,3,6946.854698186549,6947.997593493948
2024-232R,2025-016S,0,3,4968.211610799657,4946.4509517268
2024-232R,2025-016T,0,3,11409.577279377365,11439.102925980229
2024-232R,2025-046A,0,5,8621.689985175935,8596.3871298313
2024-232R,2025-046B,0,5,11248.868186218015,11216.737950308034
2024-232R,2025-046C,0,5,9738.281547863253,9723.667444461653
2024-232R,2025-046D,0,5,8612.581441865686,8627.54758146522
2024-232R,2025-046F,0,5,5630.584360623486,5350.373279283419
2024-232R,2025-046G,0,5,7225.211260493629,7196.476953469229
2024-232R,2025-046H,0,5,11076.757957300102,11028.712595196985
2024-232R,2025-046J,0,5,5618.316484498649,5564.7231003035895
2024-232R,2025-046K,0,5,10572.90152265785,10525.251506704974
2024-232R,2025-046M,0,5,7.080979651747153,17.312258589548218
2024-232R,2025-046N,0,5,1960.4084232788134,1951.5045631723851
2024-232R,2025-046P,0,5,1946.4495618989479,1893.4183264684673
2024-232R,2025-046Q,0,5,9745.350414689541,9717.609973228613
2024-232R,2025-046R,0,5,3853.9934497949466,3850.952700969115
2024-232R,2025-046S,0,5,10568.05715275487,10533.596489275371
2024-232R,2025-046T,0,5,7236.058933603705,7194.200272398675
2024-232R,2025-233A,0,1,8989.463739584162,8938.15527515904
2024-232R,2025-233B,0,1,12405.52096100735,12514.01619126967
2024-232R,2025-233C,0,1,14325.289704887862,14348.537308242572
2024-232R,2025-233D,0,1,10862.517614306422,10845.301901761102
2024-232R,2025-233E,0,1,13571.588060367005,13578.963507645025
2024-232R,2025-233F,0,1,11572.971253000751,11584.4391613521
2024-232R,2025-233G,0,1,14643.724797083174,14645.980207125991
2024-232R,2025-233H,0,1,13949.612388998927,13956.681161009574
2024-232R,2025-233J,0,1,12958.154311599359,12985.322375339698
2024-232R,2025-233K,0,1,14517.21727981423,14516.511286898078
2024-232R,2025-233M,0,1,7800.458389860187,7809.916666232426
2024-232R,2025-233N,0,1,5527.75471382574,5519.348488555259
2024-232R,2025-233P,0,1,3087.095733034167,3134.6536178814263
2024-232R,2025-233Q,0,1,1998.6189224697432,2013.910906685469
2024-232R,2025-233R,0,1,552.6376054086417,606.8237852065101
2024-232R,2025-233S,0,1,4489.144040478805,4438.268842164802
2024-232R,2025-233T,0,1,6843.267355645376,6824.107665254605
2024-232R,2026-075A,0,6,11354.604382464559,11320.407326190181
2024-232R,2026-075B,0,6,12697.61231527371,12673.444817125699
2024-232R,2026-075C,0,6,10152.579602532394,10178.624866621301
2024-232R,2026-075D,0,6,7810.4560127924215,7757.741460177238
2024-232R,2026-075E,0,6,12211.630622972192,12175.644754902707
2024-232R,2026-075F,0,6,12797.780861521112,12781.017331014684
2024-232R,2026-075G,0,6,3867.0445185435456,3856.439273371943
2024-232R,2026-075H,0,6,9454.76299444765,9438.505438145032
2024-232R,2026-075J,0,6,12509.102249662816,12477.602891062657
2024-232R,2026-075K,0,6,542.8354265508389,526.1108446728688
2024-232R,2026-075L,0,6,10811.812831699375,10809.547888042036
2024-232R,2026-075M,0,6,5928.810921318135,5929.154190737193
2024-232R,2026-075N,0,6,6868.980442705378,6876.857819508836
2024-232R,2026-075P,0,6,2756.879401743026,2749.935690421243
2024-232R,2026-075Q,0,6,11840.330954471194,11828.59162643144
2024-232R,2026-075R,0,6,1687.7642460573143,1663.9015914360664
2024-232R,2026-075S,0,6,4887.165548737329,4903.527522407855
2024-232R,2026-075T,0,6,8642.064495156743,8573.632428897443
2024-232R,2026-104A,0,7,11419.429379158479,11433.199245457203
2024-232R,2026-104B,0,7,13475.541077100495,13459.027933888134
2024-232R,2026-104C,0,7,9886.264627142291,9889.626711544368
2024-232R,2026-104D,0,7,9852.379111146161,9795.073580560558
2024-232R,2026-104E,0,7,13906.304268665921,13886.172580967303
2024-232R,2026-104F,0,7,12639.507205517586,12604.39342662067
2024-232R,2026-104G,0,7,13902.125134099515,13890.491711825898
2024-232R,2026-104H,0,7,5920.338078080333,5901.613223327491
2024-232R,2026-104J,0,7,13487.942074350467,13479.413527229332
2024-232R,2026-104K,0,7,11446.91413177171,11441.722016446049
2024-232R,2026-104L,0,7,12659.76261954719,12630.402710491879
2024-232R,2026-104M,0,7,1240.3339198021729,1276.2142634479576
2024-232R,2026-104N,0,7,8025.219676074242,7959.7552015300635
2024-232R,2026-104P,0,7,3635.5674795681475,3656.2456370033906
2024-232R,2026-104Q,0,7,1192.6118483723899,1197.867165066093
2024-232R,2026-104R,0,7,5876.912831671033,5819.853832020193
2024-232R,2026-104S,0,7,3589.2783934451995,3591.3722394748206
2024-232R,2026-104T,0,7,7985.966329795986,7928.2073236067035
2024-232R,2026-121A,0,5,11079.210651600772,11082.489795242276
2024-232R,2026-121B,0,5,3840.6858617666485,3806.135431673202
2024-232R,2026-124A,0,8,9919.04685322881,9916.090561536133
2024-232R,2026-124B,0,8,11641.924630846506,11649.26627662083
2024-232R,2026-124C,0,8,13011.067996111127,12973.593451988527
2024-232R,2026-124D,0,8,13984.876660168824,13953.719335844964
2024-232R,2026-124E,0,8,14533.762400085176,14529.280553988046
2024-232R,2026-124F,0,8,14641.046347076268,14632.881841384791
2024-232R,2026-124G,0,8,13531.289876899347,13503.28684757452
2024-232R,2026-124H,0,8,14303.470756837445,14295.793718976945
2024-232R,2026-124J,0,8,12347.969398575007,12370.626445637694
2024-232R,2026-124K,0,8,6746.262357100133,6781.7831987027075
2024-232R,2026-124L,0,8,4384.423899916314,4339.432043268979
2024-232R,2026-124M,0,8,1889.367323685472,1862.6972157858568
2024-232R,2026-124N,0,8,3195.418752990574,3182.6653176695627
2024-232R,2026-124P,0,8,663.1008206884347,623.5213940750215
2024-232R,2026-124Q,0,8,5630.64240751902,5617.214906894448
2024-232R,2026-124R,0,8,7894.785737560158,7892.451086327984
2024-232R,2026-124S,0,8,10789.460097777974,10764.307698877854
2024-232R,2026-124T,0,8,8903.120376569701,8915.702405469221
2024-232R,2026-125A,0,4,6891.832269899767,6871.801407219613
2024-232R,2026-125B,0,4,8622.41327316727,8610.164190207204
2024-232R,2026-125C,0,4,7376.510150106862,7339.03605812741
2024-232R,2026-125D,0,4,7876.759231553076,7888.155971961246
2024-232R,2026-125E,0,4,9106.021503499034,9101.067118105491
2024-232R,2026-125F,0,4,9236.965268221815,9229.361671691435
2024-232R,2026-125G,0,4,8253.798711541944,8257.398034145277
2024-232R,2026-125H,0,4,9312.993817715043,9300.8118083165
2024-232R,2026-125J,0,4,4983.009495364683,4997.410008687622
2024-232R,2026-125K,0,4,8880.297487672595,8879.176804620827
2024-232R,2026-125L,0,4,1988.491373585236,1975.9823665283564
2024-232R,2026-125M,0,4,3539.585433649583,3527.140240614984
2024-232R,2026-125N,0,4,377.65635252841565,343.0490407832373
2024-232R,2026-125P,0,4,2830.977481961861,2786.346349450093
2024-232R,2026-125Q,0,4,5697.452864684284,5695.90656817076
2024-232R,2026-125R,0,4,1245.8764666237532,1239.3867468107283
2024-232R,2026-125S,0,4,4329.972769386785,4331.1830346398065
2024-232R,2026-125T,0,4,6275.111185799749,6260.518279264554
2024-232S,2025-016A,0,3,11829.277116901265,11801.196013454191
2024-232S,2025-016B,0,3,5868.267906699867,5898.557151529843
2024-232S,2025-016C,0,3,10217.226587122863,10227.889847072012
2024-232S,2025-016D,0,3,3797.8497722797915,3734.4495869027237
2024-232S,2025-016E,0,3,8714.43474549772,8686.135710827833
2024-232S,2025-016F,0,3,10786.844288202154,10807.202278506453
2024-232S,2025-016G,0,3,4968.201850682706,4947.2087908865515
2024-232S,2025-016H,0,3,6946.85895153369,6988.996531198836
2024-232S,2025-016J,0,3,12815.10785675377,12820.449064136867
2024-232S,2025-016K,0,3,2838.6125853064145,2840.6065653216
2024-232S,2025-016L,0,3,622.7310232247496,577.2786473984505
2024-232S,2025-016M,0,3,12255.248578866756,12248.886177706456
2024-232S,2025-016N,0,3,12728.561002928458,12728.771640195546
2024-232S,2025-016P,0,3,11409.578971003659,11410.877939221962
2024-232S,2025-016Q,0,3,12512.28397320961,12540.14486099023
2024-232S,2025-016R,0,3,7760.352839064033,7736.915763142457
2024-232S,2025-016S,0,3,9416.663220501412,9418.69971593033
2024-232S,2025-016T,0,3,1612.1169367974837,1545.8307431079793
2024-232S,2025-046A,0,5,9738.265225092744,9722.409038740638
2024-232S,2025-046B,0,5,3840.685561153002,3847.8874089187752
2024-232S,2025-046C,0,5,1960.3429175998647,1926.4825960900794
2024-232S,2025-046D,0,5,3854.0043949957976,3775.4817885115535
2024-232S,2025-046F,0,5,11076.74463029021,11107.26532024547
2024-232S,2025-046G,0,5,5630.568790303889,5604.453589541164
2024-232S,2025-046H,0,5,1946.424037037803,1920.5832750640104
2024-232S,2025-046J,0,5,7236.070394078418,7205.845275196447
2024-232S,2025-046K,0,5,7225.2093515199995,7226.994435540813
2024-232S,2025-046M,0,5,10572.900827838432,10538.64681535135
2024-232S,2025-046N,0,5,11079.216633661114,11049.755534391854
2024-232S,2025-046P,0,5,9745.363105308486,9709.691319554253
2024-232S,2025-046Q,0,5,8612.598899954792,8574.797897535691
2024-232S,2025-046R,0,5,11248.868210088624,11218.723188590227
2024-232S,2025-046S,0,5,7.080979651790225,9.429318933485392
2024-232S,2025-046T,0,5,10568.064389869696,10562.868928578086
2024-232S,2025-233A,0,1,7800.458339585269,7809.7588753142445
2024-232S,2025-233B,0,1,3087.0991006499253,2843.9134822915585
2024-232S,2025-233C,0,1,1998.6228341675314,2125.4280557541606
2024-232S,2025-233D,0,1,5527.754665508789,5506.773739932179
2024-232S,2025-233E,0,1,552.6339769932123,529.1460682608923
2024-232S,2025-233F,0,1,12405.520936739145,12381.212672139622
2024-232S,2025-233G,0,1,4489.142907172545,4447.594889163959
2024-232S,2025-233H,0,1,8989.462830747685,8978.287607082273
2024-232S,2025-233J,0,1,10862.517766503177,10807.272036114811
2024-232S,2025-233K,0,1,6843.26804765725,6858.736284791593
2024-232S,2025-233M,0,1,14325.290262010285,14321.46538799549
2024-232S,2025-233N,0,1,14643.724488997168,14645.066659323236
2024-232S,2025-233P,0,1,14517.217645701847,14521.700482061817
2024-232S,2025-233Q,0,1,12958.154483636838,12932.955264716258
2024-232S,2025-233R,0,1,13949.61184461781,13954.370038472354
2024-232S,2025-233S,0,1,11572.970330482412,11573.252537956325
2024-232S,2025-233T,0,1,9836.146751599119,9812.19480005237
2024-232S,2026-075A,0,6,1687.757662629858,1685.322978432096
2024-232S,2026-075B,0,6,2756.866405979905,2712.9278430899203
2024-232S,2026-075C,0,6,3867.0615796355155,3755.1807805241456
2024-232S,2026-075D,0,6,12211.634770548739,12211.780817099068
2024-232S,2026-075E,0,6,542.9600486552796,515.8014273309652
2024-232S,2026-075F,0,6,4887.174335148891,4839.370864939008
2024-232S,2026-075G,0,6,12797.784577773076,12788.758659302859
2024-232S,2026-075H,0,6,11354.603810701194,11333.248528631837
2024-232S,2026-075J,0,6,6868.971628574747,6893.851740927911
2024-232S,2026-075K,0,6,11840.332883756773,11820.660541125351
2024-232S,2026-075L,0,6,10152.578050077038,10113.272452845298
2024-232S,2026-075M,0,6,12697.609857444024,12684.955453222183
2024-232S,2026-075N,0,6,7810.453384110817,7747.744482429995
2024-232S,2026-075P,0,6,10811.805373067678,10780.177940650634
2024-232S,2026-075Q,0,6,8642.066603943995,8601.544598268027
2024-232S,2026-075R,0,6,12509.097778920912,12486.719815344528
2024-232S,2026-075S,0,6,9454.763354671053,9396.953201908002
2024-232S,2026-075T,0,6,5928.810716676973,5944.761827697127
2024-232S,2026-104A,0,7,3635.5648663590678,3545.134906722976
2024-232S,2026-104B,0,7,1192.5941596619048,1206.3716691122163
2024-232S,2026-104C,0,7,12639.509996903202,12611.40072997885
2024-232S,2026-104D,0,7,5920.344673456777,5932.3337631483055
2024-232S,2026-104E,0,7,5876.9072691040255,5923.671521677226
2024-232S,2026-104F,0,7,1240.3560521909628,1255.4680110296024
2024-232S,2026-104G,0,7,3589.2828112361535,3610.48758594544
2024-232S,2026-104H,0,7,13902.12643056548,13897.153044865105
2024-232S,2026-104J,0,7,7985.966863428539,7950.469055269543
2024-232S,2026-104K,0,7,11419.428736958993,11392.402589648953
2024-232S,2026-104L,0,7,9852.379530032138,9845.48296746957
2024-232S,2026-104M,0,7,13487.942550962454,13481.725511690103
2024-232S,2026-104N,0,7,13475.539672431893,13481.334589634318
2024-232S,2026-104P,0,7,13906.302073706627,13899.917920915756
2024-232S,2026-104Q,0,7,12659.759838538354,12629.706444573168
2024-232S,2026-104R,0,7,9886.265170922632,9882.151102188102
2024-232S,2026-104S,0,7,11446.914201346783,11407.84450184117
2024-232S,2026-104T,0,7,8025.219505297112,8026.400414695897
2024-232S,2026-121A,0,5,5618.333024693866,5596.741883315298
2024-232S,2026-121B,0,5,8621.684542628804,8627.459860229656
2024-232S,2026-124A,0,8,6746.2622808224205,6693.044658177585
2024-232S,2026-124B,0,8,4384.426062247676,4313.513481018239
2024-232S,2026-124C,0,8,1889.3655637769123,1910.1759548716757
2024-232S,2026-124D,0,8,663.1105055096664,619.5337150194446
2024-232S,2026-124E,0,8,3195.4167552431554,3228.059945734488
2024-232S,2026-124F,0,8,5630.643004881461,5624.478834425315
2024-232S,2026-124G,0,8,9919.046905831643,9935.378209347873
2024-232S,2026-124H,0,8,7894.784541560873,7873.944761120597
2024-232S,2026-124J,0,8,11641.924913397444,11586.879344980554
2024-232S,2026-124K,0,8,14533.7619852709,14520.837687689467
2024-232S,2026-124L,0,8,14641.046615849698,14634.239501072068
2024-232S,2026-124M,0,8,14303.470136668404,14284.847947095388
2024-232S,2026-124N,0,8,12347.968878656582,12321.630958274185
2024-232S,2026-124P,0,8,13531.289941682262,13521.31184506439
2024-232S,2026-124Q,0,8,10789.46010306098,10754.991855720316
2024-232S,2026-124R,0,8,8903.12085785,8852.868663794334
2024-232S,2026-124S,0,8,13011.067784481906,13008.64235287204
2024-232S,2026-124T,0,8,13984.877483010412,13967.517974575389
2024-232S,2026-125A,0,4,3539.5371557441135,3525.26653652496
2024-232S,2026-125B,0,4,377.36890996836485,364.170276852443
2024-232S,2026-125C,0,4,7876.775488287273,7889.321468024457
2024-232S,2026-125D,0,4,1988.4978823774823,1925.8745119109685
2024-232S,2026-125E,0,4,1245.876791059139,1285.1863813993336
2024-232S,2026-125F,0,4,4329.970373154129,4304.654078122137
2024-232S,2026-125G,0,4,6891.8024887538095,6862.703503154443
2024-232S,2026-125H,0,4,2831.0104644103358,2793.0878640119327
2024-232S,2026-125J,0,4,9106.028075495316,9103.011531740158
2024-232S,2026-125K,0,4,5697.483616647668,5666.096637886254
2024-232S,2026-125L,0,4,9236.964363049765,9235.017828506892
2024-232S,2026-125M,0,4,9312.999792567924,9318.159183254382
2024-232S,2026-125N,0,4,8880.318431553826,8863.505571681044
2024-232S,2026-125P,0,4,7376.527544003011,7384.326991546834
2024-232S,2026-125Q,0,4,4983.023668422224,4945.107281498444
2024-232S,2026-125R,0,4,8253.791985058577,8242.164037707724
2024-232S,2026-125S,0,4,6275.093146115829,6237.988694818579
2024-232S,2026-125T,0,4,8622.385637246194,8624.302912014522
2024-232T,2025-016A,0,3,3797.8634960353756,3772.9937383003535
2024-232T,2025-016B,0,3,4968.20772595107,4894.789717099908
2024-232T,2025-016C,0,3,12512.281170417435,12515.088827108606
2024-232T,2025-016D,0,3,6946.857494688608,6960.948458766702
2024-232T,2025-016E,0,3,12815.116009418787,12831.322419313188
2024-232T,2025-016F,0,3,1612.0498999580348,1676.0947025393334
2024-232T,2025-016G,0,3,12255.255745428345,12229.773487348695
2024-232T,2025-016H,0,3,12728.553560505869,12741.063603967003
2024-232T,2025-016J,0,3,7760.355810252205,7775.536703339777
2024-232T,2025-016K,0,3,11409.574288587151,11401.601309102753
2024-232T,2025-016L,0,3,10217.23038989367,10168.52850821164
2024-232T,2025-016M,0,3,10786.843731419289,10837.081135099197
2024-232T,2025-016N,0,3,9416.661313424689,9485.166890269284
2024-232T,2025-016P,0,3,11829.280773888928,11853.83964413668
2024-232T,2025-016Q,0,3,5868.254414439652,5955.041790130902
2024-232T,2025-016R,0,3,2838.5917670450563,2811.6294203266784
2024-232T,2025-016S,0,3,622.8867379537979,570.8764186054577
2024-232T,2025-016T,0,3,8714.433354996414,8726.758559952366
2024-232T,2025-046A,0,5,10572.909814595703,10553.409864834082
2024-232T,2025-046B,0,5,10568.057847892745,10527.66281724977
2024-232T,2025-046C,0,5,7225.231691697649,7192.847617722439
2024-232T,2025-046D,0,5,5618.302871459562,5622.911694788352
2024-232T,2025-046F,0,5,8621.704879660492,8414.228093249754
2024-232T,2025-046G,0,5,3840.727248839403,3786.4281978697786
2024-232T,2025-046H,0,5,9738.274742088806,9676.568136475802
2024-232T,2025-046J,0,5,1946.3723123501914,1872.0986561931236
2024-232T,2025-046K,0,5,11248.872357653741,11212.767144120098
2024-232T,2025-046M,0,5,3853.993749370594,3833.5644395495956
2024-232T,2025-046N,0,5,5630.593184306239,5625.996481391674
2024-232T,2025-046P,0,5,1960.3610202424582,1993.4744751813553
2024-232T,2025-046Q,0,5,11079.20316652203,11048.484160643879
2024-232T,2025-046R,0,5,7236.0580408231735,7233.312850095026
2024-232T,2025-046S,0,5,8612.581410688352,8557.909864348529
2024-232T,2025-046T,0,5,9745.346086184165,9717.443443576929
2024-232T,2025-233A,0,1,4489.144107542752,4403.209515443389
2024-232T,2025-233B,0,1,8989.462851773631,9125.189392821616
2024-232T,2025-233C,0,1,12405.52053283749,12437.785987156436
2024-232T,2025-233D,0,1,6843.267564484788,6794.788371588665
2024-232T,2025-233E,0,1,10862.518029636152,10838.848970966748
2024-232T,2025-233F,0,1,13949.612417112065,13966.547131787709
2024-232T,2025-233G,0,1,13571.58861991135,13532.989960786845
2024-232T,2025-233H,0,1,14643.725526151606,14651.843551114214
2024-232T,2025-233J,0,1,14517.217258531626,14532.539381391682
2024-232T,2025-233K,0,1,14325.289549268799,14321.446441350803
2024-232T,2025-233M,0,1,11572.97035468707,11597.71760999439
2024-232T,2025-233N,0,1,9836.14692404754,9848.017457937307
2024-232T,2025-233P,0,1,7800.45738761121,7862.053670654575
2024-232T,2025-233Q,0,1,3087.0941990280958,3095.2639685569684
2024-232T,2025-233R,0,1,5527.755634194705,5598.853278318032
2024-232T,2025-233S,0,1,552.6523887726861,628.3588187159166
2024-232T,2025-233T,0,1,1998.6180952783989,1953.8566936308407
2024-232T,2026-075A,0,6,8642.068106395584,8581.185982627214
2024-232T,2026-075B,0,6,11354.609307774474,11292.276546410294
2024-232T,2026-075C,0,6,6868.973069164428,6896.13678031008
2024-232T,2026-075D,0,6,10811.806729469583,10781.36718640113
2024-232T,2026-075E,0,6,10152.574918028755,10082.302376583062
2024-232T,2026-075F,0,6,12211.628752347042,12164.294793457182
2024-232T,2026-075G,0,6,7810.447350417783,7811.768259899851
2024-232T,2026-075H,0,6,11840.331056941191,11831.371972324414
2024-232T,2026-075J,0,6,12697.618666174956,12679.09073463685
2024-232T,2026-075K,0,6,3867.0334142627844,3889.8587825099366
2024-232T,2026-075L,0,6,12509.103890963426,12503.303146403645
2024-232T,2026-075M,0,6,9454.764169649094,9462.712919867236
2024-232T,2026-075N,0,6,2756.8851188625617,2754.4916653456826
2024-232T,2026-075P,0,6,1687.800118015596,1706.1983362699311
2024-232T,2026-075Q,0,6,12797.780595394737,12780.546141137585
2024-232T,2026-075R,0,6,5928.816964291909,5917.735444023693
2024-232T,2026-075S,0,6,542.8018531318162,548.411891723684
2024-232T,2026-075T,0,6,4887.16687714452,4791.608868820802
2024-232T,2026-104A,0,7,7985.968700037098,7991.678040340096
2024-232T,2026-104B,0,7,11419.432052126174,11378.154571778809
2024-232T,2026-104C,0,7,12659.75953521725,12666.832183101551
2024-232T,2026-104D,0,7,5876.906828219662,5787.731480759082
2024-232T,2026-104E,0,7,13475.543689752876,13462.559831460429
2024-232T,2026-104F,0,7,9852.377281777404,9781.482616180956
2024-232T,2026-104G,0,7,12639.506696912702,12610.709923024704
2024-232T,2026-104H,0,7,9886.26185038055,9883.844191767263
2024-232T,2026-104J,0,7,13902.125076811884,13882.986006714636
2024-232T,2026-104K,0,7,13487.942175961509,13486.903809134532
2024-232T,2026-104L,0,7,13906.30388208178,13889.741432372772
2024-232T,2026-104M,0,7,5920.3353997375,5967.203660639843
2024-232T,2026-104N,0,7,11446.914961732877,11410.462651187392
2024-232T,2026-104P,0,7,8025.222304738202,8055.910857729828
2024-232T,2026-104Q,0,7,3635.5764714698803,3643.6976594617167
2024-232T,2026-104R,0,7,1192.6083878756053,1114.9293700637477
2024-232T,2026-104S,0,7,1240.3304839712341,1253.087656944008
2024-232T,2026-104T,0,7,3589.2804366273194,3505.6829421300317
2024-232T,2026-121A,0,5,11076.746792059155,11065.48605583099
2024-232T,2026-121B,0,5,7.080979655263302,61.061686503709126
2024-232T,2026-124A,0,8,5630.6428965435225,5607.206706938426
2024-232T,2026-124B,0,8,7894.784279972863,7885.591248614994
2024-232T,2026-124C,0,8,9919.047461030339,9841.360509656508
2024-232T,2026-124D,0,8,11641.924292833299,11564.796057461293
2024-232T,2026-124E,0,8,13011.068677882162,12989.333983468414
2024-232T,2026-124F,0,8,13984.876597487082,13958.076033411537
2024-232T,2026-124G,0,8,14641.046343183049,14634.22320819023
2024-232T,2026-124H,0,8,14533.762841810889,14517.317137927941
2024-232T,2026-124J,0,8,14303.470457267034,14315.514214440838
2024-232T,2026-124K,0,8,10789.460405959488,10830.173912411752
2024-232T,2026-124L,0,8,8903.11965524281,8881.377991895708
2024-232T,2026-124M,0,8,6746.263303348104,6738.909375140959
2024-232T,2026-124N,0,8,1889.3723212023165,1920.0960858005465
2024-232T,2026-124P,0,8,4384.42313276083,4434.954085656054
2024-232T,2026-124Q,0,8,663.1000338243292,630.4821585789355
2024-232T,2026-124R,0,8,3195.417723567686,3173.76690622743
2024-232T,2026-124S,0,8,13531.289914928935,13525.817322103858
2024-232T,2026-124T,0,8,12347.968630790467,12368.438807534481
2024-232T,2026-125A,0,4,4330.027801242488,4295.06673347782
2024-232T,2026-125B,0,4,6891.824196020981,6863.635259453761
2024-232T,2026-125C,0,4,8880.289534716909,8861.02407776137
2024-232T,2026-125D,0,4,5697.442360899942,5705.328344245667
2024-232T,2026-125E,0,4,7876.760293035542,7866.106090469791
2024-232T,2026-125F,0,4,9106.027600453506,9083.473207587549
2024-232T,2026-125G,0,4,9236.977523414,9234.671706021598
2024-232T,2026-125H,0,4,8622.391702831686,8582.253553605478
2024-232T,2026-125J,0,4,7376.508395523769,7394.20401725335
2024-232T,2026-125K,0,4,9312.980040566665,9302.956203589343
2024-232T,2026-125L,0,4,4983.009414247739,4980.741408055348
2024-232T,2026-125M,0,4,6275.128478409304,6273.4053693285305
2024-232T,2026-125N,0,4,3539.559053876424,3516.015512461368
2024-232T,2026-125P,0,4,377.192131327784,434.1284057946334
2024-232T,2026-125Q,0,4,2830.932249692409,2821.130998645376
2024-232T,2026-125R,0,4,1988.4965914130808,2003.264285653247
2024-232T,2026-125S,0,4,1246.0411961590428,1240.618162432631
2024-232T,2026-125T,0,4,8253.819415026148,8249.831244807176
2024-232U,2025-016A,0,3,11409.574402836264,11408.610434325867
2024-232U,2025-016B,0,3,12512.281640339035,12524.073260751726
2024-232U,2025-016C,0,3,622.7873360481062,635.1485028220438
2024-232U,2025-016D,0,3,11829.277972447702,11813.781793797434
2024-232U,2025-016E,0,3,1612.0521279660272,1653.7031943092788
2024-232U,2025-016F,0,3,12255.257397042718,12232.519303221427
2024-232U,2025-016G,0,3,5868.252940080619,5873.958170784252
2024-232U,2025-016H,0,3,3797.87471560216,3749.213554782486
2024-232U,2025-016J,0,3,8714.432099603046,8708.394909417957
2024-232U,2025-016K,0,3,7760.359723334291,7765.680889554634
2024-232U,2025-016L,0,3,9416.659094434055,9455.227950833989
2024-232U,2025-016M,0,3,4968.20305955653,4910.614614417832
2024-232U,2025-016N,0,3,6946.861536629228,6878.159590402739
2024-232U,2025-016P,0,3,2838.597345592653,2818.6618898732886
2024-232U,2025-016Q,0,3,10217.234336395704,10171.446517834032
2024-232U,2025-016R,0,3,12815.112468088455,12803.787666900333
2024-232U,2025-016S,0,3,12728.553383799703,12717.365221650594
2024-232U,2025-016T,0,3,10786.84541155491,10760.9731761374
2024-232U,2025-046A,0,5,1946.3752206835657,1898.2087983103333
2024-232U,2025-046B,0,5,5630.581068981136,5619.087825394502
2024-232U,2025-046C,0,5,9745.346542267644,9747.200402151591
2024-232U,2025-046D,0,5,10572.916850908347,10562.570720530868
2024-232U,2025-046F,0,5,5618.301816119215,5843.658814940511
2024-232U,2025-046G,0,5,11079.202182254136,11087.865030829524
2024-232U,2025-046H,0,5,7236.05758613792,7231.225413815993
2024-232U,2025-046J,0,5,11248.877160037688,11236.612721066269
2024-232U,2025-046K,0,5,1960.3191178325867,1940.8865295776754
2024-232U,2025-046M,0,5,9738.269438186137,9745.201988616505
2024-232U,2025-046N,0,5,8612.582952093455,8592.685837474255
2024-232U,2025-046P,0,5,10568.06103187003,10541.461634526386
2024-232U,2025-046Q,0,5,7.080979651790587,41.1559829373068
2024-232U,2025-046R,0,5,7225.221723323682,7185.820662825364
2024-232U,2025-046S,0,5,8621.702013429382,8631.360237308949
2024-232U,2025-046T,0,5,3840.728745232084,3825.788167373375
2024-232U,2025-233A,0,1,14517.217274512665,14517.96486684903
2024-232U,2025-233B,0,1,12958.154469050503,12844.468064102506
2024-232U,2025-233C,0,1,9836.147261006956,9741.494810317361
2024-232U,2025-233D,0,1,13949.612081647949,13946.34572937228
2024-232U,2025-233E,0,1,11572.970083502887,11570.701360910349
2024-232U,2025-233F,0,1,1998.6188383756844,1948.1319051194928
2024-232U,2025-233G,0,1,7800.457182851952,7837.1978587815665
2024-232U,2025-233H,0,1,3087.094180880275,3106.8788979113997
2024-232U,2025-233J,0,1,552.6441475271102,636.1956749801774
2024-232U,2025-233K,0,1,5527.7565125927085,5511.738892089946
2024-232U,2025-233M,0,1,6843.2680067236115,6802.910682051708
2024-232U,2025-233N,0,1,8989.462642056988,8967.246138640263
2024-232U,2025-233P,0,1,10862.518450123072,10807.54843721243
2024-232U,2025-233Q,0,1,13571.58907002305,13570.642611207426
2024-232U,2025-233R,0,1,12405.520505104014,12359.820659898824
2024-232U,2025-233S,0,1,14325.289551717895,14307.559480365311
2024-232U,2025-233T,0,1,14643.725135775288,14639.880899916036
2024-232U,2026-075A,0,6,10811.80417213147,10822.52904976338
2024-232U,2026-075B,0,6,7810.445392623878,7852.651786075942
2024-232U,2026-075C,0,6,11840.332048022585,11807.167409024181
2024-232U,2026-075D,0,6,4887.171334404938,4907.076928944961
2024-232U,2026-075E,0,6,9454.766717880993,9481.541038094962
2024-232U,2026-075F,0,6,5928.823112415293,5975.846100415566
2024-232U,2026-075G,0,6,8642.072057019897,8628.866376658942
2024-232U,2026-075H,0,6,2756.874251870478,2728.021577842399
2024-232U,2026-075J,0,6,3867.0326557915323,3834.9639714738905
2024-232U,2026-075K,0,6,11354.613403003133,11344.922422061492
2024-232U,2026-075L,0,6,542.8192167963998,483.1474286786143
2024-232U,2026-075M,0,6,6868.970506801967,6835.668731741481
2024-232U,2026-075N,0,6,12797.78054667688,12800.555024782552
2024-232U,2026-075P,0,6,12211.628902757704,12211.40944044947
2024-232U,2026-075Q,0,6,1687.7878595931777,1733.5721865941134
2024-232U,2026-075R,0,6,10152.57440164879,10153.60367048882
2024-232U,2026-075S,0,6,12697.616621025065,12706.0318004402
2024-232U,2026-075T,0,6,12509.100692683049,12521.346865954756
2024-232U,2026-104A,0,7,12659.758679977871,12631.20079382775
2024-232U,2026-104B,0,7,9886.261341637506,9884.471422190709
2024-232U,2026-104C,0,7,3589.283881079878,3536.825200153703
2024-232U,2026-104D,0,7,13487.942743062653,13502.320159108947
2024-232U,2026-104E,0,7,5920.335529459058,5872.83208867907
2024-232U,2026-104F,0,7,11446.916136423266,11466.8875875575
2024-232U,2026-104G,0,7,8025.224702693141,8010.521289280666
2024-232U,2026-104H,0,7,7985.970974107458,7972.806182875552
2024-232U,2026-104J,0,7,3635.570043006989,3674.486927221785
2024-232U,2026-104K,0,7,1192.5984008215148,1150.6341123537054
2024-232U,2026-104L,0,7,1240.3357773527134,1239.4302783248793
2024-232U,2026-104M,0,7,11419.433544866746,11385.76538317088
2024-232U,2026-104N,0,7,5876.905788040021,5910.102631092762
2024-232U,2026-104P,0,7,9852.377249757032,9814.701097134699
2024-232U,2026-104Q,0,7,12639.506658861921,12635.63838952149
2024-232U,2026-104R,0,7,13902.125209990585,13899.886998518896
2024-232U,2026-104S,0,7,13475.54202583422,13476.261295403876
2024-232U,2026-104T,0,7,13906.302686604264,13912.340728865533
2024-232U,2026-121A,0,5,3853.9981818777605,3895.742465784524
2024-232U,2026-121B,0,5,11076.743968315564,11099.808122151304
2024-232U,2026-124A,0,8,14303.470179316255,14298.561445347259
2024-232U,2026-124B,0,8,13531.290094304883,13512.504828768384
2024-232U,2026-124C,0,8,12347.968432668882,12368.647179994472
2024-232U,2026-124D,0,8,10789.46077265526,10826.095484700714
2024-232U,2026-124E,0,8,8903.119552230004,8880.472852697532
2024-232U,2026-124F,0,8,6746.2641164956685,6752.735239032218
2024-232U,2026-124G,0,8,1889.3676767205166,1864.6625392007359
2024-232U,2026-124H,0,8,4384.4232229358695,4406.3756684584305
2024-232U,2026-124J,0,8,663.1035900757571,572.1382403760914
2024-232U,2026-124K,0,8,7894.784127602586,7826.702312718782
2024-232U,2026-124L,0,8,9919.047985265577,9928.40890369042
2024-232U,2026-124M,0,8,11641.924320864238,11640.723185146624
2024-232U,2026-124N,0,8,13984.876570076412,13977.654297769199
2024-232U,2026-124P,0,8,13011.068771650207,12983.881799691573
2024-232U,2026-124Q,0,8,14533.762463043247,14532.753340526562
2024-232U,2026-124R,0,8,14641.046404512286,14640.222166101812
2024-232U,2026-124S,0,8,3195.416868532609,3190.3312342693716
2024-232U,2026-124T,0,8,5630.643548450437,5577.812216862838
2024-232U,2026-125A,0,4,8880.290429859506,8904.050260207003
2024-232U,2026-125B,0,4,7376.507263100069,7395.198256102736
2024-232U,2026-125C,0,4,1246.082743597631,1267.9271830844523
2024-232U,2026-125D,0,4,8253.820463204222,8253.458853901562
2024-232U,2026-125E,0,4,6275.112219822978,6267.624042132984
2024-232U,2026-125F,0,4,3539.5383778652476,3579.5608732736005
2024-232U,2026-125G,0,4,377.0466422163533,427.2822706131166
2024-232U,2026-125H,0,4,4983.0131728086835,5033.738178589704
2024-232U,2026-125J,0,4,4330.002994293994,4300.644282687047
2024-232U,2026-125K,0,4,1988.5903873339212,2037.5757299076347
2024-232U,2026-125L,0,4,6891.812795017552,6902.978586524343
2024-232U,2026-125M,0,4,5697.444702132254,5702.663969208262
2024-232U,2026-125N,0,4,7876.7656480244295,7907.053653374321
2024-232U,2026-125P,0,4,9106.035399776569,9120.221978064325
2024-232U,2026-125Q,0,4,9236.988334489963,9255.452960658879
2024-232U,2026-125R,0,4,8622.385934968797,8637.591362153322
2024-232U,2026-125S,0,4,9312.977797264663,9332.342508219304
2024-232U,2026-125T,0,4,2830.930491261741,2826.8823844050853
2025-016A,2025-046A,3,5,3686.3252113653875,3680.1376945806564
2025-016A,2025-046B,3,5,4724.123579621424,4694.316206996557
2025-016A,2025-046C,3,5,4038.862056661176,4026.577350878892
2025-016A,2025-046D,3,5,3551.480221441945,3548.005644566544
2025-016A,2025-046F,3,5,2452.970569762736,2342.716183487332
2025-016A,2025-046G,3,5,2956.2879543308027,2930.951699374025
2025-016A,2025-046H,3,5,4634.215578034076,4585.754415182129
2025-016A,2025-046J,3,5,2271.3153744917668,2226.279393084623
2025-016A,2025-046K,3,5,4475.098156588543,4445.868885358975
2025-016A,2025-046M,3,5,104.94145062917873,107.19523388014807
2025-016A,2025-046N,3,5,924.0209269110081,926.555870778954
2025-016A,2025-046P,3,5,717.4853645921122,678.7735138139435
2025-016A,2025-046Q,3,5,4143.6652587020335,4123.470294864071
2025-016A,2025-046R,3,5,1714.289830249967,1714.947892122965
2025-016A,2025-046S,3,5,4403.359598618317,4377.274530473629
2025-016A,2025-046T,3,5,3116.94861059234,3105.428737601596
2025-016A,2025-233A,3,1,8025.106350747216,7930.41428385516
2025-016A,2025-233B,3,1,11458.609227975998,11538.676041521287
2025-016A,2025-233C,3,1,13510.036867874773,13518.475065748755
2025-016A,2025-233D,3,1,9892.138388929743,9834.901231741991
2025-016A,2025-233E,3,1,12676.913198587385,12625.924289016633
2025-016A,2025-233F,3,1,11453.946722214781,11495.399759505995
2025-016A,2025-233G,3,1,13932.665581276504,13916.497674169368
2025-016A,2025-233H,3,1,13507.933556003643,13506.031566352125
2025-016A,2025-233J,3,1,12673.47497208147,12717.847692652897
2025-016A,2025-233K,3,1,13931.955421596342,13925.791789665096
2025-016A,2025-233M,3,1,8018.442457988845,8067.647658769047
2025-016A,2025-233N,3,1,5906.854064318833,5946.241639051538
2025-016A,2025-233P,3,1,3615.7974135033987,3707.2296109331883
2025-016A,2025-233Q,3,1,1222.9758666658693,1173.5288074890645
2025-016A,2025-233R,3,1,1214.8742635516855,1313.1942465942122
2025-016A,2025-233S,3,1,3623.6555761312366,3517.2776347099793
2025-016A,2025-233T,3,1,5914.22617275274,5845.502524957444
2025-016A,2026-075A,3,6,6223.34736124024,6190.3516054524725
2025-016A,2026-075B,3,6,7062.543659832024,7039.605655979847
2025-016A,2026-075C,3,6,5512.204408273463,5512.069436034907
2025-016A,2026-075D,3,6,4577.741843099515,4565.157136800189
2025-016A,2026-075E,3,6,6745.42330111849,6712.227622306509
2025-016A,2026-075F,3,6,7165.055946068793,7149.007961424221
2025-016A,2026-075G,3,6,2416.3979610030547,2430.3355451012635
2025-016A,2026-075H,3,6,5465.323120447531,5467.758511214209
2025-016A,2026-075J,3,6,7049.9004650034585,7031.953809423234
2025-016A,2026-075K,3,6,36.4467499533448,12.398559869924528
2025-016A,2026-075L,3,6,6186.9505630208305,6194.45466160958
2025-016A,2026-075M,3,6,3550.9645709446786,3568.7831764738467
2025-016A,2026-075N,3,6,3614.153042692017,3597.8221490418587
2025-016A,2026-075P,3,6,1280.181485393181,1249.2972990100454
2025-016A,2026-075Q,3,6,6720.482960815517,6716.001537532617
2025-016A,2026-075R,3,6,1208.3400517642822,1214.4963383609702
2025-016A,2026-075S,3,6,2484.844886820294,2470.305690534242
2025-016A,2026-075T,3,6,4633.528223326633,4573.610520106649
2025-016A,2026-104A,3,7,7424.381474645612,7415.739560018098
2025-016A,2026-104B,3,7,8932.55274312003,8909.436451716954
2025-016A,2026-104C,3,7,6921.069800614282,6941.852814701003
2025-016A,2026-104D,3,7,6318.555593186912,6256.7630830518965
2025-016A,2026-104E,3,7,9363.330860985756,9345.750352569376
2025-016A,2026-104F,3,7,8304.628246260965,8265.933849403056
2025-016A,2026-104G,3,7,9289.04739861179,9269.600181835216
2025-016A,2026-104H,3,7,4342.606019214844,4358.068037771436
2025-016A,2026-104J,3,7,9153.073882764194,9150.001138852425
2025-016A,2026-104K,3,7,7913.104205528549,7926.2581741641425
2025-016A,2026-104L,3,7,8664.756090050236,8648.339377442582
2025-016A,2026-104M,3,7,1240.3691797034169,1292.2391809059789
2025-016A,2026-104N,3,7,5718.699687177781,5700.649015721769
2025-016A,2026-104P,3,7,2834.5498541692477,2876.1406195705686
2025-016A,2026-104Q,3,7,391.8240862653812,358.045366129092
2025-016A,2026-104R,3,7,3570.409759427588,3499.72453582096
2025-016A,2026-104S,3,7,2011.494532097933,1977.7198229949947
2025-016A,2026-104T,3,7,5020.722834998556,4953.641047009389
2025-016A,2026-108A,3,0,8621.319398638598,8524.411360437856
2025-016A,2026-108B,3,0,10854.707218720449,10871.148778222172
2025-016A,2026-108C,3,0,11351.26378175999,11330.360756916145
2025-016A,2026-108D,3,0,6840.338447412517,6792.757725667085
2025-016A,2026-108E,3,0,10140.33771355005,10077.341010574892
2025-016A,2026-108F,3,0,12217.268895719495,12166.434412408764
2025-016A,2026-108G,3,0,7860.555609590817,7834.176351347965
2025-016A,2026-108H,3,0,12820.616858812507,12799.433556165397
2025-016A,2026-108J,3,0,12712.074572560776,12673.818109594844
2025-016A,2026-108K,3,0,12539.621830590055,12520.809580300733
2025-016A,2026-108L,3,0,11877.61026196261,11881.34433800993
2025-016A,2026-108M,3,0,3918.3059374442064,3993.297385654877
2025-016A,2026-108N,3,0,9501.990451433529,9478.571147124003
2025-016A,2026-108P,3,0,1737.339367605346,1832.270936745378
2025-016A,2026-108Q,3,0,5980.2961932234075,6028.324614541591
2025-016A,2026-108R,3,0,2715.311359898762,2694.6864802422024
2025-016A,2026-108S,3,0,4851.512922550931,4748.527577023116
2025-016A,2026-108T,3,0,496.5511183427484,408.5384735119127
2025-016A,2026-121A,3,5,4670.603895553094,4692.105669830302
2025-016A,2026-121B,3,5,1517.203155465742,1491.4742175778551
2025-016A,2026-124A,3,8,7224.333621381535,7193.269450014302
2025-016A,2026-124B,3,8,8614.655249398447,8596.617775644449
2025-016A,2026-124C,3,8,9743.21878786048,9693.049518868278
2025-016A,2026-124D,3,8,10575.738897758043,10532.13997480775
2025-016A,2026-124E,3,8,11086.929771568883,11069.8588894357
2025-016A,2026-124F,3,8,11261.23552528052,11245.716062029836
2025-016A,2026-124G,3,8,10588.462881610323,10579.653423754504
2025-016A,2026-124H,3,8,11093.396680908294,11088.04151790425
2025-016A,2026-124J,3,8,9761.834190045824,9795.522251458431
2025-016A,2026-124K,3,8,5646.730336674543,5705.492538842982
2025-016A,2026-124L,3,8,3869.060863234874,3871.108387747737
2025-016A,2026-124M,3,8,1973.836682420165,1989.1754888009907
2025-016A,2026-124N,3,8,1937.2252082976443,1881.574034757686
2025-016A,2026-124P,3,8,18.60247339507879,81.00614118356587
2025-016A,2026-124Q,3,8,3834.088769518344,3781.1490900322397
2025-016A,2026-124R,3,8,5614.538692819279,5575.05156583639
2025-016A,2026-124S,3,8,8638.564328566443,8648.462620269325
2025-016A,2026-124T,3,8,7252.845866723107,7293.7079466767955
2025-016A,2026-125A,3,4,1633.395042548388,1631.9862947623083
2025-016A,2026-125B,3,4,2002.8416619551233,2007.5502843062388
2025-016A,2026-125C,3,4,1631.0231347336044,1628.8621726229258
2025-016A,2026-125D,3,4,1845.9629053113244,1854.9876794674763
2025-016A,2026-125E,3,4,2098.4752876888397,2103.8535079628896
2025-016A,2026-125F,3,4,2097.8975648017254,2105.0303678283967
2025-016A,2026-125G,3,4,1844.3122104377155,1855.0585374820378
2025-016A,2026-125H,3,4,2130.6572467338647,2134.627034574122
2025-016A,2026-125J,3,4,1063.8051223463472,1076.710629719657
2025-016A,2026-125K,3,4,2001.5343561909976,2011.6849328745511
2025-016A,2026-125L,3,4,368.33365693974764,370.9476797293019
2025-016A,2026-125M,3,4,727.6130479314088,732.5190969764086
2025-016A,2026-125N,3,4,1.6970052487101053,13.773407215593227
2025-016A,2026-125P,3,4,730.5661603146704,717.1668342989441
2025-016A,2026-125Q,3,4,1370.8560729979754,1369.8787445764867
2025-016A,2026-125R,3,4,371.6399068720733,366.66441844575206
2025-016A,2026-125S,3,4,1066.775869646595,1063.5297797905137
2025-016A,2026-125T,3,4,1368.3454746857615,1375.4313702650861
2025-016B,2025-046A,3,5,4724.203521905581,4734.602200351443
2025-016B,2025-046B,3,5,3551.5095160487144,3568.309804885733
2025-016B,2025-046C,3,5,1517.3249159761133,1537.5215672227725
2025-016B,2025-046D,3,5,717.0611518269783,753.0423142753688
2025-016B,2025-046F,3,5,4475.15933760103,4432.375401957696
2025-016B,2025-046G,3,5,108.02675908351466,82.70909391346032
2025-016B,2025-046H,3,5,2956.301805865121,2953.4371838858765
2025-016B,2025-046J,3,5,923.6252636181706,902.1882845405527
2025-016B,2025-046K,3,5,4403.406647969843,4411.178395400703
2025-016B,2025-046M,3,5,3116.955596457042,3098.0322674249624
2025-016B,2025-046N,3,5,3686.34167423687,3669.664489805867
2025-016B,2025-046P,3,5,2452.880976632303,2428.397327903894
2025-016B,2025-046Q,3,5,4634.143043675798,4630.51623918735
2025-016B,2025-046R,3,5,4143.646097364266,4127.156506512762
2025-016B,2025-046S,3,5,2271.2564685334937,2278.7444993127697
2025-016B,2025-046T,3,5,4670.565234330409,4675.767208500557
2025-016B,2025-233A,3,1,1214.873837548247,1203.3756476892597
2025-016B,2025-233B,3,1,3623.6501920862747,3871.1101095241356
2025-016B,2025-233C,3,1,8025.101553019587,8153.218752406488
2025-016B,2025-233D,3,1,1222.9855744655497,1256.433101644376
2025-016B,2025-233E,3,1,5914.231987565547,5948.002132821955
2025-016B,2025-233F,3,1,13932.665526225566,13939.331975535339
2025-016B,2025-233G,3,1,9892.14400219174,9891.988156943182
2025-016B,2025-233H,3,1,12676.915358426759,12684.092041693542
2025-016B,2025-233J,3,1,13510.03640027161,13509.240909321443
2025-016B,2025-233K,3,1,11458.607510465448,11494.73220859133
2025-016B,2025-233M,3,1,13507.931415475427,13499.811597678128
2025-016B,2025-233N,3,1,12673.47658241781,12653.479216624812
2025-016B,2025-233P,3,1,11453.941860956487,11449.555917266944
2025-016B,2025-233Q,3,1,8018.438322156431,7949.903952290644
2025-016B,2025-233R,3,1,9886.390367370695,9881.896416948219
2025-016B,2025-233S,3,1,5906.857192011563,5891.987315470859
2025-016B,2025-233T,3,1,3615.7944694098596,3566.974397218352
2025-016B,2026-075A,3,6,2484.9226568561567,2501.851823282547
2025-016B,2026-075B,3,6,4633.60137623722,4639.801015454979
2025-016B,2026-075C,3,6,1280.102161327908,1355.1790137101545
2025-016B,2026-075D,3,6,7049.879118080017,7049.9449197065305
2025-016B,2026-075E,3,6,3614.0909408974853,3621.0165163738498
2025-016B,2026-075F,3,6,5512.178152299879,5519.420227861343
2025-016B,2026-075G,3,6,6186.896799615408,6180.81672050089
2025-016B,2026-075H,3,6,7165.059883551759,7171.827870762579
2025-016B,2026-075J,3,6,6223.381712438564,6254.9948002332785
2025-016B,2026-075K,3,6,4577.688567887813,4561.5566879622365
2025-016B,2026-075L,3,6,7062.548140270079,7073.270685134373
2025-016B,2026-075M,3,6,6720.500025403051,6721.4337234255945
2025-016B,2026-075N,3,6,1208.3577216948765,1155.9846398586817
2025-016B,2026-075P,3,6,3551.005193172604,3522.896821512207
2025-016B,2026-075Q,3,6,6745.414664464101,6753.980415342622
2025-016B,2026-075R,3,6,5465.363461966304,5442.380825678213
2025-016B,2026-075S,3,6,2416.357334334636,2367.117926053961
2025-016B,2026-075T,3,6,36.44674995336017,32.053542291047194
2025-016B,2026-104A,3,7,2011.5911182601938,2086.881448194018
2025-016B,2026-104B,3,7,5020.774282189527,5054.40248025818
2025-016B,2026-104C,3,7,9363.312570004879,9367.4513976997
2025-016B,2026-104D,3,7,391.52904362676196,390.8050278675479
2025-016B,2026-104E,3,7,7424.3969795194125,7472.199966266814
2025-016B,2026-104F,3,7,3570.3503319415986,3581.8714587696168
2025-016B,2026-104G,3,7,6318.5415645293,6356.13223495015
2025-016B,2026-104H,3,7,8664.725631155576,8657.553230402118
2025-016B,2026-104J,3,7,8304.625758359834,8318.414507306805
2025-016B,2026-104K,3,7,9289.052492630093,9301.46396198245
2025-016B,2026-104L,3,7,8932.549600112881,8942.710755281867
2025-016B,2026-104M,3,7,6921.048219073835,6916.22573344306
2025-016B,2026-104N,3,7,9153.086479423357,9143.913127919026
2025-016B,2026-104P,3,7,7913.131463433589,7908.460759546113
2025-016B,2026-104Q,3,7,5718.713269580107,5680.5976372242485
2025-016B,2026-104R,3,7,2834.543170995933,2821.8219815735006
2025-016B,2026-104S,3,7,4342.598001977003,4297.241737792117
2025-016B,2026-104T,3,7,1240.4334619618817,1228.24824091597
2025-016B,2026-108A,3,0,496.726880077789,483.4939964752733
2025-016B,2026-108B,3,0,12712.06763756748,12695.247721407586
2025-016B,2026-108C,3,0,4851.522400659075,4934.081244181538
2025-016B,2026-108D,3,0,1737.2728823173106,1666.6933305153912
2025-016B,2026-108E,3,0,2715.2822634006193,2734.267443600712
2025-016B,2026-108F,3,0,6840.334057075948,6839.700919295408
2025-016B,2026-108G,3,0,12539.618091618933,12509.26554811614
2025-016B,2026-108H,3,0,10140.34115262893,10131.464180338464
2025-016B,2026-108J,3,0,8621.314428760837,8614.710300126386
2025-016B,2026-108K,3,0,11351.254614082865,11380.130972001316
2025-016B,2026-108L,3,0,12217.27445482951,12214.79944883686
2025-016B,2026-108M,3,0,10854.70557686228,10842.151273413805
2025-016B,2026-108N,3,0,12820.625976261286,12803.496683003958
2025-016B,2026-108P,3,0,9501.991180785843,9494.465979492341
2025-016B,2026-108Q,3,0,11877.615999488668,11858.033534369144
2025-016B,2026-108R,3,0,5980.284451644214,5887.9298903828785
2025-016B,2026-108S,3,0,3918.3334336358694,3899.6805809244706
2025-016B,2026-108T,3,0,7860.563085477793,7829.501932316836
2025-016B,2026-121A,3,5,4038.781415085769,4080.2972390614495
2025-016B,2026-121B,3,5,1714.4915343840144,1722.824815861357
2025-016B,2026-124A,3,8,18.602473395086427,37.626956349974186
2025-016B,2026-124B,3,8,1937.1734201770716,2007.081057430715
2025-016B,2026-124C,3,8,3834.1303887599697,3839.057068259036
2025-016B,2026-124D,3,8,5614.50861781921,5609.9025851294955
2025-016B,2026-124E,3,8,7224.35521778868,7271.7962885565275
2025-016B,2026-124F,3,8,8614.649449824867,8638.630440919187
2025-016B,2026-124G,3,8,10575.738733060825,10604.348682278465
2025-016B,2026-124H,3,8,9743.224376621221,9760.448473779068
2025-016B,2026-124J,3,8,11086.92552198208,11089.591893403312
2025-016B,2026-124K,3,8,10588.471825038701,10589.042802442656
2025-016B,2026-124L,3,8,9761.817242103032,9728.17034796911
2025-016B,2026-124M,3,8,8638.584558498094,8597.85793419955
2025-016B,2026-124N,3,8,5646.736843456111,5606.424089105811
2025-016B,2026-124P,3,8,7252.834258993952,7232.295226746311
2025-016B,2026-124Q,3,8,3869.0601046345882,3820.4599908909186
2025-016B,2026-124R,3,8,1973.8205761899148,1910.8787620759108
2025-016B,2026-124S,3,8,11261.239652510927,11272.000322200465
2025-016B,2026-124T,3,8,11093.383278132667,11098.49842402071
2025-016B,2026-125A,3,4,372.2604795000161,383.95994558832183
2025-016B,2026-125B,3,4,1066.845437100698,1091.8442451026215
2025-016B,2026-125C,3,4,2130.555163429641,2161.1736503764723
2025-016B,2026-125D,3,4,730.3185995078793,759.6168467044894
2025-016B,2026-125E,3,4,1370.8596087148755,1404.3462035396697
2025-016B,2026-125F,3,4,1846.0726874434727,1877.0726499691307
2025-016B,2026-125G,3,4,2098.654552352471,2132.8715949168177
2025-016B,2026-125H,3,4,1633.20473701618,1657.7178425002526
2025-016B,2026-125J,3,4,2001.4807408500687,2035.4253923801928
2025-016B,2026-125K,3,4,2002.641334345351,2036.1473566998473
2025-016B,2026-125L,3,4,1631.024898284511,1649.4551801290697
2025-016B,2026-125M,3,4,1844.3718461707365,1870.4683642638402
2025-016B,2026-125N,3,4,1368.2562354689173,1376.3913917629473
2025-016B,2026-125P,3,4,727.1093948555659,738.1971186893435
2025-016B,2026-125Q,3,4,1.6970052486797091,17.832567061171286
2025-016B,2026-125R,3,4,1064.1260901744135,1071.4233862373403
2025-016B,2026-125S,3,4,369.38400110649604,359.51667842753255
2025-016B,2026-125T,3,4,2098.060618562241,2132.5120283484684
2025-016C,2025-046A,3,5,717.0780784082369,695.8031393096866
2025-016C,2025-046B,3,5,2452.948132367119,2432.450953577444
2025-016C,2025-046C,3,5,4143.647104287355,4138.214918423474
2025-016C,2025-046D,3,5,4475.175735635773,4462.669115673712
2025-016C,2025-046F,3,5,2271.2430470397285,2358.0532984416436
2025-016C,2025-046G,3,5,4670.563606922498,4663.445295022446
2025-016C,2025-046H,3,5,3116.9432610737053,3088.6868277365543
2025-016C,2025-046J,3,5,4724.1700036355915,4687.567645241275
2025-016C,2025-046K,3,5,923.6116335544975,908.5381185762946
2025-016C,2025-046M,3,5,4038.796945439761,4028.6716212245797
2025-016C,2025-046N,3,5,3551.48893188541,3523.880957255876
2025-016C,2025-046P,3,5,4403.380366954324,4356.835195981573
2025-016C,2025-046Q,3,5,108.11616719607797,121.58020930568114
2025-016C,2025-046R,3,5,2956.337439649951,2920.8041060761843
2025-016C,2025-046S,3,5,3686.3796522446755,3676.8094344603323
2025-016C,2025-046T,3,5,1517.4224303864703,1506.3789456794811
2025-016C,2025-233A,3,1,13931.955436722568,13934.708759539217
2025-016C,2025-233B,3,1,12673.47559892318,12582.377697809283
2025-016C,2025-233C,3,1,9886.388537207682,9816.712735581421
2025-016C,2025-233D,3,1,13507.932237617979,13507.704098068103
2025-016C,2025-233E,3,1,11453.942339047304,11436.339582389575
2025-016C,2025-233F,3,1,1222.9762429643695,1156.3595985446655
2025-016C,2025-233G,3,1,8018.438303025346,8069.18014988852
2025-016C,2025-233H,3,1,3615.7928700854536,3648.6106790522736
2025-016C,2025-233J,3,1,1214.8838447136802,1313.5334490861503
2025-016C,2025-233K,3,1,5906.8603947370275,5908.535057878835
2025-016C,2025-233M,3,1,5914.229106098778,5855.378930642736
2025-016C,2025-233N,3,1,8025.101664999294,7988.386307226388
2025-016C,2025-233P,3,1,9892.141849933454,9819.732112342823
2025-016C,2025-233Q,3,1,12676.917122598272,12653.573008896228
2025-016C,2025-233R,3,1,11458.60751884909,11398.510071625595
2025-016C,2025-233S,3,1,13510.03631104525,13484.758360670132
2025-016C,2025-233T,3,1,13932.66672734939,13924.598721457127
2025-016C,2026-075A,3,6,6186.903710352716,6180.095031246511
2025-016C,2026-075B,3,6,4577.689950389973,4594.455110657199
2025-016C,2026-075C,3,6,6720.48911344422,6687.764003122283
2025-016C,2026-075D,3,6,2484.881225292055,2484.9641044808673
2025-016C,2026-075E,3,6,5465.343378901669,5468.903703070603
2025-016C,2026-075F,3,6,3551.026525744271,3572.4987627338255
2025-016C,2026-075G,3,6,4633.571295738868,4610.459684324571
2025-016C,2026-075H,3,6,1280.1408793196538,1255.3771860333802
2025-016C,2026-075J,3,6,2416.344878066523,2397.0037821879673
2025-016C,2026-075K,3,6,6223.396990287887,6198.2889388260965
2025-016C,2026-075L,3,6,36.44674995368752,0.8381651289254777
2025-016C,2026-075M,3,6,3614.09457565804,3580.6312610895675
2025-016C,2026-075N,3,6,7165.0547326632295,7148.510518578024
2025-016C,2026-075P,3,6,6745.414593448243,6723.9229290881585
2025-016C,2026-075Q,3,6,1208.4288831822978,1235.3416778811136
2025-016C,2026-075R,3,6,5512.177433307758,5493.800357247559
2025-016C,2026-075S,3,6,7062.564509789935,7046.3851409629915
2025-016C,2026-075T,3,6,7049.89034994919,7035.350050300789
2025-016C,2026-104A,3,7,8664.728288234486,8636.946104978368
2025-016C,2026-104B,3,7,6921.047407777716,6916.0118966342
2025-016C,2026-104C,3,7,2011.5456171767557,1963.2807017563473
2025-016C,2026-104D,3,7,9153.07902371705,9150.132885123632
2025-016C,2026-104E,3,7,4342.590114318963,4311.762499346469
2025-016C,2026-104F,3,7,7913.119220422823,7920.185066601013
2025-016C,2026-104G,3,7,5718.735486818001,5706.5763964343905
2025-016C,2026-104H,3,7,5020.760413547026,4995.692261402043
2025-016C,2026-104J,3,7,2834.563284458859,2864.3859487016675
2025-016C,2026-104K,3,7,391.60150874697007,354.2232845489029
2025-016C,2026-104L,3,7,1240.3827603058496,1245.2206169422807
2025-016C,2026-104M,3,7,7424.411652251438,7382.054638377776
2025-016C,2026-104N,3,7,3570.3502582637097,3578.337690782478
2025-016C,2026-104P,3,7,6318.5421210349805,6274.063088592504
2025-016C,2026-104Q,3,7,8304.624437772534,8279.990250199906
2025-016C,2026-104R,3,7,9289.048229023483,9264.40056471992
2025-016C,2026-104S,3,7,8932.558589540087,8911.459113677312
2025-016C,2026-104T,3,7,9363.318087358966,9350.212467282552
2025-016C,2026-108A,3,0,12539.618022398672,12533.755596177882
2025-016C,2026-108B,3,0,496.76629804589936,425.172425706775
2025-016C,2026-108C,3,0,10854.705493758429,10815.37289184992
2025-016C,2026-108D,3,0,12820.62226441853,12801.244364325463
2025-016C,2026-108E,3,0,11877.619189162873,11871.133163083818
2025-016C,2026-108F,3,0,9501.99519223225,9516.922787631818
2025-016C,2026-108G,3,0,4851.530728935701,4863.447350310992
2025-016C,2026-108H,3,0,5980.291441897287,6025.163167787235
2025-016C,2026-108J,3,0,7860.555367352682,7889.65463427624
2025-016C,2026-108K,3,0,3918.321872574626,3902.863412851954
2025-016C,2026-108L,3,0,1737.271557887546,1785.3519550838307
2025-016C,2026-108M,3,0,8621.317695236687,8543.931108377175
2025-016C,2026-108N,3,0,2715.2827738672004,2721.122739038456
2025-016C,2026-108P,3,0,10140.338874492367,10061.19237501128
2025-016C,2026-108Q,3,0,6840.3324697974585,6772.804191898927
2025-016C,2026-108R,3,0,12217.271561825062,12198.073989985984
2025-016C,2026-108S,3,0,12712.06792659912,12674.92081412453
2025-016C,2026-108T,3,0,11351.256016373769,11297.541282479144
2025-016C,2026-121A,3,5,1714.3142584691639,1738.4850242756925
2025-016C,2026-121B,3,5,4634.147381636632,4645.923396604506
2025-016C,2026-124A,3,8,11093.386090980526,11082.80973796973
2025-016C,2026-124B,3,8,10588.466739677631,10571.427166410098
2025-016C,2026-124C,3,8,9761.818357726825,9775.184622852847
2025-016C,2026-124D,3,8,8638.575973800427,8665.634669073017
2025-016C,2026-124E,3,8,7252.832959780323,7239.463553438352
2025-016C,2026-124F,3,8,5646.758944046184,5656.899738290336
2025-016C,2026-124G,3,8,1973.8383083538831,1966.3360765054774
2025-016C,2026-124H,3,8,3869.0524189182916,3894.033994617213
2025-016C,2026-124J,3,8,18.602473395086225,98.40341530440688
2025-016C,2026-124K,3,8,5614.50761564553,5540.852633581632
2025-016C,2026-124L,3,8,7224.35440524128,7212.327182181656
2025-016C,2026-124M,3,8,8614.650134817459,8593.034436689324
2025-016C,2026-124N,3,8,10575.737483100967,10548.785576701755
2025-016C,2026-124P,3,8,9743.231749011557,9696.92440501991
2025-016C,2026-124Q,3,8,11086.93016866731,11064.479631937811
2025-016C,2026-124R,3,8,11261.236674798118,11246.194700019429
2025-016C,2026-124S,3,8,1937.1810017156708,1918.2405925632854
2025-016C,2026-124T,3,8,3834.112036874832,3776.1791719773987
2025-016C,2026-125A,3,4,2001.4873973044682,2004.7521826607115
2025-016C,2026-125B,3,4,1631.0046064947703,1635.6396340637834
2025-016C,2026-125C,3,4,372.7166797898781,377.52576590736965
2025-016C,2026-125D,3,4,1844.4592746651376,1844.5398001617957
2025-016C,2026-125E,3,4,1368.340161366187,1365.1012418676833
2025-016C,2026-125F,3,4,727.220172597778,735.3101411364062
2025-016C,2026-125G,3,4,1.697005248697009,9.284208822801045
2025-016C,2026-125H,3,4,1063.8366587818323,1073.74527635293
2025-016C,2026-125J,3,4,1066.9612026035006,1061.6559401765865
2025-016C,2026-125K,3,4,369.2223299021432,378.75415002798456
2025-016C,2026-125L,3,4,1633.25193904743,1635.0972821157472
2025-016C,2026-125M,3,4,1370.8079319779736,1372.15723637012
2025-016C,2026-125N,3,4,1846.0091681954912,1851.205770702555
2025-016C,2026-125P,3,4,2098.5765590552774,2100.2506254005884
2025-016C,2026-125Q,3,4,2098.065238973661,2096.489693719201
2025-016C,2026-125R,3,4,2002.6566504217642,2003.3318727123592
2025-016C,2026-125S,3,4,2130.548697641269,2125.5170010937504
2025-016C,2026-125T,3,4,730.2851595827158,730.7144378954289
2025-016D,2025-046A,3,5,4634.1446838737975,4641.023154225488
2025-016D,2025-046B,3,5,2956.2805887990494,2949.1956409350328
2025-016D,2025-046C,3,5,717.1036623727143,697.2870400032118
2025-016D,2025-046D,3,5,106.64824930592297,92.09666107701304
2025-016D,2025-046F,3,5,4670.564341005167,4660.490888245501
2025-016D,2025-046G,3,5,923.6121223324899,938.3349973340089
2025-016D,2025-046H,3,5,2271.2886551768893,2240.1820639568627
2025-016D,2025-046J,3,5,1714.485898613158,1725.1632992358354
2025-016D,2025-046K,3,5,4038.776437655513,4033.076665972888
2025-016D,2025-046M,3,5,3686.296988124641,3697.12024586073
2025-016D,2025-046N,3,5,4143.655376323449,4148.660841683793
2025-016D,2025-046P,3,5,3117.0531010825994,3118.844799274315
2025-016D,2025-046Q,3,5,4403.442607837624,4389.151187021314
2025-016D,2025-046R,3,5,4475.128053547697,4473.275264200143
2025-016D,2025-046S,3,5,1517.2554863724347,1488.3770690423285
2025-016D,2025-046T,3,5,4724.1879882663,4734.8709072318925
2025-016D,2025-233A,3,1,3615.7976256298566,3702.6957395826644
2025-016D,2025-233B,3,1,1222.9995088586027,1373.0263019797262
2025-016D,2025-233C,3,1,5914.235587431121,5959.614931172272
2025-016D,2025-233D,3,1,1214.8684640781262,1268.0842976810964
2025-016D,2025-233E,3,1,3623.6499440908833,3561.589953200902
2025-016D,2025-233F,3,1,13510.03690618263,13491.86826135365
2025-016D,2025-233G,3,1,8025.10154104904,7937.132594186577
2025-016D,2025-233H,3,1,11458.607615665962,11410.85564956839
2025-016D,2025-233J,3,1,12676.914038321864,12627.075495711813
2025-016D,2025-233K,3,1,9892.141741381847,9861.486623212364
2025-016D,2025-233M,3,1,13931.956821967538,13938.763390150822
2025-016D,2025-233N,3,1,13507.931010082155,13524.672720313982
2025-016D,2025-233P,3,1,12673.478010100518,12713.919699276641
2025-016D,2025-233Q,3,1,9886.388453826095,9898.156286404415
2025-016D,2025-233R,3,1,11453.941874349392,11509.564823654142
2025-016D,2025-233S,3,1,8018.439043347577,8088.8011988622575
2025-016D,2025-233T,3,1,5906.855133811192,5953.234887414806
2025-016D,2026-075A,3,6,1280.0918993231621,1242.6753463175905
2025-016D,2026-075B,3,6,3614.092037497386,3571.7163882623463
2025-016D,2026-075C,3,6,36.446749953344835,57.575733168155644
2025-016D,2026-075D,3,6,7165.0701184568225,7175.9757107862615
2025-016D,2026-075E,3,6,2484.9787467359415,2439.8704832334984
2025-016D,2026-075F,3,6,4633.580856514523,4598.271161329334
2025-016D,2026-075G,3,6,6720.516357656931,6740.070667250478
2025-016D,2026-075H,3,6,7062.536928531158,7064.8922369952315
2025-016D,2026-075J,3,6,5512.178239204074,5516.132582748448
2025-016D,2026-075K,3,6,5465.349601516421,5488.975376958269
2025-016D,2026-075L,3,6,6745.420135795126,6738.991295576754
2025-016D,2026-075M,3,6,7049.873053286554,7065.295838500706
2025-016D,2026-075N,3,6,2416.3848657324625,2417.023316347127
2025-016D,2026-075P,3,6,4577.695142973723,4595.450540524581
2025-016D,2026-075Q,3,6,6223.363135588568,6206.239874283543
2025-016D,2026-075R,3,6,6186.8957767010115,6198.962472537879
2025-016D,2026-075S,3,6,3550.9809771117084,3552.848033335081
2025-016D,2026-075T,3,6,1208.3167035635674,1257.922373895234
2025-016D,2026-104A,3,7,391.5297154942809,396.3350670378921
2025-016D,2026-104B,3,7,3570.349347078891,3539.821222822268
2025-016D,2026-104C,3,7,9289.059839199603,9286.876959227722
2025-016D,2026-104D,3,7,1240.5072473125601,1300.2665834366555
2025-016D,2026-104E,3,7,6318.543300211625,6322.912931691904
2025-016D,2026-104F,3,7,2011.6257329628063,1952.1628947901684
2025-016D,2026-104G,3,7,5020.752585032031,5002.614635166663
2025-016D,2026-104H,3,7,9153.097063877354,9169.78195222398
2025-016D,2026-104J,3,7,7424.386164014325,7396.174778965841
2025-016D,2026-104K,3,7,8932.543816686519,8926.922380007614
2025-016D,2026-104L,3,7,8304.630527370056,8289.702653878612
2025-016D,2026-104M,3,7,7913.115407288254,7949.501225844347
2025-016D,2026-104N,3,7,9363.310111167142,9371.895617335895
2025-016D,2026-104P,3,7,8664.72627918752,8691.33629556822
2025-016D,2026-104Q,3,7,6921.053168162992,6936.495294358469
2025-016D,2026-104R,3,7,4342.612484238657,4391.930968445743
2025-016D,2026-104S,3,7,5718.703300076788,5733.707335450157
2025-016D,2026-104T,3,7,2834.53316060865,2888.715576919074
2025-016D,2026-108A,3,0,1737.272084479897,1827.9787197916428
2025-016D,2026-108B,3,0,12217.278349980867,12172.295463946188
2025-016D,2026-108C,3,0,2715.286262066241,2709.328975505039
2025-016D,2026-108D,3,0,3918.3284364211027,3937.2642275611224
2025-016D,2026-108E,3,0,496.64553122042724,420.2781880437062
2025-016D,2026-108F,3,0,4851.516596019785,4763.107803625083
2025-016D,2026-108G,3,0,12820.623021200054,12813.247179987251
2025-016D,2026-108H,3,0,8621.31258243405,8541.089597619904
2025-016D,2026-108J,3,0,6840.3374342609595,6753.13899572388
2025-016D,2026-108K,3,0,10140.3446381743,10121.697202770976
2025-016D,2026-108L,3,0,11351.254290401477,11307.175016039357
2025-016D,2026-108M,3,0,11877.612790364748,11901.886827854834
2025-016D,2026-108N,3,0,12712.06770584871,12698.939097818407
2025-016D,2026-108P,3,0,10854.711166029441,10896.206507321016
2025-016D,2026-108Q,3,0,12539.618163556363,12544.251997773414
2025-016D,2026-108R,3,0,7860.568848424908,7850.294586327596
2025-016D,2026-108S,3,0,5980.284836390951,6042.452551288086
2025-016D,2026-108T,3,0,9501.986781314707,9535.950114029438
2025-016D,2026-121A,3,5,3551.542100819135,3565.6487816164577
2025-016D,2026-121B,3,5,2452.886108950268,2499.33558828691
2025-016D,2026-124A,3,8,1973.813135386197,1991.0759688772457
2025-016D,2026-124B,3,8,18.602473395078746,22.325725189081076
2025-016D,2026-124C,3,8,1937.1763247740403,1856.8142544042216
2025-016D,2026-124D,3,8,3834.1319197797757,3747.670202595924
2025-016D,2026-124E,3,8,5614.507566797248,5593.056173483345
2025-016D,2026-124F,3,8,7224.345274904136,7186.501623532605
2025-016D,2026-124G,3,8,9743.219089102857,9739.601499608756
2025-016D,2026-124H,3,8,8614.650984332684,8580.268328975151
2025-016D,2026-124J,3,8,10575.741903782888,10546.325679049236
2025-016D,2026-124K,3,8,11093.382296419844,11109.46197301653
2025-016D,2026-124L,3,8,10588.478828842139,10596.658398557473
2025-016D,2026-124M,3,8,9761.818207392555,9773.312588164115
2025-016D,2026-124N,3,8,7252.838358971882,7280.7676272931085
2025-016D,2026-124P,3,8,8638.570112084575,8674.299714717356
2025-016D,2026-124Q,3,8,5646.73064513529,5672.862667577953
2025-016D,2026-124R,3,8,3869.0730405535915,3885.9015733016895
2025-016D,2026-124S,3,8,11086.922707495121,11092.372677234
2025-016D,2026-124T,3,8,11261.244434060714,11269.638529819109
2025-016D,2026-125A,3,4,1.6970052499369,11.321905748639436
2025-016D,2026-125B,3,4,730.4155921250042,735.0585918635669
2025-016D,2026-125C,3,4,2098.649933238491,2129.9693073013354
2025-016D,2026-125D,3,4,371.9285460932671,379.2915254911491
2025-016D,2026-125E,3,4,1066.7731732999669,1082.99144008505
2025-016D,2026-125F,3,4,1633.1859562101597,1651.1403739452505
2025-016D,2026-125G,3,4,2002.6482130979289,2030.8164616000215
2025-016D,2026-125H,3,4,1370.9451429830654,1378.8152276993624
2025-016D,2026-125J,3,4,2097.983758328642,2137.921450184711
2025-016D,2026-125K,3,4,1846.161348099952,1869.3313156765012
2025-016D,2026-125L,3,4,1844.3095823747112,1877.0625759851252
2025-016D,2026-125M,3,4,2001.4972766433093,2038.803812630509
2025-016D,2026-125N,3,4,1631.2136947824447,1657.2601763608354
2025-016D,2026-125P,3,4,1064.182196414204,1094.6815855971868
2025-016D,2026-125Q,3,4,368.92367974614154,375.32319920107955
2025-016D,2026-125R,3,4,1368.1973609657553,1394.5219949747134
2025-016D,2026-125S,3,4,727.0958330585072,737.4596780547089
2025-016D,2026-125T,3,4,2130.5489102205174,2168.6453687011376
2025-016E,2025-046A,3,5,1517.428798056457,1517.614858387458
2025-016E,2025-046B,3,5,1714.2918302490352,1681.297960458888
2025-016E,2025-046C,3,5,3686.3995589720166,3676.5112857203803
2025-016E,2025-046D,3,5,4143.645269933469,4128.304326745153
2025-016E,2025-046F,3,5,2956.3874896018106,3052.7061473698745
2025-016E,2025-046G,3,5,4475.140352177617,4473.6542594159455
2025-016E,2025-046H,3,5,2453.0052061403,2418.508754993115
2025-016E,2025-046J,3,5,4670.5679110564015,4645.05122010674
2025-016E,2025-046K,3,5,105.26756825061429,72.48335146648193
2025-016E,2025-046M,3,5,4403.363764986806,4410.644498308037
2025-016E,2025-046N,3,5,4038.8230285824843,4030.420685304524
2025-016E,2025-046P,3,5,4634.160916755154,4603.536319639097
2025-016E,2025-046Q,3,5,717.0605222553471,711.2791330882213
2025-016E,2025-046R,3,5,3551.4803485554644,3535.8722401246123
2025-016E,2025-046S,3,5,3116.944599671232,3101.9260044885236
2025-016E,2025-046T,3,5,2271.2483910397223,2281.909900864117
2025-016E,2025-233A,3,1,13507.933476509032,13504.886513343019
2025-016E,2025-233B,3,1,11453.943308621336,11295.102918516324
2025-016E,2025-233C,3,1,8018.438985954361,7882.998367869249
2025-016E,2025-233D,3,1,12673.475059617562,12650.106636145183
2025-016E,2025-233E,3,1,9886.387276454429,9826.522465808608
2025-016E,2025-233F,3,1,3623.655348641982,3621.1592494773085
2025-016E,2025-233G,3,1,5906.85733156847,5901.675057229676
2025-016E,2025-233H,3,1,1214.899416511661,1179.4434083696547
2025-016E,2025-233J,3,1,1222.9715144683944,1184.409695390164
2025-016E,2025-233K,3,1,3615.792827660071,3550.682581663068
2025-016E,2025-233M,3,1,8025.102478456093,8033.071626579426
2025-016E,2025-233N,3,1,9892.1401271862,9917.203292871522
2025-016E,2025-233P,3,1,11458.607597274726,11448.219692506587
2025-016E,2025-233Q,3,1,13510.03631815588,13515.485479854593
2025-016E,2025-233R,3,1,12676.915443132533,12670.467969817302
2025-016E,2025-233S,3,1,13932.668332516128,13932.203968068112
2025-016E,2025-233T,3,1,13931.955350198368,13926.551207384353
2025-016E,2026-075A,3,6,5465.329960924975,5448.595350368633
2025-016E,2026-075B,3,6,3550.9956159431417,3548.3780981092664
2025-016E,2026-075C,3,6,6186.9165088873,6140.404632552761
2025-016E,2026-075D,3,6,3614.108289643488,3647.3486091298864
2025-016E,2026-075E,3,6,4577.6992904718145,4567.388748122744
2025-016E,2026-075F,3,6,2416.347497171898,2413.327301367109
2025-016E,2026-075G,3,6,5512.179816460174,5524.479445917864
2025-016E,2026-075H,3,6,2484.8544528122447,2492.7543422512704
2025-016E,2026-075J,3,6,1208.4915681583511,1157.6050916313106
2025-016E,2026-075K,3,6,6745.414005906512,6748.828920105491
2025-016E,2026-075L,3,6,1280.2080506835096,1274.2386169983636
2025-016E,2026-075M,3,6,4633.54907667406,4636.749388181007
2025-016E,2026-075N,3,6,7049.906748859781,7035.077166404252
2025-016E,2026-075P,3,6,7062.57797230968,7061.552779901339
2025-016E,2026-075Q,3,6,36.446749953344785,34.99394003455821
2025-016E,2026-075R,3,6,6223.374594024696,6235.096210980539
2025-016E,2026-075S,3,6,7165.0546658066,7158.792498814567
2025-016E,2026-075T,3,6,6720.4836218161645,6711.360091461501
2025-016E,2026-104A,3,7,7913.110596423601,7864.097929664683
2025-016E,2026-104B,3,7,5718.718545901161,5685.625896254953
2025-016E,2026-104C,3,7,3570.3582056053356,3567.446679297749
2025-016E,2026-104D,3,7,8664.734250418942,8660.179926748768
2025-016E,2026-104E,3,7,2834.60810732667,2762.4516618523608
2025-016E,2026-104F,3,7,6921.05073427678,6909.957777659815
2025-016E,2026-104G,3,7,4342.588821307206,4295.853570544541
2025-016E,2026-104H,3,7,6318.542079402611,6339.599470557572
2025-016E,2026-104J,3,7,1240.35514521853,1227.6222717088572
2025-016E,2026-104K,3,7,2011.514352047296,2016.7773367203397
2025-016E,2026-104L,3,7,391.74707020655404,421.8799491863787
2025-016E,2026-104M,3,7,8304.624861187745,8304.417066763524
2025-016E,2026-104N,3,7,5020.742183498436,5071.6523702180175
2025-016E,2026-104P,3,7,7424.402273559267,7426.056584080761
2025-016E,2026-104Q,3,7,8932.570784950787,8937.240651281576
2025-016E,2026-104R,3,7,9363.326663219284,9354.812252249421
2025-016E,2026-104S,3,7,9289.047048387656,9287.497358434612
2025-016E,2026-104T,3,7,9153.074696772446,9145.483724153768
2025-016E,2026-108A,3,0,11877.615182623513,11864.295484204189
2025-016E,2026-108B,3,0,2715.2819264801738,2697.589275689386
2025-016E,2026-108C,3,0,9501.999179365666,9420.699679452478
2025-016E,2026-108D,3,0,12539.618315405185,12510.506174555736
2025-016E,2026-108E,3,0,10854.705413793508,10825.439717980677
2025-016E,2026-108F,3,0,7860.555252593892,7837.683730186559
2025-016E,2026-108G,3,0,6840.332672428101,6906.914170445426
2025-016E,2026-108H,3,0,3918.306389186229,3911.0390938033156
2025-016E,2026-108J,3,0,5980.29781561946,5964.300038470372
2025-016E,2026-108K,3,0,1737.2956205831758,1659.9925192911671
2025-016E,2026-108L,3,0,496.67509986135974,498.5293779483855
2025-016E,2026-108M,3,0,10140.337803767365,10121.864463868724
2025-016E,2026-108N,3,0,4851.53476492643,4913.072002523897
2025-016E,2026-108P,3,0,11351.258497272585,11325.762826314254
2025-016E,2026-108Q,3,0,8621.32238185719,8613.770008029276
2025-016E,2026-108R,3,0,12712.069178776292,12707.603346824657
2025-016E,2026-108S,3,0,12820.619507561005,12798.594008975164
2025-016E,2026-108T,3,0,12217.269670970705,12202.468835159045
2025-016E,2026-121A,3,5,923.7899675769864,925.3499741613163
2025-016E,2026-121B,3,5,4724.145507067291,4754.134395103118
2025-016E,2026-124A,3,8,10588.46357276603,10564.652987800817
2025-016E,2026-124B,3,8,9761.821554262253,9720.50767834584
2025-016E,2026-124C,3,8,8638.569740572979,8629.781407341738
2025-016E,2026-124D,3,8,7252.834461333588,7251.073186975586
2025-016E,2026-124E,3,8,5646.74581090435,5589.765683048722
2025-016E,2026-124F,3,8,3869.049983442554,3832.3653057172214
2025-016E,2026-124G,3,8,18.602473395123685,34.787662968100385
2025-016E,2026-124H,3,8,1973.9015326115384,1946.951693282915
2025-016E,2026-124J,3,8,1937.199069260245,1906.0207446234015
2025-016E,2026-124K,3,8,7224.3446654921445,7208.661332907214
2025-016E,2026-124L,3,8,8614.649481661225,8649.366200755883
2025-016E,2026-124M,3,8,9743.231146528613,9763.200315927807
2025-016E,2026-124N,3,8,11086.93664754454,11085.780553783981
2025-016E,2026-124P,3,8,10575.738041073513,10568.794591674487
2025-016E,2026-124Q,3,8,11261.235500926261,11251.07771039154
2025-016E,2026-124R,3,8,11093.390734959617,11074.8498122126
2025-016E,2026-124S,3,8,3834.098983000423,3868.2015546153693
2025-016E,2026-124T,3,8,5614.510231508109,5613.1887955143875
2025-016E,2026-125A,3,4,1844.4645303518519,1855.1115127417656
2025-016E,2026-125B,3,4,1368.4580030671884,1374.6501624955715
2025-016E,2026-125C,3,4,730.2986621533253,748.8115379877172
2025-016E,2026-125D,3,4,1631.0127749291337,1633.9745887626252
2025-016E,2026-125E,3,4,1063.8055480919677,1059.2327242257297
2025-016E,2026-125F,3,4,368.3873364769438,369.77012524578043
2025-016E,2026-125G,3,4,372.55645480720693,372.7681914920342
2025-016E,2026-125H,3,4,727.3780658922918,734.283443252515
2025-016E,2026-125J,3,4,1370.7901166456272,1383.248057675118
2025-016E,2026-125K,3,4,1.6970052490984833,10.482297219728512
2025-016E,2026-125L,3,4,1845.9707930055777,1865.5266075236682
2025-016E,2026-125M,3,4,1633.3275597995391,1652.7452030523802
2025-016E,2026-125N,3,4,2002.6951447658282,2024.2094242493204
2025-016E,2026-125P,3,4,2130.563094224366,2148.0650344880078
2025-016E,2026-125Q,3,4,2001.4805145623618,2009.3634509342387
2025-016E,2026-125R,3,4,2098.520682755671,2115.2319678585764
2025-016E,2026-125S,3,4,2097.9872237685663,2104.1672174790965
2025-016E,2026-125T,3,4,1067.120455551817,1082.7560713775863
2025-016F,2025-046A,3,5,4143.650121393318,4138.830180748143
2025-016F,2025-046B,3,5,4634.183648939222,4633.340507170408
2025-016F,2025-046C,3,5,3551.4837661532197,3575.9293182998
2025-016F,2025-046D,3,5,2956.3907579352895,2993.284423669383
2025-016F,2025-046F,3,5,3116.9421610919676,3004.9260925304125
2025-016F,2025-046G,3,5,2271.242848275805,2283.9062276816317
2025-016F,2025-046H,3,5,4403.35684219095,4387.3902981894935
2025-016F,2025-046J,3,5,1517.228497124707,1513.60690454812
2025-016F,2025-046K,3,5,4670.581340629994,4658.191443552943
2025-016F,2025-046M,3,5,923.9415054341766,889.5120293780681
2025-016F,2025-046N,3,5,1714.294264099793,1688.9789009078454
2025-016F,2025-046P,3,5,104.90168441595168,88.87265400132091
2025-016F,2025-046Q,3,5,4475.114492432811,4461.297968832187
2025-016F,2025-046R,3,5,2453.035121896326,2430.0561408260965
2025-016F,2025-046S,3,5,4038.8596642872185,4046.413141647274
2025-016F,2025-046T,3,5,3686.356604461141,3670.13869483091
2025-016F,2025-233A,3,1,5914.226198690429,5904.632385247889
2025-016F,2025-233B,3,1,9892.1389735179,10068.62153409032
2025-016F,2025-233C,3,1,12676.91409882605,12743.022332363631
2025-016F,2025-233D,3,1,8025.103993389071,8047.273074103942
2025-016F,2025-233E,3,1,11458.60816698388,11465.519244693338
2025-016F,2025-233F,3,1,12673.47496450148,12667.331068210924
2025-016F,2025-233G,3,1,13510.036384672989,13510.360633920845
2025-016F,2025-233H,3,1,13931.955357093655,13918.19866411071
2025-016F,2025-233J,3,1,13507.935132147411,13514.917176503337
2025-016F,2025-233K,3,1,13932.666804420629,13936.838662026348
2025-016F,2025-233M,3,1,9886.386585112234,9860.690679253197
2025-016F,2025-233N,3,1,8018.440370942703,7973.865161656233
2025-016F,2025-233P,3,1,5906.855221428109,5901.485131381349
2025-016F,2025-233Q,3,1,1214.884523249732,1142.2076065612268
2025-016F,2025-233R,3,1,3615.794342133802,3612.611899978796
2025-016F,2025-233S,3,1,1222.9713890350592,1214.2166270955624
2025-016F,2025-233T,3,1,3623.660569346385,3649.996785090754
2025-016F,2026-075A,3,6,5512.188808128748,5524.364850631819
2025-016F,2026-075B,3,6,6745.415953357018,6751.75605548036
2025-016F,2026-075C,3,6,4633.534719174872,4690.7865806251275
2025-016F,2026-075D,3,6,5465.323208096774,5434.086877207064
2025-016F,2026-075E,3,6,6223.358050988546,6227.730235247657
2025-016F,2026-075F,3,6,7062.558237195758,7067.939385055046
2025-016F,2026-075G,3,6,3550.9749642777365,3526.711705937606
2025-016F,2026-075H,3,6,6186.9351951716935,6176.410274842114
2025-016F,2026-075J,3,6,7165.054112675785,7168.131645046726
2025-016F,2026-075K,3,6,1208.4007399111551,1183.043925153066
2025-016F,2026-075L,3,6,6720.483550536854,6722.715947504596
2025-016F,2026-075M,3,6,4577.716588076653,4563.972973384642
2025-016F,2026-075N,3,6,2484.842339913417,2525.712764048897
2025-016F,2026-075P,3,6,36.44674995335119,59.59369339701813
2025-016F,2026-075Q,3,6,7049.920235550772,7049.839843989369
2025-016F,2026-075R,3,6,2416.365191599503,2376.879807484051
2025-016F,2026-075S,3,6,1280.2672211829338,1321.7673135644145
2025-016F,2026-075T,3,6,3614.1320827273807,3605.872102877218
2025-016F,2026-104A,3,7,6318.546570124424,6374.27961293649
2025-016F,2026-104B,3,7,8304.624829511919,8324.618808439114
2025-016F,2026-104C,3,7,7913.105591455124,7904.8629936322295
2025-016F,2026-104D,3,7,5020.729657297817,5019.63976228065
2025-016F,2026-104E,3,7,9289.047426930723,9299.975717448071
2025-016F,2026-104F,3,7,7424.389945480486,7433.613316031026
2025-016F,2026-104G,3,7,8932.562989741602,8948.247400316644
2025-016F,2026-104H,3,7,5718.706612673909,5687.552391380708
2025-016F,2026-104J,3,7,9363.33829757011,9367.250803424133
2025-016F,2026-104K,3,7,8664.743517697032,8661.784952003149
2025-016F,2026-104L,3,7,9153.073498597678,9135.978658068876
2025-016F,2026-104M,3,7,2834.573929387705,2822.362668624925
2025-016F,2026-104N,3,7,6921.058198562222,6870.358185571706
2025-016F,2026-104P,3,7,4342.594122948723,4326.699239427713
2025-016F,2026-104Q,3,7,1240.3506182654953,1193.7503449153262
2025-016F,2026-104R,3,7,2011.4973235623188,2009.5163952282414
2025-016F,2026-104S,3,7,392.0712633377841,427.94736151134924
2025-016F,2026-104T,3,7,3570.3741739061293,3569.134365234675
2025-016F,2026-108A,3,0,6840.332336056299,6818.954081499875
2025-016F,2026-108B,3,0,11877.612206888987,11855.214545466126
2025-016F,2026-108C,3,0,10140.337940455218,10186.58816404333
2025-016F,2026-108D,3,0,4851.525427660647,4893.249729159423
2025-016F,2026-108E,3,0,8621.324653056181,8627.199012620718
2025-016F,2026-108F,3,0,11351.262056776493,11341.672582018593
2025-016F,2026-108G,3,0,9501.994171140303,9420.737152597192
2025-016F,2026-108H,3,0,12712.07139409764,12699.81135334312
2025-016F,2026-108J,3,0,12217.268782268524,12204.453424593197
2025-016F,2026-108K,3,0,12820.617705691686,12807.3967531277
2025-016F,2026-108L,3,0,12539.619584802773,12523.233350961915
2025-016F,2026-108M,3,0,5980.304150707035,5968.329786438371
2025-016F,2026-108N,3,0,10854.705752281712,10789.4068961272
2025-016F,2026-108P,3,0,3918.3061589673994,3919.1696198500126
2025-016F,2026-108Q,3,0,7860.555142169668,7832.0781427722095
2025-016F,2026-108R,3,0,496.5529350061191,571.1704732556263
2025-016F,2026-108S,3,0,2715.2973221587363,2703.7998911980712
2025-016F,2026-108T,3,0,1737.3175607154928,1711.5155927668732
2025-016F,2026-121A,3,5,4724.130032361944,4765.260987199425
2025-016F,2026-121B,3,5,717.290211236561,723.2586670657541
2025-016F,2026-124A,3,8,5614.516465399659,5659.456653602532
2025-016F,2026-124B,3,8,7224.337737534232,7277.396465222421
2025-016F,2026-124C,3,8,8614.651186522504,8617.969954475368
2025-016F,2026-124D,3,8,9743.223924758224,9740.393514760512
2025-016F,2026-124E,3,8,10575.737509033821,10597.597745724039
2025-016F,2026-124F,3,8,11086.936118080806,11093.256543155097
2025-016F,2026-124G,3,8,11093.397210063682,11083.686846013821
2025-016F,2026-124H,3,8,11261.2360249337,11262.611608974978
2025-016F,2026-124J,3,8,10588.46232430833,10594.205352837675
2025-016F,2026-124K,3,8,7252.838763650734,7248.908170717115
2025-016F,2026-124L,3,8,5646.736275105004,5582.566785666263
2025-016F,2026-124M,3,8,3869.052798219364,3808.661324119197
2025-016F,2026-124N,3,8,18.60247339507878,13.095904787214371
2025-016F,2026-124P,3,8,1973.8639621935613,1952.3902206683379
2025-016F,2026-124Q,3,8,1937.2634892713183,1966.9056984749693
2025-016F,2026-124R,3,8,3834.091227201997,3875.548454283862
2025-016F,2026-124S,3,8,9761.826831704544,9740.260967328064
2025-016F,2026-124T,3,8,8638.565858826152,8630.175114640537
2025-016F,2026-125A,3,4,1370.7973101554871,1393.704478880529
2025-016F,2026-125B,3,4,1845.9575634746434,1877.014251599057
2025-016F,2026-125C,3,4,1844.3757881279537,1857.4565757021614
2025-016F,2026-125D,3,4,1633.431595260949,1669.215136561259
2025-016F,2026-125E,3,4,2002.756816008162,2035.5194256932875
2025-016F,2026-125F,3,4,2130.59927763552,2160.410339492105
2025-016F,2026-125G,3,4,2001.4958395217343,2029.3600816528156
2025-016F,2026-125H,3,4,2098.4869252680983,2126.3681792940583
2025-016F,2026-125J,3,4,1368.465086871589,1386.9561681163982
2025-016F,2026-125K,3,4,2097.9313317726055,2128.273073246994
2025-016F,2026-125L,3,4,727.5997249121283,726.3158522319472
2025-016F,2026-125M,3,4,1063.818071723791,1070.396658886271
2025-016F,2026-125N,3,4,368.29748473175124,357.3856381727059
2025-016F,2026-125P,3,4,371.72895071103153,374.12634422143225
2025-016F,2026-125Q,3,4,1067.0645038056707,1088.92882555169
2025-016F,2026-125R,3,4,1.6970052486648786,15.627212823758176
2025-016F,2026-125S,3,4,730.4089561943025,748.0163569366601
2025-016F,2026-125T,3,4,1631.004328806713,1648.939373103186
2025-016G,2025-046A,3,5,2956.2879543308027,2929.4784853741135
2025-016G,2025-046B,3,5,104.9414506291769,82.7549420496499
2025-016G,2025-046C,3,5,2452.970569762737,2421.2794703460945
2025-016G,2025-046D,3,5,3116.94861059234,3069.163319564726
2025-016G,2025-046F,3,5,4038.8620566611758,4066.6353054471347
2025-016G,2025-046G,3,5,3686.3252113653866,3654.596295841287
2025-016G,2025-046H,3,5,924.0209269110059,897.0158864917014
2025-016G,2025-046J,3,5,4143.6652587020335,4088.4390577809822
2025-016G,2025-046K,3,5,1517.203155465742,1510.9559313637058
2025-016G,2025-046M,3,5,4724.123579621424,4688.656309093587
2025-016G,2025-046N,3,5,4634.215578034075,4585.534895464663
2025-016G,2025-046P,3,5,4670.603895553093,4603.488155941394
2025-016G,2025-046Q,3,5,2271.3153744917668,2237.688886480838
2025-016G,2025-046R,3,5,4403.359598618317,4348.448522292515
2025-016G,2025-046S,3,5,1714.289830249967,1690.5212853975165
2025-016G,2025-046T,3,5,3551.4802214419456,3528.5534141273292
2025-016G,2025-233A,3,1,11453.946722214785,11450.106305735682
2025-016G,2025-233B,3,1,8018.442457988844,7807.104626859631
2025-016G,2025-233C,3,1,3615.797413503399,3477.8230274992416
2025-016G,2025-233D,3,1,9886.386463181807,9857.017622501036
2025-016G,2025-233E,3,1,5906.854064318827,5858.7301848151
2025-016G,2025-233F,3,1,8025.106350747216,7996.175007558167
2025-016G,2025-233G,3,1,1214.874263551698,1234.518757747329
2025-016G,2025-233H,3,1,3623.655576131237,3610.696780592852
2025-016G,2025-233J,3,1,5914.226172752734,5851.191862814773
2025-016G,2025-233K,3,1,1222.9758666658693,1243.1253754329612
2025-016G,2025-233M,3,1,11458.609227976003,11439.16967438325
2025-016G,2025-233N,3,1,12676.913198587385,12671.142915558452
2025-016G,2025-233P,3,1,13510.036867874775,13484.81997706852
2025-016G,2025-233Q,3,1,13931.955421596342,13903.723963571407
2025-016G,2025-233R,3,1,13932.665581276504,13914.33644090387
2025-016G,2025-233S,3,1,13507.93355600364,13497.831888872488
2025-016G,2025-233T,3,1,12673.474972081473,12650.396938980106
2025-016G,2026-075A,3,6,3550.964570944675,3524.7496970302977
2025-016G,2026-075B,3,6,1208.340051764285,1213.0282157004858
2025-016G,2026-075C,3,6,4577.741843099517,4499.497232006549
2025-016G,2026-075D,3,6,5512.204408273465,5503.833628854161
2025-016G,2026-075E,3,6,2416.3979610030574,2406.684563985351
2025-016G,2026-075F,3,6,36.44674995334796,18.214228054474553
2025-016G,2026-075G,3,6,6745.423301118491,6717.714787314599
2025-016G,2026-075H,3,6,4633.528223326636,4608.313771037355
2025-016G,2026-075J,3,6,1280.1814853931776,1301.4322073572096
2025-016G,2026-075K,3,6,7165.055946068793,7129.623082230223
2025-016G,2026-075L,3,6,3614.153042692017,3581.5911396965744
2025-016G,2026-075M,3,6,6223.34736124024,6190.376014696014
2025-016G,2026-075N,3,6,6186.9505630208305,6134.031130606824
2025-016G,2026-075P,3,6,7049.9004650034585,7009.258831266493
2025-016G,2026-075Q,3,6,2484.8448868202913,2457.8697262599394
2025-016G,2026-075R,3,6,7062.543659832024,7029.539941959753
2025-016G,2026-075S,3,6,6720.482960815517,6671.303148776043
2025-016G,2026-075T,3,6,5465.323120447532,5440.251205509359
2025-016G,2026-104A,3,7,5718.69968717778,5644.199339082796
2025-016G,2026-104B,3,7,2834.5498541692473,2803.0381850905956
2025-016G,2026-104C,3,7,6318.555593186912,6283.206447879331
2025-016G,2026-104D,3,7,6921.069800614278,6903.494155355027
2025-016G,2026-104E,3,7,391.82408626538114,434.2993985242641
2025-016G,2026-104F,3,7,4342.606019214843,4329.162409045025
2025-016G,2026-104G,3,7,1240.3691797034169,1203.515183415933
2025-016G,2026-104H,3,7,8304.628246260963,8285.524740378234
2025-016G,2026-104J,3,7,2011.4945320979368,1990.2494935659465
2025-016G,2026-104K,3,7,5020.72283499856,4995.897961538816
2025-016G,2026-104L,3,7,3570.409759427588,3567.1759024825683
2025-016G,2026-104M,3,7,9289.047398611794,9257.222272857734
2025-016G,2026-104N,3,7,7424.381474645614,7428.15881302033
2025-016G,2026-104P,3,7,8932.55274312003,8900.162887259605
2025-016G,2026-104Q,3,7,9363.330860985756,9326.001702463887
2025-016G,2026-104R,3,7,8664.756090050236,8632.858368640997
2025-016G,2026-104S,3,7,9153.073882764194,9111.348027616832
2025-016G,2026-104T,3,7,7913.104205528547,7886.658001456477
2025-016G,2026-108A,3,0,9501.990451433527,9491.422796598461
2025-016G,2026-108B,3,0,6840.338447412511,6787.24665560575
2025-016G,2026-108C,3,0,5980.2961932234,5892.079359654471
2025-016G,2026-108D,3,0,10854.707218720449,10800.910830323155
2025-016G,2026-108E,3,0,7860.555609590815,7831.38209097721
2025-016G,2026-108F,3,0,3918.305937444206,3914.540882176566
2025-016G,2026-108G,3,0,10140.337713550049,10155.042952286416
2025-016G,2026-108H,3,0,496.5511183427427,456.31980372542995
2025-016G,2026-108J,3,0,1737.3393676053404,1747.4196274187188
2025-016G,2026-108K,3,0,2715.3113598987616,2744.9325642682015
2025-016G,2026-108L,3,0,4851.512922550931,4819.947274916121
2025-016G,2026-108M,3,0,12217.268895719495,12175.161012505198
2025-016G,2026-108N,3,0,8621.3193986386,8634.350701829366
2025-016G,2026-108P,3,0,12712.074572560776,12669.476262576094
2025-016G,2026-108Q,3,0,11351.26378175999,11312.269770796616
2025-016G,2026-108R,3,0,12539.621830590055,12490.250132070703
2025-016G,2026-108S,3,0,11877.61026196261,11844.364977746593
2025-016G,2026-108T,3,0,12820.616858812507,12781.6482705647
2025-016G,2026-121A,3,5,717.4853645921123,708.4274292290681
2025-016G,2026-121B,3,5,4475.098156588544,4471.338429202407
2025-016G,2026-124A,3,8,8638.564328566446,8588.976095055486
2025-016G,2026-124B,3,8,7252.845866723111,7189.325276085922
2025-016G,2026-124C,3,8,5646.730336674542,5640.043252210785
2025-016G,2026-124D,3,8,3869.060863234874,3878.6480372532938
2025-016G,2026-124E,3,8,1973.836682420165,1926.591981711831
2025-016G,2026-124F,3,8,18.60247339507881,9.985871080772279
2025-016G,2026-124G,3,8,3834.088769518339,3854.977740468681
2025-016G,2026-124H,3,8,1937.2252082976495,1925.18437905752
2025-016G,2026-124J,3,8,5614.538692819278,5556.8028512562705
2025-016G,2026-124K,3,8,9743.21878786048,9699.868253251396
2025-016G,2026-124L,3,8,10575.738897758043,10563.537493008227
2025-016G,2026-124M,3,8,11086.929771568884,11062.926405105785
2025-016G,2026-124N,3,8,11093.396680908294,11058.492754744306
2025-016G,2026-124P,3,8,11261.23552528052,11225.544848967176
2025-016G,2026-124Q,3,8,10588.462881610323,10547.038596478988
2025-016G,2026-124R,3,8,9761.834190045824,9712.601154311302
2025-016G,2026-124S,3,8,7224.333621381538,7222.61771469419
2025-016G,2026-124T,3,8,8614.655249398445,8582.923910530464
2025-016G,2026-125A,3,4,1368.345474685761,1349.9996327772976
2025-016G,2026-125B,3,4,727.6130479314079,713.8568979388847
2025-016G,2026-125C,3,4,1370.8560729979754,1368.0270515237905
2025-016G,2026-125D,3,4,1063.805122346347,1038.9934143225446
2025-016G,2026-125E,3,4,368.33365693974775,350.04060358650094
2025-016G,2026-125F,3,4,371.6399068720714,369.54900490326446
2025-016G,2026-125G,3,4,1066.7758696465949,1056.706177267938
2025-016G,2026-125H,3,4,1.6970052487100664,10.519844281856635
2025-016G,2026-125J,3,4,1845.9629053113247,1833.034900632809
2025-016G,2026-125K,3,4,730.5661603146704,722.3770766248775
2025-016G,2026-125L,3,4,2098.4752876888397,2082.7107124211707
2025-016G,2026-125M,3,4,2002.8416619551235,1990.2901167184914
2025-016G,2026-125N,3,4,2130.657246733865,2112.576208057767
2025-016G,2026-125P,3,4,2001.5343561909976,1984.7472694563635
2025-016G,2026-125Q,3,4,1631.0231347336041,1605.1648483604156
2025-016G,2026-125R,3,4,2097.8975648017245,2077.247020816166
2025-016G,2026-125S,3,4,1844.3122104377157,1813.8901280222228
2025-016G,2026-125T,3,4,1633.3950425483881,1626.0558411246489
2025-016H,2025-046A,3,5,2271.2428482758055,2242.471220560511
2025-016H,2025-046B,3,5,923.941505434177,924.2964459658706
2025-016H,2025-046C,3,5,3116.9421610919676,3127.237238818174
2025-016H,2025-046D,3,5,3686.3566044611434,3684.5152831593527
2025-016H,2025-046F,3,5,3551.48376615322,3610.7726615472748
2025-016H,2025-046G,3,5,4143.65012139332,4154.8767181088315
2025-016H,2025-046H,3,5,1714.294264099793,1713.6287083162022
2025-016H,2025-046J,3,5,4475.11449243281,4459.229977382965
2025-016H,2025-046K,3,5,717.290211236563,698.568670140779
2025-016H,2025-046M,3,5,4634.183648939221,4631.948922868974
2025-016H,2025-046N,3,5,4403.3568421909495,4381.054414673011
2025-016H,2025-046P,3,5,4724.130032361943,4691.457906835962
2025-016H,2025-046Q,3,5,1517.228497124705,1477.4536730075126
2025-016H,2025-046R,3,5,4038.8596642872185,4003.990548863277
2025-016H,2025-046S,3,5,2453.035121896326,2464.5445141409195
2025-016H,2025-046T,3,5,2956.3907579352863,2939.897941684563
2025-016H,2025-233A,3,1,12673.474964501476,12708.937518637207
2025-016H,2025-233B,3,1,9886.386585112234,9760.971897155032
2025-016H,2025-233C,3,1,5906.855221428131,5844.9662410086075
2025-016H,2025-233D,3,1,11453.94476967764,11478.3972373737
2025-016H,2025-233E,3,1,8018.440370942708,8033.816115963142
2025-016H,2025-233F,3,1,5914.226198690429,5821.812646832422
2025-016H,2025-233G,3,1,3615.794342133802,3703.879919242483
2025-016H,2025-233H,3,1,1222.9713890350529,1141.0916820658013
2025-016H,2025-233J,3,1,3623.660569346385,3489.6489589375765
2025-016H,2025-233K,3,1,1214.8845232497197,1244.9311282585834
2025-016H,2025-233M,3,1,9892.138973517898,9828.179783770556
2025-016H,2025-233N,3,1,11458.60816698388,11422.384769102955
2025-016H,2025-233P,3,1,12676.91409882605,12626.00292615331
2025-016H,2025-233Q,3,1,13932.666804420629,13917.932480100171
2025-016H,2025-233R,3,1,13510.036384672989,13478.98332385202
2025-016H,2025-233S,3,1,13931.955357093655,13937.835148976954
2025-016H,2025-233T,3,1,13507.935132147411,13519.225366742172
2025-016H,2026-075A,3,6,4577.716588076656,4597.153954960176
2025-016H,2026-075B,3,6,2416.365191599503,2460.603929512449
2025-016H,2026-075C,3,6,5465.323208096774,5440.4446044701435
2025-016H,2026-075D,3,6,4633.53471917487,4624.16303685157
2025-016H,2026-075E,3,6,3550.9749642777424,3583.74185499196
2025-016H,2026-075F,3,6,1208.4007399111547,1255.1019026840272
2025-016H,2026-075G,3,6,6223.358050988547,6208.248417617379
2025-016H,2026-075H,3,6,3614.1320827273817,3576.729144372134
2025-016H,2026-075J,3,6,36.44674995334798,28.25831543750236
2025-016H,2026-075K,3,6,7062.558237195758,7054.633155704553
2025-016H,2026-075L,3,6,2484.8423399134144,2431.113399748028
2025-016H,2026-075M,3,6,5512.188808128747,5482.089119977657
2025-016H,2026-075N,3,6,6720.483550536855,6715.145826748516
2025-016H,2026-075P,3,6,7165.054112675785,7159.837680628565
2025-016H,2026-075Q,3,6,1280.2672211829401,1226.2796060150806
2025-016H,2026-075R,3,6,6745.415953357016,6735.313963950474
2025-016H,2026-075S,3,6,7049.920235550774,7044.665463580853
2025-016H,2026-075T,3,6,6186.9351951716935,6203.5411930230275
2025-016H,2026-104A,3,7,6921.058198562224,6904.798290452713
2025-016H,2026-104B,3,7,4342.594122948727,4363.630439037701
2025-016H,2026-104C,3,7,5020.7296572978175,4960.906598615195
2025-016H,2026-104D,3,7,7913.105591455127,7942.132444897494
2025-016H,2026-104E,3,7,1240.3506182654999,1231.0972072196644
2025-016H,2026-104F,3,7,5718.706612673912,5757.05277679268
2025-016H,2026-104G,3,7,2834.573929387705,2847.360419855694
2025-016H,2026-104H,3,7,7424.389945480488,7401.68366419056
2025-016H,2026-104J,3,7,392.0712633377852,326.3705371976483
2025-016H,2026-104K,3,7,3570.374173906129,3513.620967745485
2025-016H,2026-104L,3,7,2011.497323562319,1973.3739277780544
2025-016H,2026-104M,3,7,8932.562989741604,8911.92679935041
2025-016H,2026-104N,3,7,6318.54657012442,6313.996261589053
2025-016H,2026-104P,3,7,8304.624829511917,8274.763964016463
2025-016H,2026-104Q,3,7,9289.047426930723,9278.390424889985
2025-016H,2026-104R,3,7,9153.073498597678,9157.203526296951
2025-016H,2026-104S,3,7,9363.33829757011,9356.981302174736
2025-016H,2026-104T,3,7,8664.743517697034,8680.452942315887
2025-016H,2026-108A,3,0,10854.705752281716,10889.204044687049
2025-016H,2026-108B,3,0,4851.525427660647,4746.016252068768
2025-016H,2026-108C,3,0,7860.555142169665,7838.864368087263
2025-016H,2026-108D,3,0,11877.612206888987,11871.420295189982
2025-016H,2026-108E,3,0,9501.994171140299,9528.636888728488
2025-016H,2026-108F,3,0,5980.304150707045,6036.7134720696695
2025-016H,2026-108G,3,0,8621.324653056176,8609.797249456351
2025-016H,2026-108H,3,0,1737.317560715493,1820.6652529799344
2025-016H,2026-108J,3,0,3918.3061589674,3989.046223618717
2025-016H,2026-108K,3,0,496.5529350061191,465.1833047693552
2025-016H,2026-108L,3,0,2715.29732215872,2625.3331564647
2025-016H,2026-108M,3,0,11351.262056776492,11290.450942002499
2025-016H,2026-108N,3,0,6840.332336056294,6816.071990502436
2025-016H,2026-108P,3,0,12217.268782268524,12165.715878754152
2025-016H,2026-108Q,3,0,10140.337940455214,10074.534904898721
2025-016H,2026-108R,3,0,12820.617705691686,12804.017538356791
2025-016H,2026-108S,3,0,12539.619584802773,12534.899008640361
2025-016H,2026-108T,3,0,12712.071394097642,12681.540233675585
2025-016H,2026-121A,3,5,104.90168441595614,137.5263074478027
2025-016H,2026-121B,3,5,4670.581340629993,4705.20988632987
2025-016H,2026-124A,3,8,9761.826831704546,9766.831011480144
2025-016H,2026-124B,3,8,8638.56585882615,8635.887602322944
2025-016H,2026-124C,3,8,7252.838763650736,7301.961794688085
2025-016H,2026-124D,3,8,5646.736275105013,5712.590276813909
2025-016H,2026-124E,3,8,3869.0527982193685,3881.2065105157326
2025-016H,2026-124F,3,8,1973.8639621935615,2013.2480457993777
2025-016H,2026-124G,3,8,1937.2634892713081,1908.9743203282148
2025-016H,2026-124H,3,8,18.60247339508376,70.92581711577769
2025-016H,2026-124J,3,8,3834.091227201997,3728.2687993419336
2025-016H,2026-124K,3,8,8614.651186522502,8548.655339985855
2025-016H,2026-124L,3,8,9743.223924758224,9729.844418800492
2025-016H,2026-124M,3,8,10575.737509033823,10560.43539459674
2025-016H,2026-124N,3,8,11261.2360249337,11253.406333587072
2025-016H,2026-124P,3,8,11086.936118080805,11063.724893748435
2025-016H,2026-124Q,3,8,11093.397210063682,11089.128628464969
2025-016H,2026-124R,3,8,10588.462324308332,10586.748718967057
2025-016H,2026-124S,3,8,5614.516465399658,5577.078851443734
2025-016H,2026-124T,3,8,7224.337737534231,7161.827981876438
2025-016H,2026-125A,3,4,1631.004328806713,1649.1477453099926
2025-016H,2026-125B,3,4,1063.8180717237901,1079.6049247017463
2025-016H,2026-125C,3,4,1067.0645038056707,1073.5605244050805
2025-016H,2026-125D,3,4,1368.465086871588,1378.3521641352456
2025-016H,2026-125E,3,4,727.5997249121289,732.7630362963238
2025-016H,2026-125F,3,4,1.6970052486639369,15.83846948937499
2025-016H,2026-125G,3,4,730.4089561943032,719.9514808473821
2025-016H,2026-125H,3,4,368.2974847317511,387.17805012616793
2025-016H,2026-125J,3,4,1633.4315952609481,1639.3393458542257
2025-016H,2026-125K,3,4,371.7289507110314,358.995891362848
2025-016H,2026-125L,3,4,2002.7568160081616,2018.037393791988
2025-016H,2026-125M,3,4,1845.9575634746434,1860.0067670130302
2025-016H,2026-125N,3,4,2098.4869252680983,2116.8184230338074
2025-016H,2026-125P,3,4,2097.931331772606,2118.9349095402513
2025-016H,2026-125Q,3,4,1844.3757881279537,1857.2255759614302
2025-016H,2026-125R,3,4,2130.59927763552,2147.313712390034
2025-016H,2026-125S,3,4,2001.4958395217345,2011.2376532430683
2025-016H,2026-125T,3,4,1370.7973101554862,1378.0078944963425
2025-016J,2025-046A,3,5,2452.8935883025765,2454.4225256480086
2025-016J,2025-046B,3,5,4475.094057005669,4462.631820948538
2025-016J,2025-046C,3,5,4634.152080363895,4648.352593355939
2025-016J,2025-046D,3,5,4403.394148988507,4421.3315060216855
2025-016J,2025-046F,3,5,923.7242710508717,799.4738296847576
2025-016J,2025-046G,3,5,4038.7772865709567,4041.7003381538398
2025-016J,2025-046H,3,5,4670.6376444426605,4645.062870637985
2025-016J,2025-046J,3,5,3551.5660234775455,3526.257760366749
2025-016J,2025-046K,3,5,3686.2971105893153,3669.331177367988
2025-016J,2025-046M,3,5,1517.2008956611753,1514.442650233385
2025-016J,2025-046N,3,5,717.3669376090523,700.7606469853232
2025-016J,2025-046P,3,5,2271.4093201306223,2241.3941290460452
2025-016J,2025-046Q,3,5,3117.00253102873,3113.065534816016
2025-016J,2025-046R,3,5,105.0605145334679,111.72741634739799
2025-016J,2025-046S,3,5,4724.123484060596,4725.27810004232
2025-016J,2025-046T,3,5,1714.3381449500114,1705.2940777292206
2025-016J,2025-233A,3,1,11458.60929991691,11418.460343588858
2025-016J,2025-233B,3,1,13510.039168056352,13557.82273286556
2025-016J,2025-233C,3,1,13931.956762798342,13925.076470804308
2025-016J,2025-233D,3,1,12676.912730316564,12661.936084412764
2025-016J,2025-233E,3,1,13932.664347121023,13908.335146892277
2025-016J,2025-233F,3,1,8018.4425919061205,8055.743683310864
2025-016J,2025-233G,3,1,13507.931449544601,13523.984447957275
2025-016J,2025-233H,3,1,11453.943375585719,11458.518708745187
2025-016J,2025-233J,3,1,9886.38656379626,9944.538834327897
2025-016J,2025-233K,3,1,12673.47555808667,12669.955795127991
2025-016J,2025-233M,3,1,3615.8082269004885,3647.7468624244348
2025-016J,2025-233N,3,1,1214.8676452950456,1228.7909448134662
2025-016J,2025-233P,3,1,1222.998630846548,1141.5718264765435
2025-016J,2025-233Q,3,1,5914.228976410483,5900.762801441163
2025-016J,2025-233R,3,1,3623.6502502425246,3545.1254395690025
2025-016J,2025-233S,3,1,8025.102542946302,7968.237711821649
2025-016J,2025-233T,3,1,9892.138926995696,9868.6999083599
2025-016J,2026-075A,3,6,7062.529978516973,7060.766285221855
2025-016J,2026-075B,3,6,7049.876424985035,7059.218469955434
2025-016J,2026-075C,3,6,6745.447279313836,6758.783686279333
2025-016J,2026-075D,3,6,2416.485151467167,2398.779439108161
2025-016J,2026-075E,3,6,7165.074864919017,7164.860936265711
2025-016J,2026-075F,3,6,6720.49229050999,6732.5790893362955
2025-016J,2026-075G,3,6,36.44674995334798,25.499495663036114
2025-016J,2026-075H,3,6,3550.9633199480804,3558.4985028250444
2025-016J,2026-075J,3,6,6186.911394334282,6176.53182985085
2025-016J,2026-075K,3,6,2484.893959590185,2469.6280378443644
2025-016J,2026-075L,3,6,4577.732165701865,4598.131478079772
2025-016J,2026-075M,3,6,1208.3091118633054,1222.8148960525682
2025-016J,2026-075N,3,6,5512.198238552206,5518.851299493672
2025-016J,2026-075P,3,6,3614.102381835336,3605.5924406244853
2025-016J,2026-075Q,3,6,5465.324798874923,5478.254805564593
2025-016J,2026-075R,3,6,1280.0953695722753,1277.9811401876254
2025-016J,2026-075S,3,6,4633.538816690742,4641.001148504842
2025-016J,2026-075T,3,6,6223.34354174281,6199.527921431042
2025-016J,2026-104A,3,7,8932.541867874817,8942.583681415088
2025-016J,2026-104B,3,7,9363.314369053149,9365.927879259949
2025-016J,2026-104C,3,7,4342.6495953277845,4366.825824431501
2025-016J,2026-104D,3,7,8304.650410611988,8285.970875857858
2025-016J,2026-104E,3,7,8664.737490572204,8651.190735840393
2025-016J,2026-104F,3,7,9289.056590885246,9288.472783710671
2025-016J,2026-104G,3,7,9153.07695405637,9150.999890023597
2025-016J,2026-104H,3,7,1240.4755622340738,1243.7559658638888
2025-016J,2026-104J,3,7,7913.104616650196,7928.6335872681275
2025-016J,2026-104K,3,7,5718.698384315374,5737.8383384945955
2025-016J,2026-104L,3,7,6921.07547965705,6910.956861567157
2025-016J,2026-104M,3,7,2011.5316601631234,1969.878663133563
2025-016J,2026-104N,3,7,2834.53201288907,2803.3939053749486
2025-016J,2026-104P,3,7,391.54874469348977,354.52944160911017
2025-016J,2026-104Q,3,7,3570.36351144594,3561.420512433438
2025-016J,2026-104R,3,7,6318.560368608962,6284.3553463458375
2025-016J,2026-104S,3,7,5020.726302196126,5014.3911826840485
2025-016J,2026-104T,3,7,7424.376104780024,7397.424401608211
2025-016J,2026-108A,3,0,11351.254446336981,11306.155155858472
2025-016J,2026-108B,3,0,7860.561217218219,7886.866629218051
2025-016J,2026-108C,3,0,12712.072549343662,12704.6730965701
2025-016J,2026-108D,3,0,10140.345594986935,10127.070445760532
2025-016J,2026-108E,3,0,12217.272129079282,12195.115795454929
2025-016J,2026-108F,3,0,12820.61678745603,12807.669357245275
2025-016J,2026-108G,3,0,3918.310937548765,3870.3806028132317
2025-016J,2026-108H,3,0,11877.609464541842,11885.69165155931
2025-016J,2026-108J,3,0,12539.626614273797,12535.59599479716
2025-016J,2026-108K,3,0,10854.713535441359,10833.260004029164
2025-016J,2026-108L,3,0,9501.986877592888,9515.607464587194
2025-016J,2026-108M,3,0,496.5567696806845,423.9980803857908
2025-016J,2026-108N,3,0,5980.286420170304,5940.936825272623
2025-016J,2026-108P,3,0,2715.3077866744093,2630.0291849391756
2025-016J,2026-108Q,3,0,1737.2916314480592,1773.3388509122733
2025-016J,2026-108R,3,0,6840.349558325487,6849.314509285667
2025-016J,2026-108S,3,0,8621.312256939049,8561.350978707284
2025-016J,2026-108T,3,0,4851.512557703187,4796.018584176236
2025-016J,2026-121A,3,5,4143.726390278069,4183.34463835999
2025-016J,2026-121B,3,5,2956.2763598919782,2962.184922929355
2025-016J,2026-124A,3,8,9743.214768710546,9745.228716113606
2025-016J,2026-124B,3,8,10575.754007493175,10583.835299095663
2025-016J,2026-124C,3,8,11086.922575128743,11080.740339259242
2025-016J,2026-124D,3,8,11261.239937499877,11261.448949824946
2025-016J,2026-124E,3,8,11093.385826402116,11092.072924762975
2025-016J,2026-124F,3,8,10588.46373726532,10591.610949754691
2025-016J,2026-124G,3,8,8638.564360314665,8626.440633725799
2025-016J,2026-124H,3,8,9761.826380702632,9771.733833866487
2025-016J,2026-124J,3,8,7252.854961181959,7301.207756471606
2025-016J,2026-124K,3,8,1973.8129964373452,2024.735363077468
2025-016J,2026-124L,3,8,18.60247339508699,18.01861744471023
2025-016J,2026-124M,3,8,1937.180102576584,1931.5772372876052
2025-016J,2026-124N,3,8,5614.515893786932,5592.4652230351785
2025-016J,2026-124P,3,8,3834.0997485179823,3787.282601771072
2025-016J,2026-124Q,3,8,7224.33382451942,7206.1443123864965
2025-016J,2026-124R,3,8,8614.661127386807,8608.733951723672
2025-016J,2026-124S,3,8,5646.729040654154,5647.473863613779
2025-016J,2026-124T,3,8,3869.092743797221,3903.87158611268
2025-016J,2026-125A,3,4,2002.6580867103337,2023.5823133100898
2025-016J,2026-125B,3,4,2130.7089783638835,2157.494754193322
2025-016J,2026-125C,3,4,1063.9064184271192,1067.7447375026932
2025-016J,2026-125D,3,4,2098.518373048675,2126.4771747117234
2025-016J,2026-125E,3,4,2097.8906243073766,2121.4457611603293
2025-016J,2026-125F,3,4,1844.2605582338642,1869.6961213259433
2025-016J,2026-125G,3,4,1368.2080029724546,1391.3880676357705
2025-016J,2026-125H,3,4,2001.6809583466213,2027.6595445602684
2025-016J,2026-125J,3,4,368.3795283248055,382.5361794434615
2025-016J,2026-125K,3,4,1631.1461217882536,1657.257639012783
2025-016J,2026-125L,3,4,371.6386881891573,373.9328500049674
2025-016J,2026-125M,3,4,1.697005248705543,11.962238233868998
2025-016J,2026-125N,3,4,730.8001172521409,741.7267505650957
2025-016J,2026-125P,3,4,1371.0574579989327,1376.3800816736937
2025-016J,2026-125Q,3,4,1846.0687491096876,1863.8074715219525
2025-016J,2026-125R,3,4,1066.7573338010288,1074.261234621594
2025-016J,2026-125S,3,4,1633.1862335272797,1646.3443673906938
2025-016J,2026-125T,3,4,727.2268376260679,736.9320413266632
2025-016K,2025-046A,3,5,3551.526603849675,3551.665180797667
2025-016K,2025-046B,3,5,717.5876366753944,724.7572239812397
2025-016K,2025-046C,3,5,1714.3015567802877,1707.575302715272
2025-016K,2025-046D,3,5,2452.923391550561,2433.9152785994424
2025-016K,2025-046F,3,5,4403.356739668901,4450.03654604017
2025-016K,2025-046G,3,5,3116.9687339986017,3121.698955296718
2025-016K,2025-046H,3,5,104.86899557628813,98.06935391087856
2025-016K,2025-046J,3,5,3686.3053800069333,3674.860316692206
2025-016K,2025-046K,3,5,2271.37701222645,2273.4112802323343
2025-016K,2025-046M,3,5,4670.635575674236,4678.366173330449
2025-016K,2025-046N,3,5,4724.126148888211,4719.319173306412
2025-016K,2025-046P,3,5,4475.091344763058,4455.383439281395
2025-016K,2025-046Q,3,5,2956.2749485440827,2940.3393182106042
2025-016K,2025-046R,3,5,4634.217663060807,4620.835628349977
2025-016K,2025-046S,3,5,923.8495441546111,921.3292103110108
2025-016K,2025-046T,3,5,4038.7868064622544,4047.4196918317
2025-016K,2025-233A,3,1,9886.386472898688,9907.583200728352
2025-016K,2025-233B,3,1,5906.853860242121,5697.837233785576
2025-016K,2025-233C,3,1,1214.8686375437508,1092.5969177615132
2025-016K,2025-233D,3,1,8018.445247090436,8010.1820975450455
2025-016K,2025-233E,3,1,3615.802041762275,3591.4741805661447
2025-016K,2025-233F,3,1,9892.138373422345,9867.44044602373
2025-016K,2025-233G,3,1,1222.9849473064603,1167.45603402128
2025-016K,2025-233H,3,1,5914.227098659829,5892.37711068152
2025-016K,2025-233J,3,1,8025.104096109571,7964.4733981318095
2025-016K,2025-233K,3,1,3623.6521364275122,3631.46363695915
2025-016K,2025-233M,3,1,12676.91274241741,12667.612925843114
2025-016K,2025-233N,3,1,13510.037767760783,13514.295383012106
2025-016K,2025-233P,3,1,13932.66476217638,13928.12989855426
2025-016K,2025-233Q,3,1,13507.932294399896,13492.253838184028
2025-016K,2025-233R,3,1,13931.955890164718,13936.439383695373
2025-016K,2025-233S,3,1,12673.475042989297,12686.861146640911
2025-016K,2025-233T,3,1,11453.944863427692,11449.903848237642
2025-016K,2026-075A,3,6,2416.4458047412763,2417.7674235116597
2025-016K,2026-075B,3,6,36.44674995340415,11.647435969432852
2025-016K,2026-075C,3,6,3550.9644360428974,3499.4413552568176
2025-016K,2026-075D,3,6,6223.342524819069,6241.0402320244
2025-016K,2026-075E,3,6,1208.3095083109774,1221.270792880866
2025-016K,2026-075F,3,6,1280.1242002334661,1253.117913265158
2025-016K,2026-075G,3,6,7062.5342402628685,7072.584572815349
2025-016K,2026-075H,3,6,5512.218150907128,5510.783877358336
2025-016K,2026-075J,3,6,2484.862093485624,2506.537346930033
2025-016K,2026-075K,3,6,7049.885861466686,7056.5226635774225
2025-016K,2026-075L,3,6,4633.529589167966,4619.804550235562
2025-016K,2026-075M,3,6,6745.436049167011,6748.088426136754
2025-016K,2026-075N,3,6,5465.3223952913895,5447.88659486726
2025-016K,2026-075P,3,6,6720.484915490495,6720.904609770278
2025-016K,2026-075Q,3,6,3614.122672780764,3597.008996419594
2025-016K,2026-075R,3,6,7165.062863490081,7170.238704727196
2025-016K,2026-075S,3,6,6186.928034824031,6174.885461354349
2025-016K,2026-075T,3,6,4577.762613119394,4592.432569112817
2025-016K,2026-104A,3,7,4342.624510041206,4293.06833772362
2025-016K,2026-104B,3,7,1240.4108284799477,1229.0935504456365
2025-016K,2026-104C,3,7,7424.376861075081,7411.610229885265
2025-016K,2026-104D,3,7,5718.697769436885,5736.915476514291
2025-016K,2026-104E,3,7,2011.5059777158058,2046.118026966688
2025-016K,2026-104F,3,7,2834.535881949249,2847.475625759165
2025-016K,2026-104G,3,7,391.64988086823473,401.4988743858155
2025-016K,2026-104H,3,7,8932.545702493237,8942.657067029104
2025-016K,2026-104J,3,7,3570.382625049887,3550.369908102985
2025-016K,2026-104K,3,7,6318.575701272674,6309.6714162471335
2025-016K,2026-104L,3,7,5020.721716629742,5022.540897739125
2025-016K,2026-104M,3,7,9363.321085769086,9371.012735522612
2025-016K,2026-104N,3,7,8304.635111427713,8328.178369460677
2025-016K,2026-104P,3,7,9289.050453265183,9292.985960265152
2025-016K,2026-104Q,3,7,9153.073854024573,9150.744638254831
2025-016K,2026-104R,3,7,7913.104649893263,7921.791933163798
2025-016K,2026-104S,3,7,8664.748053902538,8657.947812296592
2025-016K,2026-104T,3,7,6921.085540402235,6933.2468558040855
2025-016K,2026-108A,3,0,7860.557634607978,7882.591161683677
2025-016K,2026-108B,3,0,8621.312361571361,8573.853575798244
2025-016K,2026-108C,3,0,3918.306875142649,3851.3135738939627
2025-016K,2026-108D,3,0,9501.988020250037,9472.233201394192
2025-016K,2026-108E,3,0,5980.290283040787,5978.753095762396
2025-016K,2026-108F,3,0,1737.3119759990623,1758.1296547293762
2025-016K,2026-108G,3,0,11351.25979101193,11369.84460764925
2025-016K,2026-108H,3,0,2715.3253124913476,2662.4104754260406
2025-016K,2026-108J,3,0,496.54937029069526,449.1162514847102
2025-016K,2026-108K,3,0,4851.512736615561,4871.746966974781
2025-016K,2026-108L,3,0,6840.344019756811,6807.973185871235
2025-016K,2026-108M,3,0,12712.076112886854,12696.52841893703
2025-016K,2026-108N,3,0,10140.341836067359,10154.635772679549
2025-016K,2026-108P,3,0,12820.616966924386,12809.365372661412
2025-016K,2026-108Q,3,0,12217.268707388117,12198.344027731222
2025-016K,2026-108R,3,0,11877.609347846555,11845.726193846791
2025-016K,2026-108S,3,0,10854.709813108,10853.901950883721
2025-016K,2026-108T,3,0,12539.625052764588,12528.695477108175
2025-016K,2026-121A,3,5,1517.2059054795616,1516.9963117663476
2025-016K,2026-121B,3,5,4143.69068173396,4183.854735335972
2025-016K,2026-124A,3,8,7252.855770536411,7230.244831080186
2025-016K,2026-124B,3,8,5646.72799562936,5607.128874381326
2025-016K,2026-124C,3,8,3869.0741784493503,3889.799056969942
2025-016K,2026-124D,3,8,1973.8196937413604,2007.4259305253627
2025-016K,2026-124E,3,8,18.60247339508591,14.621749705022035
2025-016K,2026-124F,3,8,1937.197412574389,1926.9982059624035
2025-016K,2026-124G,3,8,5614.525484309876,5635.455251156232
2025-016K,2026-124H,3,8,3834.091609961733,3818.016797367974
2025-016K,2026-124J,3,8,7224.332317042386,7179.943328582634
2025-016K,2026-124K,3,8,10575.742207244233,10561.61053290207
2025-016K,2026-124L,3,8,11086.925257249497,11096.13983342541
2025-016K,2026-124M,3,8,11261.236829469826,11262.633828063936
2025-016K,2026-124N,3,8,10588.462350210017,10584.911455517502
2025-016K,2026-124P,3,8,11093.390338092455,11092.115467691216
2025-016K,2026-124Q,3,8,9761.833588710986,9751.457238961359
2025-016K,2026-124R,3,8,8638.565011662715,8618.021658305082
2025-016K,2026-124S,3,8,8614.669735916119,8626.009415295317
2025-016K,2026-124T,3,8,9743.215735843065,9734.24928665296
2025-016K,2026-125A,3,4,1063.8339549856091,1077.0868829754481
2025-016K,2026-125B,3,4,368.2962549888468,372.06560352829655
2025-016K,2026-125C,3,4,1633.206498211375,1658.5703135733424
2025-016K,2026-125D,3,4,727.3880612345581,726.3917847747263
2025-016K,2026-125E,3,4,1.6970052488413638,14.901732310803043
2025-016K,2026-125F,3,4,730.7868523365179,733.8293590623615
2025-016K,2026-125G,3,4,1370.939839738965,1383.5582428478203
2025-016K,2026-125H,3,4,371.67575378917985,366.82317355261205
2025-016K,2026-125J,3,4,2002.8118512451647,2031.4535146665569
2025-016K,2026-125K,3,4,1066.7448446762742,1074.7223617072518
2025-016K,2026-125L,3,4,2130.7369996917832,2160.861907090077
2025-016K,2026-125M,3,4,2098.4799867229954,2130.6251262559604
2025-016K,2026-125N,3,4,2097.8859239531143,2126.098258179964
2025-016K,2026-125P,3,4,1844.2737999379272,1873.9634374433454
2025-016K,2026-125Q,3,4,1368.2597779040502,1379.0829157244314
2025-016K,2026-125R,3,4,2001.5960631984262,2027.5893845627345
2025-016K,2026-125S,3,4,1631.0703998988922,1642.7110740234361
2025-016K,2026-125T,3,4,1846.0065425483567,1874.6725750784938
2025-016L,2025-046A,3,5,4038.7772865709608,4049.7288881492013
2025-016L,2025-046B,3,5,1517.2008956611753,1541.661538545769
2025-016L,2025-046C,3,5,923.724271050867,893.7764654765
2025-016L,2025-046D,3,5,1714.33814495001,1671.328669660426
2025-016L,2025-046F,3,5,4634.152080363895,4661.681278212571
2025-016L,2025-046G,3,5,2452.8935883025783,2437.1056414378945
2025-016L,2025-046H,3,5,717.3669376090501,722.630342234743
2025-016L,2025-046J,3,5,3117.00253102873,3090.501910482469
2025-016L,2025-046K,3,5,2956.2763598919782,2971.7142940083654
2025-016L,2025-046M,3,5,4475.094057005668,4471.052166184903
2025-016L,2025-046N,3,5,4670.6376444426605,4660.065870051805
2025-016L,2025-046P,3,5,4143.7263902780705,4114.19224749829
2025-016L,2025-046Q,3,5,3551.566023477544,3548.0620672809096
2025-016L,2025-046R,3,5,4724.123484060596,4709.699754818533
2025-016L,2025-046S,3,5,105.06051453346794,83.46556454100231
2025-016L,2025-046T,3,5,4403.394148988507,4417.21724178113
2025-016L,2025-233A,3,1,8018.442591906114,7997.7760296794395
2025-016L,2025-233B,3,1,3615.80822690049,3342.1178455171384
2025-016L,2025-233C,3,1,1222.9986308465477,1381.0130860036759
2025-016L,2025-233D,3,1,5906.853876505403,5849.196872360125
2025-016L,2025-233E,3,1,1214.8676452950579,1141.468525127712
2025-016L,2025-233F,3,1,11458.609299916905,11471.933437231852
2025-016L,2025-233G,3,1,3623.6502502425315,3624.4221660957905
2025-016L,2025-233H,3,1,8025.1025429463025,8049.566448764343
2025-016L,2025-233J,3,1,9892.138926995702,9880.505981106624
2025-016L,2025-233K,3,1,5914.228976410476,5972.401701821695
2025-016L,2025-233M,3,1,13510.039168056353,13518.371191155107
2025-016L,2025-233N,3,1,13932.664347121023,13940.728065110423
2025-016L,2025-233P,3,1,13931.956762798342,13929.445063302122
2025-016L,2025-233Q,3,1,12673.47555808667,12628.380285046278
2025-016L,2025-233R,3,1,13507.9314495446,13504.1165393196
2025-016L,2025-233S,3,1,11453.943375585726,11438.589578188627
2025-016L,2025-233T,3,1,9886.38656379626,9841.502153738613
2025-016L,2026-075A,3,6,1208.3091118633045,1181.1864270221292
2025-016L,2026-075B,3,6,1280.0953695722721,1280.9736259347017
2025-016L,2026-075C,3,6,2416.485151467166,2333.108865798228
2025-016L,2026-075D,3,6,6745.4472793138375,6768.129749201988
2025-016L,2026-075E,3,6,36.44674995334796,42.74470733415513
2025-016L,2026-075F,3,6,2484.893959590185,2487.2571596799953
2025-016L,2026-075G,3,6,7165.074864919017,7172.355334182018
2025-016L,2026-075H,3,6,6223.343541742811,6236.456194011729
2025-016L,2026-075J,3,6,3614.102381835336,3659.43236699711
2025-016L,2026-075K,3,6,6720.49229050999,6714.159196738336
2025-016L,2026-075L,3,6,5512.198238552207,5519.786750352956
2025-016L,2026-075M,3,6,7062.529978516973,7070.13062952765
2025-016L,2026-075N,3,6,4577.73216570186,4532.699148847583
2025-016L,2026-075P,3,6,6186.911394334282,6168.59578073025
2025-016L,2026-075Q,3,6,4633.538816690746,4640.486107198692
2025-016L,2026-075R,3,6,7049.876424985035,7044.6033117644
2025-016L,2026-075S,3,6,5465.32479887492,5428.101963370611
2025-016L,2026-075T,3,6,3550.9633199480827,3542.3848463309405
2025-016L,2026-104A,3,7,2834.5320128890726,2745.979661052399
2025-016L,2026-104B,3,7,391.5487446934898,428.738305553174
2025-016L,2026-104C,3,7,8304.650410611986,8312.082163915444
2025-016L,2026-104D,3,7,4342.649595327781,4328.690923803306
2025-016L,2026-104E,3,7,3570.36351144594,3638.220215124198
2025-016L,2026-104F,3,7,1240.4755622340735,1217.267898715363
2025-016L,2026-104G,3,7,2011.5316601631196,2058.5705896847044
2025-016L,2026-104H,3,7,9289.056590885248,9301.62231689465
2025-016L,2026-104J,3,7,5020.726302196129,5035.02207964342
2025-016L,2026-104K,3,7,7424.3761047800235,7440.9893062178935
2025-016L,2026-104L,3,7,6318.5603686089635,6346.109034272093
2025-016L,2026-104M,3,7,9153.07695405637,9153.66701679259
2025-016L,2026-104N,3,7,8932.54186787482,8959.944003406314
2025-016L,2026-104P,3,7,9363.31436905315,9366.50545777369
2025-016L,2026-104Q,3,7,8664.737490572204,8643.016083678676
2025-016L,2026-104R,3,7,6921.075479657047,6905.430147948141
2025-016L,2026-104S,3,7,7913.1046166501965,7880.9801578976585
2025-016L,2026-104T,3,7,5718.698384315373,5702.121019959417
2025-016L,2026-108A,3,0,5980.286420170298,5963.151582665752
2025-016L,2026-108B,3,0,10140.345594986931,10127.933141395093
2025-016L,2026-108C,3,0,1737.2916314480572,1621.5216565135297
2025-016L,2026-108D,3,0,7860.561217218218,7788.025713976896
2025-016L,2026-108E,3,0,3918.3109375487606,3871.847921507866
2025-016L,2026-108F,3,0,496.5567696806845,506.14687748402395
2025-016L,2026-108G,3,0,12217.272129079282,12240.90985512139
2025-016L,2026-108H,3,0,4851.512557703177,4847.101273674498
2025-016L,2026-108J,3,0,2715.3077866744093,2716.907020516276
2025-016L,2026-108K,3,0,6840.349558325487,6900.5708390068185
2025-016L,2026-108L,3,0,8621.312256939042,8628.88804810398
2025-016L,2026-108M,3,0,12820.61678745603,12808.717464499548
2025-016L,2026-108N,3,0,11351.25444633698,11381.283806832136
2025-016L,2026-108P,3,0,12539.626614273797,12524.927309925613
2025-016L,2026-108Q,3,0,12712.072549343662,12702.88413780547
2025-016L,2026-108R,3,0,10854.713535441357,10786.20015369256
2025-016L,2026-108S,3,0,9501.986877592892,9471.530744270982
2025-016L,2026-108T,3,0,11877.609464541838,11849.238074131756
2025-016L,2026-121A,3,5,2271.4093201306223,2295.3120276401773
2025-016L,2026-121B,3,5,3686.2971105893153,3709.8367071015514
2025-016L,2026-124A,3,8,5646.729040654154,5581.709375840349
2025-016L,2026-124B,3,8,3869.0927437972223,3784.1395599902444
2025-016L,2026-124C,3,8,1973.8129964373488,1952.3653431892687
2025-016L,2026-124D,3,8,18.602473395091973,13.184687474018496
2025-016L,2026-124E,3,8,1937.1801025765894,1996.672777655053
2025-016L,2026-124F,3,8,3834.099748517977,3867.0522712614093
2025-016L,2026-124G,3,8,7224.333824519417,7277.942648754258
2025-016L,2026-124H,3,8,5614.515893786932,5639.1501478330165
2025-016L,2026-124J,3,8,8614.661127386807,8606.864388346421
2025-016L,2026-124K,3,8,11086.922575128743,11086.494001371333
2025-016L,2026-124L,3,8,11261.239937499877,11263.179018829753
2025-016L,2026-124M,3,8,11093.385826402116,11080.838962231703
2025-016L,2026-124N,3,8,9761.826380702636,9732.714449017765
2025-016L,2026-124P,3,8,10588.46373726532,10572.823037843234
2025-016L,2026-124Q,3,8,8638.56436031466,8596.317230382683
2025-016L,2026-124R,3,8,7252.854961181958,7193.951584581046
2025-016L,2026-124S,3,8,9743.214768710546,9776.35650166553
2025-016L,2026-124T,3,8,10575.754007493179,10586.367302449185
2025-016L,2026-125A,3,4,727.2268376260674,726.9643341434773
2025-016L,2026-125B,3,4,1.6970052487048606,13.566290259365344
2025-016L,2026-125C,3,4,1846.068749109688,1875.7829638314174
2025-016L,2026-125D,3,4,368.37952832480556,352.830173699828
2025-016L,2026-125E,3,4,371.6386881891564,391.76842189857695
2025-016L,2026-125F,3,4,1066.7573338010288,1082.6813645736854
2025-016L,2026-125G,3,4,1633.1862335272797,1655.5051996804857
2025-016L,2026-125H,3,4,730.8001172521408,738.1904182677407
2025-016L,2026-125J,3,4,2098.5183730486747,2129.7391775045567
2025-016L,2026-125K,3,4,1371.0574579989327,1390.078245880016
2025-016L,2026-125L,3,4,2097.8906243073766,2123.597108785708
2025-016L,2026-125M,3,4,2130.7089783638835,2160.801232452455
2025-016L,2026-125N,3,4,2001.6809583466213,2021.5371412616707
2025-016L,2026-125P,3,4,1631.1461217882536,1651.4855269075283
2025-016L,2026-125Q,3,4,1063.9064184271188,1061.6841297528817
2025-016L,2026-125R,3,4,1844.2605582338642,1861.7306529842463
2025-016L,2026-125S,3,4,1368.2080029724546,1367.8246004580976
2025-016L,2026-125T,3,4,2002.6580867103337,2035.1117001511436
2025-016M,2025-046A,3,5,923.61212233249,904.6814566783486
2025-016M,2025-046B,3,5,3686.2969881246427,3661.0730313411364
2025-016M,2025-046C,3,5,4670.564341005167,4683.832831893556
2025-016M,2025-046D,3,5,4724.1879882663,4740.1270594525095
2025-016M,2025-046F,3,5,717.1036623727124,842.5340660501555
2025-016M,2025-046G,3,5,4634.144683873797,4648.981064340484
2025-016M,2025-046H,3,5,4143.65537632345,4113.085369910467
2025-016M,2025-046J,3,5,4403.442607837624,4390.731608886815
2025-016M,2025-046K,3,5,2452.886108950268,2418.260954097632
2025-016M,2025-046M,3,5,2956.2805887990494,2974.4445291820707
2025-016M,2025-046N,3,5,2271.2886551768897,2272.7082047082067
2025-016M,2025-046P,3,5,3551.542100819137,3534.867517896905
2025-016M,2025-046Q,3,5,1714.4858986131587,1697.072786325854
2025-016M,2025-046R,3,5,1517.2554863724374,1511.6443351617845
2025-016M,2025-046S,3,5,4475.128053547699,4474.247511172256
2025-016M,2025-046T,3,5,106.6482493059235,74.9137424636421
2025-016M,2025-233A,3,1,13510.036906182631,13509.6348629425
2025-016M,2025-233B,3,1,13931.956821967538,13904.749959236298
2025-016M,2025-233C,3,1,12673.478010100518,12604.421639323005
2025-016M,2025-233D,3,1,13932.664729145798,13933.220498784262
2025-016M,2025-233E,3,1,13507.931010082157,13470.362560663802
2025-016M,2025-233F,3,1,3615.797625629857,3598.3561109850384
2025-016M,2025-233G,3,1,11453.941874349388,11449.947698778033
2025-016M,2025-233H,3,1,8018.439043347582,7978.174160884525
2025-016M,2025-233J,3,1,5906.855133811191,5922.7679560025335
2025-016M,2025-233K,3,1,9886.388453826097,9834.550122816485
2025-016M,2025-233M,3,1,1222.999508858609,1229.7415508233405
2025-016M,2025-233N,3,1,3623.64994409088,3652.1038135105264
2025-016M,2025-233P,3,1,5914.235587431117,5895.565259712419
2025-016M,2025-233Q,3,1,9892.14174138184,9923.598812950786
2025-016M,2025-233R,3,1,8025.101541049042,8009.927775344567
2025-016M,2025-233S,3,1,11458.607615665958,11456.894309773435
2025-016M,2025-233T,3,1,12676.914038321862,12691.11617561758
2025-016M,2026-075A,3,6,7049.873053286554,7049.319219850037
2025-016M,2026-075B,3,6,6186.895776701012,6190.360834114243
2025-016M,2026-075C,3,6,7165.0701184568225,7165.052186383347
2025-016M,2026-075D,3,6,36.446749953348025,75.0309564465455
2025-016M,2026-075E,3,6,6720.516357656931,6719.158162155809
2025-016M,2026-075F,3,6,5465.349601516421,5465.6822505994905
2025-016M,2026-075G,3,6,2484.978746735945,2503.358087742139
2025-016M,2026-075H,3,6,1208.3167035635665,1186.7999728625673
2025-016M,2026-075J,3,6,4577.695142973725,4537.429750945019
2025-016M,2026-075K,3,6,4633.580856514522,4647.597428141572
2025-016M,2026-075L,3,6,2416.384865732463,2411.1776479396103
2025-016M,2026-075M,3,6,1280.0918993231621,1286.1434742868769
2025-016M,2026-075N,3,6,6745.420135795126,6761.721467028601
2025-016M,2026-075P,3,6,5512.178239204073,5528.098947532779
2025-016M,2026-075Q,3,6,3550.980977111708,3541.976732607471
2025-016M,2026-075R,3,6,3614.0920374973875,3640.3407348472915
2025-016M,2026-075S,3,6,6223.363135588567,6246.026238104783
2025-016M,2026-075T,3,6,7062.536928531158,7058.793290669147
2025-016M,2026-104A,3,7,9363.310111167142,9360.7899515876
2025-016M,2026-104B,3,7,8664.726279187524,8652.957346929461
2025-016M,2026-104C,3,7,1240.507247312564,1228.131289143849
2025-016M,2026-104D,3,7,9289.059839199603,9292.786394051765
2025-016M,2026-104E,3,7,6921.053168162995,6869.20713180508
2025-016M,2026-104F,3,7,9153.097063877352,9155.210069939641
2025-016M,2026-104G,3,7,7913.115407288256,7886.043926067225
2025-016M,2026-104H,3,7,2011.6257329628086,2037.8199574454861
2025-016M,2026-104J,3,7,5718.703300076785,5707.0985503881075
2025-016M,2026-104K,3,7,2834.5331606086493,2817.083836680343
2025-016M,2026-104L,3,7,4342.612484238657,4297.4327542315
2025-016M,2026-104M,3,7,5020.7525850320335,5021.574137045503
2025-016M,2026-104N,3,7,391.52971549428094,451.2846085910598
2025-016M,2026-104P,3,7,3570.3493470788876,3573.891574307432
2025-016M,2026-104Q,3,7,6318.543300211624,6342.609986186787
2025-016M,2026-104R,3,7,8304.630527370058,8303.28582634947
2025-016M,2026-104S,3,7,7424.386164014324,7446.242623258959
2025-016M,2026-104T,3,7,8932.543816686519,8933.379352440063
2025-016M,2026-108A,3,0,12712.067705848714,12698.50503422341
2025-016M,2026-108B,3,0,3918.3284364211045,3905.15322621284
2025-016M,2026-108C,3,0,12539.618163556366,12505.959046104254
2025-016M,2026-108D,3,0,12217.27834998087,12222.625506492486
2025-016M,2026-108E,3,0,12820.623021200054,12808.218523683627
2025-016M,2026-108F,3,0,11877.612790364748,11858.666059646532
2025-016M,2026-108G,3,0,496.64553122042446,579.5651910943451
2025-016M,2026-108H,3,0,9501.986781314708,9487.99264016592
2025-016M,2026-108J,3,0,10854.711166029443,10836.605524942923
2025-016M,2026-108K,3,0,7860.568848424913,7788.846966790059
2025-016M,2026-108L,3,0,5980.284836390956,5953.467145495867
2025-016M,2026-108M,3,0,4851.516596019782,4832.123729742246
2025-016M,2026-108N,3,0,1737.2720844798969,1644.3498845802626
2025-016M,2026-108P,3,0,6840.337434260961,6809.801036010501
2025-016M,2026-108Q,3,0,2715.2862620662354,2712.7046644139787
2025-016M,2026-108R,3,0,10140.344638174298,10178.312401368332
2025-016M,2026-108S,3,0,11351.254290401479,11333.560166644605
2025-016M,2026-108T,3,0,8621.31258243405,8614.364945417807
2025-016M,2026-121A,3,5,3117.053101082601,3138.016361518218
2025-016M,2026-121B,3,5,4038.776437655513,4071.5824258592907
2025-016M,2026-124A,3,8,11086.922707495121,11098.73906773455
2025-016M,2026-124B,3,8,11261.244434060713,11263.677932616984
2025-016M,2026-124C,3,8,11093.382296419844,11094.800697617598
2025-016M,2026-124D,3,8,10588.478828842137,10590.221035139748
2025-016M,2026-124E,3,8,9761.818207392555,9730.486354340153
2025-016M,2026-124F,3,8,8638.570112084575,8612.268141610644
2025-016M,2026-124G,3,8,5646.730645135294,5585.946400947189
2025-016M,2026-124H,3,8,7252.838358971882,7228.893297353513
2025-016M,2026-124J,3,8,3869.073040553591,3881.604291043704
2025-016M,2026-124K,3,8,1937.1763247740403,1918.426447304377
2025-016M,2026-124L,3,8,3834.131919779778,3884.757842382421
2025-016M,2026-124M,3,8,5614.507566797252,5652.528034287526
2025-016M,2026-124N,3,8,8614.650984332686,8631.058121579092
2025-016M,2026-124P,3,8,7224.34527490414,7223.190957273026
2025-016M,2026-124Q,3,8,9743.219089102857,9755.897096252416
2025-016M,2026-124R,3,8,10575.741903782886,10589.35573663531
2025-016M,2026-124S,3,8,1973.813135386197,1924.1445921374393
2025-016M,2026-124T,3,8,18.60247339507877,11.01120652727409
2025-016M,2026-125A,3,4,2130.5489102205174,2156.3790499685265
2025-016M,2026-125B,3,4,2001.4972766433093,2026.2139702344032
2025-016M,2026-125C,3,4,368.9236797461417,356.8457807892194
2025-016M,2026-125D,3,4,2097.983758328643,2123.5560568508645
2025-016M,2026-125E,3,4,1844.3095823747115,1859.9778725333292
2025-016M,2026-125F,3,4,1368.1973609657562,1384.3023456373178
2025-016M,2026-125G,3,4,727.0958330585062,737.0756268928263
2025-016M,2026-125H,3,4,1631.2136947824447,1651.882861106763
2025-016M,2026-125J,3,4,371.92854609326776,373.9618666891018
2025-016M,2026-125K,3,4,1064.1821964142043,1078.304411161113
2025-016M,2026-125L,3,4,1066.7731732999669,1085.492479585766
2025-016M,2026-125M,3,4,730.4155921250049,744.8794244984471
2025-016M,2026-125N,3,4,1370.9451429830658,1397.0422733278267
2025-016M,2026-125P,3,4,1846.1613480999517,1866.9129627138134
2025-016M,2026-125Q,3,4,2098.6499332384906,2121.974237117188
2025-016M,2026-125R,3,4,1633.1859562101597,1655.0302429470812
2025-016M,2026-125S,3,4,2002.6482130979282,2023.1788740855366
2025-016M,2026-125T,3,4,1.6970052499368904,12.039270515515632
2025-016N,2025-046A,3,5,1714.3995931361223,1690.5198502984156
2025-016N,2025-046B,3,5,4143.728722107421,4119.435156199459
2025-016N,2025-046C,3,5,4724.158353316652,4742.542407474986
2025-016N,2025-046D,3,5,4634.143783527754,4658.584181837227
2025-016N,2025-046F,3,5,105.65585343633333,32.87769036826933
2025-016N,2025-046G,3,5,4403.425942673989,4422.400420776275
2025-016N,2025-046H,3,5,4475.091243884411,4444.782040073791
2025-016N,2025-046J,3,5,4038.7783196392857,4031.9610297061536
2025-016N,2025-046K,3,5,3117.0500012090884,3080.2651064783972
2025-016N,2025-046M,3,5,2271.33960614468,2296.1695518550605
2025-016N,2025-046N,3,5,1517.2141454903228,1527.1091388709242
2025-016N,2025-046P,3,5,2956.2737887802596,2948.5162774630885
2025-016N,2025-046Q,3,5,2452.8811606775753,2429.231881385495
2025-016N,2025-046R,3,5,717.2055994401911,721.388736026707
2025-016N,2025-046S,3,5,4670.572573143587,4672.140052015031
2025-016N,2025-046T,3,5,923.645126468198,887.2780356295098
2025-016N,2025-233A,3,1,12676.913162284853,12684.84559041443
2025-016N,2025-233B,3,1,13932.664336110825,13953.917604362112
2025-016N,2025-233C,3,1,13507.931021438551,13462.274105259066
2025-016N,2025-233D,3,1,13510.037828777837,13523.049466453262
2025-016N,2025-233E,3,1,13931.958120687004,13903.031191208096
2025-016N,2025-233F,3,1,5906.854028641977,5873.065538851938
2025-016N,2025-233G,3,1,12673.476517373098,12664.071884224984
2025-016N,2025-233H,3,1,9886.387224105623,9836.42492307
2025-016N,2025-233J,3,1,8018.440466598008,8017.655011808052
2025-016N,2025-233K,3,1,11453.94237922596,11401.590249302604
2025-016N,2025-233M,3,1,1214.8677243693915,1167.0157746140148
2025-016N,2025-233N,3,1,1223.016917119937,1273.9515422791076
2025-016N,2025-233P,3,1,3623.649917580355,3625.1717038627403
2025-016N,2025-233Q,3,1,8025.101691259133,8080.795381627422
2025-016N,2025-233R,3,1,5914.231806002167,5916.898837307232
2025-016N,2025-233S,3,1,9892.140049649252,9904.193325942018
2025-016N,2025-233T,3,1,11458.608212149968,11489.49267363526
2025-016N,2026-075A,3,6,7165.085437347894,7168.594743673588
2025-016N,2026-075B,3,6,6720.505085849857,6722.422558865782
2025-016N,2026-075C,3,6,7062.530874607313,7078.377538454138
2025-016N,2026-075D,3,6,1208.3058318932028,1148.8654621871276
2025-016N,2026-075E,3,6,7049.872155587313,7049.1814313354525
2025-016N,2026-075F,3,6,6186.900641613317,6184.000366219907
2025-016N,2026-075G,3,6,1280.0949953568047,1309.949901093878
2025-016N,2026-075H,3,6,2416.4274717212224,2386.2312765852676
2025-016N,2026-075J,3,6,5465.333867630239,5425.96766897182
2025-016N,2026-075K,3,6,3614.0921700428257,3638.787374615126
2025-016N,2026-075L,3,6,3550.9670193259053,3538.282850150723
2025-016N,2026-075M,3,6,36.44674995334477,54.395468400916315
2025-016N,2026-075N,3,6,6223.35041200773,6252.26435442731
2025-016N,2026-075P,3,6,4633.555905840123,4660.6732214437925
2025-016N,2026-075Q,3,6,4577.709675607805,4562.387305361979
2025-016N,2026-075R,3,6,2484.940484542791,2523.823172751779
2025-016N,2026-075S,3,6,5512.184934631446,5548.073093116298
2025-016N,2026-075T,3,6,6745.4310074235045,6745.027510578018
2025-016N,2026-104A,3,7,9289.070268718422,9302.970972043751
2025-016N,2026-104B,3,7,9153.083182853765,9146.49683851844
2025-016N,2026-104C,3,7,2834.5332534125982,2809.4887575881926
2025-016N,2026-104D,3,7,8932.541239272176,8941.015473426143
2025-016N,2026-104E,3,7,7913.108202451188,7865.86113721732
2025-016N,2026-104F,3,7,9363.310710850266,9368.44268076025
2025-016N,2026-104G,3,7,8664.730232329033,8641.824802459516
2025-016N,2026-104H,3,7,391.52073445244287,432.9178548111014
2025-016N,2026-104J,3,7,6921.062255032082,6903.79341563553
2025-016N,2026-104K,3,7,4342.63356102558,4315.450009565856
2025-016N,2026-104L,3,7,5718.698338316116,5666.601656603035
2025-016N,2026-104M,3,7,3570.352418760854,3584.0955799097123
2025-016N,2026-104N,3,7,1240.563377296729,1154.2078939975138
2025-016N,2026-104P,3,7,2011.5715788726552,2029.2676784497205
2025-016N,2026-104Q,3,7,5020.736591678178,5060.740833204805
2025-016N,2026-104R,3,7,7424.379205762269,7432.054539127898
2025-016N,2026-104S,3,7,6318.549568244461,6355.86582328678
2025-016N,2026-104T,3,7,8304.638744793188,8312.583790228315
2025-016N,2026-108A,3,0,12217.275248984544,12208.709299552042
2025-016N,2026-108B,3,0,5980.284604619218,5948.243919127331
2025-016N,2026-108C,3,0,12820.620048119818,12804.550742726362
2025-016N,2026-108D,3,0,11351.254366868417,11375.403235813357
2025-016N,2026-108E,3,0,12712.06777681025,12707.823760799003
2025-016N,2026-108F,3,0,12539.623001723447,12520.095111452152
2025-016N,2026-108G,3,0,1737.2783342172802,1615.6141978757269
2025-016N,2026-108H,3,0,10854.715339334158,10832.087388987422
2025-016N,2026-108J,3,0,11877.609270824823,11854.737856400689
2025-016N,2026-108K,3,0,9501.987023463538,9427.510376504126
2025-016N,2026-108L,3,0,7860.566357416352,7820.395703634222
2025-016N,2026-108M,3,0,2715.2947698407156,2716.884374688212
2025-016N,2026-108N,3,0,3918.318124649359,3808.161428834899
2025-016N,2026-108P,3,0,4851.513315031843,4839.522803517557
2025-016N,2026-108Q,3,0,496.58882492442245,516.9098485867896
2025-016N,2026-108R,3,0,8621.312156258815,8684.848608534494
2025-016N,2026-108S,3,0,10140.34933112424,10135.51009626246
2025-016N,2026-108T,3,0,6840.342601346963,6852.5815893306335
2025-016N,2026-121A,3,5,3686.300403197404,3709.107188771066
2025-016N,2026-121B,3,5,3551.58668583854,3585.4522814379616
2025-016N,2026-124A,3,8,10575.746995262713,10603.00482164144
2025-016N,2026-124B,3,8,11086.921725210233,11105.773894358861
2025-016N,2026-124C,3,8,11261.251019441097,11265.359755171528
2025-016N,2026-124D,3,8,11093.383145843376,11093.595322159146
2025-016N,2026-124E,3,8,10588.46704277429,10563.464991561981
2025-016N,2026-124F,3,8,9761.821253593936,9734.617258070091
2025-016N,2026-124G,3,8,7252.845259705843,7187.8033473504065
2025-016N,2026-124H,3,8,8638.56606045623,8609.417198419318
2025-016N,2026-124J,3,8,5646.72804419891,5644.893512470145
2025-016N,2026-124K,3,8,18.60247339508128,11.73458456597744
2025-016N,2026-124L,3,8,1937.1732786001505,2007.7664454963456
2025-016N,2026-124M,3,8,3834.1131851463856,3892.0643062771815
2025-016N,2026-124N,3,8,7224.338143809579,7257.55860149867
2025-016N,2026-124P,3,8,5614.509921277172,5629.598312943649
2025-016N,2026-124Q,3,8,8614.654876855502,8643.571151130669
2025-016N,2026-124R,3,8,9743.215886464368,9773.498274013442
2025-016N,2026-124S,3,8,3869.0912266115993,3807.32185294167
2025-016N,2026-124T,3,8,1973.815986065472,1945.4984553796758
2025-016N,2026-125A,3,4,2098.573094588541,2126.313570792058
2025-016N,2026-125B,3,4,2097.929021416766,2125.6503658714564
2025-016N,2026-125C,3,4,727.1294196574908,716.8010255057685
2025-016N,2026-125D,3,4,2130.564444286695,2160.3736536382958
2025-016N,2026-125E,3,4,2001.6511303502352,2021.2299437635174
2025-016N,2026-125F,3,4,1631.2502963741858,1649.3373383146145
2025-016N,2026-125G,3,4,1064.0225036948002,1075.1786580942373
2025-016N,2026-125H,3,4,1844.2659049858482,1866.9001513365533
2025-016N,2026-125J,3,4,1.6970052489764509,11.088506364311073
2025-016N,2026-125K,3,4,1368.190153786189,1384.8304242904771
2025-016N,2026-125L,3,4,730.5761120391758,749.0279368848687
2025-016N,2026-125M,3,4,371.72121275083833,386.5674911568552
2025-016N,2026-125N,3,4,1066.7444201037492,1094.0710101084273
2025-016N,2026-125P,3,4,1633.194391050217,1653.4944570742298
2025-016N,2026-125Q,3,4,2002.6415605018913,2028.8780394397654
2025-016N,2026-125R,3,4,1371.0645283728704,1393.2854239142052
2025-016N,2026-125S,3,4,1846.1560972437853,1868.9138653201082
2025-016N,2026-125T,3,4,368.58874138924034,362.0963816094089
2025-016P,2025-046A,3,5,108.02675908351169,104.07080463539383
2025-016P,2025-046B,3,5,3116.9555964570445,3095.411957168963
2025-016P,2025-046C,3,5,4475.159337601029,4481.78361610953
2025-016P,2025-046D,3,5,4670.565234330408,4675.014174382259
2025-016P,2025-046F,3,5,1517.324915976112,1623.0628606409628
2025-016P,2025-046G,3,5,4724.203521905581,4730.283397914755
2025-016P,2025-046H,3,5,3686.34167423687,3658.6158176060785
2025-016P,2025-046J,3,5,4634.143043675798,4610.994720027356
2025-016P,2025-046K,3,5,1714.4915343840144,1689.6138643264744
2025-016P,2025-046M,3,5,3551.5095160487176,3555.395847042991
2025-016P,2025-046N,3,5,2956.3018058651205,2942.1064731889405
2025-016P,2025-046P,3,5,4038.78141508577,4007.2362438915884
2025-016P,2025-046Q,3,5,923.6252636181747,921.0579745017277
2025-016P,2025-046R,3,5,2271.2564685334946,2248.9698386830655
2025-016P,2025-046S,3,5,4143.64609736427,4141.00365295534
2025-016P,2025-046T,3,5,717.0611518269762,715.361305483237
2025-016P,2025-233A,3,1,13932.665526225566,13927.41999667824
2025-016P,2025-233B,3,1,13507.931415475427,13444.969081506883
2025-016P,2025-233C,3,1,11453.9418609565,11382.850893567276
2025-016P,2025-233D,3,1,13931.955927312445,13927.520846102303
2025-016P,2025-233E,3,1,12673.476582417816,12643.787747593986
2025-016P,2025-233F,3,1,1214.8738375482467,1241.421824434652
2025-016P,2025-233G,3,1,9886.390367370695,9910.150819094855
2025-016P,2025-233H,3,1,5906.857192011564,5904.004441370713
2025-016P,2025-233J,3,1,3615.794469409859,3675.1789573573533
2025-016P,2025-233K,3,1,8018.438322156428,7993.5275185517985
2025-016P,2025-233M,3,1,3623.6501920862747,3590.690961125082
2025-016P,2025-233N,3,1,5914.231987565542,5904.3184212325605
2025-016P,2025-233P,3,1,8025.1015530195855,7974.120938838159
2025-016P,2025-233Q,3,1,11458.60751046545,11457.907647724996
2025-016P,2025-233R,3,1,9892.144002191737,9849.571961033487
2025-016P,2025-233S,3,1,12676.915358426759,12657.69071758728
2025-016P,2025-233T,3,1,13510.03640027161,13506.932429329758
2025-016P,2026-075A,3,6,6720.500025403053,6718.36229160563
2025-016P,2026-075B,3,6,5465.3634619663035,5477.250742304455
2025-016P,2026-075C,3,6,7049.879118080017,7034.480498315875
2025-016P,2026-075D,3,6,1280.102161327908,1296.9867421264637
2025-016P,2026-075E,3,6,6186.896799615409,6189.757562218496
2025-016P,2026-075F,3,6,4577.688567887812,4590.235035060747
2025-016P,2026-075G,3,6,3614.090940897486,3611.722055136452
2025-016P,2026-075H,3,6,36.44674995336013,36.712013551746395
2025-016P,2026-075J,3,6,3551.0051931726034,3521.783360719777
2025-016P,2026-075K,3,6,5512.178152299873,5507.491583077679
2025-016P,2026-075L,3,6,1208.357721694879,1223.9340391498372
2025-016P,2026-075M,3,6,2484.922656856156,2469.6701191779944
2025-016P,2026-075N,3,6,7062.548140270078,7062.226929912517
2025-016P,2026-075P,3,6,6223.381712438565,6221.117897709607
2025-016P,2026-075Q,3,6,2416.357334334636,2425.9820845613285
2025-016P,2026-075R,3,6,4633.601376237218,4637.904341108259
2025-016P,2026-075S,3,6,6745.4146644641,6749.113960377471
2025-016P,2026-075T,3,6,7165.059883551759,7156.359184817416
2025-016P,2026-104A,3,7,9153.086479423357,9137.780144401035
2025-016P,2026-104B,3,7,7913.131463433591,7905.636533656637
2025-016P,2026-104C,3,7,391.5290436267619,361.4363072368223
2025-016P,2026-104D,3,7,9363.312570004879,9362.908285095446
2025-016P,2026-104E,3,7,5718.713269580112,5677.822251326047
2025-016P,2026-104F,3,7,8664.725631155576,8670.097617652642
2025-016P,2026-104G,3,7,6921.048219073836,6902.343046290721
2025-016P,2026-104H,3,7,3570.3503319415986,3569.3539589897814
2025-016P,2026-104J,3,7,4342.598001977003,4352.770527327425
2025-016P,2026-104K,3,7,1240.4334619618776,1250.816635267243
2025-016P,2026-104L,3,7,2834.5431709959325,2814.732473853383
2025-016P,2026-104M,3,7,6318.541564529303,6297.065442605556
2025-016P,2026-104N,3,7,2011.5911182601897,2042.6469304196323
2025-016P,2026-104P,3,7,5020.774282189527,4999.183673200855
2025-016P,2026-104Q,3,7,7424.3969795194125,7423.851026093604
2025-016P,2026-104R,3,7,8932.54960011288,8918.089405492265
2025-016P,2026-104S,3,7,8304.625758359829,8304.271493820732
2025-016P,2026-104T,3,7,9289.052492630093,9280.95070546947
2025-016P,2026-108A,3,0,12820.625976261286,12806.97877216767
2025-016P,2026-108B,3,0,1737.2728823173106,1768.1603849470364
2025-016P,2026-108C,3,0,11877.615999488668,11839.43753089608
2025-016P,2026-108D,3,0,12712.06763756748,12699.574936435523
2025-016P,2026-108E,3,0,12539.618091618935,12527.712662656657
2025-016P,2026-108F,3,0,10854.705576862283,10852.384841803698
2025-016P,2026-108G,3,0,2715.282263400619,2757.7626634159724
2025-016P,2026-108H,3,0,7860.563085477796,7876.92580200875
2025-016P,2026-108J,3,0,9501.991180785839,9507.879121055663
2025-016P,2026-108K,3,0,5980.284451644212,5936.908166547139
2025-016P,2026-108L,3,0,3918.333433635869,3930.1254013469797
2025-016P,2026-108M,3,0,6840.334057075949,6787.69496275721
2025-016P,2026-108N,3,0,496.7268800777862,529.7359266862982
2025-016P,2026-108P,3,0,8621.314428760834,8562.442738750598
2025-016P,2026-108Q,3,0,4851.522400659072,4811.4184073864935
2025-016P,2026-108R,3,0,11351.254614082865,11357.191267672752
2025-016P,2026-108S,3,0,12217.27445482951,12184.904465823192
2025-016P,2026-108T,3,0,10140.341152628936,10106.209040880234
2025-016P,2026-121A,3,5,2452.880976632305,2477.0143863163016
2025-016P,2026-121B,3,5,4403.406647969843,4428.181234005862
2025-016P,2026-124A,3,8,11261.239652510927,11259.274923794648
2025-016P,2026-124B,3,8,11093.38327813267,11084.619081383547
2025-016P,2026-124C,3,8,10588.471825038703,10595.557030561065
2025-016P,2026-124D,3,8,9761.817242103036,9776.729800600504
2025-016P,2026-124E,3,8,8638.5845584981,8616.603146723366
2025-016P,2026-124F,3,8,7252.8342589939575,7245.572749327937
2025-016P,2026-124G,3,8,3869.0601046345882,3835.24045571728
2025-016P,2026-124H,3,8,5646.736843456109,5648.158281262728
2025-016P,2026-124J,3,8,1973.820576189916,2021.8601337885264
2025-016P,2026-124K,3,8,3834.1303887599647,3783.9794923856384
2025-016P,2026-124L,3,8,5614.508617819211,5631.482184828721
2025-016P,2026-124M,3,8,7224.35521778868,7230.575660443862
2025-016P,2026-124N,3,8,9743.224376621221,9735.8918323492
2025-016P,2026-124P,3,8,8614.649449824867,8588.625395724119
2025-016P,2026-124Q,3,8,10575.738733060829,10567.918455910994
2025-016P,2026-124R,3,8,11086.92552198208,11082.389588437052
2025-016P,2026-124S,3,8,18.602473395086434,21.380945340985004
2025-016P,2026-124T,3,8,1937.1734201770716,1900.6458682710797
2025-016P,2026-125A,3,4,2098.0606185622414,2116.4021063177934
2025-016P,2026-125B,3,4,1844.3718461707367,1862.4642805901487
2025-016P,2026-125C,3,4,1.6970052486787497,13.480364725013038
2025-016P,2026-125D,3,4,2001.4807408500692,2018.1965861891492
2025-016P,2026-125E,3,4,1631.0248982845128,1640.2943823773358
2025-016P,2026-125F,3,4,1064.1260901744135,1077.505426206554
2025-016P,2026-125G,3,4,369.38400110649485,378.79830851174415
2025-016P,2026-125H,3,4,1368.2562354689173,1386.0331940800804
2025-016P,2026-125J,3,4,730.3185995078786,730.1011008098745
2025-016P,2026-125K,3,4,727.1093948555659,740.5998242247726
2025-016P,2026-125L,3,4,1370.859608714875,1384.088959009914
2025-016P,2026-125M,3,4,1066.8454371006974,1077.3485468994693
2025-016P,2026-125N,3,4,1633.2047370161802,1652.4631733982915
2025-016P,2026-125P,3,4,2002.6413343453505,2017.7803197806281
2025-016P,2026-125Q,3,4,2130.5551634296417,2145.5521309309106
2025-016P,2026-125R,3,4,1846.0726874434736,1860.916106013636
2025-016P,2026-125S,3,4,2098.65455235247,2110.1439317439076
2025-016P,2026-125T,3,4,372.2604795000155,374.789199755189
2025-016Q,2025-046A,3,5,3116.9687339986026,3110.2113452573863
2025-016Q,2025-046B,3,5,4670.635575674236,4673.922732247202
2025-016Q,2025-046C,3,5,4403.356739668901,4444.172901023285
2025-016Q,2025-046D,3,5,4038.786806462255,4088.343533056674
2025-016Q,2025-046F,3,5,1714.3015567802886,1575.6092551598656
2025-016Q,2025-046G,3,5,3551.5266038496775,3583.581571549192
2025-016Q,2025-046H,3,5,4724.126148888211,4717.514374842268
2025-016Q,2025-046J,3,5,2956.2749485440813,2963.82548230153
2025-016Q,2025-046K,3,5,4143.6906817339595,4131.242622132149
2025-016Q,2025-046M,3,5,717.5876366753944,742.5261956199604
2025-016Q,2025-046N,3,5,104.86899557628601,76.62805418436156
2025-016Q,2025-046P,3,5,1517.2059054795614,1521.5167222855048
2025-016Q,2025-046Q,3,5,3686.3053800069306,3677.5495933411867
2025-016Q,2025-046R,3,5,923.8495441546075,901.3932983438816
2025-016Q,2025-046S,3,5,4634.217663060807,4657.5056410108755
2025-016Q,2025-046T,3,5,2452.9233915505606,2430.404919847777
2025-016Q,2025-233A,3,1,9892.138373422345,9905.067732311989
2025-016Q,2025-233B,3,1,12676.91274241741,12795.957331544547
2025-016Q,2025-233C,3,1,13932.66476217638,13955.31176283974
2025-016Q,2025-233D,3,1,11458.610878965686,11491.39347110044
2025-016Q,2025-233E,3,1,13510.037767760785,13511.559338430156
2025-016Q,2025-233F,3,1,9886.386472898686,9863.511349039747
2025-016Q,2025-233G,3,1,13931.955890164718,13937.050104266162
2025-016Q,2025-233H,3,1,12673.475042989294,12644.006087743433
2025-016Q,2025-233J,3,1,11453.944863427692,11458.66448172236
2025-016Q,2025-233K,3,1,13507.932294399896,13489.629518844318
2025-016Q,2025-233M,3,1,5906.853860242107,5861.032751535591
2025-016Q,2025-233N,3,1,3615.802041762263,3547.644740902202
2025-016Q,2025-233P,3,1,1214.8686375437505,1194.4907412915547
2025-016Q,2025-233Q,3,1,3623.652136427512,3692.205639183
2025-016Q,2025-233R,3,1,1222.9849473064667,1224.8824539833304
2025-016Q,2025-233S,3,1,5914.227098659835,5928.427615650461
2025-016Q,2025-233T,3,1,8025.104096109572,8068.78891543277
2025-016Q,2026-075A,3,6,6745.4360491670095,6771.604681357419
2025-016Q,2026-075B,3,6,7165.062863490081,7186.660381522945
2025-016Q,2026-075C,3,6,6223.342524819068,6279.444825492382
2025-016Q,2026-075D,3,6,3550.9644360428983,3505.387795134675
2025-016Q,2026-075E,3,6,7062.5342402628685,7082.309333161643
2025-016Q,2026-075F,3,6,7049.885861466685,7067.009063066198
2025-016Q,2026-075G,3,6,1208.3095083109713,1172.7073687698587
2025-016Q,2026-075H,3,6,4577.762613119395,4561.895256103365
2025-016Q,2026-075J,3,6,6720.484915490496,6714.9896456430915
2025-016Q,2026-075K,3,6,1280.12420023346,1308.3900851989424
2025-016Q,2026-075L,3,6,5465.322395291388,5468.520726348371
2025-016Q,2026-075M,3,6,2416.445804741273,2394.894312855283
2025-016Q,2026-075N,3,6,4633.529589167966,4685.0311616330255
2025-016Q,2026-075P,3,6,2484.862093485627,2521.465607476975
2025-016Q,2026-075Q,3,6,6186.928034824027,6190.275515234579
2025-016Q,2026-075R,3,6,36.44674995341046,77.14421520134924
2025-016Q,2026-075S,3,6,3614.1226727807693,3667.8719823313522
2025-016Q,2026-075T,3,6,5512.218150907128,5523.600748665828
2025-016Q,2026-104A,3,7,8304.635111427713,8359.117340026813
2025-016Q,2026-104B,3,7,9289.050453265185,9313.326249554633
2025-016Q,2026-104C,3,7,5718.697769436883,5703.914954994219
2025-016Q,2026-104D,3,7,7424.376861075081,7444.868476292109
2025-016Q,2026-104E,3,7,9153.073854024573,9147.883321921747
2025-016Q,2026-104F,3,7,8932.54570249324,8957.821640357677
2025-016Q,2026-104G,3,7,9363.321085769086,9375.437106781023
2025-016Q,2026-104H,3,7,2834.5358819492494,2787.8429912201573
2025-016Q,2026-104J,3,7,8664.748053902533,8669.472731323502
2025-016Q,2026-104K,3,7,6921.085540402237,6911.080007096152
2025-016Q,2026-104L,3,7,7913.104649893264,7885.298687487366
2025-016Q,2026-104M,3,7,391.64988086824275,404.77977105681344
2025-016Q,2026-104N,3,7,4342.6245100412025,4269.520752986015
2025-016Q,2026-104P,3,7,1240.4108284799474,1212.8632212587015
2025-016Q,2026-104Q,3,7,2011.5059777158058,2059.9524527214494
2025-016Q,2026-104R,3,7,5020.721716629741,5037.342041930082
2025-016Q,2026-104S,3,7,3570.382625049888,3620.9488716112583
2025-016Q,2026-104T,3,7,6318.575701272674,6337.439041140722
2025-016Q,2026-108A,3,0,10140.34183606736,10139.78972416126
2025-016Q,2026-108B,3,0,9501.988020250037,9474.659702066338
2025-016Q,2026-108C,3,0,12217.26870738812,12248.68031828706
2025-016Q,2026-108D,3,0,8621.312361571356,8671.106160481299
2025-016Q,2026-108E,3,0,11351.259791011928,11367.787251869491
2025-016Q,2026-108F,3,0,12712.076112886854,12710.990913610805
2025-016Q,2026-108G,3,0,5980.290283040773,5868.026134377854
2025-016Q,2026-108H,3,0,12539.62505276459,12531.64103231938
2025-016Q,2026-108J,3,0,12820.616966924386,12814.443898644524
2025-016Q,2026-108K,3,0,11877.609347846555,11838.627749181655
2025-016Q,2026-108L,3,0,10854.709813108006,10829.31703176037
2025-016Q,2026-108M,3,0,1737.3119759990568,1715.2194487402712
2025-016Q,2026-108N,3,0,7860.557634607979,7765.676299553998
2025-016Q,2026-108P,3,0,496.54937029070095,488.22993778214646
2025-016Q,2026-108Q,3,0,3918.306875142648,3877.7679538753578
2025-016Q,2026-108R,3,0,4851.512736615561,4937.541608032762
2025-016Q,2026-108S,3,0,6840.344019756821,6845.358135488339
2025-016Q,2026-108T,3,0,2715.325312491348,2735.8238600744785
2025-016Q,2026-121A,3,5,4475.091344763058,4524.311676255455
2025-016Q,2026-121B,3,5,2271.3770122264527,2303.2209479855264
2025-016Q,2026-124A,3,8,8614.669735916119,8669.106947497421
2025-016Q,2026-124B,3,8,9743.215735843069,9798.205076088894
2025-016Q,2026-124C,3,8,10575.742207244235,10596.514368161726
2025-016Q,2026-124D,3,8,11086.925257249497,11101.804443931223
2025-016Q,2026-124E,3,8,11261.236829469826,11274.576039764172
2025-016Q,2026-124F,3,8,11093.390338092455,11095.399973417047
2025-016Q,2026-124G,3,8,9761.833588710986,9729.709875448163
2025-016Q,2026-124H,3,8,10588.462350210018,10584.294945299724
2025-016Q,2026-124J,3,8,8638.565011662713,8645.34749210285
2025-016Q,2026-124K,3,8,3869.0741784493507,3856.016537903791
2025-016Q,2026-124L,3,8,1973.8196937413607,1889.343151394148
2025-016Q,2026-124M,3,8,18.60247339508084,43.69369838814459
2025-016Q,2026-124N,3,8,3834.091609961733,3877.726503442156
2025-016Q,2026-124P,3,8,1937.1974125743989,1957.27142785174
2025-016Q,2026-124Q,3,8,5614.525484309876,5659.232586794739
2025-016Q,2026-124R,3,8,7224.3323170423955,7277.473387362849
2025-016Q,2026-124S,3,8,7252.855770536404,7209.975120478705
2025-016Q,2026-124T,3,8,5646.727995629352,5625.754464568847
2025-016Q,2026-125A,3,4,1846.0065425483579,1887.84421301918
2025-016Q,2026-125B,3,4,2098.479986722996,2146.638003648941
2025-016Q,2026-125C,3,4,1368.2597779040514,1380.3107371000967
2025-016Q,2026-125D,3,4,2002.8118512451645,2053.590615128435
2025-016Q,2026-125E,3,4,2130.7369996917832,2175.5679491379806
2025-016Q,2026-125F,3,4,2001.5960631984267,2043.2539619502465
2025-016Q,2026-125G,3,4,1631.0703998988913,1664.6624393204418
2025-016Q,2026-125H,3,4,2097.8859239531143,2141.531510276846
2025-016Q,2026-125J,3,4,727.3880612345555,740.3690902395281
2025-016Q,2026-125K,3,4,1844.2737999379274,1883.7002707610407
2025-016Q,2026-125L,3,4,1.6970052488433172,15.216061733859721
2025-016Q,2026-125M,3,4,368.29625498884644,366.03416906429106
2025-016Q,2026-125N,3,4,371.6757537891798,394.2691018365909
2025-016Q,2026-125P,3,4,1066.7448446762764,1086.9437666137187
2025-016Q,2026-125Q,3,4,1633.2064982113745,1672.0874019900532
2025-016Q,2026-125R,3,4,730.7868523365185,751.2266679831838
2025-016Q,2026-125S,3,4,1370.939839738965,1403.3288158747152
2025-016Q,2026-125T,3,4,1063.8339549856084,1077.9618408699794
2025-016R,2025-046A,3,5,4670.5636069224975,4665.401013511631
2025-016R,2025-046B,3,5,4038.79694543976,4027.437201098433
2025-016R,2025-046C,3,5,2271.2430470397285,2268.5201512284284
2025-016R,2025-046D,3,5,1517.422430386472,1529.744975310256
2025-016R,2025-046F,3,5,4143.647104287355,4072.9437246459456
2025-016R,2025-046G,3,5,717.0780784082349,701.6180724780879
2025-016R,2025-046H,3,5,3551.48893188541,3520.087329068324
2025-016R,2025-046J,3,5,108.11616719607838,109.42407555322748
2025-016R,2025-046K,3,5,4634.1473816366315,4617.830500644517
2025-016R,2025-046M,3,5,2452.9481323671166,2436.650401809823
2025-016R,2025-046N,3,5,3116.9432610737053,3101.491311988854
2025-016R,2025-046P,3,5,1714.3142584691639,1703.6674834341259
2025-016R,2025-046Q,3,5,4724.170003635591,4702.632797753136
2025-016R,2025-046R,3,5,3686.379652244675,3667.7303313689677
2025-016R,2025-046S,3,5,2956.3374396499507,2939.140090903229
2025-016R,2025-046T,3,5,4475.175735635773,4466.14010360093
2025-016R,2025-233A,3,1,1222.9762429643692,1149.0146837547782
2025-016R,2025-233B,3,1,5914.229106098773,6082.571956859287
2025-016R,2025-233C,3,1,9892.141849933461,9952.653886690237
2025-016R,2025-233D,3,1,3623.6519936046006,3588.3436551257546
2025-016R,2025-233E,3,1,8025.101664999294,7993.302406802933
2025-016R,2025-233F,3,1,13931.955436722568,13933.034997062321
2025-016R,2025-233G,3,1,11458.607518849092,11416.402043342065
2025-016R,2025-233H,3,1,13510.03631104525,13487.695749544106
2025-016R,2025-233J,3,1,13932.66672734939,13922.412379794814
2025-016R,2025-233K,3,1,12676.917122598272,12670.56832637315
2025-016R,2025-233M,3,1,12673.47559892318,12677.866469899172
2025-016R,2025-233N,3,1,11453.942339047302,11452.925041636605
2025-016R,2025-233P,3,1,9886.38853720768,9917.788976545333
2025-016R,2025-233Q,3,1,5906.8603947370175,5884.550162613946
2025-016R,2025-233R,3,1,8018.438303025341,8057.850635301065
2025-016R,2025-233S,3,1,3615.792870085453,3656.4281611828596
2025-016R,2025-233T,3,1,1214.8838447136802,1224.6799169404615
2025-016R,2026-075A,3,6,3614.09457565804,3594.693334784811
2025-016R,2026-075B,3,6,5512.177433307759,5487.604673924582
2025-016R,2026-075C,3,6,2484.881225292052,2520.348001003182
2025-016R,2026-075D,3,6,6720.4891134442205,6707.631034613289
2025-016R,2026-075E,3,6,4633.571295738871,4606.253464829599
2025-016R,2026-075F,3,6,6223.39699028789,6202.733622814667
2025-016R,2026-075G,3,6,5465.343378901669,5461.405018823815
2025-016R,2026-075H,3,6,7049.89034994919,7043.105076834519
2025-016R,2026-075J,3,6,6745.414593448242,6745.104094705045
2025-016R,2026-075K,3,6,3551.0265257442657,3549.6347894965825
2025-016R,2026-075L,3,6,7165.05473266323,7159.925386287437
2025-016R,2026-075M,3,6,6186.903710352714,6186.04096596468
2025-016R,2026-075N,3,6,36.446749953687515,47.47177548028758
2025-016R,2026-075P,3,6,2416.344878066523,2408.416992320313
2025-016R,2026-075Q,3,6,7062.564509789935,7049.96719378612
2025-016R,2026-075R,3,6,4577.689950389974,4562.118239492573
2025-016R,2026-075S,3,6,1208.428883182298,1183.630588429945
2025-016R,2026-075T,3,6,1280.1408793196535,1237.9590652300856
2025-016R,2026-104A,3,7,3570.3502582637097,3596.1331877299426
2025-016R,2026-104B,3,7,6318.54212103498,6308.420693310907
2025-016R,2026-104C,3,7,9153.07902371705,9149.55737714658
2025-016R,2026-104D,3,7,2011.5456171767637,1964.7738964965818
2025-016R,2026-104E,3,7,8304.624437772532,8310.99298130512
2025-016R,2026-104F,3,7,5020.760413547025,4988.463143717598
2025-016R,2026-104G,3,7,7424.411652251435,7419.9347332368725
2025-016R,2026-104H,3,7,7913.119220422816,7907.869959406801
2025-016R,2026-104J,3,7,8932.558589540087,8919.086973455955
2025-016R,2026-104K,3,7,9363.318087358966,9360.206068178317
2025-016R,2026-104L,3,7,9289.048229023483,9272.634377031562
2025-016R,2026-104M,3,7,5718.735486818,5734.08393613109
2025-016R,2026-104N,3,7,8664.728288234484,8644.67933082532
2025-016R,2026-104P,3,7,6921.047407777716,6929.22385928197
2025-016R,2026-104Q,3,7,4342.590114318959,4328.549358377447
2025-016R,2026-104R,3,7,1240.3827603058417,1265.253358690766
2025-016R,2026-104S,3,7,2834.5632844588595,2819.7220194421734
2025-016R,2026-104T,3,7,391.6015087469703,347.3599932921894
2025-016R,2026-108A,3,0,2715.2827738672004,2637.274709435482
2025-016R,2026-108B,3,0,12820.62226441853,12794.530298889842
2025-016R,2026-108C,3,0,6840.332469797463,6857.4995230626755
2025-016R,2026-108D,3,0,496.7662980458994,488.3763826959147
2025-016R,2026-108E,3,0,4851.530728935702,4807.185682410379
2025-016R,2026-108F,3,0,8621.317695236685,8567.53568065039
2025-016R,2026-108G,3,0,11877.619189162873,11841.161887744414
2025-016R,2026-108H,3,0,11351.256016373765,11305.995064191544
2025-016R,2026-108J,3,0,10140.338874492372,10088.306666639954
2025-016R,2026-108K,3,0,12217.271561825062,12206.765442029666
2025-016R,2026-108L,3,0,12712.06792659912,12688.277119565379
2025-016R,2026-108M,3,0,9501.995192232247,9518.29676019356
2025-016R,2026-108N,3,0,12539.61802239867,12508.3778945557
2025-016R,2026-108P,3,0,7860.555367352682,7892.039861965311
2025-016R,2026-108Q,3,0,10854.70549375843,10852.394569025237
2025-016R,2026-108R,3,0,3918.321872574626,3871.179775439649
2025-016R,2026-108S,3,0,1737.2715578875398,1774.9086746976925
2025-016R,2026-108T,3,0,5980.291441897288,5992.71744038099
2025-016R,2026-121A,3,5,4403.380366954324,4425.5743284738255
2025-016R,2026-121B,3,5,923.6116335544978,940.7424079554027
2025-016R,2026-124A,3,8,1937.1810017156708,1935.7056502327
2025-016R,2026-124B,3,8,3834.112036874828,3846.7701743779467
2025-016R,2026-124C,3,8,5614.50761564553,5567.982851172613
2025-016R,2026-124D,3,8,7224.354405241278,7173.205812875499
2025-016R,2026-124E,3,8,8614.65013481746,8613.367323776032
2025-016R,2026-124F,3,8,9743.231749011557,9727.044175652796
2025-016R,2026-124G,3,8,11086.93016866731,11084.079336171095
2025-016R,2026-124H,3,8,10575.737483100967,10560.663268662405
2025-016R,2026-124J,3,8,11261.236674798118,11254.075752078123
2025-016R,2026-124K,3,8,9761.818357726823,9774.79760616239
2025-016R,2026-124L,3,8,8638.575973800427,8615.070492575704
2025-016R,2026-124M,3,8,7252.832959780317,7232.705558803497
2025-016R,2026-124N,3,8,3869.0524189182875,3866.8129430679105
2025-016R,2026-124P,3,8,5646.758944046175,5659.8579354879275
2025-016R,2026-124Q,3,8,1973.8383083538783,1969.4472064823674
2025-016R,2026-124R,3,8,18.60247339508121,10.079922925007919
2025-016R,2026-124S,3,8,11093.386090980524,11091.05329654974
2025-016R,2026-124T,3,8,10588.466739677631,10595.059012528902
2025-016R,2026-125A,3,4,730.2851595827167,734.2704129799421
2025-016R,2026-125B,3,4,1370.8079319779736,1383.0672098408522
2025-016R,2026-125C,3,4,2098.0652389736606,2110.581598197347
2025-016R,2026-125D,3,4,1066.9612026035009,1085.4113335192183
2025-016R,2026-125E,3,4,1633.25193904743,1651.4858175433951
2025-016R,2026-125F,3,4,2002.6566504217647,2018.1010671864506
2025-016R,2026-125G,3,4,2130.548697641269,2149.487561407143
2025-016R,2026-125H,3,4,1846.0091681954914,1856.0628501541457
2025-016R,2026-125J,3,4,1844.4592746651379,1865.2896900060712
2025-016R,2026-125K,3,4,2098.576559055277,2116.64750271791
2025-016R,2026-125L,3,4,1368.340161366187,1376.7417840788091
2025-016R,2026-125M,3,4,1631.004606494771,1644.6460305949154
2025-016R,2026-125N,3,4,1063.836658781832,1064.4850441152817
2025-016R,2026-125P,3,4,369.2223299021419,378.37106947477594
2025-016R,2026-125Q,3,4,372.716679789879,377.7627456158027
2025-016R,2026-125R,3,4,727.2201725977754,730.7513097716062
2025-016R,2026-125S,3,4,1.6970052486970284,11.378665938159807
2025-016R,2026-125T,3,4,2001.4873973044678,2020.4777182317462
2025-016S,2025-046A,3,5,4475.1403521776165,4472.251622754296
2025-016S,2025-046B,3,5,4403.363764986805,4399.27694507977
2025-016S,2025-046C,3,5,2956.387489601812,2969.1990951787716
2025-016S,2025-046D,3,5,2271.248391039722,2298.1205684045462
2025-016S,2025-046F,3,5,3686.399558972017,3595.4436724359216
2025-016S,2025-046G,3,5,1517.4287980564552,1517.2909373511934
2025-016S,2025-046H,3,5,4038.8230285824843,4016.85358684078
2025-016S,2025-046J,3,5,717.0605222553471,705.9510702895069
2025-016S,2025-046K,3,5,4724.145507067291,4711.857172461754
2025-016S,2025-046M,3,5,1714.2918302490348,1690.0093478419471
2025-016S,2025-046N,3,5,2453.0052061403003,2433.7184881496055
2025-016S,2025-046P,3,5,923.7899675769866,910.8132921824448
2025-016S,2025-046Q,3,5,4670.5679110564015,4654.902427677428
2025-016S,2025-046R,3,5,3116.944599671232,3097.66455826097
2025-016S,2025-046S,3,5,3551.480348555464,3548.6908484723554
2025-016S,2025-046T,3,5,4143.645269933469,4132.991756635334
2025-016S,2025-233A,3,1,3623.6553486419875,3587.752742322633
2025-016S,2025-233B,3,1,8025.102478456094,8207.480886936439
2025-016S,2025-233C,3,1,11458.607597274726,11530.50472510074
2025-016S,2025-233D,3,1,5914.22717647288,5914.533295559534
2025-016S,2025-233E,3,1,9892.140127186189,9886.974872051098
2025-016S,2025-233F,3,1,13507.933476509032,13511.68374355196
2025-016S,2025-233G,3,1,12676.915443132535,12663.265670444414
2025-016S,2025-233H,3,1,13932.668332516127,13921.556351136074
2025-016S,2025-233J,3,1,13931.955350198368,13937.1511791311
2025-016S,2025-233K,3,1,13510.036318155879,13516.428451485008
2025-016S,2025-233M,3,1,11453.943308621334,11448.046023213672
2025-016S,2025-233N,3,1,9886.387276454427,9867.357206869714
2025-016S,2025-233P,3,1,8018.438985954356,8034.965953005965
2025-016S,2025-233Q,3,1,3615.7928276600705,3569.176860933656
2025-016S,2025-233R,3,1,5906.857331568471,5927.732425755509
2025-016S,2025-233S,3,1,1214.8994165116487,1231.0951452476584
2025-016S,2025-233T,3,1,1222.9715144683944,1224.551435979825
2025-016S,2026-075A,3,6,4633.549076674059,4633.057327288556
2025-016S,2026-075B,3,6,6223.374594024699,6217.531398048603
2025-016S,2026-075C,3,6,3614.108289643486,3664.2031681750436
2025-016S,2026-075D,3,6,6186.916508887299,6167.40451377239
2025-016S,2026-075E,3,6,5512.179816460172,5503.9040599265145
2025-016S,2026-075F,3,6,6745.414005906513,6741.189585233674
2025-016S,2026-075G,3,6,4577.699290471811,4565.677630154536
2025-016S,2026-075H,3,6,6720.483621816163,6714.864582494775
2025-016S,2026-075J,3,6,7062.577972309681,7067.438092154267
2025-016S,2026-075K,3,6,2416.347497171904,2404.404033893163
2025-016S,2026-075L,3,6,7049.906748859781,7051.733426836045
2025-016S,2026-075M,3,6,5465.329960924975,5460.540432116458
2025-016S,2026-075N,3,6,1280.2080506835093,1308.7079205385717
2025-016S,2026-075P,3,6,1208.491568158348,1188.7812581951518
2025-016S,2026-075Q,3,6,7165.0546658066,7162.117871161334
2025-016S,2026-075R,3,6,3550.9956159431445,3524.95994175786
2025-016S,2026-075S,3,6,36.446749953344785,66.16649829167298
2025-016S,2026-075T,3,6,2484.8544528122416,2462.0765519306187
2025-016S,2026-104A,3,7,5020.742183498435,5066.477728231015
2025-016S,2026-104B,3,7,7424.402273559267,7434.0668545238605
2025-016S,2026-104C,3,7,8664.734250418942,8662.743675031554
2025-016S,2026-104D,3,7,3570.358205605336,3550.1596158671905
2025-016S,2026-104E,3,7,8932.570784950787,8946.096078435958
2025-016S,2026-104F,3,7,6318.5420794026095,6311.401906893969
2025-016S,2026-104G,3,7,8304.624861187744,8315.100750194208
2025-016S,2026-104H,3,7,6921.0507342767805,6905.7305605805195
2025-016S,2026-104J,3,7,9289.047048387656,9288.92211092002
2025-016S,2026-104K,3,7,9153.074696772446,9154.31688865227
2025-016S,2026-104L,3,7,9363.326663219284,9350.850266171408
2025-016S,2026-104M,3,7,4342.588821307206,4346.422910184992
2025-016S,2026-104N,3,7,7913.110596423603,7880.77773934222
2025-016S,2026-104P,3,7,5718.718545901158,5717.468638892847
2025-016S,2026-104Q,3,7,2834.60810732667,2805.3671018898563
2025-016S,2026-104R,3,7,391.7470702065539,372.58168880153937
2025-016S,2026-104S,3,7,1240.35514521853,1209.3936934700537
2025-016S,2026-104T,3,7,2011.5143520472875,1992.1553693884646
2025-016S,2026-108A,3,0,4851.534764926431,4807.166324038214
2025-016S,2026-108B,3,0,12539.618315405185,12520.93659142913
2025-016S,2026-108C,3,0,8621.322381857191,8660.181658986316
2025-016S,2026-108D,3,0,2715.2819264801738,2737.887233008929
2025-016S,2026-108E,3,0,6840.332672428106,6827.259227823532
2025-016S,2026-108F,3,0,10140.33780376736,10114.977630966321
2025-016S,2026-108G,3,0,10854.70541379351,10799.693199013884
2025-016S,2026-108H,3,0,12217.269670970705,12194.889747221785
2025-016S,2026-108J,3,0,11351.258497272585,11325.193078019302
2025-016S,2026-108K,3,0,12712.069178776292,12706.661059164611
2025-016S,2026-108L,3,0,12820.619507561005,12806.564904509725
2025-016S,2026-108M,3,0,7860.555252593892,7866.129153349408
2025-016S,2026-108N,3,0,11877.615182623515,11833.959785970523
2025-016S,2026-108P,3,0,5980.2978156194595,5999.342676209157
2025-016S,2026-108Q,3,0,9501.999179365668,9490.434753300886
2025-016S,2026-108R,3,0,1737.295620583176,1667.8312628537487
2025-016S,2026-108S,3,0,496.67509986136554,464.6073507246104
2025-016S,2026-108T,3,0,3918.306389186229,3913.416644492618
2025-016S,2026-121A,3,5,4634.160916755154,4668.469801642341
2025-016S,2026-121B,3,5,105.26756825061445,111.48403360673204
2025-016S,2026-124A,3,8,3834.0989830004173,3861.279913178655
2025-016S,2026-124B,3,8,5614.510231508109,5653.306911595984
2025-016S,2026-124C,3,8,7224.344665492145,7208.036856333848
2025-016S,2026-124D,3,8,8614.64948166122,8593.051859488533
2025-016S,2026-124E,3,8,9743.231146528611,9759.552192312176
2025-016S,2026-124F,3,8,10575.738041073513,10576.637984149995
2025-016S,2026-124G,3,8,11261.235500926261,11260.465752577911
2025-016S,2026-124H,3,8,11086.936647544539,11085.756400465885
2025-016S,2026-124J,3,8,11093.39073495962,11097.962203797688
2025-016S,2026-124K,3,8,8638.569740572982,8646.979232413089
2025-016S,2026-124L,3,8,7252.834461333587,7211.530974590153
2025-016S,2026-124M,3,8,5646.74581090435,5608.437731169459
2025-016S,2026-124N,3,8,1973.9015326115384,1952.9164987802296
2025-016S,2026-124P,3,8,3869.049983442554,3866.780099338319
2025-016S,2026-124Q,3,8,18.602473395123646,11.966874408734993
2025-016S,2026-124R,3,8,1937.1990692602462,1960.1066544242835
2025-016S,2026-124S,3,8,10588.463572766032,10581.203686406016
2025-016S,2026-124T,3,8,9761.82155426225,9765.288810165417
2025-016S,2026-125A,3,4,1067.1204555518175,1080.6942842608828
2025-016S,2026-125B,3,4,1633.3275597995391,1655.5907886760247
2025-016S,2026-125C,3,4,2001.4805145623618,2015.554552381531
2025-016S,2026-125D,3,4,1370.7901166456272,1398.7559566246684
2025-016S,2026-125E,3,4,1845.9707930055765,1872.4115509806834
2025-016S,2026-125F,3,4,2098.520682755671,2122.1785641730057
2025-016S,2026-125G,3,4,2097.9872237685663,2122.520296729671
2025-016S,2026-125H,3,4,2002.6951447658275,2022.5149967717184
2025-016S,2026-125J,3,4,1631.0127749291335,1652.213629214505
2025-016S,2026-125K,3,4,2130.5630942243665,2155.966800434466
2025-016S,2026-125L,3,4,1063.8055480919681,1068.772538752042
2025-016S,2026-125M,3,4,1368.458003067189,1379.4697167408572
2025-016S,2026-125N,3,4,727.3780658922916,722.7421330908606
2025-016S,2026-125P,3,4,1.697005249098466,12.315313095149758
2025-016S,2026-125Q,3,4,730.2986621533253,744.8144594998213
2025-016S,2026-125R,3,4,368.3873364769438,366.6694283851865
2025-016S,2026-125S,3,4,372.5564548072057,382.364846034087
2025-016S,2026-125T,3,4,1844.4645303518514,1863.9822607010183
2025-016T,2025-046A,3,5,4403.425942673989,4396.256303250703
2025-016T,2025-046B,3,5,2271.3396061446797,2259.2717150844437
2025-016T,2025-046C,3,5,105.65585343633245,110.12569384698546
2025-016T,2025-046D,3,5,923.6451264681936,911.7968479601362
2025-016T,2025-046F,3,5,4724.158353316652,4723.057664642516
2025-016T,2025-046G,3,5,1714.3995931361237,1727.8716182807123
2025-016T,2025-046H,3,5,1517.2141454903228,1484.3945269173016
2025-016T,2025-046J,3,5,2452.8811606775753,2455.9120619686228
2025-016T,2025-046K,3,5,3551.58668583854,3536.547828279878
2025-016T,2025-046M,3,5,4143.728722107419,4147.664746511078
2025-016T,2025-046N,3,5,4475.091243884411,4469.053493785745
2025-016T,2025-046P,3,5,3686.3004031974046,3676.398352669327
2025-016T,2025-046Q,3,5,4038.7783196392847,4011.5103700139366
2025-016T,2025-046R,3,5,4670.572573143587,4655.253098978544
2025-016T,2025-046S,3,5,717.2055994401924,685.1774917355264
2025-016T,2025-046T,3,5,4634.143783527754,4633.179525720363
2025-016T,2025-233A,3,1,5906.854028641974,5986.104777465905
2025-016T,2025-233B,3,1,1214.8677243693933,1046.3024930411748
2025-016T,2025-233C,3,1,3623.6499175803606,3673.3860491104574
2025-016T,2025-233D,3,1,3615.802338738674,3664.0812792286897
2025-016T,2025-233E,3,1,1223.0169171199368,1166.7605434919747
2025-016T,2025-233F,3,1,12676.913162284853,12640.45114007567
2025-016T,2025-233G,3,1,5914.231806002166,5816.789689651494
2025-016T,2025-233H,3,1,9892.140049649253,9833.44356164821
2025-016T,2025-233J,3,1,11458.608212149968,11386.075716822868
2025-016T,2025-233K,3,1,8025.101691259142,7988.199694770826
2025-016T,2025-233M,3,1,13932.664336110825,13924.188644273605
2025-016T,2025-233N,3,1,13931.958120687003,13938.366989562322
2025-016T,2025-233P,3,1,13507.931021438551,13530.93736401829
2025-016T,2025-233Q,3,1,11453.942379225964,11460.346268732417
2025-016T,2025-233R,3,1,12673.476517373096,12713.42927225824
2025-016T,2025-233S,3,1,9886.387224105621,9946.06939936041
2025-016T,2025-233T,3,1,8018.440466598012,8058.610760442131
2025-016T,2026-075A,3,6,36.44674995334481,15.591203255938634
2025-016T,2026-075B,3,6,2484.940484542793,2434.333510868777
2025-016T,2026-075C,3,6,1208.3058318932028,1177.5059834878512
2025-016T,2026-075D,3,6,7062.530874607313,7063.851472584004
2025-016T,2026-075E,3,6,1280.0949953568036,1232.1577681031872
2025-016T,2026-075F,3,6,3614.0921700428257,3567.9197270214368
2025-016T,2026-075G,3,6,7049.872155587313,7057.944355221925
2025-016T,2026-075H,3,6,6745.4310074235045,6733.076695356278
2025-016T,2026-075J,3,6,4633.555905840121,4629.983019841466
2025-016T,2026-075K,3,6,6186.900641613319,6200.948546712658
2025-016T,2026-075L,3,6,6223.350412007729,6200.017493185219
2025-016T,2026-075M,3,6,7165.085437347894,7165.813938468793
2025-016T,2026-075N,3,6,3550.9670193259058,3548.187586810066
2025-016T,2026-075P,3,6,5465.333867630239,5475.463512677662
2025-016T,2026-075Q,3,6,5512.184934631446,5480.226764049073
2025-016T,2026-075R,3,6,6720.505085849857,6723.826082303514
2025-016T,2026-075S,3,6,4577.709675607804,4575.0513997758735
2025-016T,2026-075T,3,6,2416.4274717212197,2460.4761223997616
2025-016T,2026-104A,3,7,1240.563377296727,1222.8536469315409
2025-016T,2026-104B,3,7,2011.571578872655,1977.962932466374
2025-016T,2026-104C,3,7,8932.541239272176,8912.52602618427
2025-016T,2026-104D,3,7,2834.533253412594,2890.045654813568
2025-016T,2026-104E,3,7,5020.7365916781755,5020.466624049771
2025-016T,2026-104F,3,7,391.52073445244287,332.4347634266688
2025-016T,2026-104G,3,7,3570.352418760853,3547.546705348286
2025-016T,2026-104H,3,7,9363.310710850266,9368.158798825034
2025-016T,2026-104J,3,7,6318.549568244463,6276.315976434603
2025-016T,2026-104K,3,7,8304.638744793194,8282.34139008095
2025-016T,2026-104L,3,7,7424.379205762266,7398.818191565496
2025-016T,2026-104M,3,7,8664.730232329031,8687.206899725596
2025-016T,2026-104N,3,7,9289.070268718422,9290.859652196224
2025-016T,2026-104P,3,7,9153.083182853763,9164.99239139727
2025-016T,2026-104Q,3,7,7913.108202451189,7920.592936497507
2025-016T,2026-104R,3,7,5718.698338316113,5758.597367640995
2025-016T,2026-104S,3,7,6921.062255032083,6929.419430435142
2025-016T,2026-104T,3,7,4342.63356102558,4389.516701293498
2025-016T,2026-108A,3,0,3918.318124649357,4000.4534481413607
2025-016T,2026-108B,3,0,11351.254366868412,11287.641344021387
2025-016T,2026-108C,3,0,496.5888249244253,495.97489039087185
2025-016T,2026-108D,3,0,5980.284604619213,5992.972237497469
2025-016T,2026-108E,3,0,1737.2783342172743,1793.5262423478332
2025-016T,2026-108F,3,0,2715.2947698407193,2626.060335565813
2025-016T,2026-108G,3,0,12712.06777681025,12701.878419548611
2025-016T,2026-108H,3,0,6840.3426013469625,6749.132374384088
2025-016T,2026-108J,3,0,4851.513315031846,4758.480477730361
2025-016T,2026-108K,3,0,8621.312156258815,8597.318017907635
2025-016T,2026-108L,3,0,10140.349331124233,10081.233079589696
2025-016T,2026-108M,3,0,12539.623001723447,12545.342273075876
2025-016T,2026-108N,3,0,12217.275248984544,12199.004688299498
2025-016T,2026-108P,3,0,11877.609270824825,11899.85599646069
2025-016T,2026-108Q,3,0,12820.620048119818,12808.497094671642
2025-016T,2026-108R,3,0,9501.987023463538,9488.239271816723
2025-016T,2026-108S,3,0,7860.56635741635,7910.031572475665
2025-016T,2026-108T,3,0,10854.715339334154,10875.234196443216
2025-016T,2026-121A,3,5,2956.27378878026,2954.7840678872176
2025-016T,2026-121B,3,5,3117.0500012090897,3160.30718843895
2025-016T,2026-124A,3,8,3869.0912266115993,3882.9187532729443
2025-016T,2026-124B,3,8,1973.8159860654723,1973.6106675551168
2025-016T,2026-124C,3,8,18.60247339507878,88.07399696924013
2025-016T,2026-124D,3,8,1937.173278600144,1847.598201927735
2025-016T,2026-124E,3,8,3834.113185146384,3809.248532695879
2025-016T,2026-124F,3,8,5614.509921277176,5568.466184502093
2025-016T,2026-124G,3,8,8614.654876855506,8602.203879961302
2025-016T,2026-124H,3,8,7224.338143809577,7177.8666130910915
2025-016T,2026-124J,3,8,9743.215886464364,9691.233195501973
2025-016T,2026-124K,3,8,11261.251019441097,11257.035656980204
2025-016T,2026-124L,3,8,11093.383145843376,11094.911207195519
2025-016T,2026-124M,3,8,10588.467042774288,10592.487755063485
2025-016T,2026-124N,3,8,8638.566060456229,8658.1308593523
2025-016T,2026-124P,3,8,9761.821253593933,9784.48626680657
2025-016T,2026-124Q,3,8,7252.845259705844,7271.735345067829
2025-016T,2026-124R,3,8,5646.728044198907,5658.558886863679
2025-016T,2026-124S,3,8,10575.746995262709,10568.541264249738
2025-016T,2026-124T,3,8,11086.921725210233,11076.751639853788
2025-016T,2026-125A,3,4,368.5887413892401,379.1425322304487
2025-016T,2026-125B,3,4,371.72121275083845,368.8509730958372
2025-016T,2026-125C,3,4,2002.6415605018917,2022.4953518178281
2025-016T,2026-125D,3,4,1.6970052489773693,15.846808441057126
2025-016T,2026-125E,3,4,730.5761120391762,738.5603792523467
2025-016T,2026-125F,3,4,1371.0645283728707,1376.0289734128048
2025-016T,2026-125G,3,4,1846.1560972437853,1859.6939347154746
2025-016T,2026-125H,3,4,1066.7444201037488,1063.598392866916
2025-016T,2026-125J,3,4,2130.564444286695,2157.801443968392
2025-016T,2026-125K,3,4,1633.1943910502184,1643.0483985664189
2025-016T,2026-125L,3,4,2001.651130350235,2025.7266618900749
2025-016T,2026-125M,3,4,2097.9290214167663,2124.781159730887
2025-016T,2026-125N,3,4,1844.2659049858478,1864.22989015506
2025-016T,2026-125P,3,4,1368.190153786189,1395.1787478762112
2025-016T,2026-125Q,3,4,727.1294196574916,734.4028778831072
2025-016T,2026-125R,3,4,1631.2502963741858,1651.8278837740534
2025-016T,2026-125S,3,4,1064.0225036948,1071.6139302835147
2025-016T,2026-125T,3,4,2098.573094588541,2124.020113281557
2025-046A,2025-233A,5,1,9295.474698325135,9282.1346301787
2025-046A,2025-233B,5,1,8864.036035510911,8808.572510690941
2025-046A,2025-233C,5,1,7363.45444246352,7294.962532094761
2025-046A,2025-233D,5,1,9219.800057787277,9213.69978903878
2025-046A,2025-233E,5,1,8238.889162398698,8266.24478778341
2025-046A,2025-233F,5,1,378.29215909074327,369.96134490447093
2025-046A,2025-233G,5,1,6264.250042774057,6264.272551837477
2025-046A,2025-233H,5,1,3534.1008933515745,3523.5036158732532
2025-046A,2025-233J,5,1,1985.9882268170618,2001.1296222398823
2025-046A,2025-233K,5,1,4974.724083164519,4942.645864635233
2025-046A,2025-233M,5,1,2824.473958507543,2810.728476252221
2025-046A,2025-233N,5,1,4320.730453722906,4314.027181489837
2025-046A,2025-233P,5,1,5685.767818429836,5655.932301871684
2025-046A,2025-233Q,5,1,7861.3077545598135,7877.016194209663
2025-046A,2025-233R,5,1,6878.02957937478,6848.337564445831
2025-046A,2025-233S,5,1,8605.739395650688,8583.663324232222
2025-046A,2025-233T,5,1,9088.665711883967,9077.430960520545
2025-046A,2026-075A,5,6,13538.31955508423,13529.540019944281
2025-046A,2026-075B,5,6,10798.308760597673,10809.398746848627
2025-046A,2026-075C,5,6,14309.255108032956,14273.874024982006
2025-046A,2026-075D,5,6,3187.7406490089243,3233.562320389393
2025-046A,2026-075E,5,6,12356.030659511896,12358.771563411587
2025-046A,2026-075F,5,6,8912.48673168026,8924.26024072178
2025-046A,2026-075G,5,6,7889.547390059037,7884.627364474537
2025-046A,2026-075H,5,6,654.533066333379,645.5784400964475
2025-046A,2026-075J,5,6,6755.863827107867,6677.795465729493
2025-046A,2026-075K,5,6,11639.760196870071,11626.95870115283
2025-046A,2026-075L,5,6,1898.5675176826555,1900.3610320039897
2025-046A,2026-075M,5,6,5624.0848212089395,5601.239416216889
2025-046A,2026-075N,5,6,14536.571740209778,14534.14926783763
2025-046A,2026-075P,5,6,13010.563358954885,13006.34187847032
2025-046A,2026-075Q,5,6,4393.965205020282,4393.129880722801
2025-046A,2026-075R,5,6,9915.28915584807,9926.288580676714
2025-046A,2026-075S,5,6,13986.046475824089,13991.892985952443
2025-046A,2026-075T,5,6,14645.409270801449,14639.622689164176
2025-046A,2026-104A,5,7,13475.741085887626,13445.095816641882
2025-046A,2026-104B,5,7,11422.909132033703,11398.21317698785
2025-046A,2026-104C,5,7,1230.8425288753897,1199.8188228167767
2025-046A,2026-104D,5,7,13900.656017136382,13893.83862452756
2025-046A,2026-104E,5,7,7992.306854877735,7914.020352319143
2025-046A,2026-104F,5,7,12641.377804729966,12637.459529113754
2025-046A,2026-104G,5,7,9857.363484045607,9816.734521580931
2025-046A,2026-104H,5,7,5910.897359204815,5912.454133362122
2025-046A,2026-104J,5,7,5884.405773951548,5875.954424649009
2025-046A,2026-104K,5,7,1201.7025761198593,1181.478138997635
2025-046A,2026-104L,5,7,3597.7251697248125,3546.1559241805926
2025-046A,2026-104M,5,7,9878.03007370011,9844.278880836786
2025-046A,2026-104N,5,7,3625.944363149001,3681.492808720117
2025-046A,2026-104P,5,7,8016.248747409312,7986.019864787146
2025-046A,2026-104Q,5,7,11439.675610884702,11441.004765093732
2025-046A,2026-104R,5,7,13483.309382827038,13466.833502703792
2025-046A,2026-104S,5,7,12653.728107620165,12654.641039105089
2025-046A,2026-104T,5,7,13903.200272665297,13891.98091367629
2025-046A,2026-108A,5,0,11205.448446194792,11215.44655359753
2025-046A,2026-108B,5,0,973.3771866038499,973.0210392555578
2025-046A,2026-108C,5,0,10191.951793678436,10169.967644332615
2025-046A,2026-108D,5,0,11206.685393644613,11216.193156717543
2025-046A,2026-108E,5,0,10863.741534340845,10869.411412204765
2025-046A,2026-108F,5,0,9210.472086441607,9222.749271400118
2025-046A,2026-108G,5,0,2918.2623979038754,2972.9462823095014
2025-046A,2026-108H,5,0,6446.285808673101,6459.549209693335
2025-046A,2026-108J,5,0,7949.1619247561675,7963.120521569189
2025-046A,2026-108K,5,0,4747.574390063959,4695.343436588831
2025-046A,2026-108L,5,0,2904.5901307524273,2894.670762095836
2025-046A,2026-108M,5,0,6457.88633170724,6432.866137437164
2025-046A,2026-108N,5,0,987.5250021296778,1034.1908233340637
2025-046A,2026-108P,5,0,7959.183220153553,7933.905057449602
2025-046A,2026-108Q,5,0,4760.42174929304,4746.648971361174
2025-046A,2026-108R,5,0,10197.941197796346,10223.436461914658
2025-046A,2026-108S,5,0,10867.40549021066,10875.05101141468
2025-046A,2026-108T,5,0,9218.594908515946,9217.866025293753
2025-046A,2026-124A,5,8,12806.127499046468,12794.657554720228
2025-046A,2026-124B,5,8,12505.778670584792,12483.475427753585
2025-046A,2026-124C,5,8,11825.435238008893,11822.725800448963
2025-046A,2026-124D,5,8,10785.792411864435,10792.769925141927
2025-046A,2026-124E,5,8,9418.422311462034,9377.560477995741
2025-046A,2026-124F,5,8,7764.881603840826,7740.359558717364
2025-046A,2026-124G,5,8,3807.4121172659334,3739.4431003572504
2025-046A,2026-124H,5,8,5875.423888167311,5854.038210352395
2025-046A,2026-124J,5,8,1623.7870420706104,1645.6254831012102
2025-046A,2026-124K,5,8,4952.497840968834,4907.046913557729
2025-046A,2026-124L,5,8,6930.724473837956,6955.359243562392
2025-046A,2026-124M,5,8,8698.364456712336,8709.913564405588
2025-046A,2026-124N,5,8,11395.080906531613,11390.414529245263
2025-046A,2026-124P,5,8,10201.705065404716,10183.46007858714
2025-046A,2026-124Q,5,8,12242.211711796388,12241.011543489274
2025-046A,2026-124R,5,8,12717.384076849428,12715.836604958773
2025-046A,2026-124S,5,8,609.2876746852977,625.9315626345349
2025-046A,2026-124T,5,8,2823.808745679619,2794.461677898031
2025-046A,2026-125A,5,4,14532.131873227203,14524.483100212105
2025-046A,2026-125B,5,4,12999.700043083749,12980.888874282418
2025-046A,2026-125C,5,4,634.4948366339779,533.4687011452287
2025-046A,2026-125D,5,4,13978.276946169775,13942.673068467397
2025-046A,2026-125E,5,4,11626.132554368538,11571.641002774571
2025-046A,2026-125F,5,4,7871.705161297216,7874.550499083499
2025-046A,2026-125G,5,4,3167.8348502849913,3182.075322547704
2025-046A,2026-125H,5,4,9899.31304586558,9920.202267407705
2025-046A,2026-125J,5,4,4412.462664645567,4369.844367716547
2025-046A,2026-125K,5,4,5604.92123384143,5618.620764562111
2025-046A,2026-125L,5,4,8927.210910253048,8935.333091433387
2025-046A,2026-125M,5,4,6772.731726465064,6779.100370433662
2025-046A,2026-125N,5,4,10810.444230273773,10845.751499845825
2025-046A,2026-125P,5,4,13544.258120815368,13519.52086115837
2025-046A,2026-125Q,5,4,14644.43494594641,14639.648854328387
2025-046A,2026-125R,5,4,12365.205717080386,12361.632077224442
2025-046A,2026-125S,5,4,14311.774340090218,14313.428351472217
2025-046A,2026-125T,5,4,1918.1291697168353,1927.730723655783
2025-046B,2025-233A,5,1,7363.442379576656,7367.672512941259
2025-046B,2025-233B,5,1,4974.747584250146,4849.484935789356
2025-046B,2025-233C,5,1,1986.0962047985508,1917.0619456878835
2025-046B,2025-233D,5,1,6264.2512969322415,6261.049823836418
2025-046B,2025-233E,5,1,3534.045310607337,3547.8409141732755
2025-046B,2025-233F,5,1,5685.757277250213,5640.044785163782
2025-046B,2025-233G,5,1,377.60319813736425,419.0603455615876
2025-046B,2025-233H,5,1,2824.418205327979,2803.8676789385504
2025-046B,2025-233J,5,1,4320.760282028682,4254.1778956641565
2025-046B,2025-233K,5,1,1242.4869783202232,1238.1443600150537
2025-046B,2025-233M,5,1,7861.329794840058,7834.4978890416805
2025-046B,2025-233N,5,1,8605.72584980521,8580.140194602209
2025-046B,2025-233P,5,1,9088.694993788555,9067.977220922028
2025-046B,2025-233Q,5,1,9219.816380483288,9223.960651263005
2025-046B,2025-233R,5,1,9295.451241174193,9280.209379541495
2025-046B,2025-233S,5,1,8864.009706979743,8855.262619733008
2025-046B,2025-233T,5,1,8238.898445579449,8226.639854296445
2025-046B,2026-075A,5,6,6755.862493120115,6774.084429675753
2025-046B,2026-075B,5,6,1898.5596012736994,1966.3036804736948
2025-046B,2026-075C,5,6,8912.486887425854,8828.149923625693
2025-046B,2026-075D,5,6,11639.760841583748,11645.014505117677
2025-046B,2026-075E,5,6,4393.967512511298,4442.164618059997
2025-046B,2026-075F,5,6,654.554353632612,581.6738331256836
2025-046B,2026-075G,5,6,13986.047550200183,13973.91887783774
2025-046B,2026-075H,5,6,9915.289347302276,9878.791156727215
2025-046B,2026-075J,5,6,3187.7377584526444,3210.5839282825127
2025-046B,2026-075K,5,6,14645.409888092983,14644.07940717625
2025-046B,2026-075L,5,6,7889.54686545793,7822.677298158689
2025-046B,2026-075M,5,6,13010.562947885586,12982.914244163278
2025-046B,2026-075N,5,6,12356.030163083205,12328.037638835604
2025-046B,2026-075P,5,6,14309.254153695936,14305.352516701687
2025-046B,2026-075Q,5,6,5624.0862287087375,5560.226475557808
2025-046B,2026-075R,5,6,14536.571042877073,14534.369076136658
2025-046B,2026-075S,5,6,13538.319902071822,13517.750115411187
2025-046B,2026-075T,5,6,10798.30886492378,10836.215590164064
2025-046B,2026-104A,5,7,7992.305035086628,7934.640484487846
2025-046B,2026-104B,5,7,3597.7118419303883,3602.0531659150784
2025-046B,2026-104C,5,7,9878.031173961259,9828.152035490506
2025-046B,2026-104D,5,7,9857.365118075173,9884.398965662991
2025-046B,2026-104E,5,7,1230.8195008163777,1267.8657181404683
2025-046B,2026-104F,5,7,5884.413661980344,5916.139630139296
2025-046B,2026-104G,5,7,1201.7402115917107,1196.1197284696416
2025-046B,2026-104H,5,7,12653.732025161673,12637.37527653561
2025-046B,2026-104J,5,7,3625.9504255946613,3570.6958642443933
2025-046B,2026-104K,5,7,8016.248589835303,7967.126268406271
2025-046B,2026-104L,5,7,5910.895880982097,5897.339198336434
2025-046B,2026-104M,5,7,13903.202203143053,13892.383158495948
2025-046B,2026-104N,5,7,11439.673358982765,11450.140040050299
2025-046B,2026-104P,5,7,13483.305841140267,13462.923279742698
2025-046B,2026-104Q,5,7,13900.652995271192,13897.560057963598
2025-046B,2026-104R,5,7,12641.376780368073,12654.721882059523
2025-046B,2026-104S,5,7,13475.742053931714,13468.088583204913
2025-046B,2026-104T,5,7,11422.909066410492,11441.460045875623
2025-046B,2026-108A,5,0,7949.14403498414,7982.802875295331
2025-046B,2026-108B,5,0,6457.908237640937,6421.097818067203
2025-046B,2026-108C,5,0,4747.56075469324,4708.732928858679
2025-046B,2026-108D,5,0,9210.49369101225,9204.369052704362
2025-046B,2026-108E,5,0,6446.304035689691,6460.918099024869
2025-046B,2026-108F,5,0,2904.602526561128,2940.860746647194
2025-046B,2026-108G,5,0,9218.602472303159,9238.492725484613
2025-046B,2026-108H,5,0,987.4789393209734,936.7511922230613
2025-046B,2026-108J,5,0,973.3812948521783,1017.9955787437274
2025-046B,2026-108K,5,0,2918.287321055825,2930.2881134354934
2025-046B,2026-108L,5,0,4760.395075319019,4724.972865293254
2025-046B,2026-108M,5,0,10867.407456345005,10858.476782592053
2025-046B,2026-108N,5,0,7959.158367911297,7980.10148737881
2025-046B,2026-108P,5,0,11206.685922474688,11210.954254373139
2025-046B,2026-108Q,5,0,10197.931790163228,10186.906223982607
2025-046B,2026-108R,5,0,10863.751456452426,10859.455562529844
2025-046B,2026-108S,5,0,10191.944400125501,10217.304435579239
2025-046B,2026-108T,5,0,11205.446037190111,11219.551902519375
2025-046B,2026-124A,5,8,9418.42131309977,9395.944848216901
2025-046B,2026-124B,5,8,7764.888113479795,7727.094720641345
2025-046B,2026-124C,5,8,5875.4060132226905,5906.470382210672
2025-046B,2026-124D,5,8,3807.4415407248016,3859.496754114999
2025-046B,2026-124E,5,8,1623.7314012476284,1610.07362181173
2025-046B,2026-124F,5,8,609.4231045979233,588.9700398168663
2025-046B,2026-124G,5,8,4952.504572934514,4956.726476278438
2025-046B,2026-124H,5,8,2823.7914417902753,2788.7148247124246
2025-046B,2026-124J,5,8,6930.723409287176,6851.5031914030615
2025-046B,2026-124K,5,8,11395.075199705121,11356.144568763339
2025-046B,2026-124L,5,8,12242.219203643719,12238.002158155296
2025-046B,2026-124M,5,8,12717.375095866286,12712.214293391744
2025-046B,2026-124N,5,8,12505.772880010865,12502.068804236098
2025-046B,2026-124P,5,8,12806.131323292466,12807.218249831481
2025-046B,2026-124Q,5,8,11825.436911131508,11820.878234526266
2025-046B,2026-124R,5,8,10785.79139807557,10770.624759578408
2025-046B,2026-124S,5,8,8698.362635123804,8679.040026607629
2025-046B,2026-124T,5,8,10201.71492040375,10158.50929688925
2025-046B,2026-125A,5,4,9899.311585272666,9902.70384156445
2025-046B,2026-125B,5,4,5604.920957793731,5604.547898766536
2025-046B,2026-125C,5,4,8927.212510257388,8947.524748009413
2025-046B,2026-125D,5,4,7871.70577951436,7806.373828990006
2025-046B,2026-125E,5,4,3167.834472238869,3125.4842209510393
2025-046B,2026-125F,5,4,1918.1253839422902,1856.9535372486357
2025-046B,2026-125G,5,4,6772.72975892766,6696.887725033645
2025-046B,2026-125H,5,4,634.5004590614286,714.2018703316697
2025-046B,2026-125J,5,4,12365.205950634212,12327.73845357531
2025-046B,2026-125K,5,4,4412.464632266638,4336.561392607806
2025-046B,2026-125L,5,4,14311.774290431871,14314.18286715506
2025-046B,2026-125M,5,4,13544.25795151692,13540.954752554186
2025-046B,2026-125N,5,4,14644.4353069702,14652.546372023868
2025-046B,2026-125P,5,4,13978.277866669197,13998.613773792915
2025-046B,2026-125Q,5,4,11626.13349452895,11604.568517762365
2025-046B,2026-125R,5,4,14532.131576688558,14537.48733548354
2025-046B,2026-125S,5,4,12999.699397310096,12984.378178607993
2025-046B,2026-125T,5,4,10810.44331698738,10796.110629489545
2025-046C,2025-233A,5,1,3534.089518820256,3554.5399605814177
2025-046C,2025-233B,5,1,377.7872179929819,222.0767297008084
2025-046C,2025-233C,5,1,2824.4268459818068,2876.213197320257
2025-046C,2025-233D,5,1,1985.9920281143059,1981.2174056809595
2025-046C,2025-233E,5,1,1242.3313768992268,1238.018752476932
2025-046C,2025-233F,5,1,8605.753845775982,8588.16111435178
2025-046C,2025-233G,5,1,4320.755686092375,4275.023842232915
2025-046C,2025-233H,5,1,6878.053836776664,6878.293085973371
2025-046C,2025-233J,5,1,7861.305537990054,7824.057051910294
2025-046C,2025-233K,5,1,5685.754584301124,5681.020462400038
2025-046C,2025-233M,5,1,9295.466305099986,9302.992148953468
2025-046C,2025-233N,5,1,9219.801095637635,9220.454795888472
2025-046C,2025-233P,5,1,8864.008816964058,8884.623834783302
2025-046C,2025-233Q,5,1,7363.435914471588,7374.280999319832
2025-046C,2025-233R,5,1,8238.913154739714,8260.71934879404
2025-046C,2025-233S,5,1,6264.290082941089,6282.929080944777
2025-046C,2025-233T,5,1,4974.7234285593495,4974.588862620615
2025-046C,2026-075A,5,6,654.5362130384422,613.5845559552926
2025-046C,2026-075B,5,6,5624.08572240714,5541.462421722817
2025-046C,2026-075C,5,6,1898.5619840136735,1775.0987998868966
2025-046C,2026-075D,5,6,14536.571606525498,14532.380558144783
2025-046C,2026-075E,5,6,3187.738287137645,3117.9403933391627
2025-046C,2026-075F,5,6,7889.546817117953,7811.326226788781
2025-046C,2026-075G,5,6,14309.254410895568,14305.858009335172
2025-046C,2026-075H,5,6,13986.046463141212,13966.159063692343
2025-046C,2026-075J,5,6,9915.289970468668,9919.521964791336
2025-046C,2026-075K,5,6,12356.029996214174,12357.589102830505
2025-046C,2026-075L,5,6,13010.56401899055,12966.839113151342
2025-046C,2026-075M,5,6,14645.409297083508,14641.050426105821
2025-046C,2026-075N,5,6,6755.8638307665515,6703.508616909923
2025-046C,2026-075P,5,6,10798.310116818679,10789.39934465008
2025-046C,2026-075Q,5,6,11639.760067017134,11588.169128612406
2025-046C,2026-075R,5,6,13538.32023387024,13528.035637812873
2025-046C,2026-075S,5,6,8912.486287589689,8868.302232701612
2025-046C,2026-075T,5,6,4393.965268704808,4436.66148884565
2025-046C,2026-104A,5,7,1201.7127734514218,1113.9860293491229
2025-046C,2026-104B,5,7,3625.9509481409873,3602.0418475144097
2025-046C,2026-104C,5,7,13483.307710381781,13464.667867171278
2025-046C,2026-104D,5,7,3597.715049879997,3626.2109802769364
2025-046C,2026-104E,5,7,8016.25317584358,8034.2274657941625
2025-046C,2026-104F,5,7,1230.8223914742875,1174.4390389823257
2025-046C,2026-104G,5,7,5910.895132276282,5899.85828097858
2025-046C,2026-104H,5,7,13900.653554209779,13897.190897125285
2025-046C,2026-104J,5,7,9878.02986575846,9828.208910670457
2025-046C,2026-104K,5,7,12653.728116947981,12625.218899580184
2025-046C,2026-104L,5,7,11439.677195638244,11428.48517163966
2025-046C,2026-104M,5,7,12641.375916779136,12657.180155434015
2025-046C,2026-104N,5,7,13903.200474321151,13902.65743396795
2025-046C,2026-104P,5,7,13475.742156425787,13483.659445820856
2025-046C,2026-104Q,5,7,11422.913084265358,11415.556936395946
2025-046C,2026-104R,5,7,7992.308596221282,8018.769408346631
2025-046C,2026-104S,5,7,9857.362369035513,9842.539971041064
2025-046C,2026-104T,5,7,5884.406094151899,5910.0885852735355
2025-046C,2026-108A,5,0,2904.626016985886,2937.9738792192675
2025-046C,2026-108B,5,0,10197.931441478648,10201.215039284281
2025-046C,2026-108C,5,0,987.6610032030949,1019.8301816217567
2025-046C,2026-108D,5,0,4747.560411714981,4730.353799364456
2025-046C,2026-108E,5,0,973.350868401702,972.0039239677608
2025-046C,2026-108F,5,0,2918.261245037844,2875.9236917266994
2025-046C,2026-108G,5,0,11206.680151380819,11227.65060220239
2025-046C,2026-108H,5,0,6457.886989880778,6417.5970721810445
2025-046C,2026-108J,5,0,4760.4200063802755,4717.835882533953
2025-046C,2026-108K,5,0,7959.165600217905,7973.4099140117005
2025-046C,2026-108L,5,0,9218.598201678804,9207.556079274962
2025-046C,2026-108M,5,0,10863.739877230426,10894.974797647688
2025-046C,2026-108N,5,0,10867.41203310411,10897.422467459564
2025-046C,2026-108P,5,0,10191.951168729056,10235.347842347941
2025-046C,2026-108Q,5,0,11205.458427959069,11230.740889955905
2025-046C,2026-108R,5,0,7949.147350995338,7931.935835452542
2025-046C,2026-108S,5,0,6446.2956576754,6482.614607401135
2025-046C,2026-108T,5,0,9210.47455575736,9243.495931201054
2025-046C,2026-124A,5,8,3807.4141980548466,3770.398767906284
2025-046C,2026-124B,5,8,1623.743654748605,1564.9160469680605
2025-046C,2026-124C,5,8,609.341037748534,553.0686717516681
2025-046C,2026-124D,5,8,2823.792505714316,2752.304298565484
2025-046C,2026-124E,5,8,4952.509371967041,4950.183329997985
2025-046C,2026-124F,5,8,6930.72140547418,6903.322157934762
2025-046C,2026-124G,5,8,10201.704760027824,10202.091979377368
2025-046C,2026-124H,5,8,8698.373849242103,8665.873341813664
2025-046C,2026-124J,5,8,11395.082249945326,11352.929095455574
2025-046C,2026-124K,5,8,12806.128476575497,12812.550046619946
2025-046C,2026-124L,5,8,12505.773404625623,12501.85967997884
2025-046C,2026-124M,5,8,11825.443993889909,11822.31996529462
2025-046C,2026-124N,5,8,9418.430574937678,9419.929148386049
2025-046C,2026-124P,5,8,10785.788586230032,10807.480594208271
2025-046C,2026-124Q,5,8,7764.879456989865,7760.07133677207
2025-046C,2026-124R,5,8,5875.414581696445,5850.785663514918
2025-046C,2026-124S,5,8,12242.211832736506,12234.56300680985
2025-046C,2026-124T,5,8,12717.3785124039,12709.134460680942
2025-046C,2026-125A,5,4,3167.83791067058,3149.6582885027738
2025-046C,2026-125B,5,4,1918.130843340536,1901.454393068506
2025-046C,2026-125C,5,4,13544.257717307299,13542.596737518965
2025-046C,2026-125D,5,4,634.4941199553023,530.2942924785223
2025-046C,2026-125E,5,4,4412.4626900067,4434.969404064118
2025-046C,2026-125F,5,4,8927.21104080083,8860.937309041481
2025-046C,2026-125G,5,4,12365.206056535593,12306.185574966441
2025-046C,2026-125H,5,4,6772.730633585574,6683.171300200689
2025-046C,2026-125J,5,4,14644.434779793692,14632.01022879191
2025-046C,2026-125K,5,4,10810.443444254484,10741.467868029093
2025-046C,2026-125L,5,4,13978.276989007247,13968.606224315945
2025-046C,2026-125M,5,4,14532.132579347388,14524.22532475673
2025-046C,2026-125N,5,4,12999.699605980559,12968.090237388627
2025-046C,2026-125P,5,4,9899.31164891513,9929.639576138678
2025-046C,2026-125Q,5,4,5604.920698624934,5553.261826886983
2025-046C,2026-125R,5,4,11626.13286666501,11617.77467676116
2025-046C,2026-125S,5,4,7871.706007721578,7827.357539157003
2025-046C,2026-125T,5,4,14311.774845229238,14297.482003654328
2025-046D,2025-233A,5,1,1985.9864160057243,2043.9339621885845
2025-046D,2025-233B,5,1,1242.2991338201828,1331.9251677410416
2025-046D,2025-233C,5,1,4320.739724383594,4334.241215865623
2025-046D,2025-233D,5,1,378.0015337234109,409.3716136241025
2025-046D,2025-233E,5,1,2824.4452844530165,2792.610563007564
2025-046D,2025-233F,5,1,9088.666343734438,9069.37275605479
2025-046D,2025-233G,5,1,5685.7586590116725,5614.372359685829
2025-046D,2025-233H,5,1,7861.304807490758,7848.160644818906
2025-046D,2025-233J,5,1,8605.750769088356,8564.070055270044
2025-046D,2025-233K,5,1,6878.039606442204,6849.425668802648
2025-046D,2025-233M,5,1,9219.799300751009,9236.002417092435
2025-046D,2025-233N,5,1,8864.02424672108,8876.496503020828
2025-046D,2025-233P,5,1,8238.89117098186,8281.181366372894
2025-046D,2025-233Q,5,1,6264.2789563089445,6297.000296248103
2025-046D,2025-233R,5,1,7363.435868328933,7411.462609921713
2025-046D,2025-233S,5,1,4974.724151463476,5026.454706602557
2025-046D,2025-233T,5,1,3534.120615537545,3567.458947875167
2025-046D,2026-075A,5,6,3187.7392321083103,3087.621633635501
2025-046D,2026-075B,5,6,7889.547008247564,7762.747384332159
2025-046D,2026-075C,5,6,654.5334904773531,679.728068630146
2025-046D,2026-075D,5,6,14645.409258930682,14641.903313094126
2025-046D,2026-075E,5,6,5624.08513806246,5501.487647900873
2025-046D,2026-075F,5,6,9915.289487296226,9802.468613961762
2025-046D,2026-075G,5,6,13538.31959635699,13560.48817254789
2025-046D,2026-075H,5,6,14536.572001388357,14518.198051293308
2025-046D,2026-075J,5,6,11639.760067320496,11607.284698834035
2025-046D,2026-075K,5,6,10798.30955987636,10841.546069304051
2025-046D,2026-075L,5,6,13986.046475571617,13938.838092766377
2025-046D,2026-075M,5,6,14309.254706897309,14325.98603856704
2025-046D,2026-075N,5,6,4393.965205523529,4395.279807394815
2025-046D,2026-075P,5,6,8912.486287341571,8949.790661675757
2025-046D,2026-075Q,5,6,13010.563727178353,12943.999798185603
2025-046D,2026-075R,5,6,12356.030316718614,12375.620980265294
2025-046D,2026-075S,5,6,6755.8647173027475,6759.894730361169
2025-046D,2026-075T,5,6,1898.564363028885,2002.8585340244897
2025-046D,2026-104A,5,7,1230.8300994912927,1222.1523242697124
2025-046D,2026-104B,5,7,5910.895754164099,5836.027691394954
2025-046D,2026-104C,5,7,13903.200164501099,13891.413942632069
2025-046D,2026-104D,5,7,1201.7052568531578,1288.1929804700676
2025-046D,2026-104E,5,7,9878.02970156984,9853.932249319976
2025-046D,2026-104F,5,7,3625.9468542961044,3514.82333364499
2025-046D,2026-104G,5,7,8016.250599157061,7959.629962890338
2025-046D,2026-104H,5,7,13475.74140553537,13489.094693934678
2025-046D,2026-104J,5,7,11439.677416474935,11366.9194242082
2025-046D,2026-104K,5,7,13483.309195462021,13450.57638520901
2025-046D,2026-104L,5,7,12653.72823579268,12623.489724800442
2025-046D,2026-104M,5,7,11422.910017868031,11477.095443503656
2025-046D,2026-104N,5,7,13900.654576643507,13899.921481864905
2025-046D,2026-104P,5,7,12641.376680446014,12679.655091095972
2025-046D,2026-104Q,5,7,9857.362504696426,9887.49238251598
2025-046D,2026-104R,5,7,5884.405546696847,5964.292744831552
2025-046D,2026-104S,5,7,7992.311237489222,8020.768422588658
2025-046D,2026-104T,5,7,3597.7193021701455,3679.7037850368133
2025-046D,2026-108A,5,0,973.3535622878308,1050.1021312613352
2025-046D,2026-108B,5,0,10867.40782431534,10870.404952372377
2025-046D,2026-108C,5,0,2918.261499389598,2907.668175443702
2025-046D,2026-108D,5,0,2904.604566919595,2926.35564374475
2025-046D,2026-108E,5,0,987.5880913682312,913.6985581769392
2025-046D,2026-108F,5,0,4760.436875978722,4682.167316576431
2025-046D,2026-108G,5,0,11205.45252801488,11224.081774404252
2025-046D,2026-108H,5,0,7959.173130353516,7895.954973956444
2025-046D,2026-108J,5,0,6457.886216767945,6385.545070283856
2025-046D,2026-108K,5,0,9218.595450103347,9208.381201764643
2025-046D,2026-108L,5,0,10197.935320762857,10176.652335813078
2025-046D,2026-108M,5,0,10191.958280320277,10247.373082868995
2025-046D,2026-108N,5,0,11206.681863547461,11230.138677295527
2025-046D,2026-108P,5,0,9210.472215130723,9284.306400867212
2025-046D,2026-108Q,5,0,10863.739768125502,10905.209604555033
2025-046D,2026-108R,5,0,6446.28915296692,6457.614460415646
2025-046D,2026-108S,5,0,4747.565255271978,4822.453616892438
2025-046D,2026-108T,5,0,7949.152806680828,8013.025908133545
2025-046D,2026-124A,5,8,1623.7615622300837,1636.98036936361
2025-046D,2026-124B,5,8,609.3042665036243,581.1989125972121
2025-046D,2026-124C,5,8,2823.7984484621365,2716.8372200344024
2025-046D,2026-124D,5,8,4952.5023650580815,4836.005843061957
2025-046D,2026-124E,5,8,6930.722052574862,6884.588261648429
2025-046D,2026-124F,5,8,8698.368446169203,8636.683168649752
2025-046D,2026-124G,5,8,11395.08503093628,11372.409161013937
2025-046D,2026-124H,5,8,10201.704625784592,10144.131195635277
2025-046D,2026-124J,5,8,12242.211823664225,12200.104485423435
2025-046D,2026-124K,5,8,12505.775545984807,12534.326814004884
2025-046D,2026-124L,5,8,11825.436287213104,11837.129392105358
2025-046D,2026-124M,5,8,10785.78992902803,10807.157843744964
2025-046D,2026-124N,5,8,7764.879738630429,7805.791562615231
2025-046D,2026-124P,5,8,9418.431987689684,9477.333564237464
2025-046D,2026-124Q,5,8,5875.421623494922,5914.140951599678
2025-046D,2026-124R,5,8,3807.4115428849354,3829.385347169505
2025-046D,2026-124S,5,8,12717.381585014047,12706.018223513323
2025-046D,2026-124T,5,8,12806.127507719257,12809.555142397123
2025-046D,2026-125A,5,4,634.493667322174,677.0640714193428
2025-046D,2026-125B,5,4,4412.462729732336,4337.892374243765
2025-046D,2026-125C,5,4,14311.774539696347,14296.166150153778
2025-046D,2026-125D,5,4,1918.1320920406847,1919.5622812748063
2025-046D,2026-125E,5,4,6772.731372815865,6739.774621525432
2025-046D,2026-125F,5,4,10810.443767146824,10713.66598541196
2025-046D,2026-125G,5,4,13544.257863096602,13478.864614536575
2025-046D,2026-125H,5,4,8927.21089061781,8799.142941442957
2025-046D,2026-125J,5,4,14532.132174127155,14541.19140752644
2025-046D,2026-125K,5,4,12365.205825506851,12278.339961652267
2025-046D,2026-125L,5,4,12999.700496072192,13018.093727028223
2025-046D,2026-125M,5,4,13978.276913361386,13991.183003948008
2025-046D,2026-125N,5,4,11626.132645318718,11624.088592579039
2025-046D,2026-125P,5,4,7871.705488215127,7958.138814338319
2025-046D,2026-125Q,5,4,3167.8361411985898,3173.1368663267604
2025-046D,2026-125R,5,4,9899.311877004171,9935.303125479128
2025-046D,2026-125S,5,4,5604.920830994621,5613.22396051232
2025-046D,2026-125T,5,4,14644.434811109664,14633.720117285497
2025-046F,2025-233A,5,1,8605.753845775982,8481.358303951492
2025-046F,2025-233B,5,1,9295.466305099986,9280.050283863697
2025-046F,2025-233C,5,1,8864.008816964058,8895.706989632097
2025-046F,2025-233D,5,1,9088.665575775447,9022.83742727095
2025-046F,2025-233E,5,1,9219.801095637637,9286.54587418059
2025-046F,2025-233F,5,1,3534.0895188202544,3756.5749029425774
2025-046F,2025-233G,5,1,8238.913154739712,8346.845554782945
2025-046F,2025-233H,5,1,6264.290082941089,6448.610983065082
2025-046F,2025-233J,5,1,4974.723428559346,5196.635044102394
2025-046F,2025-233K,5,1,7363.435914471589,7490.828834133404
2025-046F,2025-233M,5,1,377.7872179929756,611.6817405611652
2025-046F,2025-233N,5,1,1242.3313768992273,995.406879238102
2025-046F,2025-233P,5,1,2824.4268459818118,2552.402194893342
2025-046F,2025-233Q,5,1,5685.754584301125,5499.96177861409
2025-046F,2025-233R,5,1,4320.7556860923805,4061.91164532086
2025-046F,2025-233S,5,1,6878.053836776665,6675.532963115702
2025-046F,2025-233T,5,1,7861.305537990053,7709.794216761603
2025-046F,2026-075A,5,6,14645.409297083508,14648.512336165526
2025-046F,2026-075B,5,6,13538.320233870238,13689.631922833614
2025-046F,2026-075C,5,6,14536.571606525498,14487.582117898226
2025-046F,2026-075D,5,6,1898.56198401367,2200.5664281063173
2025-046F,2026-075E,5,6,14309.254410895566,14386.829761455549
2025-046F,2026-075F,5,6,12356.02999621417,12573.37233861455
2025-046F,2026-075G,5,6,3187.738287137653,2805.2986518473667
2025-046F,2026-075H,5,6,4393.965268704808,4744.195516900171
2025-046F,2026-075J,5,6,10798.31011681868,11007.499134096546
2025-046F,2026-075K,5,6,7889.546817117951,7542.454270883577
2025-046F,2026-075L,5,6,6755.863830766549,7111.15678607086
2025-046F,2026-075M,5,6,654.5362130384422,246.01959181066115
2025-046F,2026-075N,5,6,13010.564018990548,12837.452667451744
2025-046F,2026-075P,5,6,9915.289970468677,9619.696770606133
2025-046F,2026-075Q,5,6,8912.486287589682,9227.319434095778
2025-046F,2026-075R,5,6,5624.085722407135,5279.096133464349
2025-046F,2026-075S,5,6,11639.760067017132,11416.074868720681
2025-046F,2026-075T,5,6,13986.046463141212,13835.751153561147
2025-046F,2026-104A,5,7,13903.200474321151,13863.943173263246
2025-046F,2026-104B,5,7,13475.742156425787,13553.830762546759
2025-046F,2026-104C,5,7,3597.7150498799942,3953.41272184788
2025-046F,2026-104D,5,7,13483.307710381781,13358.632584912091
2025-046F,2026-104E,5,7,11422.913084265358,11583.887157205441
2025-046F,2026-104F,5,7,13900.653554209783,13918.651739414148
2025-046F,2026-104G,5,7,12641.375916779136,12772.444643275507
2025-046F,2026-104H,5,7,1230.8223914742828,868.1474069795266
2025-046F,2026-104J,5,7,9857.362369035505,10116.739612585996
2025-046F,2026-104K,5,7,5884.4060941519,6210.07503129038
2025-046F,2026-104L,5,7,7992.3085962212845,8261.19879436794
2025-046F,2026-104M,5,7,5910.895132276282,5531.6904386203305
2025-046F,2026-104N,5,7,1201.7127734514152,1473.9688639914593
2025-046F,2026-104P,5,7,3625.950948140989,3234.4083259186145
2025-046F,2026-104Q,5,7,8016.253175843587,7712.021553583443
2025-046F,2026-104R,5,7,11439.677195638247,11189.056026393742
2025-046F,2026-104S,5,7,9878.029865758466,9614.741317389133
2025-046F,2026-104T,5,7,12653.728116947981,12464.083391080057
2025-046F,2026-108A,5,0,10867.412033104114,10778.313318580202
2025-046F,2026-108B,5,0,4747.560411714977,5034.066321372837
2025-046F,2026-108C,5,0,11205.458427959069,11228.908290804895
2025-046F,2026-108D,5,0,10197.931441478648,10078.968446036073
2025-046F,2026-108E,5,0,11206.68015138082,11178.739535556375
2025-046F,2026-108F,5,0,10863.739877230424,10949.700145097102
2025-046F,2026-108G,5,0,973.3508684016996,1187.556810904045
2025-046F,2026-108H,5,0,9210.474555757364,9397.265017369706
2025-046F,2026-108J,5,0,10191.951168729054,10331.635864267577
2025-046F,2026-108K,5,0,7949.14735099534,8128.183131321056
2025-046F,2026-108L,5,0,6446.295657675405,6693.180854775798
2025-046F,2026-108M,5,0,2918.2612450378506,2593.984160385007
2025-046F,2026-108N,5,0,2904.626016985891,3128.6511744470176
2025-046F,2026-108P,5,0,4760.420006380277,4446.0476521517
2025-046F,2026-108Q,5,0,987.661003203094,670.6531488583369
2025-046F,2026-108R,5,0,7959.165600217904,7775.698975421508
2025-046F,2026-108S,5,0,9218.598201678808,9032.922953085688
2025-046F,2026-108T,5,0,6457.88698988078,6196.595800091016
2025-046F,2026-124A,5,8,12242.211832736506,12132.566996014384
2025-046F,2026-124B,5,8,12717.3785124039,12664.251410667388
2025-046F,2026-124C,5,8,12806.128476575495,12806.185554588523
2025-046F,2026-124D,5,8,12505.773404625623,12574.053744208864
2025-046F,2026-124E,5,8,11825.443993889909,11930.346391904548
2025-046F,2026-124F,5,8,10785.788586230034,10953.462671952424
2025-046F,2026-124G,5,8,7764.879456989868,7984.916767612675
2025-046F,2026-124H,5,8,9418.430574937682,9635.962555164975
2025-046F,2026-124J,5,8,5875.414581696443,6204.229792166737
2025-046F,2026-124K,5,8,609.3410377485395,223.0253889220857
2025-046F,2026-124L,5,8,2823.792505714323,2522.29955132996
2025-046F,2026-124M,5,8,4952.509371967053,4651.982914727094
2025-046F,2026-124N,5,8,8698.373849242102,8435.956710661276
2025-046F,2026-124P,5,8,6930.721405474185,6613.13186300791
2025-046F,2026-124Q,5,8,10201.704760027824,9986.986476713406
2025-046F,2026-124R,5,8,11395.082249945326,11236.621835261376
2025-046F,2026-124S,5,8,3807.414198054836,4086.6888755710665
2025-046F,2026-124T,5,8,1623.7436547486022,1955.3776924406889
2025-046F,2026-125A,5,4,14311.774845229238,14217.145688662777
2025-046F,2026-125B,5,4,14532.132579347388,14572.566129946516
2025-046F,2026-125C,5,4,5604.92069862493,5882.725720909391
2025-046F,2026-125D,5,4,14644.434779793692,14624.098749779785
2025-046F,2026-125E,5,4,13978.276989007247,14068.718760798638
2025-046F,2026-125F,5,4,11626.132866665012,11869.925776030439
2025-046F,2026-125G,5,4,7871.706007721578,8221.55276956369
2025-046F,2026-125H,5,4,12999.699605980555,13193.495172477376
2025-046F,2026-125J,5,4,634.4941199552958,1026.8641171298189
2025-046F,2026-125K,5,4,9899.311648915127,10204.478989734305
2025-046F,2026-125L,5,4,4412.462690006707,4052.047402577969
2025-046F,2026-125M,5,4,1918.1308433405363,1542.3693747203877
2025-046F,2026-125N,5,4,6772.7306335855765,6473.244682299064
2025-046F,2026-125P,5,4,10810.443444254488,10499.707318768838
2025-046F,2026-125Q,5,4,13544.257717307299,13399.456754208344
2025-046F,2026-125R,5,4,8927.21104080085,8610.53371569413
2025-046F,2026-125S,5,4,12365.206056535595,12164.03941093556
2025-046F,2026-125T,5,4,3167.837910670574,3504.706390593159
2025-046G,2025-233A,5,1,378.2921590907411,383.95409795407187
2025-046G,2025-233B,5,1,2824.4739585075445,2954.926764856441
2025-046G,2025-233C,5,1,5685.767818429837,5733.589515205448
2025-046G,2025-233D,5,1,1242.2901620459286,1235.3950179997803
2025-046G,2025-233E,5,1,4320.730453722902,4342.095547632642
2025-046G,2025-233F,5,1,9295.474698325135,9289.518453124352
2025-046G,2025-233G,5,1,6878.029579374783,6848.32355656069
2025-046G,2025-233H,5,1,8605.73939565069,8622.286392116484
2025-046G,2025-233J,5,1,9088.665711883967,9073.13105910093
2025-046G,2025-233K,5,1,7861.3077545598135,7864.41130673235
2025-046G,2025-233M,5,1,8864.03603551091,8872.555244581663
2025-046G,2025-233N,5,1,8238.889162398698,8232.193146341418
2025-046G,2025-233P,5,1,7363.454442463517,7381.783726876654
2025-046G,2025-233Q,5,1,4974.724083164518,4960.091015520186
2025-046G,2025-233R,5,1,6264.250042774056,6280.213496811758
2025-046G,2025-233S,5,1,3534.100893351578,3540.536747643196
2025-046G,2025-233T,5,1,1985.9882268170618,1968.4022408206324
2025-046G,2026-075A,5,6,5624.084821208951,5596.771774766785
2025-046G,2026-075B,5,6,9915.289155848066,9858.880187518711
2025-046G,2026-075C,5,6,3187.740649008928,3283.310360416818
2025-046G,2026-075D,5,6,14309.255108032956,14293.236941067637
2025-046G,2026-075E,5,6,7889.5473900590305,7839.615985180344
2025-046G,2026-075F,5,6,11639.760196870071,11591.80951255834
2025-046G,2026-075G,5,6,12356.030659511895,12343.660472614954
2025-046G,2026-075H,5,6,14645.409270801447,14640.463023075872
2025-046G,2026-075J,5,6,13010.563358954894,13019.810738401287
2025-046G,2026-075K,5,6,8912.48673168026,8896.95287638255
2025-046G,2026-075L,5,6,14536.571740209778,14522.594403188163
2025-046G,2026-075M,5,6,13538.31955508423,13539.1741822582
2025-046G,2026-075N,5,6,1898.5675176826555,1816.9129533936614
2025-046G,2026-075P,5,6,6755.86382710786,6723.165052654947
2025-046G,2026-075Q,5,6,13986.046475824092,13964.190479467527
2025-046G,2026-075R,5,6,10798.308760597676,10766.550385975946
2025-046G,2026-075S,5,6,4393.965205020282,4318.292139547109
2025-046G,2026-075T,5,6,654.533066333379,593.5502648421328
2025-046G,2026-104A,5,7,3625.944363149002,3684.7279943552985
2025-046G,2026-104B,5,7,8016.248747409306,8005.955512007265
2025-046G,2026-104C,5,7,13900.656017136382,13901.28438453183
2025-046G,2026-104D,5,7,1230.8425288753924,1182.7461646291697
2025-046G,2026-104E,5,7,11439.6756108847,11460.825500492876
2025-046G,2026-104F,5,7,5910.897359204821,5869.6521980325215
2025-046G,2026-104G,5,7,9878.030073700109,9879.239500600677
2025-046G,2026-104H,5,7,12641.37780472996,12630.620735614293
2025-046G,2026-104J,5,7,12653.728107620169,12629.7604110636
2025-046G,2026-104K,5,7,13903.200272665299,13894.984890613272
2025-046G,2026-104L,5,7,13483.30938282704,13484.09320005118
2025-046G,2026-104M,5,7,9857.363484045602,9867.330503128256
2025-046G,2026-104N,5,7,13475.741085887626,13456.293683342028
2025-046G,2026-104P,5,7,11422.909132033705,11428.893435073314
2025-046G,2026-104Q,5,7,7992.306854877724,7960.505161209084
2025-046G,2026-104R,5,7,3597.72516972481,3604.9151871098693
2025-046G,2026-104S,5,7,5884.405773951548,5842.480863885165
2025-046G,2026-104T,5,7,1201.702576119853,1206.303048905144
2025-046G,2026-108A,5,0,987.5250021296779,944.4441781840865
2025-046G,2026-108B,5,0,11206.685393644613,11231.802994625408
2025-046G,2026-108C,5,0,4760.421749293048,4804.648235423426
2025-046G,2026-108D,5,0,973.3771866038473,927.8493256681955
2025-046G,2026-108E,5,0,2918.2623979038794,2903.9133458204215
2025-046G,2026-108F,5,0,6457.886331707241,6437.485085837698
2025-046G,2026-108G,5,0,10863.741534340843,10864.435474572812
2025-046G,2026-108H,5,0,9218.594908515945,9204.682799922697
2025-046G,2026-108J,5,0,7959.183220153555,7941.368136284851
2025-046G,2026-108K,5,0,10197.941197796346,10219.077428863522
2025-046G,2026-108L,5,0,10867.405490210658,10876.307080509963
2025-046G,2026-108M,5,0,9210.472086441603,9239.018559976053
2025-046G,2026-108N,5,0,11205.448446194792,11225.123452373236
2025-046G,2026-108P,5,0,7949.1619247561675,7986.12826797895
2025-046G,2026-108Q,5,0,10191.95179367844,10215.909718448342
2025-046G,2026-108R,5,0,4747.574390063956,4696.098985457779
2025-046G,2026-108S,5,0,2904.590130752427,2916.1574238683647
2025-046G,2026-108T,5,0,6446.285808673093,6459.993786421097
2025-046G,2026-124A,5,8,609.2876746853035,631.0299946879902
2025-046G,2026-124B,5,8,2823.808745679623,2858.854959471784
2025-046G,2026-124C,5,8,4952.497840968833,4910.405063967354
2025-046G,2026-124D,5,8,6930.724473837956,6878.916647150036
2025-046G,2026-124E,5,8,8698.36445671234,8705.779769974686
2025-046G,2026-124F,5,8,10201.705065404718,10190.845734328295
2025-046G,2026-124G,5,8,12242.211711796388,12246.529630616544
2025-046G,2026-124H,5,8,11395.080906531612,11381.797361373738
2025-046G,2026-124J,5,8,12717.384076849428,12707.150873607843
2025-046G,2026-124K,5,8,11825.435238008888,11843.266148350003
2025-046G,2026-124L,5,8,10785.792411864435,10760.227867223482
2025-046G,2026-124M,5,8,9418.422311462034,9392.89977753901
2025-046G,2026-124N,5,8,5875.423888167311,5853.826188014989
2025-046G,2026-124P,5,8,7764.881603840823,7772.551184436932
2025-046G,2026-124Q,5,8,3807.412117265927,3776.895492975784
2025-046G,2026-124R,5,8,1623.7870420706076,1572.4145637468146
2025-046G,2026-124S,5,8,12806.127499046468,12800.64356883717
2025-046G,2026-124T,5,8,12505.778670584792,12509.383305119678
2025-046G,2026-125A,5,4,1918.129169716842,1913.9791831306463
2025-046G,2026-125B,5,4,6772.73172646507,6768.520540712366
2025-046G,2026-125C,5,4,14644.43494594641,14638.161574866728
2025-046G,2026-125D,5,4,4412.462664645571,4483.300431242826
2025-046G,2026-125E,5,4,8927.210910253047,8956.346352989958
2025-046G,2026-125F,5,4,12365.205717080386,12328.547620797177
2025-046G,2026-125G,5,4,14311.774340090218,14288.996823692602
2025-046G,2026-125H,5,4,10810.444230273773,10751.914218940277
2025-046G,2026-125J,5,4,13978.276946169775,13984.168628085461
2025-046G,2026-125K,5,4,13544.258120815372,13510.673776888621
2025-046G,2026-125L,5,4,11626.132554368534,11601.688373296083
2025-046G,2026-125M,5,4,12999.700043083743,12984.741199820972
2025-046G,2026-125N,5,4,9899.31304586558,9836.27739110673
2025-046G,2026-125P,5,4,5604.921233841427,5623.182728482447
2025-046G,2026-125Q,5,4,634.4948366339746,556.941129739335
2025-046G,2026-125R,5,4,7871.705161297211,7843.319352687763
2025-046G,2026-125S,5,4,3167.8348502849844,3095.7149970889927
2025-046G,2026-125T,5,4,14532.131873227203,14524.547027369135
2025-046H,2025-233A,5,1,6264.259610495355,6251.082767790402
2025-046H,2025-233B,5,1,3534.0518662083423,3369.137088663424
2025-046H,2025-233C,5,1,377.587989596825,274.6456624313286
2025-046H,2025-233D,5,1,4974.733720911047,4947.024613651449
2025-046H,2025-233E,5,1,1986.0469231376794,1960.5748326006922
2025-046H,2025-233F,5,1,6878.042493591083,6835.074281179861
2025-046H,2025-233G,5,1,1242.465668287081,1210.197141625476
2025-046H,2025-233H,5,1,4320.784466637214,4309.7166081858695
2025-046H,2025-233J,5,1,5685.754366731966,5625.914226700263
2025-046H,2025-233K,5,1,2824.4206765341446,2827.1985112723123
2025-046H,2025-233M,5,1,8605.725810323534,8577.014720413144
2025-046H,2025-233N,5,1,9088.6873248747,9055.004963402536
2025-046H,2025-233P,5,1,9295.451628056784,9269.084603031999
2025-046H,2025-233Q,5,1,8864.00844958176,8847.401423599502
2025-046H,2025-233R,5,1,9219.82830035138,9194.757621861358
2025-046H,2025-233S,5,1,8238.908275614544,8216.350512557852
2025-046H,2025-233T,5,1,7363.436939718275,7331.6548811048315
2025-046H,2026-075A,5,6,4393.966422199327,4371.289212843366
2025-046H,2026-075B,5,6,654.5485532617678,607.1445622615682
2025-046H,2026-075C,5,6,6755.8627163227,6625.557992900414
2025-046H,2026-075D,5,6,13010.563252266154,13018.89548402804
2025-046H,2026-075E,5,6,1898.5596031335672,1897.9769878962009
2025-046H,2026-075F,5,6,3187.7378129904496,3135.7249319481907
2025-046H,2026-075G,5,6,14536.571042724952,14524.02231663767
2025-046H,2026-075H,5,6,11639.760100085816,11618.407974479505
2025-046H,2026-075J,5,6,5624.087249310398,5662.887532653572
2025-046H,2026-075K,5,6,14309.254134294757,14295.95003987238
2025-046H,2026-075L,5,6,9915.28977447732,9868.916665338953
2025-046H,2026-075M,5,6,13986.04712019765,13967.439941177496
2025-046H,2026-075N,5,6,10798.309143885943,10740.419798465868
2025-046H,2026-075P,5,6,13538.320235695985,13518.206773501453
2025-046H,2026-075Q,5,6,7889.546794634625,7846.25711373764
2025-046H,2026-075R,5,6,14645.410297048293,14631.958117950722
2025-046H,2026-075S,5,6,12356.030018861218,12309.42718084467
2025-046H,2026-075T,5,6,8912.486518684285,8929.294228931627
2025-046H,2026-104A,5,7,5884.410151796403,5783.552948850939
2025-046H,2026-104B,5,7,1201.7423137916903,1154.2718804949973
2025-046H,2026-104C,5,7,11439.674202870496,11404.30623452789
2025-046H,2026-104D,5,7,7992.305495018238,7994.403396340767
2025-046H,2026-104E,5,7,3625.9559479480736,3678.6868301654504
2025-046H,2026-104F,5,7,3597.7113911271385,3588.1284690947314
2025-046H,2026-104G,5,7,1230.8207226265579,1255.3753344152838
2025-046H,2026-104H,5,7,13483.305940319127,13467.225444968704
2025-046H,2026-104J,5,7,5910.895152244758,5873.309743904303
2025-046H,2026-104K,5,7,9878.030149586493,9843.94632935163
2025-046H,2026-104L,5,7,8016.250362796285,8016.558665866433
2025-046H,2026-104M,5,7,13900.652763523249,13885.456562922858
2025-046H,2026-104N,5,7,12653.729257030558,12661.396349982617
2025-046H,2026-104P,5,7,13903.203721486127,13883.66879862095
2025-046H,2026-104Q,5,7,13475.74318919659,13453.877150845221
2025-046H,2026-104R,5,7,11422.909896954552,11420.73642613844
2025-046H,2026-104S,5,7,12641.376065828485,12612.4998877064
2025-046H,2026-104T,5,7,9857.363612188636,9855.846129988766
2025-046H,2026-108A,5,0,6446.316493438845,6454.995110253219
2025-046H,2026-108B,5,0,7959.158218990086,7935.515689666947
2025-046H,2026-108C,5,0,2904.6231605071703,2823.96241777006
2025-046H,2026-108D,5,0,7949.1441283608465,7914.574752378476
2025-046H,2026-108E,5,0,4747.559703063607,4729.1732132502375
2025-046H,2026-108F,5,0,973.3552351729268,966.2209875258129
2025-046H,2026-108G,5,0,10197.929676177562,10210.794466165675
2025-046H,2026-108H,5,0,2918.271647905548,2882.965395103706
2025-046H,2026-108J,5,0,987.5190008128149,959.674562765318
2025-046H,2026-108K,5,0,4760.399106013317,4782.480203501389
2025-046H,2026-108L,5,0,6457.898000330043,6434.438994754311
2025-046H,2026-108M,5,0,11206.682180845793,11195.855911840485
2025-046H,2026-108N,5,0,9218.6103347731,9239.391557749495
2025-046H,2026-108P,5,0,11205.44808932521,11204.158925260856
2025-046H,2026-108Q,5,0,10867.411446998243,10856.867333116701
2025-046H,2026-108R,5,0,10191.944657397315,10160.682429329589
2025-046H,2026-108S,5,0,9210.485872805004,9217.322894118224
2025-046H,2026-108T,5,0,10863.745721397896,10863.118412322032
2025-046H,2026-124A,5,8,7764.8836444176195,7709.640169839841
2025-046H,2026-124B,5,8,5875.406776552819,5799.8070502021965
2025-046H,2026-124C,5,8,3807.4291970002564,3801.4917820838177
2025-046H,2026-124D,5,8,1623.7305578137075,1632.2120139838817
2025-046H,2026-124E,5,8,609.4751017611995,640.0838552881667
2025-046H,2026-124F,5,8,2823.7914024584807,2818.8590409406193
2025-046H,2026-124G,5,8,6930.721619099066,6943.903847407898
2025-046H,2026-124H,5,8,4952.512462986762,4931.729049555313
2025-046H,2026-124J,5,8,8698.365713789452,8635.596099987655
2025-046H,2026-124K,5,8,12242.220290530568,12211.074962137507
2025-046H,2026-124L,5,8,12717.375267828265,12701.888202673394
2025-046H,2026-124M,5,8,12806.134554049984,12785.87572554003
2025-046H,2026-124N,5,8,11825.439370010363,11802.851437028823
2025-046H,2026-124P,5,8,12505.772071637928,12494.651948165747
2025-046H,2026-124Q,5,8,10785.789320754237,10759.296224446167
2025-046H,2026-124R,5,8,9418.42309483179,9375.972537115145
2025-046H,2026-124S,5,8,10201.70598711304,10187.472214228557
2025-046H,2026-124T,5,8,11395.076470704666,11360.140690096781
2025-046H,2026-125A,5,4,7871.706415540126,7844.108531512543
2025-046H,2026-125B,5,4,3167.83557413003,3119.8265466792172
2025-046H,2026-125C,5,4,10810.443219174662,10843.328654636542
2025-046H,2026-125D,5,4,5604.920718590424,5493.816666988463
2025-046H,2026-125E,5,4,634.495956735158,534.9956702456396
2025-046H,2026-125F,5,4,4412.46364127438,4374.849823642258
2025-046H,2026-125G,5,4,8927.211850620992,8877.476690381201
2025-046H,2026-125H,5,4,1918.1264133887573,1861.304262389736
2025-046H,2026-125J,5,4,13544.25776151748,13526.758410248836
2025-046H,2026-125K,5,4,6772.72982664109,6722.026040288323
2025-046H,2026-125L,5,4,14644.435027724065,14645.543327945885
2025-046H,2026-125M,5,4,14311.77444819879,14314.675080785435
2025-046H,2026-125N,5,4,14532.131627742434,14523.669241807062
2025-046H,2026-125P,5,4,12999.699375217824,13015.509340813562
2025-046H,2026-125Q,5,4,9899.311602979744,9848.836979227364
2025-046H,2026-125R,5,4,13978.277465661358,13972.918110918643
2025-046H,2026-125S,5,4,11626.133700545077,11587.509025273754
2025-046H,2026-125T,5,4,12365.206886398968,12366.679627036026
2025-046J,2025-233A,5,1,1242.2930568963245,1216.17676571592
2025-046J,2025-233B,5,1,4320.727874161272,4437.994340579417
2025-046J,2025-233C,5,1,6878.023755601354,6905.958951148628
2025-046J,2025-233D,5,1,2824.5128678091633,2818.6187311161248
2025-046J,2025-233E,5,1,5685.782062523217,5707.263251090252
2025-046J,2025-233F,5,1,9219.79943492365,9192.913943893649
2025-046J,2025-233G,5,1,7861.314379190567,7822.336918171705
2025-046J,2025-233H,5,1,9088.668260972026,9088.48212360075
2025-046J,2025-233J,5,1,9295.464168797176,9265.556880958562
2025-046J,2025-233K,5,1,8605.731381632888,8590.902715949751
2025-046J,2025-233M,5,1,8238.890009566589,8221.075990208028
2025-046J,2025-233N,5,1,7363.468633640842,7328.599528717624
2025-046J,2025-233P,5,1,6264.247401037305,6258.370248794466
2025-046J,2025-233Q,5,1,3534.0496431612514,3492.1436963958568
2025-046J,2025-233R,5,1,4974.7515759944945,4968.056304645308
2025-046J,2025-233S,5,1,1985.9880557342303,1975.1537145241823
2025-046J,2025-233T,5,1,378.10786404211353,346.14550556997517
2025-046J,2026-075A,5,6,7889.54796255201,7872.289514529709
2025-046J,2026-075B,5,6,11639.760455665744,11597.084873097216
2025-046J,2026-075C,5,6,5624.084771846891,5723.31505691024
2025-046J,2026-075D,5,6,13538.319567925724,13500.824818423815
2025-046J,2026-075E,5,6,9915.288976124499,9877.801449089298
2025-046J,2026-075F,5,6,13010.5631063598,12975.451698437422
2025-046J,2026-075G,5,6,10798.308708852184,10764.927526194098
2025-046J,2026-075H,5,6,14309.254842705299,14297.370707232245
2025-046J,2026-075J,5,6,13986.046583640546,13989.84958402018
2025-046J,2026-075K,5,6,6755.862549571895,6716.969631699625
2025-046J,2026-075L,5,6,14645.409271042554,14634.485472191458
2025-046J,2026-075M,5,6,12356.031124058505,12342.560870755537
2025-046J,2026-075N,5,6,654.5330629549761,714.0161918449837
2025-046J,2026-075P,5,6,4393.966106293279,4336.812903044656
2025-046J,2026-075Q,5,6,14536.571410641365,14520.635393788383
2025-046J,2026-075R,5,6,8912.487206919583,8854.85387540982
2025-046J,2026-075S,5,6,1898.56435000982,1798.2924463023332
2025-046J,2026-075T,5,6,3187.7425278683113,3138.180803465568
2025-046J,2026-104A,5,7,5910.899947396257,5972.125213853532
2025-046J,2026-104B,5,7,9878.031034137472,9870.82234390243
2025-046J,2026-104C,5,7,13475.741197482863,13466.806229209404
2025-046J,2026-104D,5,7,3625.9434747051223,3587.2035186847565
2025-046J,2026-104E,5,7,12653.728398120627,12665.509533974298
2025-046J,2026-104F,5,7,8016.247620602389,7982.814376827806
2025-046J,2026-104G,5,7,11439.67431328906,11439.972607496185
2025-046J,2026-104H,5,7,11422.908754941463,11388.685738014254
2025-046J,2026-104J,5,7,13483.307850905698,13460.747445376333
2025-046J,2026-104K,5,7,13900.656198876039,13885.376619023415
2025-046J,2026-104L,5,7,13903.200156011575,13894.560381690499
2025-046J,2026-104M,5,7,7992.305588809444,7980.683196922478
2025-046J,2026-104N,5,7,12641.379388718195,12593.031422009397
2025-046J,2026-104P,5,7,9857.364925860802,9842.525934591607
2025-046J,2026-104Q,5,7,5884.407414524851,5825.471649217305
2025-046J,2026-104R,5,7,1201.7036889228555,1187.5925486764322
2025-046J,2026-104S,5,7,3597.715433785794,3530.142395290893
2025-046J,2026-104T,5,7,1230.8596794729172,1201.8087338316702
2025-046J,2026-108A,5,0,2918.27027761345,2883.1444071303117
2025-046J,2026-108B,5,0,11205.446182504276,11215.950356844665
2025-046J,2026-108C,5,0,6457.8867377379165,6498.027751794253
2025-046J,2026-108D,5,0,987.4825402635995,1014.5431085647266
2025-046J,2026-108E,5,0,4760.408661319013,4750.084819715685
2025-046J,2026-108F,5,0,7959.174172798216,7939.508479334762
2025-046J,2026-108G,5,0,10191.947305956764,10156.93417086488
2025-046J,2026-108H,5,0,10197.949072570642,10180.324068829112
2025-046J,2026-108J,5,0,9218.594989034173,9199.653099983947
2025-046J,2026-108K,5,0,10867.405030793261,10870.437483215574
2025-046J,2026-108L,5,0,11206.690741667533,11202.361153526826
2025-046J,2026-108M,5,0,7949.153607955333,7952.436095754888
2025-046J,2026-108N,5,0,10863.74517587403,10851.79773691826
2025-046J,2026-108P,5,0,6446.285624801713,6458.28947227329
2025-046J,2026-108Q,5,0,9210.474169690224,9208.258956943762
2025-046J,2026-108R,5,0,2904.5827086012896,2825.0958380602638
2025-046J,2026-108S,5,0,973.4217398056688,962.7237059239197
2025-046J,2026-108T,5,0,4747.58965699676,4734.067243308458
2025-046J,2026-124A,5,8,2823.823397310329,2851.460816292531
2025-046J,2026-124B,5,8,4952.495799709965,4989.457697785843
2025-046J,2026-124C,5,8,6930.728669259522,6893.487872097261
2025-046J,2026-124D,5,8,8698.361880876855,8651.80549445174
2025-046J,2026-124E,5,8,10201.706710335926,10203.438406099673
2025-046J,2026-124F,5,8,11395.07786120331,11379.782468872687
2025-046J,2026-124G,5,8,12717.380381282797,12704.480269108695
2025-046J,2026-124H,5,8,12242.21207814152,12222.970474424093
2025-046J,2026-124J,5,8,12806.12739210471,12791.52774922182
2025-046J,2026-124K,5,8,10785.79603473635,10785.692007534808
2025-046J,2026-124L,5,8,9418.420994118473,9361.332444894326
2025-046J,2026-124M,5,8,7764.885052618343,7709.302400262193
2025-046J,2026-124N,5,8,3807.415921195876,3760.661303552075
2025-046J,2026-124P,5,8,5875.408376951908,5858.198035725092
2025-046J,2026-124Q,5,8,1623.7952364173661,1570.4340538702777
2025-046J,2026-124R,5,8,609.2912639562678,641.1071381258879
2025-046J,2026-124S,5,8,12505.781204583049,12479.105240175542
2025-046J,2026-124T,5,8,11825.435228616867,11811.781362472997
2025-046J,2026-125A,5,4,4412.46283278786,4420.981621230297
2025-046J,2026-125B,5,4,8927.210878082533,8936.971398101146
2025-046J,2026-125C,5,4,14532.131676647788,14519.726386475906
2025-046J,2026-125D,5,4,6772.730898822775,6851.874437278486
2025-046J,2026-125E,5,4,10810.444451834603,10848.24503009251
2025-046J,2026-125F,5,4,13544.25849046336,13527.60751413457
2025-046J,2026-125G,5,4,14644.435184303808,14639.565918079426
2025-046J,2026-125H,5,4,12365.205731256283,12330.38009803197
2025-046J,2026-125J,5,4,12999.699706713074,13006.524212041872
2025-046J,2026-125K,5,4,14311.774246411014,14298.672204285578
2025-046J,2026-125L,5,4,9899.312451004687,9857.980954579678
2025-046J,2026-125M,5,4,11626.132593814567,11598.742811847806
2025-046J,2026-125N,5,4,7871.7050269681495,7784.531223539991
2025-046J,2026-125P,5,4,3167.8340379314654,3167.724677584984
2025-046J,2026-125Q,5,4,1918.1270377414412,1969.7652466852717
2025-046J,2026-125R,5,4,5604.9232982633375,5556.284518101652
2025-046J,2026-125S,5,4,634.4983952417223,540.3342876040659
2025-046J,2026-125T,5,4,13978.277087432389,13968.159907541396
2025-046K,2025-233A,5,1,8864.022006437155,8857.97159610037
2025-046K,2025-233B,5,1,7363.4650378873475,7269.379669192454
2025-046K,2025-233C,5,1,4974.772581258013,4904.861669503908
2025-046K,2025-233D,5,1,8238.889312545738,8234.836878046077
2025-046K,2025-233E,5,1,6264.248515252898,6289.246268830242
2025-046K,2025-233F,5,1,2824.4881907419076,2771.249581185915
2025-046K,2025-233G,5,1,3534.044960570824,3559.3807298503452
2025-046K,2025-233H,5,1,377.6285381035604,385.9125564797889
2025-046K,2025-233J,5,1,1242.2927833952292,1169.3708163094057
2025-046K,2025-233K,5,1,1986.056921833219,1974.302706668471
2025-046K,2025-233M,5,1,5685.801391241434,5643.959626224595
2025-046K,2025-233N,5,1,6878.022135137557,6841.581418930428
2025-046K,2025-233P,5,1,7861.324681368071,7816.678085938026
2025-046K,2025-233Q,5,1,9088.673990993757,9087.138503152972
2025-046K,2025-233R,5,1,8605.726727051187,8566.066641739768
2025-046K,2025-233S,5,1,9295.45674942114,9271.05543304945
2025-046K,2025-233T,5,1,9219.801947755897,9202.869499548122
2025-046K,2026-075A,5,6,10798.30872495214,10815.664027967248
2025-046K,2026-075B,5,6,6755.86246686391,6809.150506934782
2025-046K,2026-075C,5,6,12356.030816788227,12302.969045125768
2025-046K,2026-075D,5,6,7889.548721697904,7885.819395700241
2025-046K,2026-075E,5,6,8912.487850954398,8951.748208669916
2025-046K,2026-075F,5,6,4393.96707024331,4449.371480418963
2025-046K,2026-075G,5,6,11639.760843707292,11604.902990242595
2025-046K,2026-075H,5,6,5624.084771453718,5568.185473099439
2025-046K,2026-075J,5,6,1898.5598040124073,1854.3917531169068
2025-046K,2026-075K,5,6,13986.046799020898,13961.660609074159
2025-046K,2026-075L,5,6,3187.740641254987,3101.826217558943
2025-046K,2026-075M,5,6,9915.288948125684,9859.516949541001
2025-046K,2026-075N,5,6,14309.254507901354,14296.647758264517
2025-046K,2026-075P,5,6,14536.571184562996,14523.290594382188
2025-046K,2026-075Q,5,6,654.539113289921,578.1491569942004
2025-046K,2026-075R,5,6,13010.562969393312,12993.33725971758
2025-046K,2026-075S,5,6,14645.409374004917,14635.427949492012
2025-046K,2026-075T,5,6,13538.319568186549,13563.528401099518
2025-046K,2026-104A,5,7,11422.908886591697,11385.03344260668
2025-046K,2026-104B,5,7,7992.305049854775,7990.769882362556
2025-046K,2026-104C,5,7,5910.903518734925,5837.723453348244
2025-046K,2026-104D,5,7,12641.37958856193,12659.12510506104
2025-046K,2026-104E,5,7,3597.712621220547,3544.475203690689
2025-046K,2026-104F,5,7,9857.36695721432,9882.223671496706
2025-046K,2026-104G,5,7,5884.409829805373,5868.572213234171
2025-046K,2026-104H,5,7,9878.032582880947,9842.911805198433
2025-046K,2026-104J,5,7,1201.711722324252,1233.4592414894928
2025-046K,2026-104K,5,7,3625.943843508104,3560.841007434391
2025-046K,2026-104L,5,7,1230.831221647078,1207.8014466145135
2025-046K,2026-104M,5,7,12653.729147878254,12609.320114113525
2025-046K,2026-104N,5,7,8016.247218737585,8022.106483913546
2025-046K,2026-104P,5,7,11439.673523689291,11388.413971649563
2025-046K,2026-104Q,5,7,13483.306749983494,13466.852006719217
2025-046K,2026-104R,5,7,13900.654712948399,13896.767251282821
2025-046K,2026-104S,5,7,13903.200420404934,13891.249004241783
2025-046K,2026-104T,5,7,13475.741077128809,13482.662557081578
2025-046K,2026-108A,5,0,10191.944817161724,10217.573620650275
2025-046K,2026-108B,5,0,2918.2851384550427,2859.4143540938053
2025-046K,2026-108C,5,0,7949.147854053509,7922.170448824155
2025-046K,2026-108D,5,0,10863.75069272006,10865.119736582286
2025-046K,2026-108E,5,0,9210.478464873293,9225.562573175528
2025-046K,2026-108F,5,0,6446.288601353183,6477.502619028001
2025-046K,2026-108G,5,0,6457.890298513413,6473.378286107939
2025-046K,2026-108H,5,0,2904.5823005262964,2943.9653456503925
2025-046K,2026-108J,5,0,4747.575731686519,4784.048253305985
2025-046K,2026-108K,5,0,973.496196991962,943.7540518769146
2025-046K,2026-108L,5,0,987.4607084672566,939.2448185006242
2025-046K,2026-108M,5,0,9218.59527347014,9179.556561354353
2025-046K,2026-108N,5,0,4760.3998529803475,4771.948379635815
2025-046K,2026-108P,5,0,10197.94201139174,10168.33175861902
2025-046K,2026-108Q,5,0,7959.1663448226145,7922.993944953119
2025-046K,2026-108R,5,0,11206.697907609061,11208.944733769422
2025-046K,2026-108S,5,0,11205.445736946374,11218.575404319861
2025-046K,2026-108T,5,0,10867.40509909521,10860.005929621047
2025-046K,2026-124A,5,8,11825.435112806346,11810.819548244826
2025-046K,2026-124B,5,8,10785.798972824567,10760.136827464403
2025-046K,2026-124C,5,8,9418.420982326179,9440.993854838978
2025-046K,2026-124D,5,8,7764.890084957912,7803.877921758433
2025-046K,2026-124E,5,8,5875.406265217959,5853.989825129028
2025-046K,2026-124F,5,8,3807.4229546618362,3812.3589711776053
2025-046K,2026-124G,5,8,609.3150339568294,609.4035676862936
2025-046K,2026-124H,5,8,1623.7391108553275,1636.9066230106318
2025-046K,2026-124J,5,8,2823.8281093247506,2726.1155499303622
2025-046K,2026-124K,5,8,8698.36071866622,8627.4044040158
2025-046K,2026-124L,5,8,10201.709560576239,10188.973565115808
2025-046K,2026-124M,5,8,11395.07589495484,11377.907174444417
2025-046K,2026-124N,5,8,12717.377652594936,12702.512785341723
2025-046K,2026-124P,5,8,12242.213448898976,12216.3936382089
2025-046K,2026-124Q,5,8,12806.127742317896,12798.640978254221
2025-046K,2026-124R,5,8,12505.777446485916,12497.395634172177
2025-046K,2026-124S,5,8,4952.496241286293,4923.368469063418
2025-046K,2026-124T,5,8,6930.734638832773,6864.744972516199
2025-046K,2026-125A,5,4,12999.69948696046,13009.200776306894
2025-046K,2026-125B,5,4,9899.312009285326,9903.531502939213
2025-046K,2026-125C,5,4,4412.463344503095,4424.234483703004
2025-046K,2026-125D,5,4,11626.132763656762,11586.269503011774
2025-046K,2026-125E,5,4,7871.70508522805,7833.85788886129
2025-046K,2026-125F,5,4,3167.8337041390873,3213.061194937046
2025-046K,2026-125G,5,4,1918.1256961189583,1822.4027383888995
2025-046K,2026-125H,5,4,5604.922247630838,5671.223619970128
2025-046K,2026-125J,5,4,8927.210961190416,8855.105768381653
2025-046K,2026-125K,5,4,634.5166313130879,691.5594684539855
2025-046K,2026-125L,5,4,12365.205708030391,12348.258659582287
2025-046K,2026-125M,5,4,10810.443933317625,10785.609657713596
2025-046K,2026-125N,5,4,13544.258667303682,13549.300649529834
2025-046K,2026-125P,5,4,14644.435526181645,14638.648832801462
2025-046K,2026-125Q,5,4,13978.277337149102,13972.57969577268
2025-046K,2026-125R,5,4,14311.774258658827,14301.667593024638
2025-046K,2026-125S,5,4,14532.131584389086,14528.131864473513
2025-046K,2026-125T,5,4,6772.73029501876,6738.943181266064
2025-046M,2025-233A,5,1,5685.757277250212,5630.183714114289
2025-046M,2025-233B,5,1,7861.329794840057,7914.964432479851
2025-046M,2025-233C,5,1,9088.694993788551,9085.329118456255
2025-046M,2025-233D,5,1,6878.022608599219,6850.60685370153
2025-046M,2025-233E,5,1,8605.725849805209,8635.806961680935
2025-046M,2025-233F,5,1,7363.442379576658,7377.917839125465
2025-046M,2025-233G,5,1,9295.45124117419,9283.013173729336
2025-046M,2025-233H,5,1,8864.009706979741,8890.547005978004
2025-046M,2025-233J,5,1,8238.89844557945,8259.734192547063
2025-046M,2025-233K,5,1,9219.816380483288,9217.737098412488
2025-046M,2025-233M,5,1,4974.747584250147,4993.284983303422
2025-046M,2025-233N,5,1,3534.0453106073373,3535.1041344214063
2025-046M,2025-233P,5,1,1986.096204798551,2020.3251009160808
2025-046M,2025-233Q,5,1,1242.4869783202194,1229.3108192821173
2025-046M,2025-233R,5,1,377.60319813736425,410.98523181575877
2025-046M,2025-233S,5,1,2824.4182053279756,2766.3283836555024
2025-046M,2025-233T,5,1,4320.760282028682,4284.619468105291
2025-046M,2026-075A,5,6,13010.562947885586,12970.812035176341
2025-046M,2026-075B,5,6,14536.571042877073,14513.40394113631
2025-046M,2026-075C,5,6,11639.760841583742,11665.236137562211
2025-046M,2026-075D,5,6,8912.486887425855,8885.623123101524
2025-046M,2026-075E,5,6,13986.047550200183,13949.70075515791
2025-046M,2026-075F,5,6,14645.409888092983,14640.243663525296
2025-046M,2026-075G,5,6,4393.967512511298,4397.0322464138
2025-046M,2026-075H,5,6,10798.308864923783,10818.534563289923
2025-046M,2026-075J,5,6,14309.254153695936,14299.14577351831
2025-046M,2026-075K,5,6,654.5543536326054,604.3563881372428
2025-046M,2026-075L,5,6,12356.0301630832,12389.539509130096
2025-046M,2026-075M,5,6,6755.862493120114,6782.914353679577
2025-046M,2026-075N,5,6,7889.546865457929,7880.907294311004
2025-046M,2026-075P,5,6,3187.7377584526253,3149.005163464339
2025-046M,2026-075Q,5,6,13538.319902071826,13559.936393337779
2025-046M,2026-075R,5,6,1898.5596012736994,1876.3246848777742
2025-046M,2026-075S,5,6,5624.086228708731,5618.475453748331
2025-046M,2026-075T,5,6,9915.289347302265,9828.159001300404
2025-046M,2026-104A,5,7,11439.67335898276,11444.213053469946
2025-046M,2026-104B,5,7,13483.305841140267,13463.391092850192
2025-046M,2026-104C,5,7,9857.365118075175,9892.045698648059
2025-046M,2026-104D,5,7,9878.031173961264,9804.682357385216
2025-046M,2026-104E,5,7,13900.652995271194,13891.865701251398
2025-046M,2026-104F,5,7,12653.732025161671,12610.431114563864
2025-046M,2026-104G,5,7,13903.20220314305,13893.441716934622
2025-046M,2026-104H,5,7,5884.413661980352,5883.062901434995
2025-046M,2026-104J,5,7,13475.742053931714,13484.856953725182
2025-046M,2026-104K,5,7,11422.909066410492,11444.88842849181
2025-046M,2026-104L,5,7,12641.376780368077,12646.820667140948
2025-046M,2026-104M,5,7,1201.7402115917168,1237.4747950640638
2025-046M,2026-104N,5,7,7992.305035086629,7952.83137020853
2025-046M,2026-104P,5,7,3597.7118419303997,3628.1040322643253
2025-046M,2026-104Q,5,7,1230.8195008163714,1202.575107327225
2025-046M,2026-104R,5,7,5910.895880982097,5829.750521824669
2025-046M,2026-104S,5,7,3625.9504255946495,3598.3373746587413
2025-046M,2026-104T,5,7,8016.248589835299,7939.148501570017
2025-046M,2026-108A,5,0,7959.158367911294,7907.701492808409
2025-046M,2026-108B,5,0,9210.49369101225,9260.491803881992
2025-046M,2026-108C,5,0,10197.931790163228,10210.84964894242
2025-046M,2026-108D,5,0,6457.908237640937,6446.022404511936
2025-046M,2026-108E,5,0,9218.602472303157,9194.780729552751
2025-046M,2026-108F,5,0,10867.407456345005,10862.144640491795
2025-046M,2026-108G,5,0,6446.304035689698,6417.994859159529
2025-046M,2026-108H,5,0,11205.446037190111,11222.130050969143
2025-046M,2026-108J,5,0,11206.685922474688,11213.396785094432
2025-046M,2026-108K,5,0,10863.751456452426,10871.404584268224
2025-046M,2026-108L,5,0,10191.944400125503,10221.301273366855
2025-046M,2026-108M,5,0,2904.602526561128,2945.625331437348
2025-046M,2026-108N,5,0,7949.144034984146,7942.926660800966
2025-046M,2026-108P,5,0,973.3812948521783,1021.3929609350173
2025-046M,2026-108Q,5,0,4747.560754693241,4779.066161201964
2025-046M,2026-108R,5,0,2918.2873210558105,2926.6695548182756
2025-046M,2026-108S,5,0,4760.395075319014,4705.098578035202
2025-046M,2026-108T,5,0,987.4789393209734,935.5411905498735
2025-046M,2026-124A,5,8,8698.3626351238,8677.24561391607
2025-046M,2026-124B,5,8,10201.714920403745,10193.076521722347
2025-046M,2026-124C,5,8,11395.07519970512,11350.24002530858
2025-046M,2026-124D,5,8,12242.219203643714,12207.47572792849
2025-046M,2026-124E,5,8,12717.375095866284,12708.072149798407
2025-046M,2026-124F,5,8,12806.131323292466,12802.416968014742
2025-046M,2026-124G,5,8,11825.43691113151,11818.20966431911
2025-046M,2026-124H,5,8,12505.772880010865,12509.936253234944
2025-046M,2026-124J,5,8,10785.791398075578,10828.079535358644
2025-046M,2026-124K,5,8,5875.4060132226905,5924.94806382507
2025-046M,2026-124L,5,8,3807.441540724802,3777.4989395671646
2025-046M,2026-124M,5,8,1623.7314012476284,1602.036296315396
2025-046M,2026-124N,5,8,2823.7914417902807,2783.7751488341582
2025-046M,2026-124P,5,8,609.4231045979176,545.7574829851907
2025-046M,2026-124Q,5,8,4952.504572934514,4916.94671418745
2025-046M,2026-124R,5,8,6930.723409287176,6909.0451160263565
2025-046M,2026-124S,5,8,9418.421313099776,9416.151791956294
2025-046M,2026-124T,5,8,7764.888113479796,7796.052447154684
2025-046M,2026-125A,5,4,10810.443316987381,10770.419143557987
2025-046M,2026-125B,5,4,13544.257951516918,13522.724614535793
2025-046M,2026-125C,5,4,11626.133494528953,11602.984153972444
2025-046M,2026-125D,5,4,12365.20595063421,12377.273738182574
2025-046M,2026-125E,5,4,14311.77429043187,14306.828034246671
2025-046M,2026-125F,5,4,14532.13157668856,14535.956419873117
2025-046M,2026-125G,5,4,12999.699397310098,13034.948331224055
2025-046M,2026-125H,5,4,14644.435306970201,14632.479214467574
2025-046M,2026-125J,5,4,7871.705779514367,7918.274724056031
2025-046M,2026-125K,5,4,13978.277866669201,13999.424236565681
2025-046M,2026-125L,5,4,3167.834472238875,3154.6408449292617
2025-046M,2026-125M,5,4,5604.920957793737,5601.496755262536
2025-046M,2026-125N,5,4,634.5004590614222,574.9419782071122
2025-046M,2026-125P,5,4,4412.464632266638,4316.786951485944
2025-046M,2026-125Q,5,4,8927.212510257381,8913.52304798607
2025-046M,2026-125R,5,4,1918.1253839422902,1877.8380648226037
2025-046M,2026-125S,5,4,6772.729758927654,6758.973968397142
2025-046M,2026-125T,5,4,9899.311585272677,9905.141337917506
2025-046N,2025-233A,5,1,6878.042493591086,6836.364400213837
2025-046N,2025-233B,5,1,8605.725810323533,8640.144712264451
2025-046N,2025-233C,5,1,9295.451628056784,9273.060807159474
2025-046N,2025-233D,5,1,7861.306755188972,7841.8614339914175
2025-046N,2025-233E,5,1,9088.6873248747,9119.34547674224
2025-046N,2025-233F,5,1,6264.259610495355,6257.941957005181
2025-046N,2025-233G,5,1,9219.82830035138,9202.350270308432
2025-046N,2025-233H,5,1,8238.908275614544,8246.164543546458
2025-046N,2025-233J,5,1,7363.436939718272,7369.513806520039
2025-046N,2025-233K,5,1,8864.008449581757,8844.991598090957
2025-046N,2025-233M,5,1,3534.0518662083414,3527.104924397706
2025-046N,2025-233N,5,1,1986.0469231376833,1962.8483407538245
2025-046N,2025-233P,5,1,377.5879895968209,388.6204595927372
2025-046N,2025-233Q,5,1,2824.420676534137,2832.874029798681
2025-046N,2025-233R,5,1,1242.4656682870807,1203.2656074132817
2025-046N,2025-233S,5,1,4320.78446663721,4280.372822589969
2025-046N,2025-233T,5,1,5685.754366731965,5663.630978922584
2025-046N,2026-075A,5,6,13986.04712019765,13967.978303576749
2025-046N,2026-075B,5,6,14645.410297048293,14637.109581997009
2025-046N,2026-075C,5,6,13010.563252266149,13044.523467579658
2025-046N,2026-075D,5,6,6755.862716322698,6691.898239528113
2025-046N,2026-075E,5,6,14536.571042724954,14519.960249576596
2025-046N,2026-075F,5,6,14309.254134294759,14311.084000938941
2025-046N,2026-075G,5,6,1898.5596031335674,1865.1554789089864
2025-046N,2026-075H,5,6,8912.48651868427,8905.541171621004
2025-046N,2026-075J,5,6,13538.320235695985,13510.089236097696
2025-046N,2026-075K,5,6,3187.737812990437,3173.2858243763185
2025-046N,2026-075L,5,6,10798.309143885946,10814.80034224754
2025-046N,2026-075M,5,6,4393.966422199334,4387.147044236164
2025-046N,2026-075N,5,6,9915.28977447732,9933.585574714114
2025-046N,2026-075P,5,6,5624.0872493103925,5620.11705829003
2025-046N,2026-075Q,5,6,12356.030018861224,12366.839532352575
2025-046N,2026-075R,5,6,654.5485532617679,676.9553132686493
2025-046N,2026-075S,5,6,7889.546794634614,7914.153724095259
2025-046N,2026-075T,5,6,11639.760100085816,11589.131377198408
2025-046N,2026-104A,5,7,12653.729257030562,12666.795164567946
2025-046N,2026-104B,5,7,13903.203721486127,13889.533310920015
2025-046N,2026-104C,5,7,7992.3054950182395,8000.160952878183
2025-046N,2026-104D,5,7,11439.674202870496,11396.255744677692
2025-046N,2026-104E,5,7,13475.743189196592,13449.664254857584
2025-046N,2026-104F,5,7,13483.305940319127,13458.88518276778
2025-046N,2026-104G,5,7,13900.65276352325,13887.232337902124
2025-046N,2026-104H,5,7,3597.711391127139,3561.046364261631
2025-046N,2026-104J,5,7,12641.376065828483,12641.451296041618
2025-046N,2026-104K,5,7,9857.363612188628,9856.553329201924
2025-046N,2026-104L,5,7,11422.909896954552,11405.308783792596
2025-046N,2026-104M,5,7,1230.8207226265579,1190.6463430259316
2025-046N,2026-104N,5,7,5884.4101517964045,5806.325172742935
2025-046N,2026-104P,5,7,1201.742313791684,1197.67610465762
2025-046N,2026-104Q,5,7,3625.955947948073,3630.7480438377515
2025-046N,2026-104R,5,7,8016.250362796283,7969.120343424719
2025-046N,2026-104S,5,7,5910.895152244747,5914.5612675714
2025-046N,2026-104T,5,7,9878.030149586493,9833.186630803306
2025-046N,2026-108A,5,0,9218.610334773099,9188.782936593667
2025-046N,2026-108B,5,0,7949.144128360848,7974.803763183126
2025-046N,2026-108C,5,0,10867.411446998245,10877.700478706016
2025-046N,2026-108D,5,0,7959.1582189900855,7965.220612109334
2025-046N,2026-108E,5,0,10197.929676177562,10187.060070166372
2025-046N,2026-108F,5,0,11206.682180845793,11206.080356843904
2025-046N,2026-108G,5,0,4747.559703063603,4682.6205700201945
2025-046N,2026-108H,5,0,10863.745721397896,10874.27194706303
2025-046N,2026-108J,5,0,11205.44808932521,11211.53343082638
2025-046N,2026-108K,5,0,10191.944657397315,10176.317071095023
2025-046N,2026-108L,5,0,9210.485872805013,9219.455358184836
2025-046N,2026-108M,5,0,973.3552351729365,983.5477364136831
2025-046N,2026-108N,5,0,6446.316493438845,6403.817018557144
2025-046N,2026-108P,5,0,987.519000812815,938.8339884177719
2025-046N,2026-108Q,5,0,2904.6231605071716,2904.208570275903
2025-046N,2026-108R,5,0,4760.399106013312,4792.210961914437
2025-046N,2026-108S,5,0,6457.898000330043,6429.845908263798
2025-046N,2026-108T,5,0,2918.2716479055575,2895.854238620267
2025-046N,2026-124A,5,8,10201.70598711304,10197.739380828792
2025-046N,2026-124B,5,8,11395.076470704664,11395.824251106711
2025-046N,2026-124C,5,8,12242.220290530568,12213.701498110702
2025-046N,2026-124D,5,8,12717.375267828265,12695.73793290846
2025-046N,2026-124E,5,8,12806.134554049986,12790.637264754669
2025-046N,2026-124F,5,8,12505.772071637928,12494.351157948564
2025-046N,2026-124G,5,8,10785.789320754237,10753.029096078197
2025-046N,2026-124H,5,8,11825.439370010363,11817.04281394094
2025-046N,2026-124J,5,8,9418.42309483179,9444.001439438662
2025-046N,2026-124K,5,8,3807.4291970002582,3826.496372086553
2025-046N,2026-124L,5,8,1623.7305578137073,1559.5409134369843
2025-046N,2026-124M,5,8,609.4751017612051,629.3231029185075
2025-046N,2026-124N,5,8,4952.512462986761,4941.59352943985
2025-046N,2026-124P,5,8,2823.7914024584807,2791.9276046711148
2025-046N,2026-124Q,5,8,6930.721619099066,6922.155666695719
2025-046N,2026-124R,5,8,8698.365713789452,8698.871410336254
2025-046N,2026-124S,5,8,7764.883644417625,7732.27776929773
2025-046N,2026-124T,5,8,5875.406776552818,5877.8229932339755
2025-046N,2026-125A,5,4,12365.206886398968,12356.930357208177
2025-046N,2026-125B,5,4,14311.77444819879,14310.338601005136
2025-046N,2026-125C,5,4,9899.311602979746,9846.595107938052
2025-046N,2026-125D,5,4,13544.257761517476,13570.609971820555
2025-046N,2026-125E,5,4,14644.435027724065,14644.601269027815
2025-046N,2026-125F,5,4,13978.277465661362,13988.580933830492
2025-046N,2026-125G,5,4,11626.133700545079,11654.130959882366
2025-046N,2026-125H,5,4,14532.131627742436,14538.75758906676
2025-046N,2026-125J,5,4,5604.9207185904315,5622.780883285889
2025-046N,2026-125K,5,4,12999.699375217824,13021.372190538803
2025-046N,2026-125L,5,4,634.4959567351578,584.3337517149025
2025-046N,2026-125M,5,4,3167.835574130032,3128.66309465483
2025-046N,2026-125N,5,4,1918.1264133887576,1974.4821412236847
2025-046N,2026-125P,5,4,6772.72982664109,6718.15922735895
2025-046N,2026-125Q,5,4,10810.443219174664,10826.987592401214
2025-046N,2026-125R,5,4,4412.46364127438,4409.48724937298
2025-046N,2026-125S,5,4,8927.211850620992,8946.503780903673
2025-046N,2026-125T,5,4,7871.70641554013,7848.685557976881
2025-046P,2025-233A,5,1,4320.72862784901,4286.63402605387
2025-046P,2025-233B,5,1,6878.022657998368,6955.194095013581
2025-046P,2025-233C,5,1,8605.725431915014,8601.546895706466
2025-046P,2025-233D,5,1,5685.789132553547,5671.47596161658
2025-046P,2025-233E,5,1,7861.338661069056,7883.755103684941
2025-046P,2025-233F,5,1,8238.892124552021,8209.991145462534
2025-046P,2025-233G,5,1,9088.682901938255,9050.261766091138
2025-046P,2025-233H,5,1,9219.807596279305,9213.265735337562
2025-046P,2025-233J,5,1,8864.014225934492,8840.435353151704
2025-046P,2025-233K,5,1,9295.452440210809,9267.907023922606
2025-046P,2025-233M,5,1,6264.24759851431,6240.329052799505
2025-046P,2025-233N,5,1,4974.767258959275,4934.036161672089
2025-046P,2025-233P,5,1,3534.0469355657183,3528.213629388945
2025-046P,2025-233Q,5,1,377.5847134062768,330.0657292096075
2025-046P,2025-233R,5,1,1986.109536037342,1981.7311062267604
2025-046P,2025-233S,5,1,1242.4028730321309,1223.7622657811294
2025-046P,2025-233T,5,1,2824.424064403261,2820.5449856911964
2025-046P,2026-075A,5,6,11639.761358264086,11626.607055582359
2025-046P,2026-075B,5,6,13986.047121964948,13961.146932567752
2025-046P,2026-075C,5,6,9915.288947902669,9993.781145799616
2025-046P,2026-075D,5,6,10798.30872527914,10734.819506509288
2025-046P,2026-075E,5,6,13010.562948055547,12985.643821788954
2025-046P,2026-075F,5,6,14536.57106197486,14519.471751117457
2025-046P,2026-075G,5,6,6755.862492597445,6711.150643626697
2025-046P,2026-075H,5,6,12356.030429058941,12337.72460511475
2025-046P,2026-075J,5,6,14645.409579688456,14631.268686602682
2025-046P,2026-075K,5,6,1898.5595097031128,1853.1920887975011
2025-046P,2026-075L,5,6,13538.319679568614,13536.756031822615
2025-046P,2026-075M,5,6,8912.487424963208,8893.075430336497
2025-046P,2026-075N,5,6,5624.085475597138,5677.932697784186
2025-046P,2026-075P,5,6,654.5455843215723,686.3642192842595
2025-046P,2026-075Q,5,6,14309.254278231503,14303.695142726901
2025-046P,2026-075R,5,6,4393.968376568858,4322.77433063086
2025-046P,2026-075S,5,6,3187.737933738007,3250.2661087326446
2025-046P,2026-075T,5,6,7889.547959419069,7846.227146144319
2025-046P,2026-104A,5,7,9878.034719928932,9922.42246829371
2025-046P,2026-104B,5,7,12653.73035689232,12643.577303784747
2025-046P,2026-104C,5,7,11422.908744608589,11413.784378843555
2025-046P,2026-104D,5,7,8016.2473855561475,7979.847701157905
2025-046P,2026-104E,5,7,13903.201102782308,13893.236690998123
2025-046P,2026-104F,5,7,11439.67324208617,11411.662624201606
2025-046P,2026-104G,5,7,13483.306080061473,13475.605173448846
2025-046P,2026-104H,5,7,7992.30523801433,7944.996629941598
2025-046P,2026-104J,5,7,13900.653645079781,13884.866053162361
2025-046P,2026-104K,5,7,12641.377954612926,12626.002715347764
2025-046P,2026-104L,5,7,13475.741349908898,13456.350650400627
2025-046P,2026-104M,5,7,3597.7114239345487,3583.204901702008
2025-046P,2026-104N,5,7,9857.367213499847,9781.02559907942
2025-046P,2026-104P,5,7,5884.413232659652,5864.73590002847
2025-046P,2026-104Q,5,7,1201.723549143722,1135.6147516065826
2025-046P,2026-104R,5,7,3625.94650593125,3601.7027800884266
2025-046P,2026-104S,5,7,1230.8230005043117,1268.8574578803948
2025-046P,2026-104T,5,7,5910.897592872163,5881.739987702551
2025-046P,2026-108A,5,0,6457.897014025476,6425.946156765282
2025-046P,2026-108B,5,0,10191.944327296917,10201.171152790539
2025-046P,2026-108C,5,0,9218.597767894444,9243.084029754045
2025-046P,2026-108D,5,0,4760.395324308321,4783.347993309867
2025-046P,2026-108E,5,0,7959.161076523786,7947.872268105541
2025-046P,2026-108F,5,0,10197.935901903264,10183.047467122251
2025-046P,2026-108G,5,0,7949.144663061174,7885.33637349318
2025-046P,2026-108H,5,0,11206.69148202865,11195.816253405164
2025-046P,2026-108J,5,0,10867.40534037636,10854.849695314299
2025-046P,2026-108K,5,0,11205.44580318782,11190.465527603688
2025-046P,2026-108L,5,0,10863.75808487137,10857.000119312865
2025-046P,2026-108M,5,0,4747.566097573884,4745.211134295978
2025-046P,2026-108N,5,0,9210.484971984051,9171.030973842438
2025-046P,2026-108P,5,0,2904.588906530747,2911.875281273663
2025-046P,2026-108Q,5,0,6446.294738320601,6434.602643030572
2025-046P,2026-108R,5,0,987.4595081276274,1045.5224204438966
2025-046P,2026-108S,5,0,2918.3099752012504,2901.749599444284
2025-046P,2026-108T,5,0,973.4282831487462,952.612479746658
2025-046P,2026-124A,5,8,6930.73655867338,6949.002497862053
2025-046P,2026-124B,5,8,8698.360970081976,8721.454876993974
2025-046P,2026-124C,5,8,10201.7136161222,10167.520768521763
2025-046P,2026-124D,5,8,11395.075007788439,11357.647264887106
2025-046P,2026-124E,5,8,12242.215824067245,12231.956755969748
2025-046P,2026-124F,5,8,12717.375890788797,12698.708124608615
2025-046P,2026-124G,5,8,12505.774671627516,12474.31391219415
2025-046P,2026-124H,5,8,12806.129052714288,12785.6269278425
2025-046P,2026-124J,5,8,11825.435492062976,11822.96044942043
2025-046P,2026-124K,5,8,7764.894166099542,7764.863304858
2025-046P,2026-124L,5,8,5875.406246314621,5800.99152063319
2025-046P,2026-124M,5,8,3807.4332176399043,3740.078627120209
2025-046P,2026-124N,5,8,609.3589823050486,629.3946401447083
2025-046P,2026-124P,5,8,1623.731469648584,1602.7038912432772
2025-046P,2026-124Q,5,8,2823.7958356301388,2842.0915756199515
2025-046P,2026-124R,5,8,4952.499165696774,4978.274284028469
2025-046P,2026-124S,5,8,10785.794615433604,10744.73237187252
2025-046P,2026-124T,5,8,9418.420836918604,9402.510700268671
2025-046P,2026-125A,5,4,8927.211214116502,8939.55048003088
2025-046P,2026-125B,5,4,12365.205768031143,12378.772931880083
2025-046P,2026-125C,5,4,12999.699383826108,12963.324658111083
2025-046P,2026-125D,5,4,10810.443555035105,10877.090239323303
2025-046P,2026-125E,5,4,13544.258253445743,13572.175307868127
2025-046P,2026-125F,5,4,14644.435689736672,14645.856820262765
2025-046P,2026-125G,5,4,13978.277695319688,13991.660703947462
2025-046P,2026-125H,5,4,14311.774238591921,14303.126862224854
2025-046P,2026-125J,5,4,9899.311720707896,9907.442048127914
2025-046P,2026-125K,5,4,14532.131596451178,14539.728809575825
2025-046P,2026-125L,5,4,5604.921467474034,5548.462039012237
2025-046P,2026-125M,5,4,7871.705336076865,7829.682216455134
2025-046P,2026-125N,5,4,3167.833848908287,3061.9538086643743
2025-046P,2026-125P,5,4,1918.1251448521905,1890.3242415431923
2025-046P,2026-125Q,5,4,6772.729915053597,6822.8543074488025
2025-046P,2026-125R,5,4,634.5073506153101,576.6911339521719
2025-046P,2026-125S,5,4,4412.465966829886,4467.540536626488
2025-046P,2026-125T,5,4,11626.133063894982,11604.204624105108
2025-046Q,2025-233A,5,1,9219.79943492365,9197.285516165415
2025-046Q,2025-233B,5,1,8238.890009566589,8142.096234943186
2025-046Q,2025-233C,5,1,6264.247401037306,6168.1714712429275
2025-046Q,2025-233D,5,1,8864.033048472504,8841.879335296455
2025-046Q,2025-233E,5,1,7363.468633640843,7366.338389633403
2025-046Q,2025-233F,5,1,1242.2930568963243,1233.688691880283
2025-046Q,2025-233G,5,1,4974.751575994492,4960.5279934176315
2025-046Q,2025-233H,5,1,1985.9880557342303,1957.6570737401732
2025-046Q,2025-233J,5,1,378.10786404210967,383.85702260714646
2025-046Q,2025-233K,5,1,3534.0496431612514,3484.331276478325
2025-046Q,2025-233M,5,1,4320.727874161276,4313.266486351987
2025-046Q,2025-233N,5,1,5685.782062523215,5680.278694280084
2025-046Q,2025-233P,5,1,6878.023755601355,6852.161515569732
2025-046Q,2025-233Q,5,1,8605.731381632888,8614.775489820264
2025-046Q,2025-233R,5,1,7861.314379190569,7833.172029562551
2025-046Q,2025-233S,5,1,9088.668260972026,9061.9660477513
2025-046Q,2025-233T,5,1,9295.464168797176,9273.047400695314
2025-046Q,2026-075A,5,6,12356.031124058505,12335.142773225623
2025-046Q,2026-075B,5,6,8912.487206919583,8910.797518628953
2025-046Q,2026-075C,5,6,13538.319567925724,13473.876390776022
2025-046Q,2026-075D,5,6,5624.084771846891,5684.342803283279
2025-046Q,2026-075E,5,6,10798.308708852184,10789.330491356524
2025-046Q,2026-075F,5,6,6755.862549571895,6752.666490816536
2025-046Q,2026-075G,5,6,9915.288976124497,9924.260047728461
2025-046Q,2026-075H,5,6,3187.7425278683113,3197.114305178835
2025-046Q,2026-075J,5,6,4393.966106293273,4292.80955767316
2025-046Q,2026-075K,5,6,13010.563106359803,13008.01296985676
2025-046Q,2026-075L,5,6,654.533062954976,637.0707368204514
2025-046Q,2026-075M,5,6,7889.547962552014,7884.209499788183
2025-046Q,2026-075N,5,6,14645.409271042554,14632.144409877681
2025-046Q,2026-075P,5,6,13986.046583640546,13986.30794441845
2025-046Q,2026-075Q,5,6,1898.564350009813,1880.2799870836393
2025-046Q,2026-075R,5,6,11639.760455665748,11659.57037795794
2025-046Q,2026-075S,5,6,14536.571410641365,14536.173525689002
2025-046Q,2026-075T,5,6,14309.254842705293,14306.641386310486
2025-046Q,2026-104A,5,7,12641.379388718198,12584.813995396164
2025-046Q,2026-104B,5,7,9857.364925860806,9812.608516728576
2025-046Q,2026-104C,5,7,3625.9434747051164,3612.364552251804
2025-046Q,2026-104D,5,7,13475.741197482863,13465.906691971964
2025-046Q,2026-104E,5,7,5884.407414524851,5780.569643055959
2025-046Q,2026-104F,5,7,11422.908754941463,11406.622141411115
2025-046Q,2026-104G,5,7,7992.305588809449,7928.79597716807
2025-046Q,2026-104H,5,7,8016.247620602388,8029.946969582177
2025-046Q,2026-104J,5,7,3597.7154337857883,3571.469141860181
2025-046Q,2026-104K,5,7,1230.85967947292,1230.9188403433932
2025-046Q,2026-104L,5,7,1201.7036889228555,1131.010972563868
2025-046Q,2026-104M,5,7,11439.674313289062,11419.04026417437
2025-046Q,2026-104N,5,7,5910.8999473962585,5977.460695844146
2025-046Q,2026-104P,5,7,9878.031034137472,9861.910953450448
2025-046Q,2026-104Q,5,7,12653.728398120627,12658.27300022596
2025-046Q,2026-104R,5,7,13903.200156011575,13891.131584339993
2025-046Q,2026-104S,5,7,13483.3078509057,13482.904859610324
2025-046Q,2026-104T,5,7,13900.65619887604,13889.749648640069
2025-046Q,2026-108A,5,0,10863.74517587403,10865.638156999074
2025-046Q,2026-108B,5,0,987.4825402635994,976.5454334337737
2025-046Q,2026-108C,5,0,9210.474169690224,9160.402142159746
2025-046Q,2026-108D,5,0,11205.446182504276,11199.93899323117
2025-046Q,2026-108E,5,0,10191.947305956768,10181.4665041257
2025-046Q,2026-108F,5,0,7949.153607955333,7942.934993134806
2025-046Q,2026-108G,5,0,4760.408661319014,4823.2342757380575
2025-046Q,2026-108H,5,0,4747.58965699677,4742.5025321841695
2025-046Q,2026-108J,5,0,6446.28562480171,6441.393921076934
2025-046Q,2026-108K,5,0,2904.5827086012896,2831.124491286429
2025-046Q,2026-108L,5,0,973.4217398056715,946.499362132408
2025-046Q,2026-108M,5,0,7959.17417279821,7944.584050916371
2025-046Q,2026-108N,5,0,2918.2702776134524,2978.7968004862146
2025-046Q,2026-108P,5,0,9218.59498903417,9203.248784809264
2025-046Q,2026-108Q,5,0,6457.886737737915,6455.491654467845
2025-046Q,2026-108R,5,0,10867.405030793263,10881.992775128901
2025-046Q,2026-108S,5,0,11206.690741667535,11212.05605897359
2025-046Q,2026-108T,5,0,10197.949072570644,10200.423510279064
2025-046Q,2026-124A,5,8,12505.781204583045,12477.700352391137
2025-046Q,2026-124B,5,8,11825.435228616865,11780.522535719507
2025-046Q,2026-124C,5,8,10785.79603473635,10770.517701029456
2025-046Q,2026-124D,5,8,9418.420994118476,9412.281430623789
2025-046Q,2026-124E,5,8,7764.885052618344,7700.5716676403235
2025-046Q,2026-124F,5,8,5875.408376951904,5830.799414276101
2025-046Q,2026-124G,5,8,1623.7952364173661,1537.3694952841468
2025-046Q,2026-124H,5,8,3807.415921195876,3767.7600047351775
2025-046Q,2026-124J,5,8,609.2912639562679,571.6334414078165
2025-046Q,2026-124K,5,8,6930.728669259525,6900.188474223009
2025-046Q,2026-124L,5,8,8698.361880876866,8727.52688993667
2025-046Q,2026-124M,5,8,10201.706710335928,10216.159412252211
2025-046Q,2026-124N,5,8,12242.212078141518,12236.849818521609
2025-046Q,2026-124P,5,8,11395.07786120331,11383.876349686341
2025-046Q,2026-124Q,5,8,12717.380381282797,12710.866734700145
2025-046Q,2026-124R,5,8,12806.12739210471,12792.438890824855
2025-046Q,2026-124S,5,8,2823.8233973103315,2853.9043210086434
2025-046Q,2026-124T,5,8,4952.4957997099655,4937.072659797005
2025-046Q,2026-125A,5,4,13978.277087432389,13966.845329552578
2025-046Q,2026-125B,5,4,11626.132593814564,11593.923511524878
2025-046Q,2026-125C,5,4,1918.1270377414417,1998.9718985471616
2025-046Q,2026-125D,5,4,12999.69970671307,12942.258370469059
2025-046Q,2026-125E,5,4,9899.312451004691,9822.550722273143
2025-046Q,2026-125F,5,4,5604.923298263331,5592.807709230768
2025-046Q,2026-125G,5,4,634.4983952417191,631.6046567394449
2025-046Q,2026-125H,5,4,7871.7050269681495,7882.300819582151
2025-046Q,2026-125J,5,4,6772.730898822775,6752.798697123471
2025-046Q,2026-125K,5,4,3167.8340379314654,3165.505946961608
2025-046Q,2026-125L,5,4,10810.444451834608,10834.59481871823
2025-046Q,2026-125M,5,4,8927.210878082531,8951.731951291096
2025-046Q,2026-125N,5,4,12365.205731256285,12408.193064830091
2025-046Q,2026-125P,5,4,14311.774246411012,14305.469763574829
2025-046Q,2026-125Q,5,4,14532.131676647788,14521.319844787602
2025-046Q,2026-125R,5,4,13544.258490463362,13553.363882255066
2025-046Q,2026-125S,5,4,14644.435184303808,14644.975690552359
2025-046Q,2026-125T,5,4,4412.4628327878645,4441.70763365268
2025-046R,2025-233A,5,1,7861.304650132038,7825.1498272759045
2025-046R,2025-233B,5,1,9088.667396559178,9097.022971962022
2025-046R,2025-233C,5,1,9219.820740512323,9177.180684129627
2025-046R,2025-233D,5,1,8605.741703171861,8587.023696490593
2025-046R,2025-233E,5,1,9295.451591504665,9321.547324524257
2025-046R,2025-233F,5,1,4974.725669002422,4956.980454202025
2025-046R,2025-233G,5,1,8864.0088552953,8842.41670954038
2025-046R,2025-233H,5,1,7363.435426078871,7356.335562216137
2025-046R,2025-233J,5,1,6264.272539178177,6262.598416602951
2025-046R,2025-233K,5,1,8238.921614636356,8206.319228852108
2025-046R,2025-233M,5,1,1986.0121973118592,1965.625798970501
2025-046R,2025-233N,5,1,377.64934199960067,343.5646600382108
2025-046R,2025-233P,5,1,1242.3868894436557,1218.7432007369653
2025-046R,2025-233Q,5,1,4320.778338761449,4337.551919821594
2025-046R,2025-233R,5,1,2824.41864331012,2794.258182516622
2025-046R,2025-233S,5,1,5685.755594312599,5652.205461293019
2025-046R,2025-233T,5,1,6878.05768629643,6859.529927826165
2025-046R,2026-075A,5,6,14536.57131515251,14525.87250853856
2025-046R,2026-075B,5,6,14309.254134140227,14306.093352807793
2025-046R,2026-075C,5,6,13986.046503092728,14011.011952431156
2025-046R,2026-075D,5,6,4393.965674263555,4304.738012613444
2025-046R,2026-075E,5,6,14645.40988640525,14636.375223127648
2025-046R,2026-075F,5,6,13538.32067809342,13540.224070238557
2025-046R,2026-075G,5,6,654.5412339856271,677.4818603419402
2025-046R,2026-075H,5,6,6755.863162204988,6728.870447192556
2025-046R,2026-075J,5,6,12356.02999639314,12305.380018343074
2025-046R,2026-075K,5,6,5624.086574242381,5627.4221300190975
2025-046R,2026-075L,5,6,8912.486318738835,8915.076538800575
2025-046R,2026-075M,5,6,1898.560397380791,1870.352732926327
2025-046R,2026-075N,5,6,11639.760052081063,11665.766431079017
2025-046R,2026-075P,5,6,7889.546816670382,7901.559850196381
2025-046R,2026-075Q,5,6,10798.309562165377,10796.195190119151
2025-046R,2026-075R,5,6,3187.737814098145,3227.816842089993
2025-046R,2026-075S,5,6,9915.290353376386,9950.367209317652
2025-046R,2026-075T,5,6,13010.563577814255,12980.048315990796
2025-046R,2026-104A,5,7,13483.306656300807,13490.228302695266
2025-046R,2026-104B,5,7,13900.652859724407,13883.561310813728
2025-046R,2026-104C,5,7,5884.407629185781,5873.954651318381
2025-046R,2026-104D,5,7,12653.728457360714,12625.458799053245
2025-046R,2026-104E,5,7,12641.37581099486,12594.785148502542
2025-046R,2026-104F,5,7,13903.201202125167,13885.861127217817
2025-046R,2026-104G,5,7,13475.744755702452,13451.827376904253
2025-046R,2026-104H,5,7,1201.725125817485,1144.188346050819
2025-046R,2026-104J,5,7,11422.911236239952,11412.9510700225
2025-046R,2026-104K,5,7,7992.306682063571,7974.571597279575
2025-046R,2026-104L,5,7,9857.362695841757,9819.904313815226
2025-046R,2026-104M,5,7,3625.956644674744,3603.0247484215124
2025-046R,2026-104N,5,7,3597.712412863727,3494.7787027890417
2025-046R,2026-104P,5,7,1230.8194049196438,1220.2326617383587
2025-046R,2026-104Q,5,7,5910.895406661131,5930.531194624472
2025-046R,2026-104R,5,7,9878.029713518736,9848.4639168049
2025-046R,2026-104S,5,7,8016.252860696286,8032.875478122654
2025-046R,2026-104T,5,7,11439.675445256991,11411.232488299049
2025-046R,2026-108A,5,0,10197.92955994931,10179.088295507196
2025-046R,2026-108B,5,0,6446.305322783431,6454.766276932853
2025-046R,2026-108C,5,0,11206.680257146976,11206.382791238204
2025-046R,2026-108D,5,0,9218.60316323799,9229.4730744151
2025-046R,2026-108E,5,0,10867.418116571202,10860.161408881795
2025-046R,2026-108F,5,0,11205.45195959036,11204.145086119755
2025-046R,2026-108G,5,0,2904.6508082017585,2816.8449250839617
2025-046R,2026-108H,5,0,10191.946913599584,10195.934071571395
2025-046R,2026-108J,5,0,10863.741861655464,10866.22629672786
2025-046R,2026-108K,5,0,9210.479108317853,9174.871324369826
2025-046R,2026-108L,5,0,7949.144458220256,7942.935460392432
2025-046R,2026-108M,5,0,987.5796900583188,967.2897672807438
2025-046R,2026-108N,5,0,4747.559859410225,4680.313880559084
2025-046R,2026-108P,5,0,2918.2629558762765,2885.8608302474463
2025-046R,2026-108Q,5,0,973.350105814215,954.1824434752763
2025-046R,2026-108R,5,0,6457.8909177378455,6497.22324080116
2025-046R,2026-108S,5,0,7959.160629760413,7945.094612740046
2025-046R,2026-108T,5,0,4760.407416376901,4752.770706084047
2025-046R,2026-124A,5,8,11395.078820785622,11393.966467677132
2025-046R,2026-124B,5,8,12242.212846221382,12239.669829043476
2025-046R,2026-124C,5,8,12717.376406674546,12695.175859475303
2025-046R,2026-124D,5,8,12806.135593076013,12789.762129328523
2025-046R,2026-124E,5,8,12505.772246509576,12478.85337151415
2025-046R,2026-124F,5,8,11825.442868696784,11803.85594341002
2025-046R,2026-124G,5,8,9418.426182112402,9364.57221072231
2025-046R,2026-124H,5,8,10785.788383472023,10765.344477952425
2025-046R,2026-124J,5,8,7764.880758919573,7779.284979286331
2025-046R,2026-124K,5,8,1623.7333198920046,1624.9108038721151
2025-046R,2026-124L,5,8,609.3979847357547,662.4606512829333
2025-046R,2026-124M,5,8,2823.7909174687215,2858.0430829546813
2025-046R,2026-124N,5,8,6930.721603074067,6932.336878905856
2025-046R,2026-124P,5,8,4952.518861679202,4936.303635501646
2025-046R,2026-124Q,5,8,8698.370206074806,8700.62037909094
2025-046R,2026-124R,5,8,10201.704770914703,10208.803826241541
2025-046R,2026-124S,5,8,5875.409632712572,5822.545454775676
2025-046R,2026-124T,5,8,3807.420082766612,3792.322731432469
2025-046R,2026-125A,5,4,13544.257683447577,13549.272290830944
2025-046R,2026-125B,5,4,14644.43485199851,14646.944072542505
2025-046R,2026-125C,5,4,7871.706719816091,7793.332706576752
2025-046R,2026-125D,5,4,14311.77525668861,14333.986178716035
2025-046R,2026-125E,5,4,14532.131783117064,14523.385016249687
2025-046R,2026-125F,5,4,12999.699432290041,13007.403565733295
2025-046R,2026-125G,5,4,9899.311573968342,9917.817690964432
2025-046R,2026-125H,5,4,13978.277173107292,13991.803273797035
2025-046R,2026-125J,5,4,3167.837154580333,3164.960231209287
2025-046R,2026-125K,5,4,11626.133218407238,11641.415920189775
2025-046R,2026-125L,5,4,1918.1282331894406,1954.6841325822256
2025-046R,2026-125M,5,4,634.4938436912323,571.9348134268699
2025-046R,2026-125N,5,4,4412.462993854153,4486.597426412238
2025-046R,2026-125P,5,4,8927.211360802004,8896.541602265772
2025-046R,2026-125Q,5,4,12365.2064101664,12392.146570859963
2025-046R,2026-125R,5,4,6772.730118193822,6789.148986439835
2025-046R,2026-125S,5,4,10810.443261597044,10842.881271483811
2025-046R,2026-125T,5,4,5604.9207498643655,5559.322481468111
2025-046S,2025-233A,5,1,4974.725669002421,4969.090392608895
2025-046S,2025-233B,5,1,1986.012197311858,1809.6353144194236
2025-046S,2025-233C,5,1,1242.386889443655,1320.7407594425304
2025-046S,2025-233D,5,1,3534.0666023176204,3506.165453471035
2025-046S,2025-233E,5,1,377.6493419995966,336.30029856489864
2025-046S,2025-233F,5,1,7861.304650132038,7840.128770921657
2025-046S,2025-233G,5,1,2824.4186433101236,2796.230464991786
2025-046S,2025-233H,5,1,5685.755594312604,5691.326138024276
2025-046S,2025-233J,5,1,6878.057686296436,6839.194641873314
2025-046S,2025-233K,5,1,4320.778338761449,4331.067552461757
2025-046S,2025-233M,5,1,9088.667396559178,9084.662894328332
2025-046S,2025-233N,5,1,9295.451591504665,9283.585161972285
2025-046S,2025-233P,5,1,9219.820740512323,9219.676420206319
2025-046S,2025-233Q,5,1,8238.921614636354,8233.810150438763
2025-046S,2025-233R,5,1,8864.008855295298,8862.797988240276
2025-046S,2025-233S,5,1,7363.435426078868,7356.866437285265
2025-046S,2025-233T,5,1,6264.272539178176,6240.936906304676
2025-046S,2026-075A,5,6,1898.560397380789,1859.0600326940837
2025-046S,2026-075B,5,6,3187.7378140981514,3141.3659226491072
2025-046S,2026-075C,5,6,4393.9656742635525,4239.480608526632
2025-046S,2026-075D,5,6,13986.04650309273,13992.812607868913
2025-046S,2026-075E,5,6,654.5412339856402,625.6333093908554
2025-046S,2026-075F,5,6,5624.086574242381,5576.146680049942
2025-046S,2026-075G,5,6,14645.40988640525,14634.49999513569
2025-046S,2026-075H,5,6,13010.563577814259,12997.75153621766
2025-046S,2026-075J,5,6,7889.546816670394,7927.5752327800055
2025-046S,2026-075K,5,6,13538.320678093416,13521.509713033296
2025-046S,2026-075L,5,6,11639.760052081067,11605.243271941783
2025-046S,2026-075M,5,6,14536.571315152512,14526.012406595692
2025-046S,2026-075N,5,6,8912.486318738816,8835.062875782138
2025-046S,2026-075P,5,6,12356.029996393134,12326.52873540511
2025-046S,2026-075Q,5,6,9915.290353376397,9881.035587804026
2025-046S,2026-075R,5,6,14309.254134140227,14290.318413187613
2025-046S,2026-075S,5,6,10798.309562165374,10733.841562183141
2025-046S,2026-075T,5,6,6755.86316220498,6762.2501337165
2025-046S,2026-104A,5,7,3597.712412863723,3478.3408992334657
2025-046S,2026-104B,5,7,1230.8194049196436,1245.6794623953465
2025-046S,2026-104C,5,7,12653.728457360714,12634.37299212939
2025-046S,2026-104D,5,7,5884.407629185779,5878.050551562405
2025-046S,2026-104E,5,7,5910.89540666113,5963.6231886025325
2025-046S,2026-104F,5,7,1201.7251258174895,1177.907364368123
2025-046S,2026-104G,5,7,3625.9566446747435,3650.8890592788835
2025-046S,2026-104H,5,7,13903.201202125167,13894.830240098785
2025-046S,2026-104J,5,7,8016.25286069629,7987.105142239747
2025-046S,2026-104K,5,7,11439.675445256991,11418.705229955049
2025-046S,2026-104L,5,7,9878.029713518743,9885.669902276615
2025-046S,2026-104M,5,7,13475.744755702452,13470.26723599557
2025-046S,2026-104N,5,7,13483.30665630081,13491.776460396042
2025-046S,2026-104P,5,7,13900.652859724407,13892.736441745788
2025-046S,2026-104Q,5,7,12641.375810994854,12616.892340231148
2025-046S,2026-104R,5,7,9857.362695841755,9853.078039112752
2025-046S,2026-104S,5,7,11422.911236239946,11387.397573834522
2025-046S,2026-104T,5,7,7992.306682063575,7985.030266603119
2025-046S,2026-108A,5,0,4747.559859410225,4753.835017758561
2025-046S,2026-108B,5,0,9218.603163237989,9218.741207271667
2025-046S,2026-108C,5,0,973.3501058142136,878.7396871103253
2025-046S,2026-108D,5,0,6446.305322783416,6407.065978718871
2025-046S,2026-108E,5,0,2904.6508082017567,2877.6342252155705
2025-046S,2026-108F,5,0,987.5796900583239,970.8270500476586
2025-046S,2026-108G,5,0,10867.418116571202,10891.13674038306
2025-046S,2026-108H,5,0,4760.407416376906,4735.648041031415
2025-046S,2026-108J,5,0,2918.262955876296,2896.671955100348
2025-046S,2026-108K,5,0,6457.890917737842,6489.242900724661
2025-046S,2026-108L,5,0,7959.160629760419,7953.51323313453
2025-046S,2026-108M,5,0,11205.451959590362,11217.381509883247
2025-046S,2026-108N,5,0,10197.92955994931,10232.398444185583
2025-046S,2026-108P,5,0,10863.741861655464,10883.802394001856
2025-046S,2026-108Q,5,0,11206.680257146976,11218.410982600444
2025-046S,2026-108R,5,0,9210.479108317848,9178.390455199338
2025-046S,2026-108S,5,0,7949.144458220255,7960.784433905512
2025-046S,2026-108T,5,0,10191.946913599582,10204.012379031145
2025-046S,2026-124A,5,8,5875.409632712568,5810.165774341295
2025-046S,2026-124B,5,8,3807.4200827666095,3718.8960463041003
2025-046S,2026-124C,5,8,1623.733319892007,1607.0506407562173
2025-046S,2026-124D,5,8,609.397984735743,572.2014005566858
2025-046S,2026-124E,5,8,2823.790917468722,2854.7100493958646
2025-046S,2026-124F,5,8,4952.518861679202,4951.838001978521
2025-046S,2026-124G,5,8,8698.370206074804,8718.328229121538
2025-046S,2026-124H,5,8,6930.721603074072,6918.303511824538
2025-046S,2026-124J,5,8,10201.704770914712,10159.752249710516
2025-046S,2026-124K,5,8,12717.376406674548,12708.509615596138
2025-046S,2026-124L,5,8,12806.135593076013,12796.68733521683
2025-046S,2026-124M,5,8,12505.772246509576,12490.977404088204
2025-046S,2026-124N,5,8,10785.788383472023,10765.317966794739
2025-046S,2026-124P,5,8,11825.442868696782,11824.480520681105
2025-046S,2026-124Q,5,8,9418.4261821124,9389.511718353402
2025-046S,2026-124R,5,8,7764.880758919577,7714.874482682189
2025-046S,2026-124S,5,8,11395.078820785624,11392.996551286104
2025-046S,2026-124T,5,8,12242.212846221382,12226.828396436087
2025-046S,2026-125A,5,4,5604.920749864364,5554.470731062604
2025-046S,2026-125B,5,4,634.493843691224,565.91205446135
2025-046S,2026-125C,5,4,12365.206410166405,12388.97158285692
2025-046S,2026-125D,5,4,3167.837154580325,3030.355498850466
2025-046S,2026-125E,5,4,1918.1282331894406,1984.3907621774108
2025-046S,2026-125F,5,4,6772.7301181938155,6737.156810898366
2025-046S,2026-125G,5,4,10810.443261597045,10766.6777333085
2025-046S,2026-125H,5,4,4412.462993854154,4357.590344845497
2025-046S,2026-125J,5,4,14311.775256688614,14297.06635576296
2025-046S,2026-125K,5,4,8927.211360802004,8880.946934855298
2025-046S,2026-125L,5,4,14532.131783117064,14519.895626042115
2025-046S,2026-125M,5,4,14644.43485199851,14638.199562948268
2025-046S,2026-125N,5,4,13978.277173107292,13945.78725875009
2025-046S,2026-125P,5,4,11626.133218407236,11629.903549869849
2025-046S,2026-125Q,5,4,7871.706719816089,7794.375580714032
2025-046S,2026-125R,5,4,12999.699432290037,12976.691405446363
2025-046S,2026-125S,5,4,9899.311573968338,9834.241784421125
2025-046S,2026-125T,5,4,13544.257683447582,13542.064619424647
2025-046T,2025-233A,5,1,9088.666343734438,9065.74838445534
2025-046T,2025-233B,5,1,9219.79930075101,9194.123042917914
2025-046T,2025-233C,5,1,8238.891170981859,8194.908766592545
2025-046T,2025-233D,5,1,9295.47754672271,9288.739075225854
2025-046T,2025-233E,5,1,8864.02424672108,8905.263905216098
2025-046T,2025-233F,5,1,1985.9864160057243,2001.7272544262808
2025-046T,2025-233G,5,1,7363.435868328934,7376.725910702866
2025-046T,2025-233H,5,1,4974.724151463475,4990.802594435345
2025-046T,2025-233J,5,1,3534.120615537542,3570.83657482757
2025-046T,2025-233K,5,1,6264.2789563089445,6254.675592057565
2025-046T,2025-233M,5,1,1242.2991338201907,1208.8516211806036
2025-046T,2025-233N,5,1,2824.4452844530174,2800.262892440617
2025-046T,2025-233P,5,1,4320.739724383595,4269.389199677423
2025-046T,2025-233Q,5,1,6878.039606442206,6878.924422763032
2025-046T,2025-233R,5,1,5685.758659011675,5635.42099818915
2025-046T,2025-233S,5,1,7861.3048074907565,7823.312490230484
2025-046T,2025-233T,5,1,8605.750769088354,8585.344592575086
2025-046T,2026-075A,5,6,14309.254706897307,14310.035219272193
2025-046T,2026-075B,5,6,12356.030316718614,12385.846377924863
2025-046T,2026-075C,5,6,14645.40925893068,14633.515059777836
2025-046T,2026-075D,5,6,654.5334904773531,671.9540027972274
2025-046T,2026-075E,5,6,13538.31959635699,13554.290747982232
2025-046T,2026-075F,5,6,10798.30955987636,10835.548506726263
2025-046T,2026-075G,5,6,5624.085138062473,5590.761752185691
2025-046T,2026-075H,5,6,1898.5643630288819,1906.6069015385908
2025-046T,2026-075J,5,6,8912.48628734157,8875.21552028651
2025-046T,2026-075K,5,6,9915.289487296217,9877.080239366933
2025-046T,2026-075L,5,6,4393.965205523529,4434.850355043026
2025-046T,2026-075M,5,6,3187.739232108314,3134.358357670987
2025-046T,2026-075N,5,6,13986.046475571618,13981.944177262567
2025-046T,2026-075P,5,6,11639.760067320498,11615.935247360072
2025-046T,2026-075Q,5,6,6755.864717302741,6791.584921517786
2025-046T,2026-075R,5,6,7889.547008247564,7876.107336828341
2025-046T,2026-075S,5,6,13010.563727178356,13008.168267189696
2025-046T,2026-075T,5,6,14536.572001388357,14517.642297471066
2025-046T,2026-104A,5,7,13900.654576643507,13888.404908348288
2025-046T,2026-104B,5,7,12641.376680446014,12637.840610465173
2025-046T,2026-104C,5,7,1201.7052568531515,1227.8884975048345
2025-046T,2026-104D,5,7,13903.200164501099,13887.502351710316
2025-046T,2026-104E,5,7,9857.362504696426,9817.280634177048
2025-046T,2026-104F,5,7,13475.74140553537,13479.906480615546
2025-046T,2026-104G,5,7,11422.910017868031,11411.750218306319
2025-046T,2026-104H,5,7,3625.9468542961044,3600.1479382374605
2025-046T,2026-104J,5,7,7992.311237489218,8016.459718859898
2025-046T,2026-104K,5,7,3597.7193021701423,3615.7796096026627
2025-046T,2026-104L,5,7,5884.405546696846,5872.375382601334
2025-046T,2026-104M,5,7,8016.250599157069,7953.105189589333
2025-046T,2026-104N,5,7,1230.8300994912959,1260.0306257985337
2025-046T,2026-104P,5,7,5910.895754164101,5851.069604206281
2025-046T,2026-104Q,5,7,9878.029701569842,9858.37256207059
2025-046T,2026-104R,5,7,12653.728235792676,12616.77149541666
2025-046T,2026-104S,5,7,11439.677416474931,11424.351618228175
2025-046T,2026-104T,5,7,13483.309195462021,13457.326638808061
2025-046T,2026-108A,5,0,11206.681863547461,11208.254397979508
2025-046T,2026-108B,5,0,2904.6045669195946,2939.37761326176
2025-046T,2026-108C,5,0,10863.739768125502,10861.685220151898
2025-046T,2026-108D,5,0,10867.40782431534,10873.08669467142
2025-046T,2026-108E,5,0,11205.45252801488,11214.134700145192
2025-046T,2026-108F,5,0,10191.958280320276,10217.87374112856
2025-046T,2026-108G,5,0,987.588091368231,1018.4990716945265
2025-046T,2026-108H,5,0,7949.152806680829,7985.707331980704
2025-046T,2026-108J,5,0,9210.47221513072,9243.335682557941
2025-046T,2026-108K,5,0,6446.289152966923,6427.22681139604
2025-046T,2026-108L,5,0,4747.56525527198,4769.684368796916
2025-046T,2026-108M,5,0,4760.436875978724,4707.720049851147
2025-046T,2026-108N,5,0,973.3535622878333,925.6960551751705
2025-046T,2026-108P,5,0,6457.886216767946,6404.035578922725
2025-046T,2026-108Q,5,0,2918.2614993895945,2877.5105436737936
2025-046T,2026-108R,5,0,9218.595450103347,9233.643664510504
2025-046T,2026-108S,5,0,10197.93532076286,10187.5826733314
2025-046T,2026-108T,5,0,7959.173130353522,7934.8458652457275
2025-046T,2026-124A,5,8,12717.381585014047,12707.842396912836
2025-046T,2026-124B,5,8,12806.127507719257,12795.418260627197
2025-046T,2026-124C,5,8,12505.775545984807,12507.859230425638
2025-046T,2026-124D,5,8,11825.436287213102,11842.051404103358
2025-046T,2026-124E,5,8,10785.78992902803,10771.479173378682
2025-046T,2026-124F,5,8,9418.431987689684,9421.499213539128
2025-046T,2026-124G,5,8,5875.4216234949245,5843.948360801813
2025-046T,2026-124H,5,8,7764.879738630425,7774.12576281433
2025-046T,2026-124J,5,8,3807.411542884936,3862.806210530802
2025-046T,2026-124K,5,8,2823.798448462138,2749.4329140759965
2025-046T,2026-124L,5,8,4952.502365058078,4954.70390835138
2025-046T,2026-124M,5,8,6930.722052574864,6920.556015904868
2025-046T,2026-124N,5,8,10201.704625784594,10178.461058402918
2025-046T,2026-124P,5,8,8698.368446169206,8654.391342380852
2025-046T,2026-124Q,5,8,11395.085030936283,11380.38914007
2025-046T,2026-124R,5,8,12242.211823664225,12235.517243161092
2025-046T,2026-124S,5,8,1623.761562230081,1603.3158795333757
2025-046T,2026-124T,5,8,609.3042665036243,553.5543291019515
2025-046T,2026-125A,5,4,14644.434811109664,14638.332671381746
2025-046T,2026-125B,5,4,13978.276913361386,13977.9195565422
2025-046T,2026-125C,5,4,3167.8361411985834,3109.7159825264803
2025-046T,2026-125D,5,4,14532.132174127155,14520.365182386953
2025-046T,2026-125E,5,4,12999.700496072199,12977.579848856609
2025-046T,2026-125F,5,4,9899.311877004171,9932.767404496453
2025-046T,2026-125G,5,4,5604.920830994618,5657.074937836853
2025-046T,2026-125H,5,4,11626.132645318714,11668.888561835305
2025-046T,2026-125J,5,4,1918.1320920406847,1843.7949481882677
2025-046T,2026-125K,5,4,7871.705488215127,7919.634449434431
2025-046T,2026-125L,5,4,6772.731372815873,6754.183651478091
2025-046T,2026-125M,5,4,4412.462729732336,4390.061993886582
2025-046T,2026-125N,5,4,8927.210890617807,8943.638868135215
2025-046T,2026-125P,5,4,12365.205825506859,12314.08497334165
2025-046T,2026-125Q,5,4,14311.774539696347,14308.049328965117
2025-046T,2026-125R,5,4,10810.443767146831,10784.674112811
2025-046T,2026-125S,5,4,13544.257863096602,13539.791859377568
2025-046T,2026-125T,5,4,634.4936673221772,619.194159039134
2025-233A,2026-075A,1,6,4689.01646356232,4698.550635727868
2025-233A,2026-075B,1,6,7895.285527891666,7877.5611663030795
2025-233A,2026-075C,1,6,2846.3289178928258,2950.9179867749685
2025-233A,2026-075D,1,6,10860.55594137658,10833.395662970803
2025-233A,2026-075E,1,6,6389.197155011372,6377.832293894213
2025-233A,2026-075F,1,6,9161.439640684224,9144.365598529717
2025-233A,2026-075G,1,6,9232.08175543215,9200.863356720818
2025-233A,2026-075H,1,6,11189.816192929646,11178.558977972323
2025-233A,2026-075J,1,6,10149.263483042138,10166.600751191218
2025-233A,2026-075K,1,6,6490.083943979772,6454.6023480082085
2025-233A,2026-075L,1,6,11179.089062940324,11172.174188267634
2025-233A,2026-075M,1,6,10201.301806860778,10182.020445752303
2025-233A,2026-075N,1,6,1039.9053479134832,967.8740177070742
2025-233A,2026-075P,1,6,4800.639521119358,4753.449027383209
2025-233A,2026-075Q,1,6,10828.676010205883,10817.710935616153
2025-233A,2026-075R,1,6,7982.365155182701,7930.924147767504
2025-233A,2026-075S,1,6,2965.2907710036447,2891.022266665855
2025-233A,2026-075T,1,6,917.2111732234965,904.3617449684582
2025-233A,2026-104A,1,7,3761.3221250382962,3851.257013192272
2025-233A,2026-104B,1,7,7715.049801192078,7736.667495437937
2025-233A,2026-104C,1,7,12690.603097941463,12681.40582631948
2025-233A,2026-104D,1,7,1581.6346637078627,1577.1226839251974
2025-233A,2026-104E,1,7,10738.226103896768,10773.574896452692
2025-233A,2026-104F,1,7,5826.689404702085,5825.171197117084
2025-233A,2026-104G,1,7,9368.962132833558,9393.476247749853
2025-233A,2026-104H,1,7,11384.315065597868,11354.176423799297
2025-233A,2026-104J,1,7,11781.199703428783,11774.286425151833
2025-233A,2026-104K,1,7,12772.451723930786,12768.890312207403
2025-233A,2026-104L,1,7,12466.218328080717,12462.11397575654
2025-233A,2026-104M,1,7,8704.911615833887,8687.928781559707
2025-233A,2026-104N,1,7,12223.158839197324,12186.75305365454
2025-233A,2026-104P,1,7,10199.57525000341,10179.427652547309
2025-233A,2026-104Q,1,7,6945.778926425091,6888.4483066590565
2025-233A,2026-104R,1,7,2854.2007539531805,2844.48268555938
2025-233A,2026-104S,1,7,4975.569733175559,4913.897956324853
2025-233A,2026-104T,1,7,646.1504457233798,641.8407291695527
2025-233A,2026-108A,1,0,1826.8227459434734,1811.6698385107818
2025-233A,2026-108B,1,0,14636.165895763119,14626.283089518964
2025-233A,2026-108C,1,0,6689.562834951406,6772.73086177352
2025-233A,2026-108D,1,0,725.7543110058654,657.5533922373731
2025-233A,2026-108E,1,0,4323.8780530099575,4340.184576555797
2025-233A,2026-108F,1,0,8851.98651059424,8842.061805613488
2025-233A,2026-108G,1,0,14001.71954337316,13958.332581184857
2025-233A,2026-108H,1,0,12312.414836197533,12294.73765119609
2025-233A,2026-108J,1,0,10745.448317522318,10729.276015856964
2025-233A,2026-108K,1,0,13505.27473694272,13524.55024668589
2025-233A,2026-108L,1,0,14287.784324253655,14281.227325913223
2025-233A,2026-108M,1,0,11678.459116374783,11666.109226950173
2025-233A,2026-108N,1,0,14539.836347456736,14518.350189775134
2025-233A,2026-108P,1,0,9963.906437577501,9961.022149935423
2025-233A,2026-108Q,1,0,13038.169305426078,13017.20862523602
2025-233A,2026-108R,1,0,5687.84907536518,5586.541348338104
2025-233A,2026-108S,1,0,3256.2750643426366,3246.828883394078
2025-233A,2026-108T,1,0,7946.604338378158,7917.103504981995
2025-233A,2026-121A,1,5,8238.892124552021,8253.834950819095
2025-233A,2026-121B,1,5,2824.488190741916,2819.5323451647937
2025-233A,2026-124A,1,8,1157.9632114673116,1223.4812788158513
2025-233A,2026-124B,1,8,3551.44282637411,3629.6782827182374
2025-233A,2026-124C,1,8,5837.037669964518,5830.3835031379585
2025-233A,2026-124D,1,8,7945.264167790232,7923.61403637196
2025-233A,2026-124E,1,8,9812.09018043744,9847.912436477025
2025-233A,2026-124F,1,8,11380.76951427245,11389.180276495574
2025-233A,2026-124G,1,8,13443.586303146394,13455.756095563374
2025-233A,2026-124H,1,8,12603.658350504043,12603.682551505619
2025-233A,2026-124J,1,8,13875.041264202959,13867.657233232874
2025-233A,2026-124K,1,8,12651.50671385987,12643.968203070608
2025-233A,2026-124L,1,8,11445.710306306974,11388.204409037748
2025-233A,2026-124M,1,8,9892.147968358695,9831.366081723121
2025-233A,2026-124N,1,8,5939.647072432378,5890.137206268094
2025-233A,2026-124P,1,8,8038.009266656709,8011.68076798642
2025-233A,2026-124Q,1,8,3660.807603711349,3606.909419374564
2025-233A,2026-124R,1,8,1270.74097569392,1203.5266250219142
2025-233A,2026-124S,1,8,13884.908615602322,13878.745082561063
2025-233A,2026-124T,1,8,13472.890257049195,13464.873306355497
2025-233A,2026-125A,1,4,1261.1945865749988,1281.3910102124491
2025-233A,2026-125B,1,4,3565.2085902557683,3588.1624211715375
2025-233A,2026-125C,1,4,7072.509922210458,7079.388221717241
2025-233A,2026-125D,1,4,2450.326505483437,2507.9419838768936
2025-233A,2026-125E,1,4,4571.715909192777,4609.278932319212
2025-233A,2026-125F,1,4,6141.692550027891,6147.207029651538
2025-233A,2026-125G,1,4,6970.897121558721,6979.19763646354
2025-233A,2026-125H,1,4,5439.330625485911,5435.361085275356
2025-233A,2026-125J,1,4,6634.562585534713,6644.230417077017
2025-233A,2026-125K,1,4,6657.407617878121,6663.605518955432
2025-233A,2026-125L,1,4,5396.392341856834,5380.625765736302
2025-233A,2026-125M,1,4,6108.307327365105,6101.653334007947
2025-233A,2026-125N,1,4,4520.559818804736,4483.465122781255
2025-233A,2026-125P,1,4,2387.559181165426,2391.5630604914977
2025-233A,2026-125Q,1,4,33.396288523899145,72.49783351990159
2025-233A,2026-125R,1,4,3507.3511506743916,3487.032018207227
2025-233A,2026-125S,1,4,1195.5490276047713,1155.3771404570819
2025-233A,2026-125T,1,4,6959.311583454546,6966.305712711501
2025-233B,2026-075A,1,6,917.344957094696,728.8861755993311
2025-233B,2026-075B,1,6,4689.0318525653265,4484.501838126001
2025-233B,2026-075C,1,6,1039.8584707646767,1129.2927627195907
2025-233B,2026-075D,1,6,11179.081723709132,11162.36445896915
2025-233B,2026-075E,1,6,2846.326179596772,2641.244166095118
2025-233B,2026-075F,1,6,6389.197150896002,6200.931299362947
2025-233B,2026-075G,1,6,10860.552157655075,10899.552049409174
2025-233B,2026-075H,1,6,10828.68048584964,10770.112475435397
2025-233B,2026-075J,1,6,7895.276513072196,7785.175200415884
2025-233B,2026-075K,1,6,9232.081740192196,9323.266617092313
2025-233B,2026-075L,1,6,10149.251364086309,10049.194952170561
2025-233B,2026-075M,1,6,11189.82418393173,11199.78821001589
2025-233B,2026-075N,1,6,4800.620836224757,4915.446590928509
2025-233B,2026-075P,1,6,7982.358310167591,8087.311899876404
2025-233B,2026-075Q,1,6,9161.440473205867,9029.01524432513
2025-233B,2026-075R,1,6,10201.307237093366,10255.718101300601
2025-233B,2026-075S,1,6,6490.090232326672,6590.789921933944
2025-233B,2026-075T,1,6,2965.318344731094,3167.8059644535783
2025-233B,2026-104A,1,7,646.2803697633235,778.2907196350068
2025-233B,2026-104B,1,7,3761.3252263389604,3569.2089919744385
2025-233B,2026-104C,1,7,12466.215059754275,12404.889981704237
2025-233B,2026-104D,1,7,2854.1935841182653,3080.065862428584
2025-233B,2026-104E,1,7,7715.039998686635,7586.00426024331
2025-233B,2026-104F,1,7,1581.6327964274021,1353.7493283422268
2025-233B,2026-104G,1,7,5826.689697773587,5656.14602663102
2025-233B,2026-104H,1,7,12690.601852678783,12711.80670821686
2025-233B,2026-104J,1,7,9368.963605611456,9200.98252541513
2025-233B,2026-104K,1,7,11781.202991627857,11685.536149523785
2025-233B,2026-104L,1,7,10738.21998704088,10618.772915573487
2025-233B,2026-104M,1,7,11384.315868229518,11479.747147692913
2025-233B,2026-104N,1,7,12772.456709615999,12762.111934174021
2025-233B,2026-104P,1,7,12223.165600403487,12281.99881005324
2025-233B,2026-104Q,1,7,10199.569557873885,10297.151944904885
2025-233B,2026-104R,1,7,6945.761780311755,7127.806019823933
2025-233B,2026-104S,1,7,8704.915530628601,8823.51512880456
2025-233B,2026-104T,1,7,4975.581594809703,5180.353793254117
2025-233B,2026-108A,1,0,3256.2738378143054,3523.7954347468863
2025-233B,2026-108B,1,0,13505.274696724271,13381.675419543237
2025-233B,2026-108C,1,0,1826.8174650673138,1661.6073569267023
2025-233B,2026-108D,1,0,5687.849062220115,5864.0947214643165
2025-233B,2026-108E,1,0,725.755001709344,967.9291770587068
2025-233B,2026-108F,1,0,4323.878806583336,4062.557805634562
2025-233B,2026-108G,1,0,14636.165898010095,14622.499443094332
2025-233B,2026-108H,1,0,8851.987226901267,8615.712414524187
2025-233B,2026-108J,1,0,6689.561853596332,6435.024991653123
2025-233B,2026-108K,1,0,10745.447993435737,10600.626234721418
2025-233B,2026-108L,1,0,12312.415601531988,12157.141699890666
2025-233B,2026-108M,1,0,14001.719597082598,14071.224432375298
2025-233B,2026-108N,1,0,14287.784658682525,14237.249617181056
2025-233B,2026-108P,1,0,13038.168392506082,13154.400812883105
2025-233B,2026-108Q,1,0,14539.835934104161,14562.93353723538
2025-233B,2026-108R,1,0,9963.90580388087,10074.960134020946
2025-233B,2026-108S,1,0,7946.605842186474,8155.783131691785
2025-233B,2026-108T,1,0,11678.460100793469,11814.384376397671
2025-233B,2026-121A,1,5,6264.247598514312,6147.9151530064655
2025-233B,2026-121B,1,5,5685.8013912414335,5823.69112420843
2025-233B,2026-124A,1,8,3660.816154793326,3836.672130468588
2025-233B,2026-124B,1,8,1270.7358068456392,1437.1956175132416
2025-233B,2026-124C,1,8,1157.9943107584254,902.9450165677079
2025-233B,2026-124D,1,8,3551.4425976068765,3284.770910649268
2025-233B,2026-124E,1,8,5837.036713863741,5655.6881436626045
2025-233B,2026-124F,1,8,7945.264345057196,7751.086802546703
2025-233B,2026-124G,1,8,11380.770371620822,11263.296624716817
2025-233B,2026-124H,1,8,9812.086103975415,9633.462477008441
2025-233B,2026-124J,1,8,12603.656119811856,12469.971699080557
2025-233B,2026-124K,1,8,13884.91103007834,13900.94115837421
2025-233B,2026-124L,1,8,13472.889934373972,13512.63850730995
2025-233B,2026-124M,1,8,12651.506375222341,12721.273933720024
2025-233B,2026-124N,1,8,9892.144307419652,10029.280241710307
2025-233B,2026-124P,1,8,11445.710964754397,11569.032234063274
2025-233B,2026-124Q,1,8,8038.011682697207,8194.810597928292
2025-233B,2026-124R,1,8,5939.6439658471545,6102.4039123576595
2025-233B,2026-124S,1,8,13443.587912913361,13385.06567514215
2025-233B,2026-124T,1,8,13875.04009439517,13848.58896387028
2025-233B,2026-125A,1,4,1195.3346618029805,1303.855786939681
2025-233B,2026-125B,1,4,1261.0496008751095,1157.4360312544038
2025-233B,2026-125C,1,4,6657.406992180379,6636.474526144578
2025-233B,2026-125D,1,4,33.39628852389915,36.78617599646022
2025-233B,2026-125E,1,4,2450.377333089538,2373.0239373565178
2025-233B,2026-125F,1,4,4571.759210635347,4475.420279734456
2025-233B,2026-125G,1,4,6141.726171440791,6080.412058631537
2025-233B,2026-125H,1,4,3565.177897015415,3444.6207032596562
2025-233B,2026-125J,1,4,7072.511273219829,7089.742049607982
2025-233B,2026-125K,1,4,5439.324005199741,5357.37298690938
2025-233B,2026-125L,1,4,6634.572359895254,6680.682479321876
2025-233B,2026-125M,1,4,6959.276732022773,6992.769222865714
2025-233B,2026-125N,1,4,6108.274846205078,6157.7936885826675
2025-233B,2026-125P,1,4,4520.538647308082,4628.217738372588
2025-233B,2026-125Q,1,4,2387.5621092066945,2473.163587019159
2025-233B,2026-125R,1,4,5396.45827156416,5470.895514083425
2025-233B,2026-125S,1,4,3507.3963471284487,3585.2695937610365
2025-233B,2026-125T,1,4,6970.889881777513,6967.703984024723
2025-233C,2026-075A,1,6,2965.3426790865888,3057.869488696502
2025-233C,2026-075B,1,6,917.2673662793172,782.3352612420746
2025-233C,2026-075C,1,6,4800.619212666251,4797.457479230208
2025-233C,2026-075D,1,6,10149.247315184708,10110.874095826919
2025-233C,2026-075E,1,6,1039.8584454786078,1159.778457205324
2025-233C,2026-075F,1,6,2846.328859224125,2710.6989624824546
2025-233C,2026-075G,1,6,11179.08171112344,11162.254394262418
2025-233C,2026-075H,1,6,9161.450233442707,9084.34293201268
2025-233C,2026-075J,1,6,4689.005621404968,4627.166134320512
2025-233C,2026-075K,1,6,10860.55591546696,10872.936467489311
2025-233C,2026-075L,1,6,7895.266121296042,7788.685079973418
2025-233C,2026-075M,1,6,10828.685601472293,10786.561058056108
2025-233C,2026-075N,1,6,7982.3522033610825,8004.877559595683
2025-233C,2026-075P,1,6,10201.298444170514,10221.088583739285
2025-233C,2026-075Q,1,6,6389.204736399512,6272.527964635283
2025-233C,2026-075R,1,6,11189.819300977564,11184.317764869533
2025-233C,2026-075S,1,6,9232.090596749445,9247.023581346144
2025-233C,2026-075T,1,6,6490.109140666514,6583.738321346933
2025-233C,2026-104A,1,7,4975.583939257809,5001.431354813053
2025-233C,2026-104B,1,7,646.1633406516985,744.4735343191422
2025-233C,2026-104C,1,7,10738.218515369157,10646.709972624372
2025-233C,2026-104D,1,7,6945.761355109459,7053.048330292359
2025-233C,2026-104E,1,7,3761.307763261074,3703.007016646462
2025-233C,2026-104F,1,7,2854.19418240861,2977.5223476403435
2025-233C,2026-104G,1,7,1581.6415205531248,1493.0369721567045
2025-233C,2026-104H,1,7,12466.215792728282,12435.095829592
2025-233C,2026-104J,1,7,5826.696346302207,5695.467331004627
2025-233C,2026-104K,1,7,9368.970402458548,9266.736905984213
2025-233C,2026-104L,1,7,7715.034717614911,7621.705168758226
2025-233C,2026-104M,1,7,12690.604537968764,12699.623052123743
2025-233C,2026-104N,1,7,11781.210006471349,11748.434656554884
2025-233C,2026-104P,1,7,12772.452164108516,12757.592687787886
2025-233C,2026-104Q,1,7,12223.155857181717,12236.172645785467
2025-233C,2026-104R,1,7,10199.567551502501,10265.850937551439
2025-233C,2026-104S,1,7,11384.32105241849,11408.354982702966
2025-233C,2026-104T,1,7,8704.925175623963,8790.746311000494
2025-233C,2026-108A,1,0,7946.604628182448,8077.908606184145
2025-233C,2026-108B,1,0,10745.447996496301,10613.287140406588
2025-233C,2026-108C,1,0,3256.271821755978,3302.6925293543095
2025-233C,2026-108D,1,0,9963.905854190587,10018.050750216045
2025-233C,2026-108E,1,0,5687.8496350833275,5801.876887719927
2025-233C,2026-108F,1,0,725.7637384072193,879.4530146336114
2025-233C,2026-108G,1,0,13505.274752408031,13472.075895802627
2025-233C,2026-108H,1,0,4323.880985902798,4154.007355532572
2025-233C,2026-108J,1,0,1826.8155587699252,1661.4496836521637
2025-233C,2026-108K,1,0,6689.561772400988,6603.773990538619
2025-233C,2026-108L,1,0,8851.987766695029,8717.705238083812
2025-233C,2026-108M,1,0,14636.16668349542,14619.437215228061
2025-233C,2026-108N,1,0,12312.415113400411,12258.861029766531
2025-233C,2026-108P,1,0,14539.835499842466,14552.449316990533
2025-233C,2026-108Q,1,0,14287.783825606888,14243.109559442626
2025-233C,2026-108R,1,0,13038.168386771604,13053.588129218204
2025-233C,2026-108S,1,0,11678.45975880378,11757.385724864467
2025-233C,2026-108T,1,0,14001.720450561374,14031.416518482569
2025-233C,2026-121A,1,5,3534.0469355657265,3442.241586610116
2025-233C,2026-121B,1,5,7861.32468136807,7921.082217643917
2025-233C,2026-124A,1,8,8038.016162948049,8095.758566378236
2025-233C,2026-124B,1,8,5939.643829062228,5989.730542020445
2025-233C,2026-124C,1,8,3660.8146303253648,3799.503018673638
2025-233C,2026-124D,1,8,1270.736915205206,1433.6014447960983
2025-233C,2026-124E,1,8,1157.959768964106,1069.6281910919865
2025-233C,2026-124F,1,8,3551.4453450202313,3429.8988874089187
2025-233C,2026-124G,1,8,7945.267068822925,7865.744283149634
2025-233C,2026-124H,1,8,5837.0318972259965,5707.982210626983
2025-233C,2026-124J,1,8,9812.084449777527,9666.589446284255
2025-233C,2026-124K,1,8,13443.587594227987,13387.607760268744
2025-233C,2026-124L,1,8,13875.040637557466,13861.805012253542
2025-233C,2026-124M,1,8,13884.90842188392,13885.39007035774
2025-233C,2026-124N,1,8,12651.504916738624,12685.230470437371
2025-233C,2026-124P,1,8,13472.891375798787,13495.832060041268
2025-233C,2026-124Q,1,8,11445.713699743852,11490.39847659075
2025-233C,2026-124R,1,8,9892.143643432753,9939.483968116398
2025-233C,2026-124S,1,8,11380.773317359672,11310.176534856186
2025-233C,2026-124T,1,8,12603.655774882747,12529.294573302248
2025-233C,2026-125A,1,4,3507.344215572683,3555.6259533214966
2025-233C,2026-125B,1,4,1195.2431129445513,1248.2660751166582
2025-233C,2026-125C,1,4,5439.325761856734,5414.974180061148
2025-233C,2026-125D,1,4,2387.614272943572,2404.118381624422
2025-233C,2026-125E,1,4,33.396288523899145,1.3790584909845018
2025-233C,2026-125F,1,4,2450.461601497073,2374.4435057835617
2025-233C,2026-125G,1,4,4571.748171601489,4503.31782193281
2025-233C,2026-125H,1,4,1261.021045050575,1171.8054157215481
2025-233C,2026-125J,1,4,6657.416733000962,6634.870860274072
2025-233C,2026-125K,1,4,3565.1767286234003,3489.1266637331837
2025-233C,2026-125L,1,4,7072.561578332402,7078.798129549069
2025-233C,2026-125M,1,4,6970.86141987542,6967.920311762908
2025-233C,2026-125N,1,4,6959.262979604068,6969.023564569725
2025-233C,2026-125P,1,4,6108.275990697694,6151.101968439136
2025-233C,2026-125Q,1,4,4520.549957474102,4546.844569420656
2025-233C,2026-125R,1,4,6634.596253005837,6655.248649624224
2025-233C,2026-125S,1,4,5396.410784311569,5415.550004047585
2025-233C,2026-125T,1,4,6141.686680565014,6116.515537467096
2025-233D,2026-075A,1,6,2846.3239517724705,2832.6543850924472
2025-233D,2026-075B,1,6,6389.198147485308,6349.467731399919
2025-233D,2026-075C,1,6,917.2669061199987,1000.0551357511582
2025-233D,2026-075D,1,6,11189.819273480536,11184.81315360257
2025-233D,2026-075E,1,6,4689.031732543787,4655.000915149512
2025-233D,2026-075F,1,6,7895.285599172782,7859.044503966631
2025-233D,2026-075G,1,6,10201.307193139895,10194.643723331175
2025-233D,2026-075H,1,6,11179.084477495586,11174.955557715095
2025-233D,2026-075J,1,6,9161.438945661765,9175.038834531422
2025-233D,2026-075K,1,6,7982.3652113543785,7974.630277657464
2025-233D,2026-075L,1,6,10828.677302561693,10816.077160741017
2025-233D,2026-075M,1,6,10860.553106824485,10859.060081577294
2025-233D,2026-075N,1,6,2965.301105254198,2921.6833324097583
2025-233D,2026-075P,1,6,6490.085510647731,6472.000404739601
2025-233D,2026-075Q,1,6,10149.25641481074,10128.556416535079
2025-233D,2026-075R,1,6,9232.080638836218,9209.859797695386
2025-233D,2026-075S,1,6,4800.628046015865,4756.6898253990175
2025-233D,2026-075T,1,6,1039.8720640638178,1078.115581173064
2025-233D,2026-104A,1,7,1581.6321366203817,1646.1884432767379
2025-233D,2026-104B,1,7,5826.689583804163,5825.391179409135
2025-233D,2026-104C,1,7,12772.453728604349,12767.720690406535
2025-233D,2026-104D,1,7,646.2057622856114,680.7633737773625
2025-233D,2026-104E,1,7,9368.962203712748,9395.841853363769
2025-233D,2026-104F,1,7,3761.334943531738,3731.7065650007394
2025-233D,2026-104G,1,7,7715.045063752695,7721.968249708225
2025-233D,2026-104H,1,7,12223.161954172221,12217.024357634735
2025-233D,2026-104J,1,7,10738.22246482209,10715.479650815232
2025-233D,2026-104K,1,7,12466.216193755421,12458.852110745529
2025-233D,2026-104L,1,7,11781.20081828438,11773.626740096828
2025-233D,2026-104M,1,7,10199.579619643448,10208.054704723452
2025-233D,2026-104N,1,7,12690.601983990979,12681.247577066282
2025-233D,2026-104P,1,7,11384.314919218328,11387.120960871556
2025-233D,2026-104Q,1,7,8704.91285695413,8680.144384905923
2025-233D,2026-104R,1,7,4975.57441085012,4995.142802518864
2025-233D,2026-104S,1,7,6945.764151137916,6917.009954718735
2025-233D,2026-104T,1,7,2854.1949844875376,2879.7039571719333
2025-233D,2026-108A,1,0,725.7538186863743,774.9344425728798
2025-233D,2026-108B,1,0,14287.78470794861,14267.031595813969
2025-233D,2026-108C,1,0,4323.878251578027,4380.950443885921
2025-233D,2026-108D,1,0,3256.275555789214,3223.0408301684333
2025-233D,2026-108E,1,0,1826.8196836852896,1810.2099000736143
2025-233D,2026-108F,1,0,6689.562229080316,6648.400098176161
2025-233D,2026-108G,1,0,14539.836299044695,14525.061238390152
2025-233D,2026-108H,1,0,10745.448083765348,10700.374903944834
2025-233D,2026-108J,1,0,8851.986781694462,8806.087975873064
2025-233D,2026-108K,1,0,12312.415156278095,12321.986247524075
2025-233D,2026-108L,1,0,13505.274665072124,13484.312756736388
2025-233D,2026-108M,1,0,13038.168898453634,13046.18066436257
2025-233D,2026-108N,1,0,14636.165924969602,14632.128935270002
2025-233D,2026-108P,1,0,11678.459214556256,11698.414645638028
2025-233D,2026-108Q,1,0,14001.719515192066,13998.942246466262
2025-233D,2026-108R,1,0,7946.605640806747,7884.061937896222
2025-233D,2026-108S,1,0,5687.84912503875,5710.592382147075
2025-233D,2026-108T,1,0,9963.905775524941,9964.737081255738
2025-233D,2026-121A,1,5,7363.451745640673,7365.215680474039
2025-233D,2026-121B,1,5,4320.728706485856,4343.188956233024
2025-233D,2026-124A,1,8,1270.7360533054857,1238.1555318056462
2025-233D,2026-124B,1,8,1157.9792938047563,1206.0596364405314
2025-233D,2026-124C,1,8,3551.442738188723,3512.9249758791557
2025-233D,2026-124D,1,8,5837.040649117764,5783.718285849095
2025-233D,2026-124E,1,8,7945.264104951751,7960.308535663309
2025-233D,2026-124F,1,8,9812.08783942423,9800.116721169115
2025-233D,2026-124G,1,8,12603.656999437932,12612.038323089106
2025-233D,2026-124H,1,8,11380.769681897418,11363.444620319086
2025-233D,2026-124J,1,8,13443.586887036965,13421.228053487022
2025-233D,2026-124K,1,8,13472.889875198998,13478.716166940341
2025-233D,2026-124L,1,8,12651.508273620455,12626.56641368911
2025-233D,2026-124M,1,8,11445.710375962582,11418.515517279306
2025-233D,2026-124N,1,8,8038.010105065852,8022.10454775962
2025-233D,2026-124P,1,8,9892.145540412748,9894.880802172867
2025-233D,2026-124Q,1,8,5939.645018952029,5919.738480946411
2025-233D,2026-124R,1,8,3660.8110677043906,3627.618174846214
2025-233D,2026-124S,1,8,13875.04046517793,13877.580818898492
2025-233D,2026-124T,1,8,13884.909608871985,13887.3216329945
2025-233D,2026-125A,1,4,33.39628852389911,34.17677067574654
2025-233D,2026-125B,1,4,2450.344428913575,2458.7343593100663
2025-233D,2026-125C,1,4,6970.909911467564,6988.645072053957
2025-233D,2026-125D,1,4,1261.1075417662573,1303.292547245811
2025-233D,2026-125E,1,4,3565.1880954587873,3593.361568487302
2025-233D,2026-125F,1,4,5439.323940961335,5435.941773902306
2025-233D,2026-125G,1,4,6657.407670363038,6662.437506945606
2025-233D,2026-125H,1,4,4571.733545229593,4554.792740371451
2025-233D,2026-125J,1,4,6959.2915203830935,6981.44457531064
2025-233D,2026-125K,1,4,6141.711654784819,6141.034373631415
2025-233D,2026-125L,1,4,6108.290478746061,6114.641017494112
2025-233D,2026-125M,1,4,6634.564706241825,6647.803130640241
2025-233D,2026-125N,1,4,5396.401751595922,5385.090127948008
2025-233D,2026-125P,1,4,3507.4381115342126,3531.904830700781
2025-233D,2026-125Q,1,4,1195.4264958641306,1175.582545432361
2025-233D,2026-125R,1,4,4520.5386957124665,4522.850863502488
2025-233D,2026-125S,1,4,2387.5590895178993,2368.5071750029065
2025-233D,2026-125T,1,4,7072.50928383194,7092.660051569715
2025-233E,2026-075A,1,6,1039.8645687998637,1061.3055172786371
2025-233E,2026-075B,1,6,2846.3239425346133,2804.035286077269
2025-233E,2026-075C,1,6,2965.3424892991384,2898.0302121426416
2025-233E,2026-075D,1,6,10828.685560065342,10869.895780989045
2025-233E,2026-075E,1,6,917.3455705875872,879.4083053341333
2025-233E,2026-075F,1,6,4689.016553578863,4653.42010223933
2025-233E,2026-075G,1,6,11189.82422400232,11229.53091719003
2025-233E,2026-075H,1,6,10149.248330876162,10168.004837290473
2025-233E,2026-075J,1,6,6389.19934123392,6425.547138150122
2025-233E,2026-075K,1,6,10201.301837022294,10235.950746724258
2025-233E,2026-075L,1,6,9161.444235801497,9159.63785324579
2025-233E,2026-075M,1,6,11179.08080158467,11213.659832796175
2025-233E,2026-075N,1,6,6490.098109005673,6479.165705381208
2025-233E,2026-075P,1,6,9232.085059498348,9255.13929831606
2025-233E,2026-075Q,1,6,7895.270020442635,7884.003533650179
2025-233E,2026-075R,1,6,10860.553093869665,10890.036871884282
2025-233E,2026-075S,1,6,7982.353974167198,7979.476857742614
2025-233E,2026-075T,1,6,4800.617891771433,4854.468907249301
2025-233E,2026-104A,1,7,2854.193949745928,2800.8649269135644
2025-233E,2026-104B,1,7,1581.6332162873994,1579.2028983860853
2025-233E,2026-104C,1,7,11781.206223456784,11784.550409264251
2025-233E,2026-104D,1,7,4975.591285037324,5023.633579555496
2025-233E,2026-104E,1,7,5826.691951941059,5870.5117450093485
2025-233E,2026-104F,1,7,646.223813552481,683.3505573737698
2025-233E,2026-104G,1,7,3761.314837113965,3773.8251492188137
2025-233E,2026-104H,1,7,12772.460199036777,12803.418778836029
2025-233E,2026-104J,1,7,7715.036549972337,7693.217458254279
2025-233E,2026-104K,1,7,10738.21867055605,10738.228765282576
2025-233E,2026-104L,1,7,9368.96633852789,9377.711231573488
2025-233E,2026-104M,1,7,12223.15720439481,12260.335781104286
2025-233E,2026-104N,1,7,12466.214926078514,12502.27928184027
2025-233E,2026-104P,1,7,12690.602704005021,12723.468732224996
2025-233E,2026-104Q,1,7,11384.317912630348,11399.15427250905
2025-233E,2026-104R,1,7,8704.919636853725,8744.75799186383
2025-233E,2026-104S,1,7,10199.567943374595,10206.954005205054
2025-233E,2026-104T,1,7,6945.761204863553,6988.045779987738
2025-233E,2026-108A,1,0,5687.849213170697,5740.153396516421
2025-233E,2026-108B,1,0,12312.415544361791,12275.252682586237
2025-233E,2026-108C,1,0,725.7583082935773,669.1867763814261
2025-233E,2026-108D,1,0,7946.605138213159,7926.827276371028
2025-233E,2026-108E,1,0,3256.2725931360274,3277.5040586952855
2025-233E,2026-108F,1,0,1826.8160900945015,1779.5142578705959
2025-233E,2026-108G,1,0,14287.784287304057,14303.608344607037
2025-233E,2026-108H,1,0,6689.56170849981,6631.169975056761
2025-233E,2026-108J,1,0,4323.879718025267,4268.64654800831
2025-233E,2026-108K,1,0,8851.987846214253,8867.57227356886
2025-233E,2026-108L,1,0,10745.448033217326,10712.953306412583
2025-233E,2026-108M,1,0,14539.835480410622,14551.665604572458
2025-233E,2026-108N,1,0,13505.274667507256,13519.266281426417
2025-233E,2026-108P,1,0,14001.720336269324,14022.660569602935
2025-233E,2026-108Q,1,0,14636.165976350852,14639.453166133328
2025-233E,2026-108R,1,0,11678.460237822263,11645.346006604084
2025-233E,2026-108S,1,0,9963.905768021143,9992.010325502886
2025-233E,2026-108T,1,0,13038.168414175978,13050.460723988102
2025-233E,2026-121A,1,5,4974.7672589592785,4980.93437659215
2025-233E,2026-121B,1,5,6878.022135137558,6943.905889586174
2025-233E,2026-124A,1,8,5939.643913119182,5923.287078365286
2025-233E,2026-124B,1,8,3660.8209049425236,3623.9372541751723
2025-233E,2026-124C,1,8,1270.7354139485117,1316.747462150397
2025-233E,2026-124D,1,8,1157.974474368456,1096.4944433006503
2025-233E,2026-124E,1,8,3551.4431347691675,3569.069242756001
2025-233E,2026-124F,1,8,5837.033796565147,5824.651724186294
2025-233E,2026-124G,1,8,9812.084974092788,9833.462322856216
2025-233E,2026-124H,1,8,7945.26533301462,7925.958078670439
2025-233E,2026-124J,1,8,11380.771583441972,11342.405264923282
2025-233E,2026-124K,1,8,13875.040151855032,13886.464078440218
2025-233E,2026-124L,1,8,13884.909300315787,13902.158404626569
2025-233E,2026-124M,1,8,13472.890434574061,13483.6137396245
2025-233E,2026-124N,1,8,11445.712072681865,11456.0240613872
2025-233E,2026-124P,1,8,12651.50541115162,12674.773031449862
2025-233E,2026-124Q,1,8,9892.143675092764,9895.262977116088
2025-233E,2026-124R,1,8,8038.013999548997,8025.711672975636
2025-233E,2026-124S,1,8,12603.655711626661,12618.795878028894
2025-233E,2026-124T,1,8,13443.589380774607,13449.120949655111
2025-233E,2026-125A,1,4,2387.5805038056083,2413.563726285494
2025-233E,2026-125B,1,4,33.39628852410643,30.9386171006526
2025-233E,2026-125C,1,4,6141.7034375678,6204.53546574697
2025-233E,2026-125D,1,4,1195.2735325753592,1172.481861576425
2025-233E,2026-125E,1,4,1261.0207679627947,1290.851556852613
2025-233E,2026-125F,1,4,3565.1779950227215,3571.7002737270686
2025-233E,2026-125G,1,4,5439.323175144655,5465.015076575617
2025-233E,2026-125H,1,4,2450.4252173797463,2434.653113387089
2025-233E,2026-125J,1,4,6970.8751180225345,7035.988910297145
2025-233E,2026-125K,1,4,4571.778712325235,4585.54133699109
2025-233E,2026-125L,1,4,6959.263011046173,7026.406628200683
2025-233E,2026-125M,1,4,7072.518452941499,7144.128679567273
2025-233E,2026-125N,1,4,6634.618331960914,6689.429143075706
2025-233E,2026-125P,1,4,5396.431126804136,5465.360468136964
2025-233E,2026-125Q,1,4,3507.365048372299,3524.528839312365
2025-233E,2026-125R,1,4,6108.274810382543,6165.394068791196
2025-233E,2026-125S,1,4,4520.540242181899,4545.609195518707
2025-233E,2026-125T,1,4,6657.40910561044,6720.970857782087
2025-233F,2026-075A,1,6,10201.30180686078,10183.75353400282
2025-233F,2026-075B,1,6,7982.365155182697,7981.628835002717
2025-233F,2026-075C,1,6,10860.55594137658,10821.158642082348
2025-233F,2026-075D,1,6,2846.3289178928294,2898.5945072501886
2025-233F,2026-075E,1,6,9232.081755432151,9221.486024628124
2025-233F,2026-075F,1,6,6490.083943979773,6490.672030785088
2025-233F,2026-075G,1,6,6389.197155011379,6399.990157331306
2025-233F,2026-075H,1,6,917.2111732234964,929.3395656948358
2025-233F,2026-075J,1,6,4800.639521119357,4734.115070980665
2025-233F,2026-075K,1,6,9161.439640684224,9160.368806132316
2025-233F,2026-075L,1,6,1039.9053479134832,1048.1760871178733
2025-233F,2026-075M,1,6,4689.016463562324,4686.9769606206
2025-233F,2026-075N,1,6,11179.089062940324,11175.743034405032
2025-233F,2026-075P,1,6,10149.26348304214,10150.0222056938
2025-233F,2026-075Q,1,6,2965.2907710036393,2963.596881965359
2025-233F,2026-075R,1,6,7895.285527891659,7913.029436784007
2025-233F,2026-075S,1,6,10828.676010205883,10833.543354578946
2025-233F,2026-075T,1,6,11189.816192929646,11179.13492022137
2025-233F,2026-104A,1,7,12223.158839197324,12185.317060845808
2025-233F,2026-104B,1,7,10199.575250003416,10166.906420800891
2025-233F,2026-104C,1,7,1581.6346637078616,1574.9250947593323
2025-233F,2026-104D,1,7,12690.603097941463,12686.343137124479
2025-233F,2026-104E,1,7,6945.778926425092,6864.166589099035
2025-233F,2026-104F,1,7,11384.31506559787,11374.241238608944
2025-233F,2026-104G,1,7,8704.911615833891,8655.697211846687
2025-233F,2026-104H,1,7,5826.689404702083,5847.911049328006
2025-233F,2026-104J,1,7,4975.569733175549,4966.265085505814
2025-233F,2026-104K,1,7,646.1504457233797,639.7432899233493
2025-233F,2026-104L,1,7,2854.20075395318,2807.450102696041
2025-233F,2026-104M,1,7,9368.962132833558,9353.895897555883
2025-233F,2026-104N,1,7,3761.322125038302,3832.333527145559
2025-233F,2026-104P,1,7,7715.049801192076,7704.501737587379
2025-233F,2026-104Q,1,7,10738.22610389677,10746.671159561836
2025-233F,2026-104R,1,7,12466.218328080717,12453.82231547405
2025-233F,2026-104S,1,7,11781.199703428787,11786.43554625598
2025-233F,2026-104T,1,7,12772.451723930786,12765.29092278121
2025-233F,2026-108A,1,0,14539.836347456736,14535.205742219614
2025-233F,2026-108B,1,0,725.7543110058654,736.7638703856968
2025-233F,2026-108C,1,0,13038.169305426078,12979.702850948426
2025-233F,2026-108D,1,0,14636.165895763117,14632.441557620072
2025-233F,2026-108E,1,0,14001.719543373156,13986.627422458356
2025-233F,2026-108F,1,0,11678.459116374783,11664.427195933738
2025-233F,2026-108G,1,0,4323.878053009957,4411.406495692031
2025-233F,2026-108H,1,0,7946.604338378156,7944.97644099675
2025-233F,2026-108J,1,0,9963.906437577498,9954.890374858813
2025-233F,2026-108K,1,0,5687.849075365182,5611.31965678841
2025-233F,2026-108L,1,0,3256.2750643426375,3244.700147460989
2025-233F,2026-108M,1,0,8851.986510594252,8825.716681610786
2025-233F,2026-108N,1,0,1826.8227459434702,1907.818358783487
2025-233F,2026-108P,1,0,10745.448317522321,10710.40262111267
2025-233F,2026-108Q,1,0,6689.562834951403,6681.6029815125385
2025-233F,2026-108R,1,0,13505.274736942718,13526.712496234944
2025-233F,2026-108S,1,0,14287.784324253655,14274.58464280248
2025-233F,2026-108T,1,0,12312.414836197528,12300.791088474156
2025-233F,2026-121A,1,5,4320.728627849009,4326.339835511009
2025-233F,2026-121B,1,5,8864.022006437153,8879.113016477899
2025-233F,2026-124A,1,8,13884.90861560232,13876.588134572203
2025-233F,2026-124B,1,8,13472.890257049195,13446.368219470047
2025-233F,2026-124C,1,8,12651.506713859864,12644.961968233349
2025-233F,2026-124D,1,8,11445.710306306972,11445.822255883211
2025-233F,2026-124E,1,8,9892.1479683587,9837.519090652915
2025-233F,2026-124F,1,8,8038.009266656709,8002.68840440292
2025-233F,2026-124G,1,8,3660.80760371135,3591.0027012580663
2025-233F,2026-124H,1,8,5939.64707243238,5914.728953638378
2025-233F,2026-124J,1,8,1270.7409756939235,1305.7386130437974
2025-233F,2026-124K,1,8,5837.037669964518,5807.396927559988
2025-233F,2026-124L,1,8,7945.264167790238,7989.73312220149
2025-233F,2026-124M,1,8,9812.09018043744,9838.456317081378
2025-233F,2026-124N,1,8,12603.658350504042,12605.387783185211
2025-233F,2026-124P,1,8,11380.76951427245,11367.918022278447
2025-233F,2026-124Q,1,8,13443.5863031464,13442.906665330796
2025-233F,2026-124R,1,8,13875.041264202959,13873.210579502742
2025-233F,2026-124S,1,8,1157.9632114673118,1199.834115086692
2025-233F,2026-124T,1,8,3551.4428263741156,3543.326298084979
2025-233F,2026-125A,1,4,6959.311583454546,6963.686843545092
2025-233F,2026-125B,1,4,6108.307327365104,6104.529154481005
2025-233F,2026-125C,1,4,33.39628852389914,73.56628547251042
2025-233F,2026-125D,1,4,6634.562585534713,6623.365947467939
2025-233F,2026-125E,1,4,5396.3923418568365,5371.809116758938
2025-233F,2026-125F,1,4,3507.3511506743916,3512.372685314429
2025-233F,2026-125G,1,4,1195.54902760477,1208.8136743102361
2025-233F,2026-125H,1,4,4520.559818804734,4533.314084047551
2025-233F,2026-125J,1,4,2450.3265054834374,2443.628042554979
2025-233F,2026-125K,1,4,2387.5591811654263,2399.5696856347454
2025-233F,2026-125L,1,4,4571.715909192778,4589.125077731667
2025-233F,2026-125M,1,4,3565.208590255769,3582.20470638529
2025-233F,2026-125N,1,4,5439.330625485912,5468.753102680559
2025-233F,2026-125P,1,4,6657.407617878121,6659.581822872909
2025-233F,2026-125Q,1,4,7072.509922210458,7077.509481032451
2025-233F,2026-125R,1,4,6141.692550027895,6151.983637656293
2025-233F,2026-125S,1,4,6970.897121558722,6976.5380716927475
2025-233F,2026-125T,1,4,1261.1945865749972,1277.836343627545
2025-233G,2026-075A,1,6,4800.617886294244,4769.614559440089
2025-233G,2026-075B,1,6,1039.8719034763408,1043.9039318439313
2025-233G,2026-075C,1,6,6490.109227380743,6380.717308587064
2025-233G,2026-075D,1,6,9161.450282385047,9189.237308557702
2025-233G,2026-075E,1,6,2965.318487072975,2954.888627733479
2025-233G,2026-075F,1,6,917.2114800152617,909.4939351981764
2025-233G,2026-075G,1,6,10828.680514263699,10830.602897010524
2025-233G,2026-075H,1,6,7895.264815639593,7897.546378715134
2025-233G,2026-075J,1,6,2846.3409698168925,2908.959482414135
2025-233G,2026-075K,1,6,11189.816207853073,11180.40258821532
2025-233G,2026-075L,1,6,6389.213336380064,6376.446819536271
2025-233G,2026-075M,1,6,10149.248317013415,10145.031799082537
2025-233G,2026-075N,1,6,9232.09835193677,9176.808877953474
2025-233G,2026-075P,1,6,10860.560622443083,10838.679468149252
2025-233G,2026-075Q,1,6,4688.999056083526,4681.814947285532
2025-233G,2026-075R,1,6,11179.084452324216,11176.01497141261
2025-233G,2026-075S,1,6,10201.297058542923,10158.035100276096
2025-233G,2026-075T,1,6,7982.35299775247,7971.920428471168
2025-233G,2026-104A,1,7,6945.761450716606,6844.774245136235
2025-233G,2026-104B,1,7,2854.198784172036,2804.7016089476383
2025-233G,2026-104C,1,7,9368.975159488258,9359.235178672416
2025-233G,2026-104D,1,7,8704.92097689995,8691.381157857048
2025-233G,2026-104E,1,7,1581.6577090932979,1670.1820251963336
2025-233G,2026-104F,1,7,4975.576085459865,4955.671524538993
2025-233G,2026-104G,1,7,646.1221625022101,585.9116313269051
2025-233G,2026-104H,1,7,11781.201295497938,11790.088972143783
2025-233G,2026-104J,1,7,3761.304004805028,3764.2367233127184
2025-233G,2026-104K,1,7,7715.034501617073,7715.877873864474
2025-233G,2026-104L,1,7,5826.702880848396,5858.131204518376
2025-233G,2026-104M,1,7,12772.450874833974,12768.530203418075
2025-233G,2026-104N,1,7,10738.219521480381,10776.268437111292
2025-233G,2026-104P,1,7,12466.217659702637,12461.349883281348
2025-233G,2026-104Q,1,7,12690.607354568025,12675.039440768833
2025-233G,2026-104R,1,7,11384.325287590347,11367.599349624192
2025-233G,2026-104S,1,7,12223.155530185475,12194.669605187244
2025-233G,2026-104T,1,7,10199.567653817836,10182.101732220966
2025-233G,2026-108A,1,0,9963.906095037446,9954.559748253443
2025-233G,2026-108B,1,0,8851.987167261788,8835.17447579921
2025-233G,2026-108C,1,0,5687.8503279575925,5574.137327779384
2025-233G,2026-108D,1,0,11678.45941175351,11620.773063157942
2025-233G,2026-108E,1,0,7946.604312094818,7907.720401385001
2025-233G,2026-108F,1,0,3256.2715236751546,3239.288959323793
2025-233G,2026-108G,1,0,12312.414577629845,12359.647221083143
2025-233G,2026-108H,1,0,1826.8157927677505,1820.8772747755995
2025-233G,2026-108J,1,0,725.7712919979887,720.7744579966095
2025-233G,2026-108K,1,0,4323.880823108505,4395.417468974496
2025-233G,2026-108L,1,0,6689.5617134159975,6692.563116058383
2025-233G,2026-108M,1,0,14287.783845381526,14277.86341287036
2025-233G,2026-108N,1,0,10745.448103202722,10795.509876524642
2025-233G,2026-108P,1,0,14636.166792833157,14627.995133458879
2025-233G,2026-108Q,1,0,13505.275518766766,13499.390416447506
2025-233G,2026-108R,1,0,14001.720051024882,13960.660484643035
2025-233G,2026-108S,1,0,13038.168452623195,13020.355088748754
2025-233G,2026-108T,1,0,14539.835475268399,14528.309666425002
2025-233G,2026-121A,1,5,1986.109536037346,1992.3147509598484
2025-233G,2026-121B,1,5,8605.726727051191,8616.737068063767
2025-233G,2026-124A,1,8,9892.14359296156,9829.331012749859
2025-233G,2026-124B,1,8,8038.013305248637,7951.859324099301
2025-233G,2026-124C,1,8,5939.644150243291,5923.869300152376
2025-233G,2026-124D,1,8,3660.809978796323,3662.300880354989
2025-233G,2026-124E,1,8,1270.743092380238,1197.1179426762214
2025-233G,2026-124F,1,8,1157.9501947534166,1195.1624742989525
2025-233G,2026-124G,1,8,5837.031015848919,5896.981739412856
2025-233G,2026-124H,1,8,3551.4492283550817,3571.8136912966866
2025-233G,2026-124J,1,8,7945.269552480105,7911.72844887943
2025-233G,2026-124K,1,8,12603.656309580047,12587.809948629467
2025-233G,2026-124L,1,8,13443.586686959241,13457.378053644215
2025-233G,2026-124M,1,8,13875.041551502003,13875.657012393116
2025-233G,2026-124N,1,8,13472.892758047257,13452.163894079618
2025-233G,2026-124P,1,8,13884.907971389868,13875.365213481182
2025-233G,2026-124Q,1,8,12651.504891983828,12616.996346034468
2025-233G,2026-124R,1,8,11445.715219040376,11392.643514058702
2025-233G,2026-124S,1,8,9812.084531030183,9840.589484704386
2025-233G,2026-124T,1,8,11380.77120699343,11375.448265230512
2025-233G,2026-125A,1,4,4520.567793124035,4504.19802105776
2025-233G,2026-125B,1,4,2387.663415939408,2363.791822868793
2025-233G,2026-125C,1,4,4571.725660157128,4605.901375291516
2025-233G,2026-125D,1,4,3507.333848933882,3454.9904877999375
2025-233G,2026-125E,1,4,1195.2434052812664,1147.8051048363966
2025-233G,2026-125F,1,4,1261.0174646625806,1261.4953130133797
2025-233G,2026-125G,1,4,3565.1806751201875,3558.695385444344
2025-233G,2026-125H,1,4,33.39628852389907,23.041550216664067
2025-233G,2026-125J,1,4,6141.671133028174,6147.592847593497
2025-233G,2026-125K,1,4,2450.404621788612,2444.447841295466
2025-233G,2026-125L,1,4,6970.861388485629,6984.057373652748
2025-233G,2026-125M,1,4,6657.462547318383,6673.9301590505875
2025-233G,2026-125N,1,4,7072.540866542307,7081.515430648241
2025-233G,2026-125P,1,4,6634.579706891216,6641.997008413358
2025-233G,2026-125Q,1,4,5396.397244180762,5369.321116861915
2025-233G,2026-125R,1,4,6959.264015588694,6961.446339286226
2025-233G,2026-125S,1,4,6108.283180679087,6085.223603105724
2025-233G,2026-125T,1,4,5439.335097323455,5458.400913074407
2025-233H,2026-075A,1,6,7982.35395324725,7988.687222996298
2025-233H,2026-075B,1,6,4800.6279819228375,4831.552264281833
2025-233H,2026-075C,1,6,9232.090642469211,9185.48405126766
2025-233H,2026-075D,1,6,6389.204784556798,6427.141350057957
2025-233H,2026-075E,1,6,6490.090275683986,6509.840511701505
2025-233H,2026-075F,1,6,2965.290818451431,2996.464218746838
2025-233H,2026-075G,1,6,9161.440491433394,9175.773277253678
2025-233H,2026-075H,1,6,4688.999026077869,4686.193685270558
2025-233H,2026-075J,1,6,1039.9578892399477,994.6072771012871
2025-233H,2026-075K,1,6,10828.676012634061,10844.086242689391
2025-233H,2026-075L,1,6,2846.360431739227,2819.79439933061
2025-233H,2026-075M,1,6,7895.2699848019465,7893.185123933252
2025-233H,2026-075N,1,6,10860.567266610662,10861.260937088893
2025-233H,2026-075P,1,6,11179.095429694573,11196.681292654126
2025-233H,2026-075Q,1,6,917.1666764814312,893.5752685631678
2025-233H,2026-075R,1,6,10149.256373222572,10170.910531892825
2025-233H,2026-075S,1,6,11189.815511319048,11201.187470995981
2025-233H,2026-075T,1,6,10201.297055965413,10222.248874808165
2025-233H,2026-104A,1,7,10199.569006659545,10155.600936587909
2025-233H,2026-104B,1,7,6945.767028063314,6931.855288914385
2025-233H,2026-104C,1,7,5826.692916836492,5803.830855364888
2025-233H,2026-104D,1,7,11384.318644527213,11403.701615537477
2025-233H,2026-104E,1,7,2854.221094877094,2790.970029095669
2025-233H,2026-104F,1,7,8704.913431260939,8719.141444093131
2025-233H,2026-104G,1,7,4975.567896719812,4946.062447157911
2025-233H,2026-104H,1,7,9368.962448060973,9382.009854228547
2025-233H,2026-104J,1,7,646.0977036093543,664.9042051308662
2025-233H,2026-104K,1,7,3761.30643412447,3746.7121537143366
2025-233H,2026-104L,1,7,1581.7099593078635,1601.160039244882
2025-233H,2026-104M,1,7,11781.199558482884,11780.455875272113
2025-233H,2026-104N,1,7,7715.0389186990515,7764.360530920929
2025-233H,2026-104P,1,7,10738.225017591074,10733.144861521518
2025-233H,2026-104Q,1,7,12466.22439461583,12479.781128142906
2025-233H,2026-104R,1,7,12690.608273751388,12703.065630485711
2025-233H,2026-104S,1,7,12772.450643605544,12785.585360031804
2025-233H,2026-104T,1,7,12223.155669890533,12237.973305032847
2025-233H,2026-108A,1,0,13038.168938944584,13050.228663315762
2025-233H,2026-108B,1,0,4323.878070301644,4283.694538772198
2025-233H,2026-108C,1,0,9963.907040762457,9896.456877750123
2025-233H,2026-108D,1,0,14001.719582165626,13986.738286398766
2025-233H,2026-108E,1,0,11678.459113558734,11671.747210241965
2025-233H,2026-108F,1,0,7946.604243743452,7955.817740189197
2025-233H,2026-108G,1,0,8851.986453965004,8904.895048773913
2025-233H,2026-108H,1,0,3256.2715337747914,3286.224969119053
2025-233H,2026-108J,1,0,5687.85116803723,5707.327350299718
2025-233H,2026-108K,1,0,725.7630109967265,674.7168861984884
2025-233H,2026-108L,1,0,1826.8162044263565,1807.531555748263
2025-233H,2026-108M,1,0,12312.41457155735,12284.29932295326
2025-233H,2026-108N,1,0,6689.563431987826,6736.723301889603
2025-233H,2026-108P,1,0,13505.275223036926,13479.296250732732
2025-233H,2026-108Q,1,0,10745.44921531737,10723.822083211058
2025-233H,2026-108R,1,0,14636.166133698078,14640.001364391643
2025-233H,2026-108S,1,0,14539.835699367195,14540.314779748025
2025-233H,2026-108T,1,0,14287.783880466133,14280.822823180817
2025-233H,2026-121A,1,5,1242.4028730321309,1263.7478270329943
2025-233H,2026-121B,1,5,9295.45674942114,9344.28836784594
2025-233H,2026-124A,1,8,12651.505003309147,12637.722314729466
2025-233H,2026-124B,1,8,11445.711724404167,11411.846970326678
2025-233H,2026-124C,1,8,9892.144579328573,9907.594233986327
2025-233H,2026-124D,1,8,8038.009807507998,8066.985612758832
2025-233H,2026-124E,1,8,5939.647793733582,5899.778826928187
2025-233H,2026-124F,1,8,3660.8055450396832,3650.2866653467936
2025-233H,2026-124G,1,8,1157.946440382211,1201.6048856351022
2025-233H,2026-124H,1,8,1270.7694741359023,1273.7983427098889
2025-233H,2026-124J,1,8,3551.448022009357,3491.974554792477
2025-233H,2026-124K,1,8,9812.086510238261,9777.77743723409
2025-233H,2026-124L,1,8,11380.769585660746,11407.659499499314
2025-233H,2026-124M,1,8,12603.658793295774,12620.023419216868
2025-233H,2026-124N,1,8,13875.04414697641,13883.065029967924
2025-233H,2026-124P,1,8,13443.586198380244,13441.142853620062
2025-233H,2026-124Q,1,8,13884.907912876426,13888.671692122118
2025-233H,2026-124R,1,8,13472.892343823229,13466.679068229974
2025-233H,2026-124S,1,8,5837.032306984415,5854.958246206587
2025-233H,2026-124T,1,8,7945.264994478117,7922.870153421723
2025-233H,2026-125A,1,4,6108.315589508271,6137.865104573386
2025-233H,2026-125B,1,4,4520.6134714353675,4537.579830411704
2025-233H,2026-125C,1,4,2450.323652443173,2487.36225360438
2025-233H,2026-125D,1,4,5396.390571223964,5396.682775521665
2025-233H,2026-125E,1,4,3507.3326612723736,3497.138525229791
2025-233H,2026-125F,1,4,1195.2513994656276,1217.6528567108248
2025-233H,2026-125G,1,4,1261.0688892733328,1241.643703071596
2025-233H,2026-125H,1,4,2387.6422789705857,2423.8118752339874
2025-233H,2026-125J,1,4,4571.704725608734,4580.726699780818
2025-233H,2026-125K,1,4,33.39628852393841,9.411002753700098
2025-233H,2026-125L,1,4,6141.672271297437,6179.4686589725015
2025-233H,2026-125M,1,4,5439.364240670759,5472.909681159797
2025-233H,2026-125N,1,4,6657.4240547863465,6705.139586960714
2025-233H,2026-125P,1,4,7072.51501373961,7114.32424895911
2025-233H,2026-125Q,1,4,6634.563213386884,6659.359899532433
2025-233H,2026-125R,1,4,6970.868723028205,7010.433740303287
2025-233H,2026-125S,1,4,6959.281911929706,6987.231010694204
2025-233H,2026-125T,1,4,3565.2804680322974,3587.6331768845585
2025-233J,2026-075A,1,6,9232.08508997823,9194.887207183763
2025-233J,2026-075B,1,6,6490.085532326415,6468.28480167972
2025-233J,2026-075C,1,6,10201.298427800994,10130.233821994723
2025-233J,2026-075D,1,6,4689.005561393758,4761.022065867719
2025-233J,2026-075E,1,6,7982.3582716217425,7952.152240944247
2025-233J,2026-075F,1,6,4800.639427718703,4778.57050475541
2025-233J,2026-075G,1,6,7895.276459611249,7923.500540312424
2025-233J,2026-075H,1,6,2846.3410779159426,2881.737941509563
2025-233J,2026-075J,1,6,2965.287342060421,2870.565388142853
2025-233J,2026-075K,1,6,10149.263427591337,10159.535307728673
2025-233J,2026-075L,1,6,917.1777625213095,933.8041797541915
2025-233J,2026-075M,1,6,6389.1993673702755,6408.357994765869
2025-233J,2026-075N,1,6,11189.814942283192,11173.209360696745
2025-233J,2026-075P,1,6,10828.67659821922,10834.501790358516
2025-233J,2026-075Q,1,6,1039.9583203946638,1013.8534778259396
2025-233J,2026-075R,1,6,9161.438948531832,9190.7381951476
2025-233J,2026-075S,1,6,11179.095480037176,11178.987035546614
2025-233J,2026-075T,1,6,10860.560661307472,10843.860748389572
2025-233J,2026-104A,1,7,11384.31630736797,11313.771247742512
2025-233J,2026-104B,1,7,8704.911807269584,8643.11211016705
2025-233J,2026-104C,1,7,3761.312621891464,3782.1184633123767
2025-233J,2026-104D,1,7,12223.15674443599,12208.187301313717
2025-233J,2026-104E,1,7,4975.56756179707,4859.422335160078
2025-233J,2026-104F,1,7,10199.571517020046,10167.706336398363
2025-233J,2026-104G,1,7,6945.772509793787,6864.754163861831
2025-233J,2026-104H,1,7,7715.043551772319,7758.180884956131
2025-233J,2026-104J,1,7,2854.23670977114,2816.101438586362
2025-233J,2026-104K,1,7,1581.645075178184,1616.929782128692
2025-233J,2026-104L,1,7,646.1144250786011,570.9317883989955
2025-233J,2026-104M,1,7,10738.229507584063,10743.190449132024
2025-233J,2026-104N,1,7,5826.690090670641,5918.876394057121
2025-233J,2026-104P,1,7,9368.962021447454,9380.714949684965
2025-233J,2026-104Q,1,7,11781.199647062334,11798.163251864315
2025-233J,2026-104R,1,7,12772.45069559748,12766.056438542313
2025-233J,2026-104S,1,7,12466.221462727815,12474.078289850213
2025-233J,2026-104T,1,7,12690.605194529026,12679.458252053815
2025-233J,2026-108A,1,0,14001.719512843272,13986.114289288904
2025-233J,2026-108B,1,0,1826.8218699494932,1848.0767154560724
2025-233J,2026-108C,1,0,11678.4591501621,11580.373218263452
2025-233J,2026-108D,1,0,14539.835970413229,14520.083604515177
2025-233J,2026-108E,1,0,13038.169359413958,12999.941166889252
2025-233J,2026-108F,1,0,9963.906970117163,9921.803362871426
2025-233J,2026-108G,1,0,6689.563671209017,6800.948247438629
2025-233J,2026-108H,1,0,5687.850235140821,5655.086751670174
2025-233J,2026-108J,1,0,7946.604194089068,7907.811945846545
2025-233J,2026-108K,1,0,3256.271885897838,3142.7774584237523
2025-233J,2026-108L,1,0,725.7539217063064,680.9695574387223
2025-233J,2026-108M,1,0,10745.44869470644,10746.615896733707
2025-233J,2026-108N,1,0,4323.878135644778,4433.220941957952
2025-233J,2026-108P,1,0,12312.41464129056,12303.187023644035
2025-233J,2026-108Q,1,0,8851.986413600858,8871.942332359227
2025-233J,2026-108R,1,0,14287.784048426085,14306.197264963395
2025-233J,2026-108S,1,0,14636.165962080497,14629.575716739808
2025-233J,2026-108T,1,0,13505.274922931045,13509.787341084077
2025-233J,2026-121A,1,5,2824.424064403269,2805.759917327357
2025-233J,2026-121B,1,5,9219.801947755897,9241.834051089614
2025-233J,2026-124A,1,8,13472.891079924202,13441.813703572085
2025-233J,2026-124B,1,8,12651.50562375575,12593.832011250593
2025-233J,2026-124C,1,8,11445.71075578765,11417.125353790383
2025-233J,2026-124D,1,8,9892.145973511384,9868.557062261802
2025-233J,2026-124E,1,8,8038.009167470716,7947.511658159263
2025-233J,2026-124F,1,8,5939.651116037857,5871.225524033206
2025-233J,2026-124G,1,8,1270.7505739524206,1167.0228081394594
2025-233J,2026-124H,1,8,3660.8057628217734,3603.3260349618085
2025-233J,2026-124J,1,8,1157.9522602748184,1154.576740542123
2025-233J,2026-124K,1,8,7945.264207208104,7945.061880032816
2025-233J,2026-124L,1,8,9812.088408191625,9874.24686330664
2025-233J,2026-124M,1,8,11380.769558141923,11421.57911563424
2025-233J,2026-124N,1,8,13443.586161242209,13452.585246991614
2025-233J,2026-124P,1,8,12603.660173008884,12607.754167283734
2025-233J,2026-124Q,1,8,13875.04249146951,13874.458964580364
2025-233J,2026-124R,1,8,13884.908050270291,13870.1409676769
2025-233J,2026-124S,1,8,3551.4445876489904,3623.34936174195
2025-233J,2026-124T,1,8,5837.034479495212,5858.993840340719
2025-233J,2026-125A,1,4,6634.563266052521,6628.565852882666
2025-233J,2026-125B,1,4,5396.389734565,5376.324180717129
2025-233J,2026-125C,1,4,1261.3107292014913,1317.8464122387047
2025-233J,2026-125D,1,4,6108.330185531135,6077.280867806172
2025-233J,2026-125E,1,4,4520.582585043032,4475.601330181311
2025-233J,2026-125F,1,4,2387.5991748041456,2375.4418486140517
2025-233J,2026-125G,1,4,33.396288523899116,37.785372014328246
2025-233J,2026-125H,1,4,3507.336672855987,3505.180618448295
2025-233J,2026-125J,1,4,3565.2393812112923,3576.0150037787803
2025-233J,2026-125K,1,4,1195.2938823992185,1189.8658082123166
2025-233J,2026-125L,1,4,5439.344058742877,5467.739077210755
2025-233J,2026-125M,1,4,4571.706302632881,4602.3985493493665
2025-233J,2026-125N,1,4,6141.679422182251,6176.4963102411
2025-233J,2026-125P,1,4,6970.880289310962,6980.859475438003
2025-233J,2026-125Q,1,4,6959.298772230116,6953.943587975948
2025-233J,2026-125R,1,4,6657.4130793586355,6674.025044933653
2025-233J,2026-125S,1,4,7072.509872806005,7073.84782935277
2025-233J,2026-125T,1,4,2450.323563143178,2484.0593789209875
2025-233K,2026-075A,1,6,6490.098174041516,6503.09416149697
2025-233K,2026-075B,1,6,2965.301200149413,3015.4193269850743
2025-233K,2026-075C,1,6,7982.352200067079,7924.377351871604
2025-233K,2026-075D,1,6,7895.266103475681,7899.79805976888
2025-233K,2026-075E,1,6,4800.620801439587,4834.652455561298
2025-233K,2026-075F,1,6,1039.9050520338574,1094.184351885727
2025-233K,2026-075G,1,6,10149.251336360829,10137.904152154615
2025-233K,2026-075H,1,6,6389.2134065581595,6356.743165372617
2025-233K,2026-075J,1,6,917.177915922856,936.3573660827616
2025-233K,2026-075K,1,6,11179.089025183312,11175.482965732072
2025-233K,2026-075L,1,6,4688.996857638485,4634.606421877119
2025-233K,2026-075M,1,6,9161.44426938646,9133.559207449964
2025-233K,2026-075N,1,6,10201.297680141519,10184.104774852956
2025-233K,2026-075P,1,6,11189.814944633,11186.862989122652
2025-233K,2026-075Q,1,6,2846.3602742107346,2795.556191549563
2025-233K,2026-075R,1,6,10828.677317982818,10824.197941236349
2025-233K,2026-075S,1,6,10860.567214791567,10849.084897701654
2025-233K,2026-075T,1,6,9232.098412896348,9253.236798553493
2025-233K,2026-104A,1,7,8704.916487805769,8658.992243325469
2025-233K,2026-104B,1,7,4975.570737942984,4979.466542853896
2025-233K,2026-104C,1,7,7715.035901979147,7663.4747335578
2025-233K,2026-104D,1,7,10199.567718924949,10224.514628511188
2025-233K,2026-104E,1,7,646.100282828337,609.701929465885
2025-233K,2026-104F,1,7,6945.763341702252,6975.083585687802
2025-233K,2026-104G,1,7,2854.20775501115,2847.4353601799785
2025-233K,2026-104H,1,7,10738.221688888536,10724.31684591515
2025-233K,2026-104J,1,7,1581.6817816520077,1532.6013814849844
2025-233K,2026-104K,1,7,5826.710529848798,5781.437913944012
2025-233K,2026-104L,1,7,3761.303561758977,3746.9026460322625
2025-233K,2026-104M,1,7,12466.220526999534,12451.751030566369
2025-233K,2026-104N,1,7,9368.964205693703,9382.92413086769
2025-233K,2026-104P,1,7,11781.199897745948,11757.267591818994
2025-233K,2026-104Q,1,7,12772.45056190061,12768.35261049485
2025-233K,2026-104R,1,7,12223.155615562135,12230.358150146967
2025-233K,2026-104S,1,7,12690.61115379974,12686.010791479375
2025-233K,2026-104T,1,7,11384.322077072924,11398.877575393364
2025-233K,2026-108A,1,0,11678.459196671765,11709.265130508838
2025-233K,2026-108B,1,0,6689.561884818599,6617.600340198825
2025-233K,2026-108C,1,0,7946.604189950553,7895.141882798431
2025-233K,2026-108D,1,0,13038.168636680906,13024.15481652638
2025-233K,2026-108E,1,0,9963.90649056153,9976.181168791638
2025-233K,2026-108F,1,0,5687.851291792781,5728.072940325865
2025-233K,2026-108G,1,0,10745.449066390574,10763.863917553781
2025-233K,2026-108H,1,0,725.7703221282212,791.9980051393579
2025-233K,2026-108J,1,0,3256.2716549513416,3310.373130234758
2025-233K,2026-108K,1,0,1826.8155767723606,1841.2638645734373
2025-233K,2026-108L,1,0,4323.87959592938,4269.468733499381
2025-233K,2026-108M,1,0,13505.275637260114,13467.818221307383
2025-233K,2026-108N,1,0,8851.986422047225,8863.047855883442
2025-233K,2026-108P,1,0,14287.783820373947,14260.511527783983
2025-233K,2026-108Q,1,0,12312.414600577069,12272.653020905096
2025-233K,2026-108R,1,0,14539.835534318872,14529.310851120885
2025-233K,2026-108S,1,0,14001.719761559545,14008.211877711141
2025-233K,2026-108T,1,0,14636.166410615713,14627.619069477549
2025-233K,2026-121A,1,5,377.58471340627267,341.1126304949018
2025-233K,2026-121B,1,5,9088.673990993757,9119.049188910847
2025-233K,2026-124A,1,8,11445.713212155566,11431.620612106488
2025-233K,2026-124B,1,8,9892.143785811679,9862.019392267926
2025-233K,2026-124C,1,8,8038.01118676782,8073.596669564498
2025-233K,2026-124D,1,8,5939.645471801006,5994.990906722443
2025-233K,2026-124E,1,8,3660.8069503655543,3646.2093643170124
2025-233K,2026-124F,1,8,1270.7539454001687,1291.298692526487
2025-233K,2026-124G,1,8,3551.4547847648882,3559.728284403939
2025-233K,2026-124H,1,8,1157.94575187183,1121.4943212383141
2025-233K,2026-124J,1,8,5837.031152435122,5747.725463713405
2025-233K,2026-124K,1,8,11380.770135278093,11327.803282966372
2025-233K,2026-124L,1,8,12603.65731571805,12603.970301392628
2025-233K,2026-124M,1,8,13443.586221676513,13439.392436765995
2025-233K,2026-124N,1,8,13884.907948834056,13883.223471253292
2025-233K,2026-124P,1,8,13875.042893687789,13865.22502450025
2025-233K,2026-124Q,1,8,13472.894048745076,13468.190902767326
2025-233K,2026-124R,1,8,12651.504852520673,12639.5510530927
2025-233K,2026-124S,1,8,7945.266529599387,7930.52344058313
2025-233K,2026-124T,1,8,9812.085217850663,9764.540220524856
2025-233K,2026-125A,1,4,5396.390506474484,5410.22227033697
2025-233K,2026-125B,1,4,3507.3339485575534,3517.7551023408287
2025-233K,2026-125C,1,4,3565.1949180412107,3579.234515090762
2025-233K,2026-125D,1,4,4520.593749020356,4504.703557219199
2025-233K,2026-125E,1,4,2387.7007564300143,2374.8954222473653
2025-233K,2026-125F,1,4,33.39628852389926,1.1178951160740653
2025-233K,2026-125G,1,4,2450.3626216706325,2414.8049892337144
2025-233K,2026-125H,1,4,1195.2396278537499,1237.6003257793768
2025-233K,2026-125J,1,4,5439.391171177203,5427.279162780624
2025-233K,2026-125K,1,4,1261.0286222432178,1224.1061602551445
2025-233K,2026-125L,1,4,6657.440544124615,6668.7672218110565
2025-233K,2026-125M,1,4,6141.67109740043,6149.827642943141
2025-233K,2026-125N,1,4,6970.8624227465425,6988.878009711231
2025-233K,2026-125P,1,4,6959.270326370488,6980.2815057480375
2025-233K,2026-125Q,1,4,6108.296380299354,6110.664946273252
2025-233K,2026-125R,1,4,7072.525344995568,7087.280084737526
2025-233K,2026-125S,1,4,6634.568693672579,6636.911578307156
2025-233K,2026-125T,1,4,4571.704773471381,4571.589256522356
2025-233M,2026-075A,1,6,11189.82418393173,11190.382359724268
2025-233M,2026-075B,1,6,10201.307237093366,10210.113720725292
2025-233M,2026-075C,1,6,11179.081723709132,11187.486834029907
2025-233M,2026-075D,1,6,1039.8584707646767,987.8195948453913
2025-233M,2026-075E,1,6,10860.552157655076,10862.165327483364
2025-233M,2026-075F,1,6,9232.081740192196,9241.120500534837
2025-233M,2026-075G,1,6,2846.3261795967733,2858.8934207879724
2025-233M,2026-075H,1,6,2965.318344731084,2956.226099336767
2025-233M,2026-075J,1,6,7982.358310167592,7937.862494729051
2025-233M,2026-075K,1,6,6389.197150896,6390.657266486842
2025-233M,2026-075L,1,6,4800.620836224761,4812.9572328739705
2025-233M,2026-075M,1,6,917.3449570946959,914.7109173024838
2025-233M,2026-075N,1,6,10149.251364086305,10166.000920965012
2025-233M,2026-075P,1,6,7895.276513072196,7903.0021950882165
2025-233M,2026-075Q,1,6,6490.090232326667,6494.33253417085
2025-233M,2026-075R,1,6,4689.031852565328,4714.0469441514415
2025-233M,2026-075S,1,6,9161.44047320586,9183.977102188377
2025-233M,2026-075T,1,6,10828.68048584964,10815.635173479988
2025-233M,2026-104A,1,7,12772.456709615999,12777.449768583561
2025-233M,2026-104B,1,7,12223.165600403487,12214.95683445746
2025-233M,2026-104C,1,7,2854.1935841182653,2863.42441239282
2025-233M,2026-104D,1,7,12466.215059754275,12461.014674827109
2025-233M,2026-104E,1,7,10199.569557873889,10148.38719365267
2025-233M,2026-104F,1,7,12690.601852678783,12694.233618991544
2025-233M,2026-104G,1,7,11384.315868229518,11361.313966896798
2025-233M,2026-104H,1,7,1581.6327964274021,1603.0487389188181
2025-233M,2026-104J,1,7,8704.915530628601,8705.063417627616
2025-233M,2026-104K,1,7,4975.581594809704,4974.7260881841075
2025-233M,2026-104L,1,7,6945.761780311753,6908.997610005768
2025-233M,2026-104M,1,7,5826.689697773583,5806.197280026752
2025-233M,2026-104N,1,7,646.2803697633293,574.1118226516755
2025-233M,2026-104P,1,7,3761.3252263389586,3747.668449958171
2025-233M,2026-104Q,1,7,7715.039998686635,7729.779684032301
2025-233M,2026-104R,1,7,10738.21998704088,10719.474327070633
2025-233M,2026-104S,1,7,9368.963605611452,9382.743160164138
2025-233M,2026-104T,1,7,11781.202991627857,11768.607888390923
2025-233M,2026-108A,1,0,14287.784658682529,14273.249656359018
2025-233M,2026-108B,1,0,5687.849062220115,5700.3729890696295
2025-233M,2026-108C,1,0,14539.835934104161,14523.927611434148
2025-233M,2026-108D,1,0,13505.27469672427,13512.180302193085
2025-233M,2026-108E,1,0,14636.165898010095,14632.846084354649
2025-233M,2026-108F,1,0,14001.719597082598,13997.503988961538
2025-233M,2026-108G,1,0,725.755001709344,636.9824091501946
2025-233M,2026-108H,1,0,11678.460100793474,11682.208463812001
2025-233M,2026-108J,1,0,13038.168392506084,13036.662884988162
2025-233M,2026-108K,1,0,9963.905803880869,9907.942149736973
2025-233M,2026-108L,1,0,7946.6058421864755,7940.732380053481
2025-233M,2026-108M,1,0,4323.8788065833305,4289.509799562383
2025-233M,2026-108N,1,0,3256.2738378143085,3178.844006341448
2025-233M,2026-108P,1,0,6689.56185359633,6641.197557046521
2025-233M,2026-108Q,1,0,1826.8174650673106,1815.5157673245242
2025-233M,2026-108R,1,0,10745.447993435737,10782.268135218384
2025-233M,2026-108S,1,0,12312.415601531986,12287.000127308447
2025-233M,2026-108T,1,0,8851.987226901267,8833.152566824336
2025-233M,2026-121A,1,5,6878.02265799837,6901.306789270592
2025-233M,2026-121B,1,5,7363.465037887341,7375.119502261368
2025-233M,2026-124A,1,8,13443.587912913361,13453.156439109292
2025-233M,2026-124B,1,8,13875.04009439517,13882.34008370087
2025-233M,2026-124C,1,8,13884.91103007834,13888.16305971112
2025-233M,2026-124D,1,8,13472.889934373972,13479.107621045681
2025-233M,2026-124E,1,8,12651.506375222345,12626.344985878708
2025-233M,2026-124F,1,8,11445.710964754406,11428.316187903101
2025-233M,2026-124G,1,8,8038.011682697212,7985.162252587583
2025-233M,2026-124H,1,8,9892.144307419652,9879.809590944911
2025-233M,2026-124J,1,8,5939.6439658471545,5976.589858627573
2025-233M,2026-124K,1,8,1157.994310758422,1123.3245206288968
2025-233M,2026-124L,1,8,3551.4425976068837,3600.933506632537
2025-233M,2026-124M,1,8,5837.036713863741,5868.480618736581
2025-233M,2026-124N,1,8,9812.086103975415,9815.117762171374
2025-233M,2026-124P,1,8,7945.264345057192,7926.7669949452165
2025-233M,2026-124Q,1,8,11380.770371620823,11384.475992524216
2025-233M,2026-124R,1,8,12603.656119811856,12613.823479820774
2025-233M,2026-124S,1,8,3660.8161547933382,3625.2381222552854
2025-233M,2026-124T,1,8,1270.7358068456392,1283.0114629302989
2025-233M,2026-125A,1,4,6970.889881777513,6991.560696449531
2025-233M,2026-125B,1,4,6959.276732022773,6978.787437699891
2025-233M,2026-125C,1,4,2387.5621092066976,2358.17239245836
2025-233M,2026-125D,1,4,7072.511273219829,7095.743301783111
2025-233M,2026-125E,1,4,6634.572359895255,6639.690314221672
2025-233M,2026-125F,1,4,5396.458271564163,5415.932027983205
2025-233M,2026-125G,1,4,3507.396347128447,3531.184311224672
2025-233M,2026-125H,1,4,6108.274846205079,6133.435752999351
2025-233M,2026-125J,1,4,33.396288523899194,19.639390070557656
2025-233M,2026-125K,1,4,4520.538647308083,4544.510038795768
2025-233M,2026-125L,1,4,2450.377333089536,2468.703509790343
2025-233M,2026-125M,1,4,1261.0496008751086,1275.6587553996196
2025-233M,2026-125N,1,4,3565.177897015416,3602.636905979252
2025-233M,2026-125P,1,4,5439.32400519974,5439.207974610109
2025-233M,2026-125Q,1,4,6657.40699218038,6679.952262905225
2025-233M,2026-125R,1,4,4571.759210635348,4586.253706868665
2025-233M,2026-125S,1,4,6141.726171440789,6161.994813088374
2025-233M,2026-125T,1,4,1195.334661802982,1187.0770895451608
2025-233N,2026-075A,1,6,11179.08080158467,11170.870638028662
2025-233N,2026-075B,1,6,10860.553093869665,10863.960527410045
2025-233N,2026-075C,1,6,10828.685560065342,10838.488234019942
2025-233N,2026-075D,1,6,2965.34248929914,2926.396371581833
2025-233N,2026-075E,1,6,11189.824224002321,11184.241242758138
2025-233N,2026-075F,1,6,10201.301837022294,10208.093679901309
2025-233N,2026-075G,1,6,917.3455705875871,915.0614338250396
2025-233N,2026-075H,1,6,4800.617891771435,4801.363056733726
2025-233N,2026-075J,1,6,9232.085059498348,9198.61840576897
2025-233N,2026-075K,1,6,4689.016553578859,4673.297199989147
2025-233N,2026-075L,1,6,6490.09810900567,6508.797412628499
2025-233N,2026-075M,1,6,1039.8645687998626,1055.5962490605777
2025-233N,2026-075N,1,6,9161.444235801497,9167.191889030795
2025-233N,2026-075P,1,6,6389.199341233916,6380.5573460911655
2025-233N,2026-075Q,1,6,7982.353974167197,7990.740969742238
2025-233N,2026-075R,1,6,2846.3239425346137,2857.0135237443137
2025-233N,2026-075S,1,6,7895.270020442635,7905.488656066209
2025-233N,2026-075T,1,6,10149.24833087616,10114.097187745085
2025-233N,2026-104A,1,7,12466.214926078514,12471.572798995452
2025-233N,2026-104B,1,7,12690.602704005021,12685.34917998254
2025-233N,2026-104C,1,7,4975.5912850373315,4996.5298806953615
2025-233N,2026-104D,1,7,11781.206223456784,11755.450026987866
2025-233N,2026-104E,1,7,11384.317912630351,11348.777476384392
2025-233N,2026-104F,1,7,12772.460199036777,12767.969912398336
2025-233N,2026-104G,1,7,12223.157204394813,12208.445972145775
2025-233N,2026-104H,1,7,646.2238135524798,640.7278402444609
2025-233N,2026-104J,1,7,10199.567943374592,10206.0463760931
2025-233N,2026-104K,1,7,6945.761204863551,6956.044585539233
2025-233N,2026-104L,1,7,8704.919636853725,8680.013711146612
2025-233N,2026-104M,1,7,3761.314837113964,3721.1946532649436
2025-233N,2026-104N,1,7,2854.193949745935,2798.250982695229
2025-233N,2026-104P,1,7,1581.6332162874107,1550.5147171831038
2025-233N,2026-104Q,1,7,5826.691951941059,5825.203081419474
2025-233N,2026-104R,1,7,9368.96633852789,9328.325565576672
2025-233N,2026-104S,1,7,7715.036549972341,7713.156812032236
2025-233N,2026-104T,1,7,10738.218670556045,10704.215514509313
2025-233N,2026-108A,1,0,13505.274667507256,13470.845186011913
2025-233N,2026-108B,1,0,7946.60513821316,7971.712699425502
2025-233N,2026-108C,1,0,14636.165976350852,14633.136285542294
2025-233N,2026-108D,1,0,12312.415544361791,12309.346029617105
2025-233N,2026-108E,1,0,14287.784287304057,14274.328613546095
2025-233N,2026-108F,1,0,14539.835480410622,14536.794698022528
2025-233N,2026-108G,1,0,3256.2725931360324,3186.5188472968184
2025-233N,2026-108H,1,0,13038.168414175978,13048.001995843706
2025-233N,2026-108J,1,0,14001.720336269324,14003.890716465861
2025-233N,2026-108K,1,0,11678.46023782227,11642.609485877423
2025-233N,2026-108L,1,0,9963.905768021148,9971.210423708719
2025-233N,2026-108M,1,0,1826.8160900945015,1773.0755815519885
2025-233N,2026-108N,1,0,5687.849213170704,5630.084865546334
2025-233N,2026-108P,1,0,4323.879718025267,4253.946550125141
2025-233N,2026-108Q,1,0,725.7583082935791,754.6052490978325
2025-233N,2026-108R,1,0,8851.98784621425,8878.298385020915
2025-233N,2026-108S,1,0,10745.448033217326,10698.92317608849
2025-233N,2026-108T,1,0,6689.56170849981,6650.981991639201
2025-233N,2026-121A,1,5,7861.338661069058,7886.511058434478
2025-233N,2026-121B,1,5,6264.248515252895,6253.590244983055
2025-233N,2026-124A,1,8,12603.655711626661,12604.378660965562
2025-233N,2026-124B,1,8,13443.589380774607,13448.84355454175
2025-233N,2026-124C,1,8,13875.040151855032,13868.075256098786
2025-233N,2026-124D,1,8,13884.90930031579,13885.923295670384
2025-233N,2026-124E,1,8,13472.890434574061,13459.759559434355
2025-233N,2026-124F,1,8,12651.50541115162,12643.759477109488
2025-233N,2026-124G,1,8,9892.143675092768,9857.308324247486
2025-233N,2026-124H,1,8,11445.712072681865,11443.825969395222
2025-233N,2026-124J,1,8,8038.013999549,8084.043642711095
2025-233N,2026-124K,1,8,1270.7354139485194,1322.0991116659075
2025-233N,2026-124L,1,8,1157.974474368462,1190.9140856728663
2025-233N,2026-124M,1,8,3551.4431347691607,3566.4610335296775
2025-233N,2026-124N,1,8,7945.265333014626,7930.4977420568275
2025-233N,2026-124P,1,8,5837.033796565141,5798.425776937188
2025-233N,2026-124Q,1,8,9812.084974092795,9799.654823594548
2025-233N,2026-124R,1,8,11380.771583441972,11378.946429231795
2025-233N,2026-124S,1,8,5939.643913119184,5921.22354018191
2025-233N,2026-124T,1,8,3660.820904942523,3688.815173512068
2025-233N,2026-125A,1,4,6657.40910561044,6662.862706401817
2025-233N,2026-125B,1,4,7072.518452941499,7085.086378316389
2025-233N,2026-125C,1,4,3507.3650483723,3485.6300099458717
2025-233N,2026-125D,1,4,6970.875118022534,6988.641650635063
2025-233N,2026-125E,1,4,6959.263011046174,6963.845146164221
2025-233N,2026-125F,1,4,6108.274810382545,6124.885472923282
2025-233N,2026-125G,1,4,4520.540242181902,4545.82081791268
2025-233N,2026-125H,1,4,6634.618331960914,6652.239274096183
2025-233N,2026-125J,1,4,1195.2735325753606,1219.2736033547076
2025-233N,2026-125K,1,4,5396.431126804135,5419.348130258371
2025-233N,2026-125L,1,4,1261.0207679627915,1266.0644529021251
2025-233N,2026-125M,1,4,33.39628852410561,34.97755082919603
2025-233N,2026-125N,1,4,2450.4252173797486,2474.706065297741
2025-233N,2026-125P,1,4,4571.778712325231,4551.411567709801
2025-233N,2026-125Q,1,4,6141.703437567801,6150.919831234223
2025-233N,2026-125R,1,4,3565.1779950227215,3563.7896459631324
2025-233N,2026-125S,1,4,5439.323175144655,5445.947527369374
2025-233N,2026-125T,1,4,2387.580503805606,2387.877154419163
2025-233P,2026-075A,1,6,10828.685601472293,10833.896250643747
2025-233P,2026-075B,1,6,11189.819300977564,11192.615523505709
2025-233P,2026-075C,1,6,10149.247315184704,10194.30522892489
2025-233P,2026-075D,1,6,4800.619212666252,4727.239947255839
2025-233P,2026-075E,1,6,11179.08171112344,11179.611673030162
2025-233P,2026-075F,1,6,10860.555915466963,10859.741615140234
2025-233P,2026-075G,1,6,1039.8584454786073,998.8832791476125
2025-233P,2026-075H,1,6,6490.109140666522,6458.833037864836
2025-233P,2026-075J,1,6,10201.298444170514,10164.384873196403
2025-233P,2026-075K,1,6,2846.328859224125,2874.591599992939
2025-233P,2026-075L,1,6,7982.352203361088,7973.230192021613
2025-233P,2026-075M,1,6,2965.342679086588,2939.4619843699643
2025-233P,2026-075N,1,6,7895.266121296041,7939.5877083036385
2025-233P,2026-075P,1,6,4689.005621404968,4723.158720599778
2025-233P,2026-075Q,1,6,9232.090596749445,9219.636401408732
2025-233P,2026-075R,1,6,917.2673662793122,973.5404439185385
2025-233P,2026-075S,1,6,6389.204736399512,6441.980952581178
2025-233P,2026-075T,1,6,9161.450233442702,9148.277690054425
2025-233P,2026-104A,1,7,11781.210006471345,11817.654824381307
2025-233P,2026-104B,1,7,12772.452164108516,12776.928265098451
2025-233P,2026-104C,1,7,6945.76135510946,6925.889695527465
2025-233P,2026-104D,1,7,10738.218515369153,10734.235357090129
2025-233P,2026-104E,1,7,12223.155857181715,12190.03505605253
2025-233P,2026-104F,1,7,12466.215792728282,12469.949626675512
2025-233P,2026-104G,1,7,12690.604537968764,12681.606397078986
2025-233P,2026-104H,1,7,2854.194182408606,2801.3285948297644
2025-233P,2026-104J,1,7,11384.32105241849,11372.284888742997
2025-233P,2026-104K,1,7,8704.925175623966,8682.034228105784
2025-233P,2026-104L,1,7,10199.567551502503,10152.403198151307
2025-233P,2026-104M,1,7,1581.6415205531246,1590.6410640399806
2025-233P,2026-104N,1,7,4975.583939257816,4878.599822377027
2025-233P,2026-104P,1,7,646.1633406516985,627.493834614307
2025-233P,2026-104Q,1,7,3761.307763261074,3809.8852906774077
2025-233P,2026-104R,1,7,7715.034717614911,7711.361545811214
2025-233P,2026-104S,1,7,5826.696346302207,5872.1052770844935
2025-233P,2026-104T,1,7,9368.970402458539,9364.94042761951
2025-233P,2026-108A,1,0,12312.415113400411,12297.540015978877
2025-233P,2026-108B,1,0,9963.905854190585,9945.0208720115
2025-233P,2026-108C,1,0,14287.783825606886,14306.006641514205
2025-233P,2026-108D,1,0,10745.447996496303,10781.571550316818
2025-233P,2026-108E,1,0,13505.274752408033,13508.158033780262
2025-233P,2026-108F,1,0,14636.16668349542,14632.211720876814
2025-233P,2026-108G,1,0,5687.849635083341,5569.566388817939
2025-233P,2026-108H,1,0,14001.720450561374,13992.50726438635
2025-233P,2026-108J,1,0,14539.835499842464,14532.880677541358
2025-233P,2026-108K,1,0,13038.168386771606,12986.928058220887
2025-233P,2026-108L,1,0,11678.459758803781,11652.005781881877
2025-233P,2026-108M,1,0,725.763738407213,722.1191893023149
2025-233P,2026-108N,1,0,7946.604628182454,7846.496638899921
2025-233P,2026-108P,1,0,1826.8155587699125,1811.999657577396
2025-233P,2026-108Q,1,0,3256.271821755988,3228.399095650335
2025-233P,2026-108R,1,0,6689.561772400983,6770.592009129191
2025-233P,2026-108S,1,0,8851.987766695032,8844.528363669575
2025-233P,2026-108T,1,0,4323.880985902799,4338.27685810644
2025-233P,2026-121A,1,5,8605.725431915014,8626.366253157876
2025-233P,2026-121B,1,5,4974.772581258006,4992.619301055854
2025-233P,2026-124A,1,8,11380.773317359664,11415.390133312012
2025-233P,2026-124B,1,8,12603.655774882745,12638.329909183487
2025-233P,2026-124C,1,8,13443.587594227984,13444.089379185978
2025-233P,2026-124D,1,8,13875.040637557464,13874.958917302054
2025-233P,2026-124E,1,8,13884.90842188392,13878.848665812358
2025-233P,2026-124F,1,8,13472.891375798788,13457.951065126577
2025-233P,2026-124G,1,8,11445.713699743861,11390.688118846334
2025-233P,2026-124H,1,8,12651.504916738626,12631.730473080195
2025-233P,2026-124J,1,8,9892.14364343276,9897.399996151853
2025-233P,2026-124K,1,8,3660.8146303253625,3658.6208343067656
2025-233P,2026-124L,1,8,1270.7369152052058,1183.6842589455985
2025-233P,2026-124M,1,8,1157.9597689641062,1228.396304836608
2025-233P,2026-124N,1,8,5837.0318972259965,5871.737149424594
2025-233P,2026-124P,1,8,3551.4453450202313,3564.6361567258878
2025-233P,2026-124Q,1,8,7945.267068822923,7977.801830569824
2025-233P,2026-124R,1,8,9812.084449777523,9850.92512615596
2025-233P,2026-124S,1,8,8038.016162948054,7980.23929396281
2025-233P,2026-124T,1,8,5939.64382906223,5918.861012674716
2025-233P,2026-125A,1,4,6141.686680565013,6166.457636063691
2025-233P,2026-125B,1,4,6970.861419875419,6997.346369118606
2025-233P,2026-125C,1,4,4520.5499574741025,4488.805705454153
2025-233P,2026-125D,1,4,6657.416733000964,6697.757914194761
2025-233P,2026-125E,1,4,7072.561578332403,7093.312676879319
2025-233P,2026-125F,1,4,6634.596253005837,6650.907746512469
2025-233P,2026-125G,1,4,5396.410784311571,5411.260880106437
2025-233P,2026-125H,1,4,6959.262979604068,6979.322316694032
2025-233P,2026-125J,1,4,2387.6142729435696,2390.6569717763273
2025-233P,2026-125K,1,4,6108.275990697696,6125.59906759765
2025-233P,2026-125L,1,4,33.396288523892885,63.26900343652529
2025-233P,2026-125M,1,4,1195.243112944553,1170.0343553761388
2025-233P,2026-125N,1,4,1261.021045050575,1313.4402981116002
2025-233P,2026-125P,1,4,3565.1767286233953,3568.4135732463164
2025-233P,2026-125Q,1,4,5439.325761856732,5473.686047291295
2025-233P,2026-125R,1,4,2450.4616014970757,2476.183761755555
2025-233P,2026-125S,1,4,4571.7481716014845,4605.965196039404
2025-233P,2026-125T,1,4,3507.3442155726857,3491.6476061419107
2025-233Q,2026-075A,1,6,9161.444269386462,9147.023771058455
2025-233Q,2026-075B,1,6,10828.67731798282,10824.108039323257
2025-233Q,2026-075C,1,6,7895.266103475679,7940.037490045395
2025-233Q,2026-075D,1,6,7982.352200067074,7971.045754630724
2025-233Q,2026-075E,1,6,10149.251336360825,10133.032493304481
2025-233Q,2026-075F,1,6,11179.089025183313,11186.491950998941
2025-233Q,2026-075G,1,6,4800.620801439587,4814.916305054926
2025-233Q,2026-075H,1,6,9232.098412896345,9250.24947784127
2025-233Q,2026-075J,1,6,11189.814944633,11199.699111391526
2025-233Q,2026-075K,1,6,1039.9050520338574,1062.2787409706782
2025-233Q,2026-075L,1,6,10201.297680141519,10230.43077171437
2025-233Q,2026-075M,1,6,6490.098174041512,6517.008718966775
2025-233Q,2026-075N,1,6,4688.996857638486,4703.500090096259
2025-233Q,2026-075P,1,6,917.177915922861,905.7575087971545
2025-233Q,2026-075Q,1,6,10860.567214791568,10880.254169206424
2025-233Q,2026-075R,1,6,2965.301200149408,2962.115364408581
2025-233Q,2026-075S,1,6,2846.360274210744,2862.4275270100957
2025-233Q,2026-075T,1,6,6389.213406558158,6334.605959013759
2025-233Q,2026-104A,1,7,9368.9642056937,9396.286811841783
2025-233Q,2026-104B,1,7,11781.199897745953,11779.50136525084
2025-233Q,2026-104C,1,7,10199.567718924953,10228.765012423457
2025-233Q,2026-104D,1,7,7715.035901979146,7664.0642203656635
2025-233Q,2026-104E,1,7,12772.45056190061,12783.09657960315
2025-233Q,2026-104F,1,7,10738.221688888543,10713.609298046022
2025-233Q,2026-104G,1,7,12466.220526999534,12471.91083375998
2025-233Q,2026-104H,1,7,6945.763341702248,6954.777491531556
2025-233Q,2026-104J,1,7,12690.61115379974,12706.475820319294
2025-233Q,2026-104K,1,7,11384.322077072926,11407.917475094515
2025-233Q,2026-104L,1,7,12223.155615562135,12224.62038618763
2025-233Q,2026-104M,1,7,2854.2077550111276,2903.2189659311452
2025-233Q,2026-104N,1,7,8704.916487805762,8677.779783668373
2025-233Q,2026-104P,1,7,4975.570737942979,5014.681691637096
2025-233Q,2026-104Q,1,7,646.1002828283368,652.0012825006904
2025-233Q,2026-104R,1,7,3761.303561758977,3704.7316425686254
2025-233Q,2026-104S,1,7,1581.6817816519963,1577.082546391405
2025-233Q,2026-104T,1,7,5826.710529848792,5772.656295122709
2025-233Q,2026-108A,1,0,8851.986422047225,8777.992828825061
2025-233Q,2026-108B,1,0,13038.168636680912,13058.530813684822
2025-233Q,2026-108C,1,0,12312.414600577073,12324.804675532847
2025-233Q,2026-108D,1,0,6689.561884818599,6679.522762126566
2025-233Q,2026-108E,1,0,10745.449066390574,10706.40879835846
2025-233Q,2026-108F,1,0,13505.275637260116,13473.776201224482
2025-233Q,2026-108G,1,0,9963.90649056152,9920.37355198057
2025-233Q,2026-108H,1,0,14636.166410615713,14631.587559393358
2025-233Q,2026-108J,1,0,14287.783820373947,14267.826885902468
2025-233Q,2026-108K,1,0,14539.83553431887,14536.619064585173
2025-233Q,2026-108L,1,0,14001.719761559549,14011.52372290826
2025-233Q,2026-108M,1,0,5687.851291792781,5744.513539056764
2025-233Q,2026-108N,1,0,11678.459196671765,11648.805628943986
2025-233Q,2026-108P,1,0,3256.2716549513416,3333.059779490317
2025-233Q,2026-108Q,1,0,7946.604189950544,7978.366717396748
2025-233Q,2026-108R,1,0,1826.815576772367,1854.2743066075739
2025-233Q,2026-108S,1,0,4323.879595929386,4254.617774483667
2025-233Q,2026-108T,1,0,725.7703221282148,773.7791231301954
2025-233Q,2026-121A,1,5,9295.452440210809,9341.391039677594
2025-233Q,2026-121B,1,5,1986.0569218332266,1956.6100206335013
2025-233Q,2026-124A,1,8,7945.266529599386,7942.817220523185
2025-233Q,2026-124B,1,8,9812.08521785066,9824.305761199443
2025-233Q,2026-124C,1,8,11380.770135278097,11343.17049020584
2025-233Q,2026-124D,1,8,12603.657315718048,12571.083254681627
2025-233Q,2026-124E,1,8,13443.586221676513,13448.25626730915
2025-233Q,2026-124F,1,8,13875.042893687789,13878.259448375478
2025-233Q,2026-124G,1,8,13472.89404874508,13473.308668803771
2025-233Q,2026-124H,1,8,13884.907948834056,13894.399403235748
2025-233Q,2026-124J,1,8,12651.504852520671,12689.248942041155
2025-233Q,2026-124K,1,8,8038.011186767819,8090.939197449967
2025-233Q,2026-124L,1,8,5939.645471801006,5919.83052183868
2025-233Q,2026-124M,1,8,3660.8069503655606,3653.711989128462
2025-233Q,2026-124N,1,8,1157.9457518718298,1135.1198432746912
2025-233Q,2026-124P,1,8,1270.7539454001562,1318.0661395033064
2025-233Q,2026-124Q,1,8,3551.4547847648882,3531.327665261745
2025-233Q,2026-124R,1,8,5837.031152435132,5831.547624051303
2025-233Q,2026-124S,1,8,11445.713212155562,11449.973958564526
2025-233Q,2026-124T,1,8,9892.14378581168,9926.809100111142
2025-233Q,2026-125A,1,4,4571.7047734713815,4580.033645216378
2025-233Q,2026-125B,1,4,6141.671097400432,6167.246997237489
2025-233Q,2026-125C,1,4,6108.2963802993545,6126.583487184063
2025-233Q,2026-125D,1,4,5439.3911711772025,5481.845889618525
2025-233Q,2026-125E,1,4,6657.4405441246145,6694.41728646618
2025-233Q,2026-125F,1,4,7072.525344995568,7110.336801377534
2025-233Q,2026-125G,1,4,6634.56869367258,6681.222372662972
2025-233Q,2026-125H,1,4,6970.862422746542,6998.202134934821
2025-233Q,2026-125J,1,4,4520.593749020351,4567.018912937163
2025-233Q,2026-125K,1,4,6959.270326370487,7002.8831455281725
2025-233Q,2026-125L,1,4,2387.7007564300147,2400.9120268149395
2025-233Q,2026-125M,1,4,3507.3339485575552,3528.716514191474
2025-233Q,2026-125N,1,4,1195.2396278537499,1183.7505545385511
2025-233Q,2026-125P,1,4,1261.0286222432242,1227.80198838279
2025-233Q,2026-125Q,1,4,3565.1949180412107,3581.9854509886654
2025-233Q,2026-125R,1,4,33.396288523899244,22.509267640368783
2025-233Q,2026-125S,1,4,2450.3626216706293,2461.83437778766
2025-233Q,2026-125T,1,4,5396.390506474482,5427.825128174624
2025-233R,2026-075A,1,6,10149.24831701341,10153.364552755249
2025-233R,2026-075B,1,6,11179.084452324216,11178.400238725877
2025-233R,2026-075C,1,6,9161.450282385045,9220.347099608707
2025-233R,2026-075D,1,6,6490.1092273807435,6419.582269756663
2025-233R,2026-075E,1,6,10828.680514263699,10824.592129521683
2025-233R,2026-075F,1,6,11189.816207853073,11187.500461299414
2025-233R,2026-075G,1,6,2965.318487072975,2921.2154075806898
2025-233R,2026-075H,1,6,7982.352997752468,7951.016638090344
2025-233R,2026-075J,1,6,10860.560622443081,10834.753240624474
2025-233R,2026-075K,1,6,917.2114800152568,949.6905886677391
2025-233R,2026-075L,1,6,9232.098351936775,9221.228053308752
2025-233R,2026-075M,1,6,4800.617886294242,4771.714154605298
2025-233R,2026-075N,1,6,6389.213336380059,6440.762433357791
2025-233R,2026-075P,1,6,2846.3409698168966,2885.4880762618263
2025-233R,2026-075Q,1,6,10201.297058542923,10188.294383466156
2025-233R,2026-075R,1,6,1039.8719034763408,979.2820095336514
2025-233R,2026-075S,1,6,4688.999056083526,4748.936310697749
2025-233R,2026-075T,1,6,7895.264815639591,7878.945857336654
2025-233R,2026-104A,1,7,10738.219521480378,10787.08947074105
2025-233R,2026-104B,1,7,12466.217659702637,12473.692098933197
2025-233R,2026-104C,1,7,8704.920976899955,8683.39625257062
2025-233R,2026-104D,1,7,9368.975159488262,9362.515596883837
2025-233R,2026-104E,1,7,12690.607354568025,12673.962165182254
2025-233R,2026-104F,1,7,11781.201295497938,11782.187065536791
2025-233R,2026-104G,1,7,12772.450874833974,12773.05377430494
2025-233R,2026-104H,1,7,4975.576085459867,4921.181689922658
2025-233R,2026-104J,1,7,12223.155530185475,12213.495563959772
2025-233R,2026-104K,1,7,10199.567653817838,10177.889172734527
2025-233R,2026-104L,1,7,11384.32528759035,11343.933408836341
2025-233R,2026-104M,1,7,646.1221625022101,632.8763259482982
2025-233R,2026-104N,1,7,6945.761450716608,6853.002169163086
2025-233R,2026-104P,1,7,2854.198784172036,2831.060504189914
2025-233R,2026-104Q,1,7,1581.6577090933092,1636.3984978553833
2025-233R,2026-104R,1,7,5826.702880848395,5824.858956578453
2025-233R,2026-104S,1,7,3761.304004805028,3813.38673699573
2025-233R,2026-104T,1,7,7715.034501617068,7710.968063042291
2025-233R,2026-108A,1,0,10745.448103202722,10728.547318338644
2025-233R,2026-108B,1,0,11678.45941175351,11659.121132331476
2025-233R,2026-108C,1,0,13505.275518766764,13538.832453201558
2025-233R,2026-108D,1,0,8851.987167261788,8897.026115149018
2025-233R,2026-108E,1,0,12312.414577629845,12317.473817743634
2025-233R,2026-108F,1,0,14287.783845381526,14282.237529223072
2025-233R,2026-108G,1,0,7946.604312094817,7834.193986835088
2025-233R,2026-108H,1,0,14539.8354752684,14532.908899599415
2025-233R,2026-108J,1,0,14636.166792833157,14631.023509295057
2025-233R,2026-108K,1,0,14001.720051024882,13966.34828667291
2025-233R,2026-108L,1,0,13038.168452623191,13015.656814884194
2025-233R,2026-108M,1,0,3256.271523675161,3247.0582340129854
2025-233R,2026-108N,1,0,9963.906095037457,9872.317169083944
2025-233R,2026-108P,1,0,725.7712919979887,734.7976809230919
2025-233R,2026-108Q,1,0,5687.850327957589,5656.150814452275
2025-233R,2026-108R,1,0,4323.88082310851,4415.655885302571
2025-233R,2026-108S,1,0,6689.561713415998,6685.399876576563
2025-233R,2026-108T,1,0,1826.8157927677505,1847.4104089485531
2025-233R,2026-121A,1,5,9088.682901938255,9110.203982219817
2025-233R,2026-121B,1,5,3534.044960570823,3548.817860413067
2025-233R,2026-124A,1,8,9812.084531030185,9854.51304710983
2025-233R,2026-124B,1,8,11380.771206993426,11425.928746642061
2025-233R,2026-124C,1,8,12603.656309580043,12601.24273059047
2025-233R,2026-124D,1,8,13443.586686959241,13437.86971128867
2025-233R,2026-124E,1,8,13875.041551502003,13880.677246080702
2025-233R,2026-124F,1,8,13884.907971389868,13878.466924256089
2025-233R,2026-124G,1,8,12651.504891983832,12609.212708277744
2025-233R,2026-124H,1,8,13472.892758047257,13459.376456127162
2025-233R,2026-124J,1,8,11445.71521904038,11447.496423550938
2025-233R,2026-124K,1,8,5939.644150243293,5932.67556912953
2025-233R,2026-124L,1,8,3660.8099787963115,3571.5501010778285
2025-233R,2026-124M,1,8,1270.7430923802442,1195.3055866093268
2025-233R,2026-124N,1,8,3551.4492283550753,3592.4154987368856
2025-233R,2026-124P,1,8,1157.9501947534166,1176.6879174378341
2025-233R,2026-124Q,1,8,5837.031015848919,5876.186956800003
2025-233R,2026-124R,1,8,7945.269552480106,7992.007009398533
2025-233R,2026-124S,1,8,9892.143592961556,9839.675889164699
2025-233R,2026-124T,1,8,8038.013305248635,8015.6022344521125
2025-233R,2026-125A,1,4,5439.335097323455,5461.669219975369
2025-233R,2026-125B,1,4,6657.462547318381,6681.765721963687
2025-233R,2026-125C,1,4,5396.397244180763,5369.061860330625
2025-233R,2026-125D,1,4,6141.671133028174,6185.456388201848
2025-233R,2026-125E,1,4,6970.861388485629,6994.841244939696
2025-233R,2026-125F,1,4,6959.264015588695,6973.922006117048
2025-233R,2026-125G,1,4,6108.283180679084,6121.118856259469
2025-233R,2026-125H,1,4,7072.540866542307,7088.337280360414
2025-233R,2026-125J,1,4,3507.3338489338826,3510.1656651850926
2025-233R,2026-125K,1,4,6634.579706891217,6649.659698207037
2025-233R,2026-125L,1,4,1195.243405281266,1165.218258322954
2025-233R,2026-125M,1,4,2387.6634159394057,2363.0878686900746
2025-233R,2026-125N,1,4,33.39628852389912,84.00559725344878
2025-233R,2026-125P,1,4,2450.4046217886116,2450.6291228017512
2025-233R,2026-125Q,1,4,4571.725660157128,4606.777217622779
2025-233R,2026-125R,1,4,1261.0174646625806,1287.0085482222246
2025-233R,2026-125S,1,4,3565.1806751201875,3600.674595020226
2025-233R,2026-125T,1,4,4520.567793124036,4506.742965564612
2025-233S,2026-075A,1,6,7895.269984801942,7895.142645355418
2025-233S,2026-075B,1,6,10149.25637322257,10134.582818381547
2025-233S,2026-075C,1,6,6389.204784556798,6468.191736262675
2025-233S,2026-075D,1,6,9232.090642469211,9181.403586419256
2025-233S,2026-075E,1,6,9161.440491433392,9146.888866590134
2025-233S,2026-075F,1,6,10828.676012634061,10816.740446504014
2025-233S,2026-075G,1,6,6490.090275683986,6452.626117675852
2025-233S,2026-075H,1,6,10201.297055965413,10179.466887854112
2025-233S,2026-075J,1,6,11179.095429694571,11177.262409231738
2025-233S,2026-075K,1,6,2965.290818451436,2933.7813710791297
2025-233S,2026-075L,1,6,10860.567266610664,10852.448322910048
2025-233S,2026-075M,1,6,7982.353953247257,7958.580817214419
2025-233S,2026-075N,1,6,2846.360431739227,2904.2782581335614
2025-233S,2026-075P,1,6,1039.9578892399481,999.7501787936775
2025-233S,2026-075Q,1,6,11189.815511319048,11180.047278954373
2025-233S,2026-075R,1,6,4800.627981922834,4744.582229767088
2025-233S,2026-075S,1,6,917.1666764814262,981.7396794773679
2025-233S,2026-075T,1,6,4688.999026077869,4665.273529596427
2025-233S,2026-104A,1,7,7715.0389186990515,7780.616948278695
2025-233S,2026-104B,1,7,10738.225017591074,10747.8201681983
2025-233S,2026-104C,1,7,11384.318644527213,11369.555298717813
2025-233S,2026-104D,1,7,5826.692916836494,5812.082478163599
2025-233S,2026-104E,1,7,12466.22439461583,12476.243577214755
2025-233S,2026-104F,1,7,9368.962448060975,9361.299684067697
2025-233S,2026-104G,1,7,11781.199558482884,11790.445219210158
2025-233S,2026-104H,1,7,8704.913431260937,8662.556119664905
2025-233S,2026-104J,1,7,12772.450643605544,12767.851000976876
2025-233S,2026-104K,1,7,12223.15566989053,12211.989800540327
2025-233S,2026-104L,1,7,12690.608273751388,12671.147773780212
2025-233S,2026-104M,1,7,4975.567896719811,4963.7814176433785
2025-233S,2026-104N,1,7,10199.569006659542,10132.901411739158
2025-233S,2026-104P,1,7,6945.767028063314,6926.1199986697675
2025-233S,2026-104Q,1,7,2854.2210948770944,2800.1565862281177
2025-233S,2026-104R,1,7,1581.7099593078635,1578.2813215156136
2025-233S,2026-104S,1,7,646.0977036093544,592.4395786948363
2025-233S,2026-104T,1,7,3761.30643412447,3752.84885631785
2025-233S,2026-108A,1,0,6689.563431987821,6663.562236186598
2025-233S,2026-108B,1,0,14001.719582165626,13989.799234002021
2025-233S,2026-108C,1,0,10745.449215317372,10800.573906484833
2025-233S,2026-108D,1,0,4323.878070301644,4375.203549043277
2025-233S,2026-108E,1,0,8851.986453965006,8855.10157949094
2025-233S,2026-108F,1,0,12312.41457155735,12298.863515323452
2025-233S,2026-108G,1,0,11678.459113558734,11598.784960565414
2025-233S,2026-108H,1,0,14287.783880466133,14276.220311854413
2025-233S,2026-108J,1,0,13505.27522303693,13490.644226771403
2025-233S,2026-108K,1,0,14636.166133698078,14634.049073767617
2025-233S,2026-108L,1,0,14539.835699367197,14530.841330445537
2025-233S,2026-108M,1,0,7946.604243743457,7939.432864208763
2025-233S,2026-108N,1,0,13038.168938944587,12980.86479884031
2025-233S,2026-108P,1,0,5687.851168037231,5696.336984170355
2025-233S,2026-108Q,1,0,9963.907040762468,9939.531366863472
2025-233S,2026-108R,1,0,725.7630109967265,630.34618015547
2025-233S,2026-108S,1,0,1826.81620442635,1821.448557175395
2025-233S,2026-108T,1,0,3256.2715337747723,3235.9134703614195
2025-233S,2026-121A,1,5,9219.807596279305,9239.250257371306
2025-233S,2026-121B,1,5,377.6285381035561,382.8060585722479
2025-233S,2026-124A,1,8,5837.032306984415,5885.475733184152
2025-233S,2026-124B,1,8,7945.264994478119,8002.380026758661
2025-233S,2026-124C,1,8,9812.086510238254,9799.64470548718
2025-233S,2026-124D,1,8,11380.769585660744,11360.092203073938
2025-233S,2026-124E,1,8,12603.65879329577,12621.49410671188
2025-233S,2026-124F,1,8,13443.586198380242,13444.279187306329
2025-233S,2026-124G,1,8,13884.907912876422,13874.763201946296
2025-233S,2026-124H,1,8,13875.04414697641,13871.939753081271
2025-233S,2026-124J,1,8,13472.892343823232,13473.475759133806
2025-233S,2026-124K,1,8,9892.14457932857,9887.435846476343
2025-233S,2026-124L,1,8,8038.009807507998,7963.67432786758
2025-233S,2026-124M,1,8,5939.647793733582,5871.850570585872
2025-233S,2026-124N,1,8,1270.7694741358962,1229.5450232390233
2025-233S,2026-124P,1,8,3660.805545039677,3642.5973267566965
2025-233S,2026-124Q,1,8,1157.9464403822108,1199.5148658942167
2025-233S,2026-124R,1,8,3551.4480220093587,3603.3061204546602
2025-233S,2026-124S,1,8,12651.50500330915,12622.501489652006
2025-233S,2026-124T,1,8,11445.711724404167,11432.09731606312
2025-233S,2026-125A,1,4,3565.280468032295,3581.507491497882
2025-233S,2026-125B,1,4,5439.3642406707595,5458.6275141509495
2025-233S,2026-125C,1,4,6634.563213386884,6622.721726345934
2025-233S,2026-125D,1,4,4571.704725608734,4619.330479543086
2025-233S,2026-125E,1,4,6141.672271297437,6169.27454756971
2025-233S,2026-125F,1,4,6970.868723028205,6980.380556448455
2025-233S,2026-125G,1,4,6959.281911929706,6970.481779105637
2025-233S,2026-125H,1,4,6657.4240547863465,6659.947670633563
2025-233S,2026-125J,1,4,5396.390571223966,5403.0356005183085
2025-233S,2026-125K,1,4,7072.51501373961,7084.684216767097
2025-233S,2026-125L,1,4,3507.3326612723736,3484.3304852980245
2025-233S,2026-125M,1,4,4520.613471435369,4504.720324593685
2025-233S,2026-125N,1,4,2387.6422789705853,2342.383211129811
2025-233S,2026-125P,1,4,33.39628852393842,25.771559950742937
2025-233S,2026-125Q,1,4,2450.3236524431727,2483.967394856268
2025-233S,2026-125R,1,4,1195.2513994656279,1174.4392782830905
2025-233S,2026-125S,1,4,1261.0688892733235,1296.057152810887
2025-233S,2026-125T,1,4,6108.315589508272,6104.160814719849
2025-233T,2026-075A,1,6,6389.199367370278,6370.375327305282
2025-233T,2026-075B,1,6,9161.438948531833,9128.807363444697
2025-233T,2026-075C,1,6,4689.005561393763,4756.107413380336
2025-233T,2026-075D,1,6,10201.29842780099,10174.818068879733
2025-233T,2026-075E,1,6,7895.276459611241,7861.85866821019
2025-233T,2026-075F,1,6,10149.26342759134,10122.941625188285
2025-233T,2026-075G,1,6,7982.358271621737,7968.260661959248
2025-233T,2026-075H,1,6,10860.560661307469,10852.11815714034
2025-233T,2026-075J,1,6,10828.67659821922,10830.18633534761
2025-233T,2026-075K,1,6,4800.639427718704,4792.840578392987
2025-233T,2026-075L,1,6,11189.814942283192,11186.534625779119
2025-233T,2026-075M,1,6,9232.085089978233,9227.313088751487
2025-233T,2026-075N,1,6,917.1777625213144,954.3760988366561
2025-233T,2026-075P,1,6,2965.287342060411,2948.848332293473
2025-233T,2026-075Q,1,6,11179.095480037176,11168.82594156367
2025-233T,2026-075R,1,6,6490.085532326415,6459.38728843591
2025-233T,2026-075S,1,6,1039.958320394664,998.3233700794198
2025-233T,2026-075T,1,6,2846.3410779159426,2799.8191703075463
2025-233T,2026-104A,1,7,5826.690090670641,5876.29118144685
2025-233T,2026-104B,1,7,9368.962021447454,9362.53625752469
2025-233T,2026-104C,1,7,12223.156744435986,12221.274534591055
2025-233T,2026-104D,1,7,3761.312621891464,3719.9557091716824
2025-233T,2026-104E,1,7,11781.199647062336,11792.212242010422
2025-233T,2026-104F,1,7,7715.043551772319,7684.006535683329
2025-233T,2026-104G,1,7,10738.22950758407,10737.886746674834
2025-233T,2026-104H,1,7,10199.571517020046,10182.93569717371
2025-233T,2026-104J,1,7,12466.221462727815,12453.890693681982
2025-233T,2026-104K,1,7,12690.605194529026,12688.962779910185
2025-233T,2026-104L,1,7,12772.45069559748,12762.12328504311
2025-233T,2026-104M,1,7,6945.772509793787,6958.730363062356
2025-233T,2026-104N,1,7,11384.316307367968,11347.605776646235
2025-233T,2026-104P,1,7,8704.911807269584,8708.89747739954
2025-233T,2026-104Q,1,7,4975.567561797064,4949.288602593634
2025-233T,2026-104R,1,7,646.1144250786011,675.9964225566338
2025-233T,2026-104S,1,7,2854.2367097711335,2827.598961160444
2025-233T,2026-104T,1,7,1581.6450751781836,1546.8021092689607
2025-233T,2026-108A,1,0,4323.878135644786,4266.482246175862
2025-233T,2026-108B,1,0,14539.835970413229,14534.405222278036
2025-233T,2026-108C,1,0,8851.986413600864,8891.649917727547
2025-233T,2026-108D,1,0,1826.8218699494994,1849.8618958110721
2025-233T,2026-108E,1,0,6689.563671209021,6665.276337647405
2025-233T,2026-108F,1,0,10745.448694706442,10707.309948489565
2025-233T,2026-108G,1,0,13038.169359413962,12992.8944643715
2025-233T,2026-108H,1,0,13505.274922931043,13475.61472778733
2025-233T,2026-108J,1,0,12312.414641290556,12275.913641059029
2025-233T,2026-108K,1,0,14287.784048426085,14288.469587265688
2025-233T,2026-108L,1,0,14636.165962080497,14628.910075187685
2025-233T,2026-108M,1,0,9963.906970117154,9981.146334664792
2025-233T,2026-108N,1,0,14001.719512843272,13972.943203848146
2025-233T,2026-108P,1,0,7946.604194089057,7980.600527250369
2025-233T,2026-108Q,1,0,11678.459150162105,11677.856616391995
2025-233T,2026-108R,1,0,3256.2718858978383,3192.883382724674
2025-233T,2026-108S,1,0,725.7539217062998,761.4652747581667
2025-233T,2026-108T,1,0,5687.850235140815,5696.876334511204
2025-233T,2026-121A,1,5,8864.014225934492,8875.512761569407
2025-233T,2026-121B,1,5,1242.2927833952294,1261.4893822341057
2025-233T,2026-124A,1,8,3551.4445876489917,3574.3852372753995
2025-233T,2026-124B,1,8,5837.034479495211,5872.886496047338
2025-233T,2026-124C,1,8,7945.264207208104,7905.70720825775
2025-233T,2026-124D,1,8,9812.088408191621,9764.800487452801
2025-233T,2026-124E,1,8,11380.769558141921,11387.350679163743
2025-233T,2026-124F,1,8,12603.66017300888,12593.211571441987
2025-233T,2026-124G,1,8,13875.042491469507,13875.129702686512
2025-233T,2026-124H,1,8,13443.586161242212,13433.114539867085
2025-233T,2026-124J,1,8,13884.908050270291,13886.36974253601
2025-233T,2026-124K,1,8,11445.710755787648,11459.870911257116
2025-233T,2026-124L,1,8,9892.145973511384,9850.413201800104
2025-233T,2026-124M,1,8,8038.009167470712,8001.843816861035
2025-233T,2026-124N,1,8,3660.80576282178,3649.1958587189897
2025-233T,2026-124P,1,8,5939.651116037847,5949.198855480235
2025-233T,2026-124Q,1,8,1270.7505739524142,1257.9450805099564
2025-233T,2026-124R,1,8,1157.9522602748184,1182.6001417678237
2025-233T,2026-124S,1,8,13472.891079924202,13464.57660648631
2025-233T,2026-124T,1,8,12651.505623755746,12655.69444110923
2025-233T,2026-125A,1,4,2450.3235631431776,2452.2077534402856
2025-233T,2026-125B,1,4,4571.706302632888,4580.05564270093
2025-233T,2026-125C,1,4,6959.298772230116,6961.716494836184
2025-233T,2026-125D,1,4,3565.239381211293,3603.46476025915
2025-233T,2026-125E,1,4,5439.344058742876,5461.854451158861
2025-233T,2026-125F,1,4,6657.4130793586355,6660.403230341195
2025-233T,2026-125G,1,4,7072.509872806006,7085.496993138609
2025-233T,2026-125H,1,4,6141.679422182249,6133.140614425725
2025-233T,2026-125J,1,4,6108.330185531136,6127.030992793149
2025-233T,2026-125K,1,4,6970.880289310963,6978.988730573726
2025-233T,2026-125L,1,4,4520.582585043027,4515.719430595269
2025-233T,2026-125M,1,4,5396.389734565,5397.887190899418
2025-233T,2026-125N,1,4,3507.3366728559868,3482.0324647442617
2025-233T,2026-125P,1,4,1195.293882399218,1219.0858924083893
2025-233T,2026-125Q,1,4,1261.3107292014931,1280.5064902508193
2025-233T,2026-125R,1,4,2387.599174804143,2384.1805016228336
2025-233T,2026-125S,1,4,33.3962885238991,53.30164356450359
2025-233T,2026-125T,1,4,6634.563266052518,6643.898631027175
2026-075A,2026-104A,6,7,1910.2940006149743,1817.6284245074962
2026-075A,2026-104B,6,7,3176.631188136013,3191.4195484716015
2026-075A,2026-104C,6,7,13983.779270456305,13972.83536606478
2026-075A,2026-104D,6,7,4405.483616035073,4425.558456275986
2026-075A,2026-104E,6,7,7880.4077278782925,7933.1803915768905
2026-075A,2026-104F,6,7,642.9534188676114,624.9229683791314
2026-075A,2026-104G,6,7,5613.806749837685,5639.246575255605
2026-075A,2026-104H,6,7,14647.217723719266,14646.511257458707
2026-075A,2026-104J,6,7,9907.567487840768,9882.185091984857
2026-075A,2026-104K,6,7,13006.329999915131,12992.212318802069
2026-075A,2026-104L,6,7,11633.690851991554,11642.286332286863
2026-075A,2026-104M,6,7,13543.984558188566,13545.212534763046
2026-075A,2026-104N,6,7,14536.337341278531,14544.425550243426
2026-075A,2026-104P,6,7,14313.047974206103,14313.26011121707
2026-075A,2026-104Q,6,7,12363.393935085232,12337.448901542948
2026-075A,2026-104R,6,7,8922.532501007907,8930.262098608604
2026-075A,2026-104S,6,7,10807.147582550211,10771.834121309223
2026-075A,2026-104T,6,7,6766.8092019668675,6778.050961830197
2026-075A,2026-108A,6,0,3836.616065541352,3864.346423359549
2026-075A,2026-108B,6,0,11369.339766785079,11370.13133300357
2026-075A,2026-108C,6,0,574.7015575343066,646.1914546091989
2026-075A,2026-108D,6,0,5900.53217988434,5864.802790057301
2026-075A,2026-108E,6,0,1656.1558751728721,1653.8488641683236
2026-075A,2026-108F,6,0,2788.0076704319495,2770.3700931747117
2026-075A,2026-108G,6,0,12701.777608867482,12721.129483453524
2026-075A,2026-108H,6,0,6895.868796962764,6870.0801590717165
2026-075A,2026-108J,6,0,4916.6411449889665,4893.652311883733
2026-075A,2026-108K,6,0,8665.589626789777,8698.283848065603
2026-075A,2026-108L,6,0,10171.990387222348,10167.165920901156
2026-075A,2026-108M,6,0,12502.194041437939,12517.90298808387
2026-075A,2026-108N,6,0,12221.21940186637,12251.970513884313
2026-075A,2026-108P,6,0,11828.132754795435,11851.117225130154
2026-075A,2026-108Q,6,0,12796.389786249023,12812.1987537146
2026-075A,2026-108R,6,0,9433.227941134419,9389.306296710785
2026-075A,2026-108S,6,0,7785.141923907789,7801.815218549668
2026-075A,2026-108T,6,0,10794.666052494897,10803.775185536224
2026-075A,2026-121A,6,5,8912.487424963218,8890.29546141324
2026-075A,2026-121B,6,5,9915.288948125686,9916.579540409311
2026-075A,2026-124A,6,8,4730.191222352693,4681.647875890424
2026-075A,2026-124B,6,8,2376.2171663449244,2309.827026638217
2026-075A,2026-124C,6,8,50.00373188864365,28.17769940745662
2026-075A,2026-124D,6,8,2474.696314980926,2434.087218197404
2026-075A,2026-124E,6,8,4824.167689897261,4856.846815850372
2026-075A,2026-124F,6,8,7027.076154338016,7027.338164338326
2026-075A,2026-124G,6,8,10731.897247810928,10753.208523653342
2026-075A,2026-124H,6,8,9016.466232651994,9005.826647598027
2026-075A,2026-124J,6,8,12121.246162728685,12086.570182580113
2026-075A,2026-124K,6,8,13967.53796475978,13970.313896857591
2026-075A,2026-124L,6,8,13746.66058584971,13735.383164277488
2026-075A,2026-124M,6,8,13108.090485711366,13089.71959856025
2026-075A,2026-124N,6,8,10667.614624928536,10647.455377751374
2026-075A,2026-124P,6,8,12071.241537214548,12072.100890978338
2026-075A,2026-124Q,6,8,8939.855418101655,8913.412011709333
2026-075A,2026-124R,6,8,6940.469331881628,6896.915569329812
2026-075A,2026-124S,6,8,13142.294673482467,13144.24109671653
2026-075A,2026-124T,6,8,13764.025427951608,13757.698256210471
2026-075A,2026-125A,6,4,3616.6671313388415,3596.3142145045954
2026-075A,2026-125B,6,4,1209.096296961759,1232.1292430932374
2026-075A,2026-125C,6,4,12639.131581794858,12664.307972779616
2026-075A,2026-125D,6,4,1222.3693198549886,1125.540886013755
2026-075A,2026-125E,6,4,3603.7880163103437,3665.209198516983
2026-075A,2026-125F,6,4,7995.267793056479,7967.6604023248265
2026-075A,2026-125G,6,4,11422.400624729922,11393.885368241792
2026-075A,2026-125H,6,4,5889.000822802011,5841.086505233455
2026-075A,2026-125J,6,4,13895.184745612916,13899.296206019915
2026-075A,2026-125K,6,4,9858.614589300012,9824.845270574482
2026-075A,2026-125L,6,4,13475.27392180493,13469.917010854937
2026-075A,2026-125M,6,4,13896.345978883324,13901.094693585472
2026-075A,2026-125N,6,4,12644.767367428909,12612.787436978982
2026-075A,2026-125P,6,4,9868.039760206191,9884.936470603283
2026-075A,2026-125Q,6,4,5901.081214653499,5845.150864921664
2026-075A,2026-125R,6,4,11430.04756833738,11414.010589137759
2026-075A,2026-125S,6,4,8006.188759034085,7954.1492040593685
2026-075A,2026-125T,6,4,13471.823451683304,13480.10060695095
2026-075B,2026-104A,6,7,6766.809215635712,6641.994075976208
2026-075B,2026-104B,6,7,1910.2945524671698,1847.7326527859216
2026-075B,2026-104C,6,7,11633.69171431501,11634.940467703414
2026-075B,2026-104D,6,7,8922.532893811469,8902.850829016272
2026-075B,2026-104E,6,7,3176.6324620658274,3282.9032950754577
2026-075B,2026-104F,6,7,4405.482034073548,4376.945604000364
2026-075B,2026-104G,6,7,642.9402251147886,717.655063566944
2026-075B,2026-104H,6,7,13983.778887855337,13997.225856873962
2026-075B,2026-104J,6,7,5613.805771841408,5623.923621257841
2026-075B,2026-104K,6,7,9907.567235742856,9916.133618865904
2026-075B,2026-104L,6,7,7880.40862115797,7927.539196772221
2026-075B,2026-104M,6,7,14647.21680948533,14646.994287688254
2026-075B,2026-104N,6,7,13006.330037968111,13051.843074991588
2026-075B,2026-104P,6,7,14536.337581197005,14538.218829918666
2026-075B,2026-104Q,6,7,14313.04842694958,14295.627789091435
2026-075B,2026-104R,6,7,12363.394701277479,12346.649877735428
2026-075B,2026-104S,6,7,13543.9843324834,13509.274252059875
2026-075B,2026-104T,6,7,10807.14753935879,10786.198991529447
2026-075B,2026-108A,6,0,7785.144641893753,7781.308163216158
2026-075B,2026-108B,6,0,8665.586071820555,8678.197434977697
2026-075B,2026-108C,6,0,3836.6280230172606,3732.5386194872854
2026-075B,2026-108D,6,0,9433.21921402585,9385.104090593464
2026-075B,2026-108E,6,0,5900.52241661692,5866.012476911606
2026-075B,2026-108F,6,0,1656.1360145824078,1637.4434496095737
2026-075B,2026-108G,6,0,11369.330579728732,11423.64847009747
2026-075B,2026-108H,6,0,2788.0047380070887,2793.1120331191923
2026-075B,2026-108J,6,0,574.8243780463727,586.1203167073634
2026-075B,2026-108K,6,0,4916.652474143173,4989.504288186122
2026-075B,2026-108L,6,0,6895.868700578146,6914.559983033684
2026-075B,2026-108M,6,0,12701.772913692543,12715.309646534974
2026-075B,2026-108N,6,0,10171.99077598105,10236.06917857117
2026-075B,2026-108P,6,0,12796.398317641153,12813.542858053526
2026-075B,2026-108Q,6,0,12221.226207981816,12239.798210463538
2026-075B,2026-108R,6,0,11828.131517148136,11796.94484317025
2026-075B,2026-108S,6,0,10794.66633885975,10794.868451815715
2026-075B,2026-108T,6,0,12502.193919227966,12510.482381810192
2026-075B,2026-121A,6,5,4393.968376568852,4408.227527127879
2026-075B,2026-121B,6,5,13010.562969393313,12994.687494916834
2026-075B,2026-124A,6,8,8939.855282165008,8867.051251170451
2026-075B,2026-124B,6,8,6940.469718394622,6843.1678255929255
2026-075B,2026-124C,6,8,4730.191418703802,4707.850306515308
2026-075B,2026-124D,6,8,2376.2013970290227,2372.016270064847
2026-075B,2026-124E,6,8,50.00373188864318,130.23456100571684
2026-075B,2026-124F,6,8,2474.6844154139953,2518.523657025836
2026-075B,2026-124G,6,8,7027.073596340843,7092.18302613432
2026-075B,2026-124H,6,8,4824.1715426562705,4851.661830141681
2026-075B,2026-124J,6,8,9016.469566426162,8993.899165144776
2026-075B,2026-124K,6,8,13142.295051636393,13140.272315572864
2026-075B,2026-124L,6,8,13764.023338014118,13778.50897022719
2026-075B,2026-124M,6,8,13967.539141941634,13970.219825534632
2026-075B,2026-124N,6,8,13108.0926152999,13086.212433066199
2026-075B,2026-124P,6,8,13746.656701839918,13744.666479780335
2026-075B,2026-124Q,6,8,12071.24082090476,12035.956433477048
2026-075B,2026-124R,6,8,10667.618317161592,10609.632570426358
2026-075B,2026-124S,6,8,10731.89664188669,10762.594651877389
2026-075B,2026-124T,6,8,12121.24907763145,12122.820880077868
2026-075B,2026-125A,6,4,8006.190943721922,7954.7629502389045
2026-075B,2026-125B,6,4,3616.6752015815473,3553.017751347943
2026-075B,2026-125C,6,4,9858.610455876307,9922.764967378282
2026-075B,2026-125D,6,4,5901.077862036557,5774.415391929136
2026-075B,2026-125E,6,4,1222.3627034587075,1116.2615851804092
2026-075B,2026-125F,6,4,3603.7877102574394,3610.2831731678207
2026-075B,2026-125G,6,4,7995.267928501917,7983.247701092498
2026-075B,2026-125H,6,4,1209.1301099889927,1198.4037226023509
2026-075B,2026-125J,6,4,12639.128743721227,12641.786651264616
2026-075B,2026-125K,6,4,5889.000854647275,5880.188950305525
2026-075B,2026-125L,6,4,13895.183479117315,13905.954724097224
2026-075B,2026-125M,6,4,13471.827379892562,13489.926567507062
2026-075B,2026-125N,6,4,13896.34825076312,13891.00675037415
2026-075B,2026-125P,6,4,12644.764749801563,12640.875895912692
2026-075B,2026-125Q,6,4,9868.036570064125,9795.47228167079
2026-075B,2026-125R,6,4,13475.273971853478,13461.229942244008
2026-075B,2026-125S,6,4,11430.048075301336,11370.70948374292
2026-075B,2026-125T,6,4,11422.401323400361,11450.706072099385
2026-075C,2026-104A,6,7,642.9564979548187,608.8454906978498
2026-075C,2026-104B,6,7,5613.8076386444745,5509.922311042454
2026-075C,2026-104C,6,7,14536.337375722347,14515.1916211076
2026-075C,2026-104D,6,7,1910.2938364799302,2057.2973415934875
2026-075C,2026-104E,6,7,9907.56784042897,9860.686237670765
2026-075C,2026-104F,6,7,3176.631257722851,3034.181748452994
2026-075C,2026-104G,6,7,7880.407566052685,7796.521582548518
2026-075C,2026-104H,6,7,14313.047904646035,14330.609355030616
2026-075C,2026-104J,6,7,11633.690613756393,11535.59194206476
2026-075C,2026-104K,6,7,13983.778965255955,13936.417470718656
2026-075C,2026-104L,6,7,13006.33015345499,12955.62930873055
2026-075C,2026-104M,6,7,12363.393733528983,12430.172321575195
2026-075C,2026-104N,6,7,14647.217330187144,14649.122202046465
2026-075C,2026-104P,6,7,13543.985378800675,13589.028498631036
2026-075C,2026-104Q,6,7,10807.147793209413,10857.587178657936
2026-075C,2026-104R,6,7,6766.809317282987,6886.569719545366
2026-075C,2026-104S,6,7,8922.532054024947,8979.824732964187
2026-075C,2026-104T,6,7,4405.482371105279,4538.09194291256
2026-075C,2026-108A,6,0,1656.1769982343892,1792.9836255030023
2026-075C,2026-108B,6,0,12221.219627371927,12195.87579557426
2026-075C,2026-108C,6,0,2788.0157855772964,2750.741448904287
2026-075C,2026-108D,6,0,3836.614918475633,3901.309229645113
2026-075C,2026-108E,6,0,574.6723954674541,467.63421280576085
2026-075C,2026-108F,6,0,4916.635222800965,4798.8793865722855
2026-075C,2026-108G,6,0,12796.389261850887,12808.598954139748
2026-075C,2026-108H,6,0,8665.584840567535,8563.098673134897
2026-075C,2026-108J,6,0,6895.870285812852,6783.0681087479
2026-075C,2026-108K,6,0,10171.990181628635,10133.89764156431
2026-075C,2026-108L,6,0,11369.338515522952,11317.687505603348
2026-075C,2026-108M,6,0,11828.12628981292,11883.900778600975
2026-075C,2026-108N,6,0,12701.781154191349,12710.372074634472
2026-075C,2026-108P,6,0,10794.666072713744,10876.017264214996
2026-075C,2026-108Q,6,0,12502.198794106927,12537.671600224085
2026-075C,2026-108R,6,0,7785.142092130439,7816.761647667153
2026-075C,2026-108S,6,0,5900.540203131589,6012.283590796151
2026-075C,2026-108T,6,0,9433.22447440901,9511.582630915565
2026-075C,2026-121A,6,5,10798.308725279136,10695.578635811666
2026-075C,2026-121B,6,5,7889.548721697908,7995.419760756482
2026-075C,2026-124A,6,8,2376.2076714948366,2444.7015491664984
2026-075C,2026-124B,6,8,50.003731888643536,3.1295981070727557
2026-075C,2026-124C,6,8,2474.7043479531562,2333.1730262694973
2026-075C,2026-124D,6,8,4824.16754711831,4671.024010239441
2026-075C,2026-124E,6,8,7027.078657796388,6952.183333571669
2026-075C,2026-124F,6,8,9016.46552006096,8924.237712471735
2026-075C,2026-124G,6,8,12121.245159423363,12078.061110876888
2026-075C,2026-124H,6,8,10731.898352531462,10645.60232273486
2026-075C,2026-124J,6,8,13142.295139115742,13077.330310087233
2026-075C,2026-124K,6,8,13746.659317563395,13772.808755967479
2026-075C,2026-124L,6,8,13108.090077334793,13123.91555130399
2026-075C,2026-124M,6,8,12071.245364546136,12101.44823397082
2026-075C,2026-124N,6,8,8939.856222533586,9006.021435527668
2026-075C,2026-124P,6,8,10667.613585399371,10742.347805586722
2026-075C,2026-124Q,6,8,6940.466907614969,7013.3812146669
2026-075C,2026-124R,6,8,4730.191530002562,4795.69916467172
2026-075C,2026-124S,6,8,13764.024127637362,13743.100930686198
2026-075C,2026-124T,6,8,13967.537992196725,13966.246669571785
2026-075C,2026-125A,6,4,1222.379804471449,1320.902494147253
2026-075C,2026-125B,6,4,3603.789949811671,3510.5645978712
2026-075C,2026-125C,6,4,13471.823372544413,13460.265148835228
2026-075C,2026-125D,6,4,1209.0866454071102,1186.507711360543
2026-075C,2026-125E,6,4,5888.997848136754,5838.701997796394
2026-075C,2026-125F,6,4,9858.612219192266,9751.767906413488
2026-075C,2026-125G,6,4,12639.13341565799,12570.394600608413
2026-075C,2026-125H,6,4,7995.2679331052195,7854.619512028641
2026-075C,2026-125J,6,4,13896.345481317352,13916.298750686256
2026-075C,2026-125K,6,4,11422.400623261112,11328.666552741752
2026-075C,2026-125L,6,4,12644.763729101225,12680.91969790738
2026-075C,2026-125M,6,4,13475.27527980312,13503.055184560968
2026-075C,2026-125N,6,4,11430.04750698953,11452.111375909617
2026-075C,2026-125P,6,4,8006.188762380372,8121.894538817707
2026-075C,2026-125Q,6,4,3616.6655217313523,3672.9023345810465
2026-075C,2026-125R,6,4,9868.041223006247,9930.523089243212
2026-075C,2026-125S,6,4,5901.084377516293,5951.964441537372
2026-075C,2026-125T,6,4,13895.186010179243,13893.886976686394
2026-075D,2026-104A,6,7,14647.217330187144,14646.1911591709
2026-075D,2026-104B,6,7,13543.985378800675,13552.52090734962
2026-075D,2026-104C,6,7,1910.2938364799363,1989.4731554347518
2026-075D,2026-104D,6,7,14536.337375722349,14521.366422928999
2026-075D,2026-104E,6,7,10807.147793209411,10786.918744333998
2026-075D,2026-104F,6,7,14313.047904646035,14325.729041385914
2026-075D,2026-104G,6,7,12363.393733528983,12367.42325757955
2026-075D,2026-104H,6,7,3176.631257722851,3133.4424163848266
2026-075D,2026-104J,6,7,8922.532054024943,8974.377111154765
2026-075D,2026-104K,6,7,4405.482371105272,4468.405491511871
2026-075D,2026-104L,6,7,6766.809317282988,6787.6610802221485
2026-075D,2026-104M,6,7,7880.407566052681,7799.366625618391
2026-075D,2026-104N,6,7,642.9564979548122,656.9197866055094
2026-075D,2026-104P,6,7,5613.807638644472,5535.051769363587
2026-075D,2026-104Q,6,7,9907.567840428972,9874.652411242889
2026-075D,2026-104R,6,7,13006.330153454986,12958.785115233655
2026-075D,2026-104S,6,7,11633.690613756387,11608.153135919354
2026-075D,2026-104T,6,7,13983.778965255955,13952.335532443503
2026-075D,2026-108A,6,0,12701.781154191349,12698.822449922442
2026-075D,2026-108B,6,0,3836.614918475633,3912.0127082991844
2026-075D,2026-108C,6,0,12502.19879410693,12505.520389011384
2026-075D,2026-108D,6,0,12221.219627371927,12221.509215765054
2026-075D,2026-108E,6,0,12796.389261850887,12808.607848085492
2026-075D,2026-108F,6,0,11828.12628981292,11860.891068777752
2026-075D,2026-108G,6,0,574.6723954674541,594.6650277233944
2026-075D,2026-108H,6,0,9433.224474409011,9486.668864698677
2026-075D,2026-108J,6,0,10794.666072713742,10838.445158749126
2026-075D,2026-108K,6,0,7785.142092130438,7785.665589865263
2026-075D,2026-108L,6,0,5900.540203131589,5953.794528180099
2026-075D,2026-108M,6,0,4916.635222800961,4839.642760509237
2026-075D,2026-108N,6,0,1656.1769982343917,1648.2479867775842
2026-075D,2026-108P,6,0,6895.870285812846,6816.571567671093
2026-075D,2026-108Q,6,0,2788.0157855772923,2724.9431682388536
2026-075D,2026-108R,6,0,10171.990181628636,10177.605765393653
2026-075D,2026-108S,6,0,11369.33851552295,11342.917915323642
2026-075D,2026-108T,6,0,8665.584840567539,8620.933280482886
2026-075D,2026-121A,6,5,9915.288947902669,9967.051680677301
2026-075D,2026-121B,6,5,12356.030816788216,12311.925677307496
2026-075D,2026-124A,6,8,13764.024127637362,13757.100269892751
2026-075D,2026-124B,6,8,13967.537992196725,13965.900815747853
2026-075D,2026-124C,6,8,13746.659317563395,13756.819767368715
2026-075D,2026-124D,6,8,13108.090077334793,13134.631649990264
2026-075D,2026-124E,6,8,12071.245364546137,12069.80987936749
2026-075D,2026-124F,6,8,10667.613585399373,10688.030050633379
2026-075D,2026-124G,6,8,6940.466907614975,6938.400121473953
2026-075D,2026-124H,6,8,8939.856222533586,8974.378691084086
2026-075D,2026-124J,6,8,4730.191530002568,4828.679473613418
2026-075D,2026-124K,6,8,2474.7043479531562,2377.2633612373943
2026-075D,2026-124L,6,8,4824.167547118315,4812.275577208963
2026-075D,2026-124M,6,8,7027.07865779639,7002.535626520686
2026-075D,2026-124N,6,8,10731.898352531462,10696.001933000996
2026-075D,2026-124P,6,8,9016.465520060963,8954.178150010472
2026-075D,2026-124Q,6,8,12121.245159423363,12097.119176677865
2026-075D,2026-124R,6,8,13142.29513911574,13131.85093550136
2026-075D,2026-124S,6,8,2376.207671494849,2401.7437478850266
2026-075D,2026-124T,6,8,50.00373188864352,24.10388512997186
2026-075D,2026-125A,6,4,13895.186010179243,13897.851055141622
2026-075D,2026-125B,6,4,13475.27527980312,13488.893391636639
2026-075D,2026-125C,6,4,3616.665521731358,3606.75120053298
2026-075D,2026-125D,6,4,13896.345481317352,13901.368865459259
2026-075D,2026-125E,6,4,12644.763729101225,12641.247031560042
2026-075D,2026-125F,6,4,9868.041223006254,9922.736067431226
2026-075D,2026-125G,6,4,5901.084377516289,5987.4745556781545
2026-075D,2026-125H,6,4,11430.047506989527,11486.997714533718
2026-075D,2026-125J,6,4,1209.0866454071036,1120.9053518778103
2026-075D,2026-125K,6,4,8006.188762380372,8080.99966027701
2026-075D,2026-125L,6,4,5888.997848136755,5857.704130625031
2026-075D,2026-125M,6,4,3603.7899498116694,3566.850015767803
2026-075D,2026-125N,6,4,7995.267933105217,8000.6743416083045
2026-075D,2026-125P,6,4,11422.400623261112,11366.169560789955
2026-075D,2026-125Q,6,4,13471.823372544419,13472.33969280497
2026-075D,2026-125R,6,4,9858.612219192266,9824.976480267373
2026-075D,2026-125S,6,4,12639.13341565799,12633.356878321178
2026-075D,2026-125T,6,4,1222.3798044714506,1260.2529692057005
2026-075E,2026-104A,6,7,4405.483166660015,4287.422028777694
2026-075E,2026-104B,6,7,642.9456583986375,688.2336728983975
2026-075E,2026-104C,6,7,13006.329961419493,13000.542673202142
2026-075E,2026-104D,6,7,6766.809248302764,6758.952912576155
2026-075E,2026-104E,6,7,5613.806127569786,5698.244059224712
2026-075E,2026-104F,6,7,1910.2938848989138,1897.985375365675
2026-075E,2026-104G,6,7,3176.631589583854,3232.378374499339
2026-075E,2026-104H,6,7,14536.337409770103,14539.963335956776
2026-075E,2026-104J,6,7,7880.408079580168,7875.177507182783
2026-075E,2026-104K,6,7,11633.691218844535,11631.077235351027
2026-075E,2026-104L,6,7,9907.567286278669,9937.169669900375
2026-075E,2026-104M,6,7,14313.04814830734,14308.271345893741
2026-075E,2026-104N,6,7,13983.77968265893,14009.071646006532
2026-075E,2026-104P,6,7,14647.21696491589,14647.045580066113
2026-075E,2026-104Q,6,7,13543.98439009733,13515.588677975904
2026-075E,2026-104R,6,7,10807.147510345938,10794.742860258053
2026-075E,2026-104S,6,7,12363.394257668162,12320.609651669085
2026-075E,2026-104T,6,7,8922.533115689537,8909.490433688235
2026-075E,2026-108A,6,0,5900.5262510423245,5905.057204867458
2026-075E,2026-108B,6,0,10171.990116286881,10178.179634216322
2026-075E,2026-108C,6,0,1656.1422138901046,1560.6984378548657
2026-075E,2026-108D,6,0,7785.142489196136,7734.7614403377
2026-075E,2026-108E,6,0,3836.6204337268045,3810.8633333431303
2026-075E,2026-108F,6,0,574.7522203033532,580.6339734547249
2026-075E,2026-108G,6,0,12221.219950944367,12255.95151500001
2026-075E,2026-108H,6,0,4916.649580705451,4909.04831701133
2026-075E,2026-108J,6,0,2788.003987901649,2786.2983187628247
2026-075E,2026-108K,6,0,6895.869100230891,6951.118982592609
2026-075E,2026-108L,6,0,8665.591268457893,8673.120013327993
2026-075E,2026-108M,6,0,12796.395762046412,12809.013946036881
2026-075E,2026-108N,6,0,11369.33580596322,11415.774161684096
2026-075E,2026-108P,6,0,12502.194023980552,12516.893872344102
2026-075E,2026-108Q,6,0,12701.772930875628,12715.753781066602
2026-075E,2026-108R,6,0,10794.66593117228,10749.24514673056
2026-075E,2026-108S,6,0,9433.222922547604,9434.103855541112
2026-075E,2026-108T,6,0,11828.135519593723,11830.374158213177
2026-075E,2026-121A,6,5,6755.862492597445,6755.382559020102
2026-075E,2026-121B,6,5,11639.76084370729,11625.712680329587
2026-075E,2026-124A,6,8,6940.472582638075,6870.842089734196
2026-075E,2026-124B,6,8,4730.191273088218,4639.478731660572
2026-075E,2026-124C,6,8,2376.2088004285724,2369.0162756655614
2026-075E,2026-124D,6,8,50.00373188863724,37.52944042297674
2026-075E,2026-124E,6,8,2474.6892062213915,2536.884341057887
2026-075E,2026-124F,6,8,4824.169021743957,4850.2303959101055
2026-075E,2026-124G,6,8,9016.467581440877,9061.523566576981
2026-075E,2026-124H,6,8,7027.074467185495,7038.0587472449515
2026-075E,2026-124J,6,8,10731.896677595814,10702.911231662834
2026-075E,2026-124K,6,8,13764.026694637725,13761.400328927795
2026-075E,2026-124L,6,8,13967.5383480082,13967.636047016831
2026-075E,2026-124M,6,8,13746.657224985687,13733.449869278671
2026-075E,2026-124N,6,8,12071.240941459293,12042.68738985372
2026-075E,2026-124P,6,8,13108.091331700003,13101.167276978627
2026-075E,2026-124Q,6,8,10667.616202183133,10628.482122480542
2026-075E,2026-124R,6,8,8939.855255320186,8880.237707395516
2026-075E,2026-124S,6,8,12121.24763927294,12136.752819864623
2026-075E,2026-124T,6,8,13142.294644322676,13137.820935789092
2026-075E,2026-125A,6,4,5901.07904282594,5857.8390361208785
2026-075E,2026-125B,6,4,1222.3636194934725,1172.2797331166978
2026-075E,2026-125C,6,4,11422.400718068018,11468.86132847126
2026-075E,2026-125D,6,4,3616.6703579579266,3496.6027622052707
2026-075E,2026-125E,6,4,1209.1107852178013,1299.6023401199898
2026-075E,2026-125F,6,4,5889.0047905325055,5882.0880757710465
2026-075E,2026-125G,6,4,9858.612238214902,9840.035835335795
2026-075E,2026-125H,6,4,3603.7877056019443,3578.741346788681
2026-075E,2026-125J,6,4,13471.823964928495,13474.71758094611
2026-075E,2026-125K,6,4,7995.267795154899,7976.550597408701
2026-075E,2026-125L,6,4,13896.349289523048,13897.957269859597
2026-075E,2026-125M,6,4,13895.183428653141,13906.55955321773
2026-075E,2026-125N,6,4,13475.27397384164,13452.585647737307
2026-075E,2026-125P,6,4,11430.047565993471,11431.018261424426
2026-075E,2026-125Q,6,4,8006.189486148212,7934.245477459916
2026-075E,2026-125R,6,4,12644.766225852278,12624.711968707883
2026-075E,2026-125S,6,4,9868.037868815658,9805.158294349085
2026-075E,2026-125T,6,4,12639.130191558164,12657.976781759186
2026-075F,2026-104A,6,7,8922.53233459918,8808.376384407962
2026-075F,2026-104B,6,7,4405.481241131528,4341.407920149296
2026-075F,2026-104C,6,7,9907.567336233376,9909.348980734803
2026-075F,2026-104D,6,7,10807.147518904574,10788.810140780442
2026-075F,2026-104E,6,7,642.9371190796902,755.5762414477185
2026-075F,2026-104F,6,7,6766.809404092595,6736.925389579414
2026-075F,2026-104G,6,7,1910.2960033183779,1832.1543104963641
2026-075F,2026-104H,6,7,13006.330229560921,13026.172960122612
2026-075F,2026-104J,6,7,3176.6338055808255,3190.7845189719524
2026-075F,2026-104K,6,7,7880.409352611204,7891.823630955595
2026-075F,2026-104L,6,7,5613.805682652901,5667.490262482563
2026-075F,2026-104M,6,7,14536.33785555909,14536.569311226518
2026-075F,2026-104N,6,7,11633.690758955456,11693.325575912668
2026-075F,2026-104P,6,7,13983.778725050624,13986.04254600359
2026-075F,2026-104Q,6,7,14647.216756210895,14645.299065172263
2026-075F,2026-104R,6,7,13543.98435563361,13532.364077398084
2026-075F,2026-104S,6,7,14313.048810132595,14294.04965827698
2026-075F,2026-104T,6,7,12363.394541150396,12346.185761499131
2026-075F,2026-108A,6,0,9433.216815573876,9430.756204910645
2026-075F,2026-108B,6,0,6895.86967368286,6905.709181767182
2026-075F,2026-108C,6,0,5900.520676615491,5802.57305801527
2026-075F,2026-108D,6,0,10794.66789139118,10758.256993229803
2026-075F,2026-108E,6,0,7785.148381997504,7753.881528890625
2026-075F,2026-108F,6,0,3836.6388333871223,3817.5360890133165
2026-075F,2026-108G,6,0,10171.998293548062,10237.88399564158
2026-075F,2026-108H,6,0,574.8491259829854,580.8737719641535
2026-075F,2026-108J,6,0,1656.1372773388714,1643.772199022527
2026-075F,2026-108K,6,0,2788.003749503239,2865.588626860322
2026-075F,2026-108L,6,0,4916.643315073291,4936.14031804502
2026-075F,2026-108M,6,0,12221.228883850905,12231.381192066758
2026-075F,2026-108N,6,0,8665.579214947375,8737.694094559178
2026-075F,2026-108P,6,0,12701.772810585899,12714.8086038702
2026-075F,2026-108Q,6,0,11369.330560531855,11386.92273888865
2026-075F,2026-108R,6,0,12502.194271234186,12489.831153571675
2026-075F,2026-108S,6,0,11828.128559511939,11833.522759149073
2026-075F,2026-108T,6,0,12796.394618048,12811.594507144764
2026-075F,2026-121A,6,5,1898.5595097031062,1916.2891465117052
2026-075F,2026-121B,6,5,13986.046799020896,13978.68992778824
2026-075F,2026-124A,6,8,10667.61645365278,10604.828876625168
2026-075F,2026-124B,6,8,8939.855359212072,8851.155995927613
2026-075F,2026-124C,6,8,6940.467183696009,6916.629217898818
2026-075F,2026-124D,6,8,4730.192777010733,4722.626315746866
2026-075F,2026-124E,6,8,2376.196407653827,2293.2690020842833
2026-075F,2026-124F,6,8,50.003731888636906,98.09316854045193
2026-075F,2026-124G,6,8,4824.175252630199,4897.245079790455
2026-075F,2026-124H,6,8,2474.681942576302,2506.552471517141
2026-075F,2026-124J,6,8,7027.0735418051045,7002.714241276556
2026-075F,2026-124K,6,8,12121.245266088737,12115.390154140665
2026-075F,2026-124L,6,8,13142.295895423234,13168.029912057169
2026-075F,2026-124M,6,8,13764.022815528404,13776.368433897467
2026-075F,2026-124N,6,8,13746.656595978342,13736.701500603293
2026-075F,2026-124P,6,8,13967.540346559324,13972.228483848292
2026-075F,2026-124Q,6,8,13108.094336509828,13084.737519754048
2026-075F,2026-124R,6,8,12071.240840785798,12025.867275014833
2026-075F,2026-124S,6,8,9016.471500076434,9053.920342918596
2026-075F,2026-124T,6,8,10731.897140683597,10733.406390351432
2026-075F,2026-125A,6,4,9868.035863952939,9824.168349562095
2026-075F,2026-125B,6,4,5901.077672286955,5839.991747488773
2026-075F,2026-125C,6,4,7995.268793307006,8070.597149696198
2026-075F,2026-125D,6,4,8006.193131753592,7891.210940805345
2026-075F,2026-125E,6,4,3616.6816621990606,3511.4300271524435
2026-075F,2026-125F,6,4,1209.1109403208845,1218.49214942715
2026-075F,2026-125G,6,4,5888.997870883406,5877.2813791642675
2026-075F,2026-125H,6,4,1222.3627171840878,1230.374145274898
2026-075F,2026-125J,6,4,11422.405351081683,11423.89872731595
2026-075F,2026-125K,6,4,3603.788006097577,3596.638772575982
2026-075F,2026-125L,6,4,13471.826308399406,13491.607524446901
2026-075F,2026-125M,6,4,12639.12879920044,12664.525274823665
2026-075F,2026-125N,6,4,13895.183477189232,13910.65938929271
2026-075F,2026-125P,6,4,13475.27440386051,13476.562861427823
2026-075F,2026-125Q,6,4,11430.049096260456,11372.391024705166
2026-075F,2026-125R,6,4,13896.346907653713,13896.507987308862
2026-075F,2026-125S,6,4,12644.763736249375,12602.67123157937
2026-075F,2026-125T,6,4,9858.608599691775,9892.810006911484
2026-075G,2026-104A,6,7,13983.77968265893,14000.257079747955
2026-075G,2026-104B,6,7,14647.21696491589,14647.344698510704
2026-075G,2026-104C,6,7,6766.809248302764,6792.331434822788
2026-075G,2026-104D,6,7,13006.329961419488,12975.94151208906
2026-075G,2026-104E,6,7,13543.984390097332,13515.88250843102
2026-075G,2026-104F,6,7,14536.337409770103,14529.18414015122
2026-075G,2026-104G,6,7,14313.04814830734,14306.342667011784
2026-075G,2026-104H,6,7,1910.2938848989093,1901.9539615063807
2026-075G,2026-104J,6,7,12363.394257668162,12373.687057256782
2026-075G,2026-104K,6,7,8922.533115689539,8935.074985584324
2026-075G,2026-104L,6,7,10807.147510345943,10791.276018806631
2026-075G,2026-104M,6,7,3176.631589583854,3133.3455715817445
2026-075G,2026-104N,6,7,4405.483166660009,4342.216694438569
2026-075G,2026-104P,6,7,642.9456583986376,610.0754005367156
2026-075G,2026-104Q,6,7,5613.8061275697855,5618.543147309539
2026-075G,2026-104R,6,7,9907.56728627866,9866.105291369697
2026-075G,2026-104S,6,7,7880.408079580157,7885.630562769166
2026-075G,2026-104T,6,7,11633.691218844535,11597.886597994428
2026-075G,2026-108A,6,0,11369.33580596322,11350.61373704223
2026-075G,2026-108B,6,0,7785.142489196142,7821.380923221388
2026-075G,2026-108C,6,0,12701.772930875628,12718.809729415687
2026-075G,2026-108D,6,0,10171.990116286881,10185.090744626908
2026-075G,2026-108E,6,0,12221.219950944364,12222.352332596223
2026-075G,2026-108F,6,0,12796.395762046413,12812.173727017202
2026-075G,2026-108G,6,0,3836.6204337268055,3778.144326408876
2026-075G,2026-108H,6,0,11828.135519593723,11850.6763420367
2026-075G,2026-108J,6,0,12502.194023980552,12521.87906809282
2026-075G,2026-108K,6,0,10794.665931172283,10778.315822792012
2026-075G,2026-108L,6,0,9433.222922547608,9450.678842722538
2026-075G,2026-108M,6,0,574.752220303353,532.6965346060508
2026-075G,2026-108N,6,0,5900.52625104233,5859.86473450586
2026-075G,2026-108P,6,0,2788.003987901644,2734.432239955344
2026-075G,2026-108Q,6,0,1656.1422138901091,1679.8559820185578
2026-075G,2026-108R,6,0,6895.869100230891,6933.384376492082
2026-075G,2026-108S,6,0,8665.591268457893,8641.829126497898
2026-075G,2026-108T,6,0,4916.64958070545,4894.4127837002225
2026-075G,2026-121A,6,5,13010.56294805555,13024.688839975739
2026-075G,2026-121B,6,5,8912.487850954398,8881.005370206198
2026-075G,2026-124A,6,8,12121.247639272944,12125.464158646464
2026-075G,2026-124B,6,8,13142.29464432267,13151.37195727357
2026-075G,2026-124C,6,8,13764.02669463772,13753.518702743244
2026-075G,2026-124D,6,8,13967.5383480082,13967.812495195367
2026-075G,2026-124E,6,8,13746.657224985689,13739.579245253773
2026-075G,2026-124F,6,8,13108.091331700003,13105.55803956007
2026-075G,2026-124G,6,8,10667.616202183142,10636.786681053834
2026-075G,2026-124H,6,8,12071.240941459295,12072.618157070028
2026-075G,2026-124J,6,8,8939.855255320193,8984.431114327763
2026-075G,2026-124K,6,8,2376.2088004285706,2425.2780072396395
2026-075G,2026-124L,6,8,50.00373188863723,86.99381144286116
2026-075G,2026-124M,6,8,2474.6892062213856,2494.6506229900815
2026-075G,2026-124N,6,8,7027.07446718549,7018.398462290513
2026-075G,2026-124P,6,8,4824.169021743969,4791.342146173462
2026-075G,2026-124Q,6,8,9016.467581440867,9012.227878736176
2026-075G,2026-124R,6,8,10731.896677595814,10738.389251247647
2026-075G,2026-124S,6,8,6940.472582638077,6920.066353796629
2026-075G,2026-124T,6,8,4730.1912730882195,4755.546497990949
2026-075G,2026-125A,6,4,12639.130191558168,12637.708169056414
2026-075G,2026-125B,6,4,13895.183428653141,13902.97963196327
2026-075G,2026-125C,6,4,8006.189486148212,7959.820992865646
2026-075G,2026-125D,6,4,13471.823964928499,13495.963552009933
2026-075G,2026-125E,6,4,13896.349289523048,13898.260079666354
2026-075G,2026-125F,6,4,12644.766225852281,12662.43274556922
2026-075G,2026-125G,6,4,9868.037868815663,9904.699433505297
2026-075G,2026-125H,6,4,13475.27397384164,13494.242453254394
2026-075G,2026-125J,6,4,3616.670357957928,3656.5794255426467
2026-075G,2026-125K,6,4,11430.047565993475,11459.403273531914
2026-075G,2026-125L,6,4,1209.1107852178013,1221.1288553219274
2026-075G,2026-125M,6,4,1222.363619493477,1213.4595823427935
2026-075G,2026-125N,6,4,3603.7877056019383,3653.5895325004776
2026-075G,2026-125P,6,4,7995.2677951548985,7947.591255771487
2026-075G,2026-125Q,6,4,11422.400718068016,11438.37718651088
2026-075G,2026-125R,6,4,5889.0047905325055,5885.044027999636
2026-075G,2026-125S,6,4,9858.612238214895,9875.487076759715
2026-075G,2026-125T,6,4,5901.0790428259415,5893.272007652036
2026-075H,2026-104A,6,7,14313.04793962719,14289.26804274548
2026-075H,2026-104B,6,7,12363.393652999584,12341.974538480354
2026-075H,2026-104C,6,7,642.9479677456018,619.7102821850141
2026-075H,2026-104D,6,7,14647.217038810688,14647.442582657199
2026-075H,2026-104E,6,7,8922.53177474107,8851.44440404627
2026-075H,2026-104F,6,7,13543.984953213187,13542.397971181625
2026-075H,2026-104G,6,7,10807.148821635938,10771.020950434959
2026-075H,2026-104H,6,7,5613.807991295374,5625.211947709776
2026-075H,2026-104J,6,7,6766.809653722944,6773.219623790213
2026-075H,2026-104K,6,7,1910.2942449626994,1919.4619527396512
2026-075H,2026-104L,6,7,4405.481465819548,4372.648325495835
2026-075H,2026-104M,6,7,9907.568344042968,9879.30587611581
2026-075H,2026-104N,6,7,3176.631159018863,3245.339662873632
2026-075H,2026-104P,6,7,7880.407594103471,7856.72546928038
2026-075H,2026-104Q,6,7,11633.690504139262,11642.297123035887
2026-075H,2026-104R,6,7,13983.778767058157,13971.109602561097
2026-075H,2026-104S,6,7,13006.330422038927,13014.45968854256
2026-075H,2026-104T,6,7,14536.337513101525,14530.523150854453
2026-075H,2026-108A,6,0,12796.389477220464,12807.122864311814
2026-075H,2026-108B,6,0,1656.2055827711206,1681.3109233195385
2026-075H,2026-108C,6,0,11828.125722486971,11802.448255516838
2026-075H,2026-108D,6,0,12701.78003418905,12713.53907053018
2026-075H,2026-108E,6,0,12502.202396026549,12507.117729101443
2026-075H,2026-108F,6,0,10794.671577171748,10804.569939276415
2026-075H,2026-108G,6,0,2788.028333292044,2857.2271700206866
2026-075H,2026-108H,6,0,7785.142120165337,7803.109466262248
2026-075H,2026-108J,6,0,9433.21636809461,9447.328771655835
2026-075H,2026-108K,6,0,5900.534660855935,5853.164581111366
2026-075H,2026-108L,6,0,3836.615259827877,3843.318500663921
2026-075H,2026-108M,6,0,6895.873566778718,6869.436978426602
2026-075H,2026-108N,6,0,574.664737400939,635.1752551260313
2026-075H,2026-108P,6,0,8665.581480464105,8635.784596478814
2026-075H,2026-108Q,6,0,4916.631814155599,4904.868656548679
2026-075H,2026-108R,6,0,11369.334867515377,11399.55343368331
2026-075H,2026-108S,6,0,12221.219456251752,12225.031545171958
2026-075H,2026-108T,6,0,10171.99119096066,10169.01903702741
2026-075H,2026-121A,6,5,7889.547959419065,7898.287885136837
2026-075H,2026-121B,6,5,13538.319568186544,13532.959487272821
2026-075H,2026-124A,6,8,13967.538430319015,13964.776556462353
2026-075H,2026-124B,6,8,13746.658015606465,13730.348740441523
2026-075H,2026-124C,6,8,13108.090106570678,13107.338597299859
2026-075H,2026-124D,6,8,12071.243920229395,12079.913866197825
2026-075H,2026-124E,6,8,10667.613083596692,10628.00499832264
2026-075H,2026-124F,6,8,8939.861390473301,8920.036098639672
2026-075H,2026-124G,6,8,4730.1930503436,4676.172074288564
2026-075H,2026-124H,6,8,6940.465309841022,6930.761400468244
2026-075H,2026-124J,6,8,2376.2005906446393,2425.79362223666
2026-075H,2026-124K,6,8,4824.167497371125,4782.07517801871
2026-075H,2026-124L,6,8,7027.081486737975,7062.786474088604
2026-075H,2026-124M,6,8,9016.465443668552,9036.551510847745
2026-075H,2026-124N,6,8,12121.244629357945,12121.251037066078
2026-075H,2026-124P,6,8,10731.899991756303,10715.757884361345
2026-075H,2026-124Q,6,8,13142.296041222062,13145.5145917833
2026-075H,2026-124R,6,8,13764.023244079577,13768.746975080263
2026-075H,2026-124S,6,8,50.00373188864174,77.47793453433793
2026-075H,2026-124T,6,8,2474.695230976323,2451.8810913922957
2026-075H,2026-125A,6,4,13896.34540459609,13903.10853630555
2026-075H,2026-125B,6,4,12644.763182286031,12636.709693887007
2026-075H,2026-125C,6,4,1222.3950732107983,1157.2898500244341
2026-075H,2026-125D,6,4,13475.276583775194,13456.018076758408
2026-075H,2026-125E,6,4,11430.049107980007,11389.34001124505
2026-075H,2026-125F,6,4,8006.188674797016,8022.5409802057075
2026-075H,2026-125G,6,4,3616.665529139016,3655.101970152723
2026-075H,2026-125H,6,4,9868.03656090459,9896.70143866306
2026-075H,2026-125J,6,4,3603.7935061016606,3572.163525524244
2026-075H,2026-125K,6,4,5901.086823671319,5932.823483590409
2026-075H,2026-125L,6,4,7995.268804612019,8014.113982739156
2026-075H,2026-125M,6,4,5888.995866540793,5905.52940002825
2026-075H,2026-125N,6,4,9858.610442288686,9905.068102052024
2026-075H,2026-125P,6,4,12639.131566957061,12625.6588718424
2026-075H,2026-125Q,6,4,13895.187678270462,13906.138868861146
2026-075H,2026-125R,6,4,11422.400721290165,11430.336116461609
2026-075H,2026-125S,6,4,13471.823371299048,13486.5545346034
2026-075H,2026-125T,6,4,1209.0818306779054,1226.4200003220628
2026-075J,2026-104A,6,7,10807.14763690535,10776.843581321518
2026-075J,2026-104B,6,7,6766.809813673233,6793.307467706603
2026-075J,2026-104C,6,7,7880.40794223281,7798.775217313103
2026-075J,2026-104D,6,7,12363.394137572719,12402.033081080925
2026-075J,2026-104E,6,7,1910.2982374494877,1894.3088681241925
2026-075J,2026-104F,6,7,8922.531943085713,8973.118600309275
2026-075J,2026-104G,6,7,4405.480787834811,4422.640663515926
2026-075J,2026-104H,6,7,11633.690563263037,11598.455248698283
2026-075J,2026-104J,6,7,642.9363403297307,560.8683351867397
2026-075J,2026-104K,6,7,5613.805860004352,5535.884103972604
2026-075J,2026-104L,6,7,3176.635620127078,3138.0684838471857
2026-075J,2026-104M,6,7,13983.778669248668,13952.433755647096
2026-075J,2026-104N,6,7,9907.56758775014,9906.419526876145
2026-075J,2026-104P,6,7,13006.330536197751,12962.122390139588
2026-075J,2026-104Q,6,7,14536.338232856111,14530.72368288168
2026-075J,2026-104R,6,7,14313.048671817238,14329.04262383929
2026-075J,2026-104S,6,7,14647.216777617432,14649.234325638767
2026-075J,2026-104T,6,7,13543.984339312592,13570.30152127079
2026-075J,2026-108A,6,0,10794.670588764764,10841.636528158482
2026-075J,2026-108B,6,0,4916.631229821131,4843.294383077353
2026-075J,2026-108C,6,0,7785.153709501892,7767.219849919174
2026-075J,2026-108D,6,0,11828.126646688444,11839.165795370249
2026-075J,2026-108E,6,0,9433.215727194722,9466.531411035252
2026-075J,2026-108F,6,0,5900.521031041363,5960.13183062504
2026-075J,2026-108G,6,0,8665.57918976087,8677.379840364469
2026-075J,2026-108H,6,0,1656.135613253206,1735.7563692665615
2026-075J,2026-108J,6,0,3836.6425413245292,3907.5262995661474
2026-075J,2026-108K,6,0,574.7707837043795,567.6984115575112
2026-075J,2026-108L,6,0,2788.0061563866284,2723.03386008847
2026-075J,2026-108M,6,0,11369.330445341508,11334.996718111188
2026-075J,2026-108N,6,0,6895.880762724949,6900.996295583566
2026-075J,2026-108P,6,0,12221.225010143218,12201.905597473817
2026-075J,2026-108Q,6,0,10172.001508491565,10134.886872360767
2026-075J,2026-108R,6,0,12796.391884206922,12807.633682225258
2026-075J,2026-108S,6,0,12502.195611723602,12531.954114317577
2026-075J,2026-108T,6,0,12701.77315706116,12706.788176620139
2026-075J,2026-121A,6,5,654.5455843215723,732.7117609367223
2026-075J,2026-121B,6,5,14536.571184562996,14551.24668514785
2026-075J,2026-124A,6,8,12071.240897846179,12069.844047535806
2026-075J,2026-124B,6,8,10667.61480454989,10653.492338524857
2026-075J,2026-124C,6,8,8939.856077909655,8989.786596258855
2026-075J,2026-124D,6,8,6940.465475489775,7013.504019541913
2026-075J,2026-124E,6,8,4730.195348006792,4737.575076645808
2026-075J,2026-124F,6,8,2376.1938323224535,2419.584522376299
2026-075J,2026-124G,6,8,2474.6817877173726,2460.3092576813006
2026-075J,2026-124H,6,8,50.00373188864344,6.95776442598643
2026-075J,2026-124J,6,8,4824.178866656073,4709.875812341756
2026-075J,2026-124K,6,8,10731.898173986032,10661.262634881154
2026-075J,2026-124L,6,8,12121.24467279115,12110.055902053251
2026-075J,2026-124M,6,8,13142.297175682388,13131.164943495722
2026-075J,2026-124N,6,8,13967.541961860145,13969.014402265648
2026-075J,2026-124P,6,8,13764.02270980039,13752.42348237075
2026-075J,2026-124Q,6,8,13746.656613436311,13753.395979623083
2026-075J,2026-124R,6,8,13108.092819950694,13110.740241278196
2026-075J,2026-124S,6,8,7027.07430357836,6988.573036642077
2026-075J,2026-124T,6,8,9016.466376047103,8945.442989518644
2026-075J,2026-125A,6,4,11430.05062886984,11451.502233379428
2026-075J,2026-125B,6,4,8006.196050240736,8029.461543661259
2026-075J,2026-125C,6,4,5888.994763495073,5887.2742214690215
2026-075J,2026-125D,6,4,9868.035750482824,9837.951232077505
2026-075J,2026-125E,6,4,5901.077675130067,5887.98464046044
2026-075J,2026-125F,6,4,1222.3635893840685,1305.9892249524173
2026-075J,2026-125G,6,4,3603.789924730677,3500.728069735863
2026-075J,2026-125H,6,4,3616.675253434919,3714.7618344586685
2026-075J,2026-125J,6,4,9858.608670818336,9791.322081305649
2026-075J,2026-125K,6,4,1209.0964077510998,1108.6688757593797
2026-075J,2026-125L,6,4,12639.12879708075,12626.515970925235
2026-075J,2026-125M,6,4,11422.404087339884,11399.399926315835
2026-075J,2026-125N,6,4,13471.824922966152,13478.744373334672
2026-075J,2026-125P,6,4,13896.34598538767,13911.035803406234
2026-075J,2026-125Q,6,4,12644.763185196694,12645.672415001132
2026-075J,2026-125R,6,4,13895.183896141103,13897.562366004815
2026-075J,2026-125S,6,4,13475.27526986232,13477.505898922785
2026-075J,2026-125T,6,4,7995.274547432991,7956.505432233492
2026-075K,2026-104A,6,7,11633.690758955461,11671.381584359066
2026-075K,2026-104B,6,7,13983.778725050626,13980.990628194426
2026-075K,2026-104C,6,7,10807.147518904576,10817.975972106424
2026-075K,2026-104D,6,7,9907.567336233386,9866.467527260384
2026-075K,2026-104E,6,7,14647.216756210895,14644.684110335447
2026-075K,2026-104F,6,7,13006.330229560921,12984.439514017387
2026-075K,2026-104G,6,7,14536.33785555909,14537.97297723509
2026-075K,2026-104H,6,7,6766.809404092584,6745.060598232879
2026-075K,2026-104J,6,7,14313.048810132595,14315.90313367754
2026-075K,2026-104K,6,7,12363.394541150392,12365.686603230644
2026-075K,2026-104L,6,7,13543.984355633615,13532.681493342367
2026-075K,2026-104M,6,7,1910.296003318365,1937.6183912932354
2026-075K,2026-104N,6,7,8922.532334599173,8857.999043187847
2026-075K,2026-104P,6,7,4405.4812411315215,4421.0425786146925
2026-075K,2026-104Q,6,7,642.9371190796903,663.8019495430088
2026-075K,2026-104R,6,7,5613.805682652901,5574.06665582999
2026-075K,2026-104S,6,7,3176.633805580825,3196.9848122186595
2026-075K,2026-104T,6,7,7880.409352611204,7840.593068306677
2026-075K,2026-108A,6,0,8665.579214947378,8632.735516776349
2026-075K,2026-108B,6,0,10794.66789139118,10822.957452593813
2026-075K,2026-108C,6,0,11369.330560531855,11400.592586559977
2026-075K,2026-108D,6,0,6895.869673682854,6915.4633111320445
2026-075K,2026-108E,6,0,10171.998293548062,10165.548937531901
2026-075K,2026-108F,6,0,12221.228883850905,12221.363106733259
2026-075K,2026-108G,6,0,7785.148381997501,7730.038683146564
2026-075K,2026-108H,6,0,12796.394618048,12810.07413983758
2026-075K,2026-108J,6,0,12701.772810585899,12709.449679133893
2026-075K,2026-108K,6,0,12502.194271234186,12500.769984010685
2026-075K,2026-108L,6,0,11828.128559511943,11841.129638731483
2026-075K,2026-108M,6,0,3836.6388333871223,3867.456105487286
2026-075K,2026-108N,6,0,9433.216815573875,9400.84742899697
2026-075K,2026-108P,6,0,1656.1372773388714,1701.59487288676
2026-075K,2026-108Q,6,0,5900.520676615485,5914.337429503001
2026-075K,2026-108R,6,0,2788.0037495032448,2838.993228276129
2026-075K,2026-108S,6,0,4916.6433150732955,4889.070631701449
2026-075K,2026-108T,6,0,574.8491259829967,558.5090121561465
2026-075K,2026-121A,6,5,14536.571061974859,14545.397194972295
2026-075K,2026-121B,6,5,4393.967070243316,4367.66730415165
2026-075K,2026-124A,6,8,9016.471500076432,9030.472654026109
2026-075K,2026-124B,6,8,10731.897140683603,10754.471050937776
2026-075K,2026-124C,6,8,12121.24526608874,12095.42635748669
2026-075K,2026-124D,6,8,13142.29589542323,13119.93789291411
2026-075K,2026-124E,6,8,13764.022815528404,13766.53138019763
2026-075K,2026-124F,6,8,13967.540346559324,13968.68420453027
2026-075K,2026-124G,6,8,13108.094336509828,13088.489539918359
2026-075K,2026-124H,6,8,13746.65659597834,13746.677771145703
2026-075K,2026-124J,6,8,12071.240840785795,12095.330119318998
2026-075K,2026-124K,6,8,6940.4671836960115,6971.50604646808
2026-075K,2026-124L,6,8,4730.192777010722,4680.82507805757
2026-075K,2026-124M,6,8,2376.1964076538275,2341.1972949766814
2026-075K,2026-124N,6,8,2474.6819425763147,2478.210543542026
2026-075K,2026-124P,6,8,50.00373188864932,28.882925818915716
2026-075K,2026-124Q,6,8,4824.175252630211,4829.6702917797065
2026-075K,2026-124R,6,8,7027.073541805105,7044.222919589277
2026-075K,2026-124S,6,8,10667.616453652774,10643.508533615024
2026-075K,2026-124T,6,8,8939.85535921207,8949.627822156735
2026-075K,2026-125A,6,4,9858.608599691783,9857.684523753578
2026-075K,2026-125B,6,4,12639.128799200444,12645.944185890756
2026-075K,2026-125C,6,4,11430.049096260453,11393.825879749387
2026-075K,2026-125D,6,4,11422.405351081687,11469.06981622078
2026-075K,2026-125E,6,4,13471.826308399406,13490.336207630695
2026-075K,2026-125F,6,4,13896.346907653713,13906.430939384285
2026-075K,2026-125G,6,4,12644.763736249373,12666.804728263613
2026-075K,2026-125H,6,4,13895.183477189232,13896.827390238755
2026-075K,2026-125J,6,4,8006.193131753594,8031.347798988641
2026-075K,2026-125K,6,4,13475.27440386051,13491.905047812572
2026-075K,2026-125L,6,4,3616.681662199049,3592.1236081323977
2026-075K,2026-125M,6,4,5901.077672286956,5881.805256470313
2026-075K,2026-125N,6,4,1222.3627171840815,1157.603809416234
2026-075K,2026-125P,6,4,3603.788006097583,3558.7815029066683
2026-075K,2026-125Q,6,4,7995.268793307006,8024.300669759743
2026-075K,2026-125R,6,4,1209.1109403208845,1217.8175453656474
2026-075K,2026-125S,6,4,5888.997870883418,5920.762612986784
2026-075K,2026-125T,6,4,9868.035863952937,9856.088991192859
2026-075L,2026-104A,6,7,13543.984638102509,13489.815017730174
2026-075L,2026-104B,6,7,10807.148288271328,10759.840978732052
2026-075L,2026-104C,6,7,3176.631404663422,3181.591125028579
2026-075L,2026-104D,6,7,14313.04807914954,14308.46615991102
2026-075L,2026-104E,6,7,6766.811296204005,6661.650556694473
2026-075L,2026-104F,6,7,12363.39369349712,12344.908641198217
2026-075L,2026-104G,6,7,8922.531663156527,8856.564214541175
2026-075L,2026-104H,6,7,7880.407554315409,7915.567576313952
2026-075L,2026-104J,6,7,4405.480900178883,4385.431554156844
2026-075L,2026-104K,6,7,642.9417646944545,661.6074422567641
2026-075L,2026-104L,6,7,1910.2954367290417,1847.9419721747618
2026-075L,2026-104M,6,7,11633.690523140258,11629.521421729087
2026-075L,2026-104N,6,7,5613.807014326162,5705.256304107611
2026-075L,2026-104P,6,7,9907.568543861353,9909.30194076217
2026-075L,2026-104Q,6,7,13006.330805666728,13028.19943782337
2026-075L,2026-104R,6,7,14536.337753415943,14536.128549986111
2026-075L,2026-104S,6,7,13983.77867586308,13999.60244625706
2026-075L,2026-104T,6,7,14647.216849590155,14647.515677967353
2026-075L,2026-108A,6,0,12502.201258145105,12510.94303188696
2026-075L,2026-108B,6,0,574.6670163550284,577.7355123210717
2026-075L,2026-108C,6,0,10794.675748851505,10740.888736496803
2026-075L,2026-108D,6,0,12796.389313791764,12804.899713714214
2026-075L,2026-108E,6,0,11828.125955486938,11820.27932951809
2026-075L,2026-108F,6,0,9433.215656735641,9424.918674478318
2026-075L,2026-108G,6,0,4916.630919061016,5007.612402012925
2026-075L,2026-108H,6,0,5900.521701227882,5896.4970739355695
2026-075L,2026-108J,6,0,7785.149752495118,7778.864487507827
2026-075L,2026-108K,6,0,3836.615316715431,3760.7057576482207
2026-075L,2026-108L,6,0,1656.1858372755892,1636.9260296745765
2026-075L,2026-108M,6,0,8665.579546484047,8665.352584663935
2026-075L,2026-108N,6,0,2788.04531350564,2874.1384064163162
2026-075L,2026-108P,6,0,10171.993415217199,10168.500341760033
2026-075L,2026-108Q,6,0,6895.878639854997,6910.107755382245
2026-075L,2026-108R,6,0,12221.220296341042,12254.929771090838
2026-075L,2026-108S,6,0,12701.776768864693,12718.148465576147
2026-075L,2026-108T,6,0,11369.33230648087,11385.662932187197
2026-075L,2026-121A,6,5,5624.085475597144,5605.1708857253625
2026-075L,2026-121B,6,5,14309.254507901356,14316.099778698608
2026-075L,2026-124A,6,8,13746.657130932483,13730.34570509459
2026-075L,2026-124B,6,8,13108.09057341899,13068.397434581304
2026-075L,2026-124C,6,8,12071.242437568724,12056.881153788956
2026-075L,2026-124D,6,8,10667.613119520996,10660.990030643969
2026-075L,2026-124E,6,8,8939.859440252614,8871.733078459436
2026-075L,2026-124F,6,8,6940.464538561715,6894.440584547833
2026-075L,2026-124G,6,8,2376.1959238219365,2293.5286537275824
2026-075L,2026-124H,6,8,4730.202817514439,4694.420268766525
2026-075L,2026-124J,6,8,50.00373188864162,26.333934548922468
2026-075L,2026-124K,6,8,7027.078276047184,7013.108730539032
2026-075L,2026-124L,6,8,9016.46541705183,9070.351114176927
2026-075L,2026-124M,6,8,10731.901844102798,10768.46240887589
2026-075L,2026-124N,6,8,13142.297379800553,13154.213894317993
2026-075L,2026-124P,6,8,12121.24457253296,12125.628760174077
2026-075L,2026-124Q,6,8,13764.022777279088,13773.28270062846
2026-075L,2026-124R,6,8,13967.539279126238,13969.558773813
2026-075L,2026-124S,6,8,2474.688431929546,2527.7166479421326
2026-075L,2026-124T,6,8,4824.167799027886,4827.985849088041
2026-075L,2026-125A,6,4,13475.27830384658,13466.344186367049
2026-075L,2026-125B,6,4,11430.05064527719,11396.261395763295
2026-075L,2026-125C,6,4,1209.0818528360583,1301.877067789875
2026-075L,2026-125D,6,4,12644.763097970883,12591.756342528839
2026-075L,2026-125E,6,4,9868.035860223254,9793.198884363357
2026-075L,2026-125F,6,4,5901.079027508975,5891.506047300937
2026-075L,2026-125G,6,4,1222.4068819139093,1233.6159853189008
2026-075L,2026-125H,6,4,8006.190960453352,8013.093106474718
2026-075L,2026-125J,6,4,5888.994878016805,5885.2130172447905
2026-075L,2026-125K,6,4,3616.6653352562994,3622.152315566961
2026-075L,2026-125L,6,4,9858.609258591136,9896.06974554576
2026-075L,2026-125M,6,4,7995.2704075759075,8034.07907517484
2026-075L,2026-125N,6,4,11422.401331313466,11478.090521126767
2026-075L,2026-125P,6,4,13471.823454415275,13474.31060995988
2026-075L,2026-125Q,6,4,13896.345403388766,13894.042192039315
2026-075L,2026-125R,6,4,12639.130180959732,12659.194117778923
2026-075L,2026-125S,6,4,13895.185996682709,13905.681094354113
2026-075L,2026-125T,6,4,3603.798685172476,3647.8345199286982
2026-075M,2026-104A,6,7,14536.337341278528,14546.113999752946
2026-075M,2026-104B,6,7,14313.047974206105,14303.395931095361
2026-075M,2026-104C,6,7,4405.483616035072,4413.608066548025
2026-075M,2026-104D,6,7,13983.779270456307,13970.515650986243
2026-075M,2026-104E,6,7,12363.393935085232,12310.25438807488
2026-075M,2026-104F,6,7,14647.217723719268,14646.676373650631
2026-075M,2026-104G,6,7,13543.984558188567,13520.992388875351
2026-075M,2026-104H,6,7,642.9534188676131,670.4248655343564
2026-075M,2026-104J,6,7,10807.147582550211,10804.334891923765
2026-075M,2026-104K,6,7,6766.809201966866,6762.3017415979475
2026-075M,2026-104L,6,7,8922.532501007903,8885.756382836167
2026-075M,2026-104M,6,7,5613.806749837682,5590.653911054466
2026-075M,2026-104N,6,7,1910.2940006149743,1825.2611896777873
2026-075M,2026-104P,6,7,3176.631188136027,3163.1613667555835
2026-075M,2026-104Q,6,7,7880.407727878288,7901.611548887781
2026-075M,2026-104R,6,7,11633.690851991556,11612.550927783856
2026-075M,2026-104S,6,7,9907.567487840764,9927.377094396896
2026-075M,2026-104T,6,7,13006.329999915128,12989.346671433113
2026-075M,2026-108A,6,0,12221.219401866369,12217.854997636456
2026-075M,2026-108B,6,0,5900.532179884341,5919.206215020124
2026-075M,2026-108C,6,0,12796.389786249025,12802.539248052362
2026-075M,2026-108D,6,0,11369.339766785077,11390.138508174137
2026-075M,2026-108E,6,0,12701.777608867482,12709.279413215745
2026-075M,2026-108F,6,0,12502.194041437939,12513.641061186952
2026-075M,2026-108G,6,0,1656.155875172875,1576.1185083010023
2026-075M,2026-108H,6,0,10794.6660524949,10807.567344148361
2026-075M,2026-108J,6,0,11828.132754795437,11840.613190445
2026-075M,2026-108K,6,0,9433.22794113442,9394.196213585006
2026-075M,2026-108L,6,0,7785.141923907797,7786.050767671957
2026-075M,2026-108M,6,0,2788.0076704319476,2765.2035797736653
2026-075M,2026-108N,6,0,3836.616065541358,3772.1779271254572
2026-075M,2026-108P,6,0,4916.641144988963,4883.860638577441
2026-075M,2026-108Q,6,0,574.7015575343065,570.4964414294531
2026-075M,2026-108R,6,0,8665.589626789777,8713.119785249706
2026-075M,2026-108S,6,0,10171.99038722235,10166.818501183036
2026-075M,2026-108T,6,0,6895.868796962763,6892.5767265751565
2026-075M,2026-121A,6,5,11639.76135826409,11642.585645880787
2026-075M,2026-121B,6,5,10798.308724952134,10787.849278071242
2026-075M,2026-124A,6,8,13142.294673482465,13151.261921073965
2026-075M,2026-124B,6,8,13764.025427951608,13770.72291079208
2026-075M,2026-124C,6,8,13967.53796475978,13965.251669440091
2026-075M,2026-124D,6,8,13746.66058584971,13748.734667222383
2026-075M,2026-124E,6,8,13108.090485711366,13084.278958435085
2026-075M,2026-124F,6,8,12071.241537214551,12054.229134344669
2026-075M,2026-124G,6,8,8939.855418101663,8886.284972505036
2026-075M,2026-124H,6,8,10667.614624928538,10653.894147429066
2026-075M,2026-124J,6,8,6940.469331881634,6972.7435503726365
2026-075M,2026-124K,6,8,50.003731888643635,18.986257027517496
2026-075M,2026-124L,6,8,2474.6963149809244,2529.0344462533244
2026-075M,2026-124M,6,8,4824.167689897264,4860.538850861881
2026-075M,2026-124N,6,8,9016.466232652,9023.556475483849
2026-075M,2026-124P,6,8,7027.076154338022,7013.549631832637
2026-075M,2026-124Q,6,8,10731.897247810924,10741.392487380703
2026-075M,2026-124R,6,8,12121.246162728685,12136.586246298302
2026-075M,2026-124S,6,8,4730.191222352693,4690.036072259008
2026-075M,2026-124T,6,8,2376.217166344919,2384.279012087222
2026-075M,2026-125A,6,4,13471.823451683304,13481.167850981137
2026-075M,2026-125B,6,4,13896.345978883322,13902.444325380244
2026-075M,2026-125C,6,4,5901.0812146535,5831.762662876279
2026-075M,2026-125D,6,4,13895.184745612916,13912.448643266529
2026-075M,2026-125E,6,4,13475.27392180493,13460.579991580322
2026-075M,2026-125F,6,4,11430.047568337386,11439.594740482376
2026-075M,2026-125G,6,4,8006.188759034085,8031.364118556267
2026-075M,2026-125H,6,4,12644.767367428909,12662.65397229125
2026-075M,2026-125J,6,4,1222.3693198549902,1244.0997935938753
2026-075M,2026-125K,6,4,9868.039760206193,9888.157405454087
2026-075M,2026-125L,6,4,3603.7880163103423,3634.648424049861
2026-075M,2026-125M,6,4,1209.096296961759,1237.4612404051536
2026-075M,2026-125N,6,4,5889.000822802017,5954.456377365174
2026-075M,2026-125P,6,4,9858.614589300012,9834.176682918427
2026-075M,2026-125Q,6,4,12639.131581794858,12663.136929091552
2026-075M,2026-125R,6,4,7995.267793056484,8009.508630359851
2026-075M,2026-125S,6,4,11422.400624729922,11450.23721315796
2026-075M,2026-125T,6,4,3616.667131338841,3589.247387971609
2026-075N,2026-104A,6,7,5613.807014326161,5628.738318243985
2026-075N,2026-104B,6,7,9907.568543861355,9863.321101078309
2026-075N,2026-104C,6,7,14313.048079149541,14328.798392319432
2026-075N,2026-104D,6,7,3176.631404663422,3080.2062665423405
2026-075N,2026-104E,6,7,13006.33080566673,13003.189774333046
2026-075N,2026-104F,6,7,7880.407554315405,7800.195526104416
2026-075N,2026-104G,6,7,11633.690523140256,11606.398531991568
2026-075N,2026-104H,6,7,12363.39369349712,12375.231774854314
2026-075N,2026-104J,6,7,13983.77867586308,13952.645203434184
2026-075N,2026-104K,6,7,14647.216849590155,14650.178596354774
2026-075N,2026-104L,6,7,14536.33775341594,14531.949503887728
2026-075N,2026-104M,6,7,8922.531663156518,8977.693523044341
2026-075N,2026-104N,6,7,13543.984638102504,13532.00148822349
2026-075N,2026-104P,6,7,10807.148288271332,10848.072836792966
2026-075N,2026-104Q,6,7,6766.811296204005,6785.065935593844
2026-075N,2026-104R,6,7,1910.2954367290413,1993.7481725329467
2026-075N,2026-104S,6,7,4405.480900178894,4424.49789187225
2026-075N,2026-104T,6,7,642.9417646944546,553.9528990896929
2026-075N,2026-108A,6,0,2788.045313505644,2699.57816352862
2026-075N,2026-108B,6,0,12796.389313791764,12820.717763032595
2026-075N,2026-108C,6,0,6895.878639854996,6905.088809654764
2026-075N,2026-108D,6,0,574.6670163550283,554.5263486096184
2026-075N,2026-108E,6,0,4916.630919061015,4861.263109653806
2026-075N,2026-108F,6,0,8665.579546484045,8610.180158640223
2026-075N,2026-108G,6,0,11828.12595548694,11824.891260925706
2026-075N,2026-108H,6,0,11369.332306480865,11333.229878677756
2026-075N,2026-108J,6,0,10171.993415217197,10124.810228896593
2026-075N,2026-108K,6,0,12221.220296341042,12223.187364438
2026-075N,2026-108L,6,0,12701.776768864693,12702.913261489897
2026-075N,2026-108M,6,0,9433.215656735641,9487.337650465379
2026-075N,2026-108N,6,0,12502.201258145105,12514.57241169051
2026-075N,2026-108P,6,0,7785.149752495122,7858.032544399939
2026-075N,2026-108Q,6,0,10794.675748851503,10832.723697242645
2026-075N,2026-108R,6,0,3836.615316715431,3826.4246070418753
2026-075N,2026-108S,6,0,1656.185837275584,1730.6513749494134
2026-075N,2026-108T,6,0,5900.521701227877,5954.3243559264865
2026-075N,2026-121A,6,5,13538.31967956861,13505.508825722494
2026-075N,2026-121B,6,5,3187.7406412549994,3257.6198932250363
2026-075N,2026-124A,6,8,2474.6884319295464,2452.742278920103
2026-075N,2026-124B,6,8,4824.167799027882,4817.606785763652
2026-075N,2026-124C,6,8,7027.078276047184,6944.058617454624
2026-075N,2026-124D,6,8,9016.465417051826,8929.54281426122
2026-075N,2026-124E,6,8,10731.901844102795,10709.037189649303
2026-075N,2026-124F,6,8,12121.244572532958,12087.868317433598
2026-075N,2026-124G,6,8,13764.022777279088,13758.704699472708
2026-075N,2026-124H,6,8,13142.297379800553,13115.267679649776
2026-075N,2026-124J,6,8,13967.539279126238,13967.797565761548
2026-075N,2026-124K,6,8,12071.242437568722,12113.060339711968
2026-075N,2026-124L,6,8,10667.613119520996,10661.355715109983
2026-075N,2026-124M,6,8,8939.859440252614,8944.409625739
2026-075N,2026-124N,6,8,4730.202817514444,4763.792278313957
2026-075N,2026-124P,6,8,6940.464538561715,6994.741737467951
2026-075N,2026-124Q,6,8,2376.1959238219306,2410.0327927284743
2026-075N,2026-124R,6,8,50.00373188864313,28.915980588224016
2026-075N,2026-124S,6,8,13746.657130932485,13747.368050786003
2026-075N,2026-124T,6,8,13108.09057341899,13128.26063761384
2026-075N,2026-125A,6,4,3603.7986851724786,3557.0530243865132
2026-075N,2026-125B,6,4,7995.270407575906,7959.866364982091
2026-075N,2026-125C,6,4,13896.345403388766,13901.764957867907
2026-075N,2026-125D,6,4,5888.994878016806,5915.388952195954
2026-075N,2026-125E,6,4,9858.609258591134,9858.467937415611
2026-075N,2026-125F,6,4,12639.130180959728,12602.425579598292
2026-075N,2026-125G,6,4,13895.18599668271,13892.809611022936
2026-075N,2026-125H,6,4,11422.401331313464,11357.386432415879
2026-075N,2026-125J,6,4,12644.763097970883,12683.14262207362
2026-075N,2026-125K,6,4,13471.823454415275,13449.38520490541
2026-075N,2026-125L,6,4,9868.035860223254,9883.929238041763
2026-075N,2026-125M,6,4,11430.050645277192,11448.164594414598
2026-075N,2026-125N,6,4,8006.190960453358,7989.789928347092
2026-075N,2026-125P,6,4,3616.6653352562994,3702.4851993107
2026-075N,2026-125Q,6,4,1209.0818528360585,1200.9666021360938
2026-075N,2026-125R,6,4,5901.079027508974,5932.016372143457
2026-075N,2026-125S,6,4,1222.4068819139095,1228.4777681741464
2026-075N,2026-125T,6,4,13475.278303846584,13490.462420457236
2026-075P,2026-104A,6,7,9907.567587750134,9942.834734517757
2026-075P,2026-104B,6,7,13006.330536197747,12994.58540488783
2026-075P,2026-104C,6,7,12363.394137572719,12379.788136236806
2026-075P,2026-104D,6,7,7880.4079422328105,7822.481164887596
2026-075P,2026-104E,6,7,14536.338232856111,14540.570578474533
2026-075P,2026-104F,6,7,11633.690563263037,11595.755259054098
2026-075P,2026-104G,6,7,13983.778669248668,13981.432486142032
2026-075P,2026-104H,6,7,8922.531943085709,8912.707775564797
2026-075P,2026-104J,6,7,14647.216777617432,14649.129019048642
2026-075P,2026-104K,6,7,13543.984339312587,13551.3713814432
2026-075P,2026-104L,6,7,14313.04867181724,14311.446133643127
2026-075P,2026-104M,6,7,4405.480787834805,4442.301744056324
2026-075P,2026-104N,6,7,10807.147636905358,10761.002910128635
2026-075P,2026-104P,6,7,6766.809813673232,6791.526881035344
2026-075P,2026-104Q,6,7,1910.2982374494945,1900.6172024201242
2026-075P,2026-104R,6,7,3176.6356201270833,3123.2865321162685
2026-075P,2026-104S,6,7,642.9363403297243,652.5354664359319
2026-075P,2026-104T,6,7,5613.805860004352,5558.737682325506
2026-075P,2026-108A,6,0,6895.880762724948,6845.517408090531
2026-075P,2026-108B,6,0,11828.126646688444,11859.610790928735
2026-075P,2026-108C,6,0,10172.001508491569,10200.379767203487
2026-075P,2026-108D,6,0,4916.631229821131,4925.5244592014915
2026-075P,2026-108E,6,0,8665.57918976087,8645.217923533213
2026-075P,2026-108F,6,0,11369.330445341508,11354.447801292763
2026-075P,2026-108G,6,0,9433.215727194722,9395.904282543985
2026-075P,2026-108H,6,0,12701.77315706116,12704.20079788298
2026-075P,2026-108J,6,0,12221.225010143218,12214.722229914967
2026-075P,2026-108K,6,0,12796.391884206922,12804.79351343241
2026-075P,2026-108L,6,0,12502.195611723606,12517.77694844706
2026-075P,2026-108M,6,0,5900.521031041363,5940.117978311967
2026-075P,2026-108N,6,0,10794.670588764768,10779.382906594195
2026-075P,2026-108P,6,0,3836.6425413245347,3892.0591035085226
2026-075P,2026-108Q,6,0,7785.153709501892,7808.351919257973
2026-075P,2026-108R,6,0,574.7707837043795,615.222025190643
2026-075P,2026-108S,6,0,2788.0061563866284,2745.5466370813006
2026-075P,2026-108T,6,0,1656.1356132532003,1684.386121228599
2026-075P,2026-121A,6,5,14645.409579688456,14649.260575636457
2026-075P,2026-121B,6,5,1898.559804012388,1859.04074800081
2026-075P,2026-124A,6,8,7027.074303578361,7032.242568340543
2026-075P,2026-124B,6,8,9016.466376047103,9033.378109500298
2026-075P,2026-124C,6,8,10731.898173986026,10689.68678216569
2026-075P,2026-124D,6,8,12121.244672791147,12080.618483044937
2026-075P,2026-124E,6,8,13142.297175682392,13141.391525112382
2026-075P,2026-124F,6,8,13764.022709800389,13758.817956195422
2026-075P,2026-124G,6,8,13746.656613436313,13739.125948113458
2026-075P,2026-124H,6,8,13967.541961860145,13967.09631901107
2026-075P,2026-124J,6,8,13108.092819950696,13129.463742313974
2026-075P,2026-124K,6,8,8939.856077909652,8976.644378775427
2026-075P,2026-124L,6,8,6940.465475489775,6904.504156557248
2026-075P,2026-124M,6,8,4730.195348006792,4706.976494585986
2026-075P,2026-124N,6,8,50.003731888637205,42.70707324994479
2026-075P,2026-124P,6,8,2376.193832322441,2408.008785802632
2026-075P,2026-124Q,6,8,2474.6817877173726,2469.070520571576
2026-075P,2026-124R,6,8,4824.178866656072,4831.348340187886
2026-075P,2026-124S,6,8,12071.240897846179,12058.377827772047
2026-075P,2026-124T,6,8,10667.614804549889,10683.498499525953
2026-075P,2026-125A,6,4,7995.274547432991,7982.664719917099
2026-075P,2026-125B,6,4,11422.404087339886,11420.366103768798
2026-075P,2026-125C,6,4,12644.763185196694,12626.89507083497
2026-075P,2026-125D,6,4,9858.608670818337,9904.649428903114
2026-075P,2026-125E,6,4,12639.128797080748,12657.940196010015
2026-075P,2026-125F,6,4,13895.183896141103,13898.132109761655
2026-075P,2026-125G,6,4,13475.27526986232,13497.000629993161
2026-075P,2026-125H,6,4,13471.824922966152,13456.987673884832
2026-075P,2026-125J,6,4,9868.035750482824,9900.951098141002
2026-075P,2026-125K,6,4,13896.34598538767,13910.247411353645
2026-075P,2026-125L,6,4,5901.077675130066,5889.717959466753
2026-075P,2026-125M,6,4,8006.196050240737,8000.3437718860205
2026-075P,2026-125N,6,4,3616.675253434919,3565.604763483366
2026-075P,2026-125P,6,4,1209.0964077510998,1150.8763180373096
2026-075P,2026-125Q,6,4,5888.994763495073,5909.641425251019
2026-075P,2026-125R,6,4,1222.3635893840622,1225.3427745895185
2026-075P,2026-125S,6,4,3603.789924730665,3626.5040947591365
2026-075P,2026-125T,6,4,11430.050628869842,11430.85287524734
2026-075Q,2026-104A,6,7,12363.393855021546,12290.341363526833
2026-075Q,2026-104B,6,7,8922.531719271426,8873.270409494624
2026-075Q,2026-104C,6,7,5613.806303895588,5609.119261031387
2026-075Q,2026-104D,6,7,13543.984433468911,13537.268987441137
2026-075Q,2026-104E,6,7,4405.4806741838875,4301.611304498227
2026-075Q,2026-104F,6,7,10807.14789336101,10788.586551100088
2026-075Q,2026-104G,6,7,6766.810444377236,6700.824691152363
2026-075Q,2026-104H,6,7,9907.567990292922,9931.37101918873
2026-075Q,2026-104J,6,7,1910.3012548558695,1899.6113751042158
2026-075Q,2026-104K,6,7,3176.6321213423657,3184.5623684307084
2026-075Q,2026-104L,6,7,642.9378888740316,695.7023971664349
2026-075Q,2026-104M,6,7,13006.330957878325,12999.317091064893
2026-075Q,2026-104N,6,7,7880.407653335947,7955.54593920112
2026-075Q,2026-104P,6,7,11633.690496188692,11629.838764982642
2026-075Q,2026-104Q,6,7,13983.778691670803,13995.870061374448
2026-075Q,2026-104R,6,7,14647.216762525712,14647.975102089498
2026-075Q,2026-104S,6,7,14536.33809666539,14542.264958301155
2026-075Q,2026-104T,6,7,14313.048323212963,14309.181280085486
2026-075Q,2026-108A,6,0,11828.125778679787,11834.442627704479
2026-075Q,2026-108B,6,0,2788.03358397111,2785.2675255256945
2026-075Q,2026-108C,6,0,9433.215948889769,9365.394863696401
2026-075Q,2026-108D,6,0,12502.197940694758,12495.698275383806
2026-075Q,2026-108E,6,0,10794.674430977333,10780.466095108157
2026-075Q,2026-108F,6,0,7785.155536828927,7776.753279376006
2026-075Q,2026-108G,6,0,6895.885505033415,6973.064901422428
2026-075Q,2026-108H,6,0,3836.6308039812593,3837.6759511562127
2026-075Q,2026-108J,6,0,5900.520563971926,5896.819223439597
2026-075Q,2026-108K,6,0,1656.1396650920499,1584.156343783086
2026-075Q,2026-108L,6,0,574.6673961499034,587.0104976664026
2026-075Q,2026-108M,6,0,10171.996854395558,10169.125697371368
2026-075Q,2026-108N,6,0,4916.631185429828,4992.336206028345
2026-075Q,2026-108P,6,0,11369.330832422353,11366.500762104342
2026-075Q,2026-108Q,6,0,8665.579038629923,8674.150951774622
2026-075Q,2026-108R,6,0,12701.774476487903,12720.643624090686
2026-075Q,2026-108S,6,0,12796.390116120874,12812.339468509652
2026-075Q,2026-108T,6,0,12221.222147638879,12234.477883766003
2026-075Q,2026-121A,6,5,3187.737933738007,3176.4268036717153
2026-075Q,2026-121B,6,5,14645.409374004917,14652.304168137829
2026-075Q,2026-124A,6,8,13108.09147787928,13076.944321147264
2026-075Q,2026-124B,6,8,12071.241430107326,12015.997232669873
2026-075Q,2026-124C,6,8,10667.613693172256,10653.054093279645
2026-075Q,2026-124D,6,8,8939.857438256977,8937.171621216728
2026-075Q,2026-124E,6,8,6940.464593777985,6870.538584336799
2026-075Q,2026-124F,6,8,4730.19913168781,4688.451300692098
2026-075Q,2026-124G,6,8,50.00373188863766,124.42866872276986
2026-075Q,2026-124H,6,8,2376.193671044942,2347.997980161174
2026-075Q,2026-124J,6,8,2474.683950837756,2441.534433350527
2026-075Q,2026-124K,6,8,9016.46557845019,8997.321506024176
2026-075Q,2026-124L,6,8,10731.899741792953,10771.299598478465
2026-075Q,2026-124M,6,8,12121.244552733942,12145.554752025875
2026-075Q,2026-124N,6,8,13764.022727236335,13768.729540752265
2026-075Q,2026-124P,6,8,13142.298892412648,13143.482797281718
2026-075Q,2026-124Q,6,8,13967.540538617593,13969.181611461305
2026-075Q,2026-124R,6,8,13746.656663542282,13733.540742266725
2026-075Q,2026-124S,6,8,4824.169289752218,4864.8264305004905
2026-075Q,2026-124T,6,8,7027.075881659686,7021.907610589148
2026-075Q,2026-125A,6,4,12644.763096644056,12628.128679850473
2026-075Q,2026-125B,6,4,9868.035752182997,9829.56762457689
2026-075Q,2026-125C,6,4,3603.802690657648,3685.690661823602
2026-075Q,2026-125D,6,4,11430.052673127968,11359.17688826571
2026-075Q,2026-125E,6,4,8006.193155177561,7924.853017057116
2026-075Q,2026-125F,6,4,3616.670394996134,3614.295708850549
2026-075Q,2026-125G,6,4,1209.08127288435,1189.4578255382228
2026-075Q,2026-125H,6,4,5901.077855799626,5915.498669204933
2026-075Q,2026-125J,6,4,7995.272741995073,7986.89768635989
2026-075Q,2026-125K,6,4,1222.3692459111733,1236.3652908151391
2026-075Q,2026-125L,6,4,11422.402453330413,11451.462471812116
2026-075Q,2026-125M,6,4,9858.60866810081,9888.97119826765
2026-075Q,2026-125N,6,4,12639.12925766733,12680.889572149013
2026-075Q,2026-125P,6,4,13895.184735972525,13902.054354103115
2026-075Q,2026-125Q,6,4,13475.276569858092,13457.72299517041
2026-075Q,2026-125R,6,4,13471.823971637808,13486.678733633966
2026-075Q,2026-125S,6,4,13896.345483965864,13894.336119309108
2026-075Q,2026-125T,6,4,5888.994882566143,5923.801922803231
2026-075R,2026-104A,6,7,13006.330037968113,13019.5451204744
2026-075R,2026-104B,6,7,14536.337581197005,14530.198330380435
2026-075R,2026-104C,6,7,8922.532893811469,8961.673451660496
2026-075R,2026-104D,6,7,11633.69171431501,11578.833770645762
2026-075R,2026-104E,6,7,14313.04842694958,14302.59647925428
2026-075R,2026-104F,6,7,13983.778887855338,13959.111147658066
2026-075R,2026-104G,6,7,14647.21680948533,14647.817447834796
2026-075R,2026-104H,6,7,4405.482034073549,4415.9646896976155
2026-075R,2026-104J,6,7,13543.9843324834,13560.011288748161
2026-075R,2026-104K,6,7,10807.14753935879,10832.016842261253
2026-075R,2026-104L,6,7,12363.394701277484,12363.202003967248
2026-075R,2026-104M,6,7,642.9402251147885,579.1637879997179
2026-075R,2026-104N,6,7,6766.8092156357125,6725.537244281248
2026-075R,2026-104P,6,7,1910.2945524671636,1962.1196713769866
2026-075R,2026-104Q,6,7,3176.632462065834,3161.8392701498606
2026-075R,2026-104R,6,7,7880.40862115797,7814.330842900214
2026-075R,2026-104S,6,7,5613.805771841408,5600.061195108248
2026-075R,2026-104T,6,7,9907.567235742848,9847.08621459038
2026-075R,2026-108A,6,0,10171.990775981054,10128.599552412645
2026-075R,2026-108B,6,0,9433.219214025856,9480.298464531033
2026-075R,2026-108C,6,0,12221.226207981816,12236.080903260347
2026-075R,2026-108D,6,0,8665.586071820553,8662.076846061693
2026-075R,2026-108E,6,0,11369.330579728736,11352.919325386918
2026-075R,2026-108F,6,0,12701.772913692543,12704.408517833477
2026-075R,2026-108G,6,0,5900.522416616922,5863.040211925352
2026-075R,2026-108H,6,0,12502.193919227966,12523.739812422074
2026-075R,2026-108J,6,0,12796.398317641153,12811.752230247552
2026-075R,2026-108K,6,0,11828.131517148136,11826.31243934536
2026-075R,2026-108L,6,0,10794.666338859754,10820.993884539868
2026-075R,2026-108M,6,0,1656.1360145824078,1716.9985836191568
2026-075R,2026-108N,6,0,7785.144641893751,7765.590462145243
2026-075R,2026-108P,6,0,574.8243780463727,499.8304084315838
2026-075R,2026-108Q,6,0,3836.628023017267,3877.878409253178
2026-075R,2026-108R,6,0,4916.652474143173,4937.68118335207
2026-075R,2026-108S,6,0,6895.868700578146,6847.388853112352
2026-075R,2026-108T,6,0,2788.0047380070946,2743.8687966937305
2026-075R,2026-121A,6,5,13986.047121964948,14005.981178958235
2026-075R,2026-121B,6,5,6755.86246686391,6701.210258951864
2026-075R,2026-124A,6,8,10731.896641886686,10722.255253538684
2026-075R,2026-124B,6,8,12121.249077631446,12122.148992151147
2026-075R,2026-124C,6,8,13142.29505163639,13112.807028392323
2026-075R,2026-124D,6,8,13764.023338014116,13746.253030297597
2026-075R,2026-124E,6,8,13967.539141941634,13966.197839619465
2026-075R,2026-124F,6,8,13746.656701839922,13749.158065797608
2026-075R,2026-124G,6,8,12071.24082090476,12057.228864754778
2026-075R,2026-124H,6,8,13108.0926152999,13116.22136958468
2026-075R,2026-124J,6,8,10667.61831716159,10717.690241854882
2026-075R,2026-124K,6,8,4730.191418703815,4794.773308708062
2026-075R,2026-124L,6,8,2376.2013970290227,2358.027057778326
2026-075R,2026-124M,6,8,50.00373188864937,51.31851702752673
2026-075R,2026-124N,6,8,4824.171542656264,4795.526286463766
2026-075R,2026-124P,6,8,2474.6844154140013,2420.559242703454
2026-075R,2026-124Q,6,8,7027.073596340849,7003.243629594624
2026-075R,2026-124R,6,8,9016.469566426167,9006.405170363523
2026-075R,2026-124S,6,8,8939.855282165005,8935.964055393377
2026-075R,2026-124T,6,8,6940.469718394625,6979.85649923804
2026-075R,2026-125A,6,4,11422.401323400361,11405.973768647518
2026-075R,2026-125B,6,4,13471.827379892562,13472.726905169147
2026-075R,2026-125C,6,4,9868.036570064127,9844.758403189713
2026-075R,2026-125D,6,4,12639.128743721229,12664.092325498059
2026-075R,2026-125E,6,4,13895.183479117315,13905.345133522864
2026-075R,2026-125F,6,4,13475.27397185348,13496.82994866891
2026-075R,2026-125G,6,4,11430.048075301329,11475.047593630858
2026-075R,2026-125H,6,4,13896.34825076312,13911.388866862184
2026-075R,2026-125J,6,4,5901.077862036558,5957.768086687111
2026-075R,2026-125K,6,4,12644.764749801563,12679.588067668903
2026-075R,2026-125L,6,4,1222.3627034587014,1230.0921657509803
2026-075R,2026-125M,6,4,3616.6752015815546,3627.6839402630453
2026-075R,2026-125N,6,4,1209.1301099889924,1240.8588843597995
2026-075R,2026-125P,6,4,5889.0008546472745,5817.639021206048
2026-075R,2026-125Q,6,4,9858.610455876313,9862.619987055388
2026-075R,2026-125R,6,4,3603.787710257439,3580.4713901901177
2026-075R,2026-125S,6,4,7995.267928501917,7998.058300645439
2026-075R,2026-125T,6,4,8006.190943721919,8017.578952206094
2026-075S,2026-104A,6,7,7880.4076533359475,7890.942433566476
2026-075S,2026-104B,6,7,11633.690496188688,11595.747931625367
2026-075S,2026-104C,6,7,13543.984433468913,13570.432118407178
2026-075S,2026-104D,6,7,5613.806303895588,5518.453601306293
2026-075S,2026-104E,6,7,13983.778691670803,13981.819634769881
2026-075S,2026-104F,6,7,9907.567990292926,9835.030284758475
2026-075S,2026-104G,6,7,13006.330957878325,12985.143429251171
2026-075S,2026-104H,6,7,10807.147893361012,10822.960255790786
2026-075S,2026-104J,6,7,14536.33809666539,14522.515992374618
2026-075S,2026-104K,6,7,14313.048323212959,14325.635869923997
2026-075S,2026-104L,6,7,14647.21676252571,14651.025588455956
2026-075S,2026-104M,6,7,6766.810444377237,6831.389160654822
2026-075S,2026-104N,6,7,12363.393855021544,12346.590152197781
2026-075S,2026-104P,6,7,8922.531719271421,8972.382798149778
2026-075S,2026-104Q,6,7,4405.480674183881,4428.644166286587
2026-075S,2026-104R,6,7,642.9378888740315,554.3547840651407
2026-075S,2026-104S,6,7,1910.3012548558697,1934.3704772782205
2026-075S,2026-104T,6,7,3176.6321213423657,3085.1669646615032
2026-075S,2026-108A,6,0,4916.631185429834,4831.284447107099
2026-075S,2026-108B,6,0,12502.197940694758,12536.907846945724
2026-075S,2026-108C,6,0,8665.579038629929,8673.783872836284
2026-075S,2026-108D,6,0,2788.0335839711156,2766.3449888828627
2026-075S,2026-108E,6,0,6895.885505033418,6844.253428422348
2026-075S,2026-108F,6,0,10171.996854395562,10127.916051732915
2026-075S,2026-108G,6,0,10794.67443097733,10785.159371438862
2026-075S,2026-108H,6,0,12221.22214763888,12201.756229073144
2026-075S,2026-108J,6,0,11369.330832422353,11336.606966807225
2026-075S,2026-108K,6,0,12701.774476487903,12708.139297510534
2026-075S,2026-108L,6,0,12796.390116120872,12811.050866315949
2026-075S,2026-108M,6,0,7785.155536828927,7847.158440041056
2026-075S,2026-108N,6,0,11828.125778679787,11835.55272907546
2026-075S,2026-108P,6,0,5900.520563971925,5981.287419262289
2026-075S,2026-108Q,6,0,9433.215948889769,9477.210717146978
2026-075S,2026-108R,6,0,1656.1396650920497,1647.3731449600623
2026-075S,2026-108S,6,0,574.667396149909,498.59779457216894
2026-075S,2026-108T,6,0,3836.6308039812534,3894.6913630921367
2026-075S,2026-121A,6,5,14309.254278231503,14293.763292349451
2026-075S,2026-121B,6,5,654.539113289921,729.27590858414
2026-075S,2026-124A,6,8,4824.169289752218,4799.15816470372
2026-075S,2026-124B,6,8,7027.075881659686,7017.582942496992
2026-075S,2026-124C,6,8,9016.465578450192,8940.32186115026
2026-075S,2026-124D,6,8,10731.899741792959,10657.305760590543
2026-075S,2026-124E,6,8,12121.244552733939,12102.552371292813
2026-075S,2026-124F,6,8,13142.298892412644,13119.401908660142
2026-075S,2026-124G,6,8,13967.540538617593,13967.169023516004
2026-075S,2026-124H,6,8,13764.022727236334,13750.250487323816
2026-075S,2026-124J,6,8,13746.656663542282,13764.205144663
2026-075S,2026-124K,6,8,10667.61369317225,10721.108414022425
2026-075S,2026-124L,6,8,8939.857438256979,8933.850983267197
2026-075S,2026-124M,6,8,6940.464593777985,6947.785973558566
2026-075S,2026-124N,6,8,2376.1936710449486,2415.3282331412765
2026-075S,2026-124P,6,8,4730.1991316877975,4791.646361067006
2026-075S,2026-124Q,6,8,50.00373188865005,11.618418297425675
2026-075S,2026-124R,6,8,2474.6839508377625,2449.974905634368
2026-075S,2026-124S,6,8,13108.091477879283,13111.00647003457
2026-075S,2026-124T,6,8,12071.241430107322,12101.03373256275
2026-075S,2026-125A,6,4,5888.994882566143,5843.153531921001
2026-075S,2026-125B,6,4,9858.608668100811,9828.400594009181
2026-075S,2026-125C,6,4,13475.27656985809,13476.796888133053
2026-075S,2026-125D,6,4,7995.272741995075,8018.400377839943
2026-075S,2026-125E,6,4,11422.402453330407,11423.676677123414
2026-075S,2026-125F,6,4,13471.823971637808,13453.061021553958
2026-075S,2026-125G,6,4,13896.345483965863,13912.804075559687
2026-075S,2026-125H,6,4,12639.129257667331,12593.492075698656
2026-075S,2026-125J,6,4,11430.052673127968,11478.863527759135
2026-075S,2026-125K,6,4,13895.184735972525,13893.75685709845
2026-075S,2026-125L,6,4,8006.193155177551,8024.66497261469
2026-075S,2026-125M,6,4,9868.035752183,9888.861695038384
2026-075S,2026-125N,6,4,5901.077855799626,5884.183356035193
2026-075S,2026-125P,6,4,1222.3692459111671,1314.005328010782
2026-075S,2026-125Q,6,4,3603.802690657648,3593.014130689625
2026-075S,2026-125R,6,4,3616.6703949961343,3651.9504423118315
2026-075S,2026-125S,6,4,1209.0812728843498,1199.5395402284835
2026-075S,2026-125T,6,4,12644.763096644057,12663.260039364495
2026-075T,2026-104A,6,7,3176.631159018864,3298.701647337484
2026-075T,2026-104B,6,7,7880.407594103474,7920.527513977523
2026-075T,2026-104C,6,7,14647.217038810686,14646.829247602109
2026-075T,2026-104D,6,7,642.9479677456018,653.7727629855572
2026-075T,2026-104E,6,7,11633.69050413926,11693.054018768664
2026-075T,2026-104F,6,7,5613.807991295369,5626.355511873016
2026-075T,2026-104G,6,7,9907.568344042971,9952.78564484485
2026-075T,2026-104H,6,7,13543.984953213188,13511.398294315875
2026-075T,2026-104J,6,7,13006.330422038935,13006.98718531379
2026-075T,2026-104K,6,7,14536.337513101525,14536.426533310854
2026-075T,2026-104L,6,7,13983.778767058155,14000.4897449615
2026-075T,2026-104M,6,7,10807.148821635938,10781.247937565
2026-075T,2026-104N,6,7,14313.047939627191,14282.81413135166
2026-075T,2026-104P,6,7,12363.393652999583,12338.437559120677
2026-075T,2026-104Q,6,7,8922.53177474107,8852.752262165015
2026-075T,2026-104R,6,7,4405.481465819542,4381.481212535411
2026-075T,2026-104S,6,7,6766.809653722944,6687.686772151985
2026-075T,2026-104T,6,7,1910.2942449626994,1889.9993176883067
2026-075T,2026-108A,6,0,574.664737400939,578.0120337489138
2026-075T,2026-108B,6,0,12701.78003418905,12719.753165841908
2026-075T,2026-108C,6,0,4916.63181415561,5011.302585686152
2026-075T,2026-108D,6,0,1656.205582771118,1582.793516461733
2026-075T,2026-108E,6,0,2788.028333292048,2820.4305127945995
2026-075T,2026-108F,6,0,6895.873566778716,6908.099400402004
2026-075T,2026-108G,6,0,12502.202396026549,12483.113244609569
2026-075T,2026-108H,6,0,10171.991190960662,10175.100369921485
2026-075T,2026-108J,6,0,8665.581480464112,8672.470584306922
2026-075T,2026-108K,6,0,11369.334867515374,11406.963977314044
2026-075T,2026-108L,6,0,12221.219456251749,12233.375623563346
2026-075T,2026-108M,6,0,10794.671577171745,10789.209027653262
2026-075T,2026-108N,6,0,12796.389477220464,12806.700732031735
2026-075T,2026-108P,6,0,9433.216368094603,9433.679438729718
2026-075T,2026-108Q,6,0,11828.125722486975,11822.647613755717
2026-075T,2026-108R,6,0,5900.534660855935,5807.462051499351
2026-075T,2026-108S,6,0,3836.6152598278713,3819.431051924453
2026-075T,2026-108T,6,0,7785.142120165332,7759.883619547903
2026-075T,2026-121A,6,5,12356.030429058941,12364.792919546198
2026-075T,2026-121B,6,5,5624.0847714537185,5591.027672919265
2026-075T,2026-124A,6,8,50.00373188864327,132.7312990510883
2026-075T,2026-124B,6,8,2474.695230976323,2570.1519762592693
2026-075T,2026-124C,6,8,4824.167497371127,4831.2889275398775
2026-075T,2026-124D,6,8,7027.081486737974,7017.456460645365
2026-075T,2026-124E,6,8,9016.465443668547,9066.393154737345
2026-075T,2026-124F,6,8,10731.899991756309,10752.59361193074
2026-075T,2026-124G,6,8,13142.29604122206,13164.125255885254
2026-075T,2026-124H,6,8,12121.244629357952,12130.458939694212
2026-075T,2026-124J,6,8,13764.023244079577,13757.186172509202
2026-075T,2026-124K,6,8,13108.090106570677,13102.054465614037
2026-075T,2026-124L,6,8,12071.243920229395,12014.096096792167
2026-075T,2026-124M,6,8,10667.613083596692,10604.6294362414
2026-075T,2026-124N,6,8,6940.465309841016,6881.112946387524
2026-075T,2026-124P,6,8,8939.861390473296,8908.858061195271
2026-075T,2026-124Q,6,8,4730.193050343593,4664.600075544109
2026-075T,2026-124R,6,8,2376.2005906446457,2294.2770187017168
2026-075T,2026-124S,6,8,13967.538430319015,13962.993948715091
2026-075T,2026-124T,6,8,13746.658015606463,13737.950807128453
2026-075T,2026-125A,6,4,1209.0818306779054,1263.305317837117
2026-075T,2026-125B,6,4,5888.995866540799,5942.00629220726
2026-075T,2026-125C,6,4,13895.187678270462,13911.00286381307
2026-075T,2026-125D,6,4,3603.7935061016638,3730.575119217471
2026-075T,2026-125E,6,4,7995.268804612024,8077.585733543484
2026-075T,2026-125F,6,4,11422.400721290165,11428.424639135887
2026-075T,2026-125G,6,4,13471.823371299048,13475.802366664779
2026-075T,2026-125H,6,4,9858.610442288687,9849.375105779305
2026-075T,2026-125J,6,4,13475.276583775194,13478.634499102418
2026-075T,2026-125K,6,4,12639.131566957065,12640.613747106618
2026-075T,2026-125L,6,4,11430.049107980005,11387.974115804984
2026-075T,2026-125M,6,4,12644.763182286035,12619.70423621564
2026-075T,2026-125N,6,4,9868.03656090459,9784.085536155295
2026-075T,2026-125P,6,4,5901.086823671312,5889.883485100256
2026-075T,2026-125Q,6,4,1222.395073210795,1128.076732161771
2026-075T,2026-125R,6,4,8006.188674797011,7951.876760344189
2026-075T,2026-125S,6,4,3616.6655291390093,3523.2833285727047
2026-075T,2026-125T,6,4,13896.345404596092,13900.905716776637
2026-104A,2026-108A,7,0,2400.070206075393,2516.5603120568403
2026-104A,2026-108B,7,0,13123.793271481927,13092.731660348823
2026-104A,2026-108C,7,0,2447.2656257495123,2436.6726539429637
2026-104A,2026-108D,7,0,4751.17695188688,4789.936053621911
2026-104A,2026-108E,7,0,23.95968444327486,60.500624068557805
2026-104A,2026-108F,7,0,4796.201638228142,4693.621296347883
2026-104A,2026-108G,7,0,13957.326728336326,13965.781879618356
2026-104A,2026-108H,7,0,8989.949841582094,8895.061377288102
2026-104A,2026-108J,7,0,6999.416570230502,6897.829110864138
2026-104A,2026-108K,7,0,10707.3371797251,10680.476852226931
2026-104A,2026-108L,7,0,12099.378056336027,12049.46047949188
2026-104A,2026-108M,7,0,13107.401431977698,13148.881340676768
2026-104A,2026-108N,7,0,13749.442590854054,13755.273769261998
2026-104A,2026-108P,7,0,12075.422205494224,12139.342126600615
2026-104A,2026-108Q,7,0,13741.121864913915,13765.118703051843
2026-104A,2026-108R,7,0,8953.246554541663,8960.454610599307
2026-104A,2026-108S,7,0,6957.912890894025,7047.228787156217
2026-104A,2026-108T,7,0,10676.530531081968,10734.57568507668
2026-104A,2026-121A,7,5,9857.367213499841,9781.211361699332
2026-104A,2026-121B,7,5,8016.247218737584,8092.282971120448
2026-104A,2026-124A,7,8,3123.4366164281737,3161.85105759208
2026-104A,2026-124B,7,8,587.634831980415,610.7332840592244
2026-104A,2026-124C,7,8,1966.0650817716185,1850.3556826849715
2026-104A,2026-124D,7,8,4460.006831724828,4329.425135755754
2026-104A,2026-124E,7,8,6818.430331246098,6768.210883486219
2026-104A,2026-124F,7,8,8969.68114020086,8896.107724229281
2026-104A,2026-124G,7,8,12397.4805468612,12367.073824819645
2026-104A,2026-124H,7,8,10848.392322993106,10775.96645335006
2026-104A,2026-124J,7,8,13569.878180675125,13506.733467903285
2026-104A,2026-124K,7,8,14534.036912290001,14550.402729238318
2026-104A,2026-124L,7,8,13971.829425929443,13976.891181805313
2026-104A,2026-124M,7,8,12985.093528449363,12999.123590727626
2026-104A,2026-124N,7,8,9869.956496348936,9911.990282165822
2026-104A,2026-124P,7,8,11603.812737432449,11656.919684835619
2026-104A,2026-124Q,7,8,7836.20560816417,7881.935874468421
2026-104A,2026-124R,7,8,5564.358036780469,5600.604752378329
2026-104A,2026-124S,7,8,14329.96106920856,14312.253084028966
2026-104A,2026-124T,7,8,14654.636615807716,14649.247507832864
2026-104A,2026-125A,7,4,1670.3426552531369,1731.8143568775586
2026-104A,2026-125B,7,4,2769.770771158064,2712.512847083808
2026-104A,2026-125C,7,4,12204.612365728603,12202.401956922567
2026-104A,2026-125D,7,4,558.2109463916067,566.642287427679
2026-104A,2026-125E,7,4,4897.1558155636,4878.175498279698
2026-104A,2026-125F,7,4,8645.450945494169,8566.776366163785
2026-104A,2026-125G,7,4,11350.976609411693,11298.032916639453
2026-104A,2026-125H,7,4,6875.774915046875,6769.14080396661
2026-104A,2026-125J,7,4,12784.708999952734,12800.51301475884
2026-104A,2026-125K,7,4,10152.462634769801,10081.367087064213
2026-104A,2026-125L,7,4,11822.782563542765,11845.545461118756
2026-104A,2026-125M,7,4,12493.551518838876,12513.551844135081
2026-104A,2026-125N,7,4,10792.795855484663,10799.525970796618
2026-104A,2026-125P,7,4,7790.260414794567,7872.522656711053
2026-104A,2026-125Q,7,4,3848.107512506746,3872.07018503929
2026-104A,2026-125R,7,4,9434.855019147819,9472.651212679935
2026-104A,2026-125S,7,4,5908.946157173994,5929.616503907013
2026-104A,2026-125T,7,4,12687.407841607417,12689.394376549053
2026-104B,2026-108A,7,0,6957.914933831421,7000.162413719676
2026-104B,2026-108B,7,0,10707.334428383958,10678.493201363128
2026-104B,2026-108C,7,0,2400.0809597746975,2340.1014574001797
2026-104B,2026-108D,7,0,8953.242719863672,8933.096871832106
2026-104B,2026-108E,7,0,4751.172166182523,4764.512656840686
2026-104B,2026-108F,7,0,23.95968444328142,14.316719489248053
2026-104B,2026-108G,7,0,13123.790820523078,13147.26050797901
2026-104B,2026-108H,7,0,4796.201288491375,4744.6940611355485
2026-104B,2026-108J,7,0,2447.2809100163727,2400.7863054323047
2026-104B,2026-108K,7,0,6999.418159410252,7021.181438527031
2026-104B,2026-108L,7,0,8989.949896035747,8961.38488627524
2026-104B,2026-108M,7,0,13957.32525450269,13967.681779851675
2026-104B,2026-108N,7,0,12099.378451927028,12125.408532078247
2026-104B,2026-108P,7,0,13741.124753607513,13760.454909327753
2026-104B,2026-108Q,7,0,13749.44599433327,13752.745792749503
2026-104B,2026-108R,7,0,12075.420393942954,12050.15687611411
2026-104B,2026-108S,7,0,10676.530776429621,10703.188534229083
2026-104B,2026-108T,7,0,13107.400747199597,13122.332398668146
2026-104B,2026-121A,7,5,5884.413232659652,5845.8896225051585
2026-104B,2026-121B,7,5,11439.673523689291,11457.359894511199
2026-104B,2026-124A,7,8,7836.205594403506,7804.7255947901
2026-104B,2026-124B,7,8,5564.357478585406,5513.826857629955
2026-104B,2026-124C,7,8,3123.4367571462926,3160.9104682014336
2026-104B,2026-124D,7,8,587.6188974874215,646.3781315434876
2026-104B,2026-124E,7,8,1966.0665563966254,1986.7526224571525
2026-104B,2026-124F,7,8,4460.0053889702485,4444.265155810802
2026-104B,2026-124G,7,8,8969.680749345613,8982.779914763638
2026-104B,2026-124H,7,8,6818.431185996739,6789.7972399550545
2026-104B,2026-124J,7,8,10848.39313020037,10785.411222829945
2026-104B,2026-124K,7,8,14329.961233330045,14315.556888537249
2026-104B,2026-124L,7,8,14654.635916104851,14657.061558606456
2026-104B,2026-124M,7,8,14534.03727562356,14530.239119391003
2026-104B,2026-124N,7,8,12985.094160677967,12979.201582733873
2026-104B,2026-124P,7,8,13971.828590903264,13978.837811306044
2026-104B,2026-124Q,7,8,11603.812640537413,11592.977716487772
2026-104B,2026-124R,7,8,9869.95722025939,9843.962654467103
2026-104B,2026-124S,7,8,12397.480500319774,12392.136012332163
2026-104B,2026-124T,7,8,13569.878566030384,13548.243044158644
2026-104B,2026-125A,7,4,5908.954001965659,5906.934388268362
2026-104B,2026-125B,7,4,1670.385284538797,1664.8309905538201
2026-104B,2026-125C,7,4,10152.4549612209,10173.790088127724
2026-104B,2026-125D,7,4,3848.0989768910085,3778.7282737154724
2026-104B,2026-125E,7,4,558.1966255679258,601.2025716866277
2026-104B,2026-125F,7,4,4897.15568774096,4854.277359422206
2026-104B,2026-125G,7,4,8645.45141030217,8598.99314637795
2026-104B,2026-125H,7,4,2769.790705640526,2707.7499171401596
2026-104B,2026-125J,7,4,12204.608018726765,12196.54064887129
2026-104B,2026-125K,7,4,6875.770294807736,6825.097985977657
2026-104B,2026-125L,7,4,12784.706794075862,12792.5192856125
2026-104B,2026-125M,7,4,12687.416445508168,12696.400500796628
2026-104B,2026-125N,7,4,12493.554911539777,12488.025695919268
2026-104B,2026-125P,7,4,10792.788206878977,10817.689419362343
2026-104B,2026-125Q,7,4,7790.253008376873,7759.459119420623
2026-104B,2026-125R,7,4,11822.782280234163,11823.893239282852
2026-104B,2026-125S,7,4,9434.857298197134,9407.696746802949
2026-104B,2026-125T,7,4,11350.978912908646,11352.59743178549
2026-104C,2026-108A,7,0,13957.328088317947,13963.606958446093
2026-104C,2026-108B,7,0,2400.068452579389,2405.5633402991693
2026-104C,2026-108C,7,0,13107.402437834204,13072.369825255128
2026-104C,2026-108D,7,0,13749.44262762488,13762.899573659426
2026-104C,2026-108E,7,0,13741.121479793712,13739.824017161853
2026-104C,2026-108F,7,0,12075.418768432597,12071.751882074253
2026-104C,2026-108G,7,0,2447.2615370724093,2543.296831196393
2026-104C,2026-108H,7,0,8953.246756710714,8953.654190109612
2026-104C,2026-108J,7,0,10676.531222936945,10674.542563418025
2026-104C,2026-108K,7,0,6957.913119274314,6887.525979859944
2026-104C,2026-108L,7,0,4751.181175086031,4737.1088697640735
2026-104C,2026-108M,7,0,6999.414312381869,6985.2955220188705
2026-104C,2026-108N,7,0,23.959684443275297,110.6408163178032
2026-104C,2026-108P,7,0,8989.950138860944,8967.963858911035
2026-104C,2026-108Q,7,0,4796.203404225709,4800.735226025987
2026-104C,2026-108R,7,0,12099.37797409097,12140.48038772547
2026-104C,2026-108S,7,0,13123.79406986577,13127.042656765214
2026-104C,2026-108T,7,0,10707.335162308558,10711.673513204632
2026-104C,2026-121A,7,5,8016.247385556147,8011.892487087487
2026-104C,2026-121B,7,5,12641.37958856193,12650.691101127224
2026-104C,2026-124A,7,8,14654.636267067526,14655.508763957436
2026-104C,2026-124B,7,8,14534.036881760658,14518.415701961412
2026-104C,2026-124C,7,8,13971.829417443561,13965.317260043323
2026-104C,2026-124D,7,8,12985.093381500876,12983.840060144476
2026-104C,2026-124E,7,8,11603.81363131571,11551.245500526764
2026-104C,2026-124F,7,8,9869.956154648993,9833.398634761013
2026-104C,2026-124G,7,8,5564.357167500553,5487.596519121384
2026-104C,2026-124H,7,8,7836.205773344724,7807.232249013969
2026-104C,2026-124J,7,8,3123.43656198915,3152.6754015404567
2026-104C,2026-124K,7,8,4460.008045619153,4436.704528544819
2026-104C,2026-124L,7,8,6818.430226032389,6877.06758917431
2026-104C,2026-124M,7,8,8969.681580524019,9009.229635534797
2026-104C,2026-124N,7,8,12397.480747316105,12408.968565035317
2026-104C,2026-124P,7,8,10848.392121874143,10844.379556023952
2026-104C,2026-124Q,7,8,13569.87791197406,13580.912295718554
2026-104C,2026-124R,7,8,14329.961140437714,14340.309899482281
2026-104C,2026-124S,7,8,587.6309043908915,535.7056291578257
2026-104C,2026-124T,7,8,1966.0652231037957,1964.9806927206846
2026-104C,2026-125A,7,4,12784.711560802316,12796.328633748337
2026-104C,2026-125B,7,4,11822.784281728935,11815.22562980446
2026-104C,2026-125C,7,4,1670.3324990727028,1592.0348613171245
2026-104C,2026-125D,7,4,12493.549975124892,12481.774198866258
2026-104C,2026-125E,7,4,10792.787528189148,10752.69981187115
2026-104C,2026-125F,7,4,7790.266510593106,7793.155948154656
2026-104C,2026-125G,7,4,3848.116623970575,3865.956335596736
2026-104C,2026-125H,7,4,9434.855855170023,9451.417981311368
2026-104C,2026-125J,7,4,2769.7601600673565,2760.7845762421543
2026-104C,2026-125K,7,4,5908.94538914315,5923.0386323585135
2026-104C,2026-125L,7,4,6875.768833374747,6912.605588766969
2026-104C,2026-125M,7,4,4897.157900440529,4932.691630822122
2026-104C,2026-125N,7,4,8645.45068917077,8707.286657611521
2026-104C,2026-125P,7,4,11350.976859786508,11350.402451947612
2026-104C,2026-125Q,7,4,12687.40730087649,12706.304931941637
2026-104C,2026-125R,7,4,10152.461315094306,10175.379388539299
2026-104C,2026-125S,7,4,12204.616066432962,12228.84828698991
2026-104C,2026-125T,7,4,558.251495827803,594.0886571581426
2026-104D,2026-108A,7,0,23.959684443278395,15.931989608898027
2026-104D,2026-108B,7,0,13749.44262762488,13762.481836530043
2026-104D,2026-108C,7,0,4796.203404225707,4890.1825801868745
2026-104D,2026-108D,7,0,2400.068452579394,2331.8774914745495
2026-104D,2026-108E,7,0,2447.2615370724093,2471.686645246411
2026-104D,2026-108F,7,0,6999.414312381868,7002.133654646423
2026-104D,2026-108G,7,0,13741.121479793712,13728.073896488835
2026-104D,2026-108H,7,0,10707.335162308555,10702.207377735107
2026-104D,2026-108J,7,0,8989.950138860939,8987.418921738858
2026-104D,2026-108K,7,0,12099.377974090969,12137.29870608717
2026-104D,2026-108L,7,0,13123.794069865764,13132.621854598578
2026-104D,2026-108M,7,0,12075.418768432603,12076.008404241464
2026-104D,2026-108N,7,0,13957.328088317947,13970.359140947892
2026-104D,2026-108P,7,0,10676.531222936947,10683.956261076677
2026-104D,2026-108Q,7,0,13107.402437834204,13106.163686797814
2026-104D,2026-108R,7,0,6957.913119274314,6868.805818801894
2026-104D,2026-108S,7,0,4751.181175086028,4742.973620946049
2026-104D,2026-108T,7,0,8953.246756710712,8934.846203406545
2026-104D,2026-121A,7,5,11422.908744608583,11427.936040817325
2026-104D,2026-121B,7,5,5910.903518734927,5892.25683101145
2026-104D,2026-124A,7,8,587.6309043909043,511.2661222770033
2026-104D,2026-124B,7,8,1966.0652231037893,2056.413720966984
2026-104D,2026-124C,7,8,4460.008045619151,4457.988480196803
2026-104D,2026-124D,7,8,6818.430226032394,6799.364547757807
2026-104D,2026-124E,7,8,8969.681580524015,9016.717758661529
2026-104D,2026-124F,7,8,10848.392121874129,10865.01082535937
2026-104D,2026-124G,7,8,13569.87791197406,13593.840021451035
2026-104D,2026-124H,7,8,12397.480747316102,12403.620245387581
2026-104D,2026-124J,7,8,14329.961140437714,14321.244052609169
2026-104D,2026-124K,7,8,13971.829417443561,13971.275035182878
2026-104D,2026-124L,7,8,12985.093381500872,12937.307116819573
2026-104D,2026-124M,7,8,11603.81363131571,11549.835618180241
2026-104D,2026-124N,7,8,7836.205773344725,7786.04315886018
2026-104D,2026-124P,7,8,9869.956154648993,9847.432947364374
2026-104D,2026-124Q,7,8,5564.35716750056,5507.481514719805
2026-104D,2026-124R,7,8,3123.4365619891496,3049.41697130029
2026-104D,2026-124S,7,8,14654.636267067526,14656.10808868893
2026-104D,2026-124T,7,8,14534.036881760658,14531.215143071662
2026-104D,2026-125A,7,4,558.2514958278058,598.0773924222013
2026-104D,2026-125B,7,4,4897.157900440527,4937.423759794403
2026-104D,2026-125C,7,4,12687.40730087649,12703.844912464483
2026-104D,2026-125D,7,4,2769.7601600673506,2877.4757775447392
2026-104D,2026-125E,7,4,6875.768833374743,6944.787722930638
2026-104D,2026-125F,7,4,10152.4613150943,10151.676399888105
2026-104D,2026-125G,7,4,12204.61606643296,12204.663468886243
2026-104D,2026-125H,7,4,8645.450689170764,8628.724020465732
2026-104D,2026-125J,7,4,12493.549975124892,12500.735185935797
2026-104D,2026-125K,7,4,11350.976859786508,11347.237742667501
2026-104D,2026-125L,7,4,10792.787528189148,10762.915531512117
2026-104D,2026-125M,7,4,11822.784281728935,11807.420721582612
2026-104D,2026-125N,7,4,9434.855855170023,9368.768840339579
2026-104D,2026-125P,7,4,5908.945389143146,5908.250095243281
2026-104D,2026-125Q,7,4,1670.3324990727085,1594.0997196828491
2026-104D,2026-125R,7,4,7790.266510593105,7750.249247852851
2026-104D,2026-125S,7,4,3848.116623970572,3772.6642147071025
2026-104D,2026-125T,7,4,12784.711560802316,12792.944567087543
2026-104E,2026-108A,7,0,10676.533193852363,10740.376347678837
2026-104E,2026-108B,7,0,6999.41356390187,6910.0226875378885
2026-104E,2026-108C,7,0,6957.920309689507,6945.7697017915825
2026-104E,2026-108D,7,0,12075.418510967635,12089.45514023374
2026-104E,2026-108E,7,0,8953.241475330815,9000.896337825761
2026-104E,2026-108F,7,0,4751.171813131107,4830.849288351425
2026-104E,2026-108G,7,0,10707.332507198207,10708.116453559633
2026-104E,2026-108H,7,0,23.959684443580567,77.95195959282698
2026-104E,2026-108J,7,0,2400.0855943357,2492.6015407399977
2026-104E,2026-108K,7,0,2447.268872327573,2424.6595406321762
2026-104E,2026-108L,7,0,4796.202286448799,4713.19313029134
2026-104E,2026-108M,7,0,13123.790136600153,13090.762763045455
2026-104E,2026-108N,7,0,8989.955101396718,8982.007778568062
2026-104E,2026-108P,7,0,13749.444403342182,13736.221420751108
2026-104E,2026-108Q,7,0,12099.381732582293,12057.734792318486
2026-104E,2026-108R,7,0,13741.122255062899,13746.624795712296
2026-104E,2026-108S,7,0,13107.401831669527,13144.499820164769
2026-104E,2026-108T,7,0,13957.325442179177,13968.065768420262
2026-104E,2026-121A,7,5,1201.723549143722,1111.34522759465
2026-104E,2026-121B,7,5,13483.306749983494,13513.270025498461
2026-104E,2026-124A,7,8,11603.812678414975,11611.192995107802
2026-104E,2026-124B,7,8,9869.956271568692,9864.797046087157
2026-104E,2026-124C,7,8,7836.205964379731,7907.690227683944
2026-104E,2026-124D,7,8,5564.356322172476,5661.114042982327
2026-104E,2026-124E,7,8,3123.4386230577156,3147.5895173729145
2026-104E,2026-124F,7,8,587.6129312657245,650.2215241649748
2026-104E,2026-124G,7,8,4460.005259599018,4429.839860533696
2026-104E,2026-124H,7,8,1966.0710104123777,1887.451339022852
2026-104E,2026-124J,7,8,6818.431952921513,6691.003947184457
2026-104E,2026-124K,7,8,12397.480926269489,12327.451000021183
2026-104E,2026-124L,7,8,13569.877706270045,13556.003583555157
2026-104E,2026-124M,7,8,14329.961806223959,14320.078438512242
2026-104E,2026-124N,7,8,14534.037767225767,14540.524747294798
2026-104E,2026-124P,7,8,14654.635839381559,14652.479316507175
2026-104E,2026-124Q,7,8,13971.828583185486,13983.388875017425
2026-104E,2026-124R,7,8,12985.093921480855,12993.045423561161
2026-104E,2026-124S,7,8,8969.68101154608,8920.917852151404
2026-104E,2026-124T,7,8,10848.39218500126,10772.978767043169
2026-104E,2026-125A,7,4,9434.864845358905,9467.928881943604
2026-104E,2026-125B,7,4,5908.9633461070935,5945.156004801445
2026-104E,2026-125C,7,4,6875.762578800597,6865.701459006173
2026-104E,2026-125D,7,4,7790.251982230674,7771.23639903689
2026-104E,2026-125E,7,4,3848.0988142217475,3849.13587096789
2026-104E,2026-125F,7,4,558.2038245527103,468.3837265081878
2026-104E,2026-125G,7,4,4897.161026948064,4796.4782550559885
2026-104E,2026-125H,7,4,1670.3662662351237,1776.4711559031923
2026-104E,2026-125J,7,4,10152.452183420315,10097.009262572556
2026-104E,2026-125K,7,4,2769.762578683338,2667.4834968004616
2026-104E,2026-125L,7,4,12204.607744281571,12199.561311384752
2026-104E,2026-125M,7,4,11350.98264711365,11334.537190478384
2026-104E,2026-125N,7,4,12687.409939074645,12697.770993032049
2026-104E,2026-125P,7,4,12493.550293326127,12522.12607611393
2026-104E,2026-125Q,7,4,10792.78516355647,10801.274167247719
2026-104E,2026-125R,7,4,12784.708475968244,12796.943560911419
2026-104E,2026-125S,7,4,11822.786201009632,11829.998434320607
2026-104E,2026-125T,7,4,8645.464036728481,8608.354774474592
2026-104F,2026-108A,7,0,4751.173948917418,4765.049880959545
2026-104F,2026-108B,7,0,12099.378014550539,12099.397331674612
2026-104F,2026-108C,7,0,23.959684443282764,118.11044174486496
2026-104F,2026-108D,7,0,6957.913495746632,6904.739711720965
2026-104F,2026-108E,7,0,2400.0743751458804,2381.3547844453037
2026-104F,2026-108F,7,0,2447.272083405587,2442.7013696715353
2026-104F,2026-108G,7,0,13749.442975741178,13772.858856003415
2026-104F,2026-108H,7,0,6999.41965636663,6982.059848143578
2026-104F,2026-108J,7,0,4796.201081011755,4783.862671490392
2026-104F,2026-108K,7,0,8989.949952273922,9036.561522298389
2026-104F,2026-108L,7,0,10707.336201160118,10707.956640355931
2026-104F,2026-108M,7,0,13741.124885333951,13751.387683167368
2026-104F,2026-108N,7,0,13123.791825123439,13158.922987935499
2026-104F,2026-108P,7,0,13107.400868432655,13121.954469248247
2026-104F,2026-108Q,7,0,13957.325783730943,13969.644266084491
2026-104F,2026-108R,7,0,10676.530382246148,10618.810743795613
2026-104F,2026-108S,7,0,8953.244313435294,8955.846885039551
2026-104F,2026-108T,7,0,12075.42205559723,12073.776619504813
2026-104F,2026-121A,7,5,7992.305238014328,7986.018877844173
2026-104F,2026-121B,7,5,9878.032582880945,9871.453769920636
2026-104F,2026-124A,7,8,5564.358451559777,5498.31316468573
2026-104F,2026-124B,7,8,3123.4365274658267,3037.3360682138305
2026-104F,2026-124C,7,8,587.625618741403,592.8467918029202
2026-104F,2026-124D,7,8,1966.065446658989,1940.7518587337156
2026-104F,2026-124E,7,8,4460.005946174876,4511.807447604403
2026-104F,2026-124F,7,8,6818.430651234331,6834.092861745004
2026-104F,2026-124G,7,8,10848.392659101946,10883.68109646619
2026-104F,2026-124H,7,8,8969.680863141304,8971.80914708554
2026-104F,2026-124J,7,8,12397.480464529066,12367.532904307734
2026-104F,2026-124K,7,8,14654.636623898217,14655.611730630311
2026-104F,2026-124L,7,8,14534.03704357767,14523.318509883806
2026-104F,2026-124M,7,8,13971.828683546019,13949.716736546092
2026-104F,2026-124N,7,8,11603.812625883882,11573.088505891334
2026-104F,2026-124P,7,8,12985.093788175136,12976.99952515842
2026-104F,2026-124Q,7,8,9869.956986420411,9829.840783013407
2026-104F,2026-124R,7,8,7836.205629863044,7776.656139273967
2026-104F,2026-124S,7,8,13569.878557293141,13580.429986521736
2026-104F,2026-124T,7,8,14329.961100172679,14326.576552657489
2026-104F,2026-125A,7,4,3848.101630140281,3815.540100577342
2026-104F,2026-125B,7,4,558.1926555704097,594.6874111997123
2026-104F,2026-125C,7,4,11350.977213806691,11382.995373844486
2026-104F,2026-125D,7,4,1670.3602504918738,1567.1462278984231
2026-104F,2026-125E,7,4,2769.785868463834,2841.776878392279
2026-104F,2026-125F,7,4,6875.776863620473,6863.009026422848
2026-104F,2026-125G,7,4,10152.458186028585,10134.531125410464
2026-104F,2026-125H,7,4,4897.156268077533,4866.78759659402
2026-104F,2026-125J,7,4,12687.409361734155,12693.439260522007
2026-104F,2026-125K,7,4,8645.450616766517,8624.9999698639
2026-104F,2026-125L,7,4,12493.558712529144,12488.422839410247
2026-104F,2026-125M,7,4,12784.707411043342,12791.408999589268
2026-104F,2026-125N,7,4,11822.781896377594,11792.21464597349
2026-104F,2026-125P,7,4,9434.85550015707,9440.938272040281
2026-104F,2026-125Q,7,4,5908.949028116659,5845.587193921069
2026-104F,2026-125R,7,4,10792.791455523156,10772.1564158025
2026-104F,2026-125S,7,4,7790.25591405363,7731.837676489049
2026-104F,2026-125T,7,4,12204.609683158882,12218.459066272273
2026-104G,2026-108A,7,0,8953.241773828511,9001.151542581045
2026-104G,2026-108B,7,0,8989.95048469124,8940.015137058712
2026-104G,2026-108C,7,0,4751.1716036850885,4705.623472153809
2026-104G,2026-108D,7,0,10676.531713632014,10669.278484328841
2026-104G,2026-108E,7,0,6957.917205146624,6981.284542377213
2026-104G,2026-108F,7,0,2400.089959936357,2450.032390122051
2026-104G,2026-108G,7,0,12099.381882182444,12120.115570218466
2026-104G,2026-108H,7,0,2447.2766285977877,2380.1357069388955
2026-104G,2026-108J,7,0,23.959684443490747,36.148352548228964
2026-104G,2026-108K,7,0,4796.201183079128,4806.56462003278
2026-104G,2026-108L,7,0,6999.415447511634,6953.319672204671
2026-104G,2026-108M,7,0,13749.445862686554,13743.871800575529
2026-104G,2026-108N,7,0,10707.333197062908,10725.88161362598
2026-104G,2026-108P,7,0,13957.325140652065,13967.740533992837
2026-104G,2026-108Q,7,0,13123.790257681803,13111.629854534243
2026-104G,2026-108R,7,0,13107.401068278665,13097.3740781446
2026-104G,2026-108S,7,0,12075.419212399367,12105.74934936902
2026-104G,2026-108T,7,0,13741.123293379418,13756.364385001307
2026-104G,2026-121A,7,5,3597.7114239345497,3543.6410541153577
2026-104G,2026-121B,7,5,12653.729147878255,12677.908087907386
2026-104G,2026-124A,7,8,9869.956671728354,9851.999218915063
2026-104G,2026-124B,7,8,7836.205685951945,7800.395266002597
2026-104G,2026-124C,7,8,5564.356768789404,5610.690919892002
2026-104G,2026-124D,7,8,3123.437455677227,3192.272110875934
2026-104G,2026-124E,7,8,587.6146683097221,578.460776438179
2026-104G,2026-124F,7,8,1966.0684109823185,1937.6888927389793
2026-104G,2026-124G,7,8,6818.4319355328535,6821.134512632118
2026-104G,2026-124H,7,8,4460.005160111545,4417.079520600639
2026-104G,2026-124J,7,8,8969.680798813886,8884.00152404558
2026-104G,2026-124K,7,8,13569.877801656956,13535.325511600304
2026-104G,2026-124L,7,8,14329.961468680538,14331.00876662238
2026-104G,2026-124M,7,8,14654.635827778622,14655.570428816345
2026-104G,2026-124N,7,8,13971.82860307324,13973.006539393655
2026-104G,2026-124P,7,8,14534.037608427452,14540.362945998171
2026-104G,2026-124Q,7,8,12985.094338418741,12984.060874851035
2026-104G,2026-124R,7,8,11603.81261659112,11591.011830681631
2026-104G,2026-124S,7,8,10848.393141129478,10831.235250038848
2026-104G,2026-124T,7,8,12397.480654233295,12357.651736538532
2026-104G,2026-125A,7,4,7790.25169776858,7800.731839775446
2026-104G,2026-125B,7,4,3848.099552767872,3855.4146993824834
2026-104G,2026-125C,7,4,8645.453641124555,8661.420353794036
2026-104G,2026-125D,7,4,5908.9610787114225,5857.083794902101
2026-104G,2026-125E,7,4,1670.3933053967805,1639.5501387604688
2026-104G,2026-125F,7,4,2769.774399064756,2712.7935522465123
2026-104G,2026-125G,7,4,6875.765533198503,6811.640586969148
2026-104G,2026-125H,7,4,558.191534151074,482.46028010028556
2026-104G,2026-125J,7,4,11350.98683070456,11327.600475914393
2026-104G,2026-125K,7,4,4897.1570886506115,4830.190342993348
2026-104G,2026-125L,7,4,12687.412702596142,12696.376520368
2026-104G,2026-125M,7,4,12204.607372434091,12208.613263159834
2026-104G,2026-125N,7,4,12784.707149050955,12793.363918866042
2026-104G,2026-125P,7,4,11822.783715112042,11850.738967183259
2026-104G,2026-125Q,7,4,9434.860413265735,9420.096624700609
2026-104G,2026-125R,7,4,12493.552105137747,12503.15110828258
2026-104G,2026-125S,7,4,10792.786109555926,10781.271847052582
2026-104G,2026-125T,7,4,10152.452960350667,10144.113315846282
2026-104H,2026-108A,7,0,13123.791825123437,13106.33796025546
2026-104H,2026-108B,7,0,6957.913495746638,6998.976229205857
2026-104H,2026-108C,7,0,13957.325783730943,13965.667271789005
2026-104H,2026-108D,7,0,12099.378014550537,12106.842565583289
2026-104H,2026-108E,7,0,13749.442975741182,13750.661930561366
2026-104H,2026-108F,7,0,13741.124885333948,13755.212618223115
2026-104H,2026-108G,7,0,2400.0743751458804,2339.946793850609
2026-104H,2026-108H,7,0,12075.422055597239,12100.706070048396
2026-104H,2026-108J,7,0,13107.400868432647,13127.184048100418
2026-104H,2026-108K,7,0,10676.530382246148,10652.726424263166
2026-104H,2026-108L,7,0,8953.244313435294,8973.736008426531
2026-104H,2026-108M,7,0,2447.272083405583,2394.5298678360705
2026-104H,2026-108N,7,0,4751.173948917421,4706.41076889277
2026-104H,2026-108P,7,0,4796.201081011751,4732.3139546068205
2026-104H,2026-108Q,7,0,23.95968444327348,8.99645353420304
2026-104H,2026-108R,7,0,8989.949952273922,9020.246223284177
2026-104H,2026-108S,7,0,10707.336201160118,10678.352373983862
2026-104H,2026-108T,7,0,6999.419656366632,6969.040080305373
2026-104H,2026-121A,7,5,11439.67324208617,11462.854371093295
2026-104H,2026-121B,7,5,9857.366957214319,9830.603226530975
2026-104H,2026-124A,7,8,13569.878557293136,13571.461975914308
2026-104H,2026-124B,7,8,14329.961100172677,14335.513088936872
2026-104H,2026-124C,7,8,14654.636623898215,14652.225092426317
2026-104H,2026-124D,7,8,14534.037043577673,14540.504989396086
2026-104H,2026-124E,7,8,13971.828683546022,13959.799116838143
2026-104H,2026-124F,7,8,12985.09378817514,12982.656398269757
2026-104H,2026-124G,7,8,9869.956986420411,9837.587879838213
2026-104H,2026-124H,7,8,11603.812625883882,11608.321637695817
2026-104H,2026-124J,7,8,7836.205629863051,7893.368690880337
2026-104H,2026-124K,7,8,587.6256187414061,647.9840602582411
2026-104H,2026-124L,7,8,1966.0654466589906,1995.9755598788213
2026-104H,2026-124M,7,8,4460.005946174878,4472.207935093622
2026-104H,2026-124N,7,8,8969.680863141304,8954.927200004486
2026-104H,2026-124P,7,8,6818.4306512343255,6778.352722962081
2026-104H,2026-124Q,7,8,10848.392659101952,10839.089902353593
2026-104H,2026-124R,7,8,12397.480464529066,12399.375739082625
2026-104H,2026-124S,7,8,5564.358451559778,5549.497739069185
2026-104H,2026-124T,7,8,3123.4365274658203,3159.269548602538
2026-104H,2026-125A,7,4,12204.609683158882,12207.868720529155
2026-104H,2026-125B,7,4,12784.707411043342,12795.587858198202
2026-104H,2026-125C,7,4,5908.949028116664,5869.345509749211
2026-104H,2026-125D,7,4,12687.409361734153,12706.562019120745
2026-104H,2026-125E,7,4,12493.558712529144,12491.25386409241
2026-104H,2026-125F,7,4,10792.79145552316,10816.920768403179
2026-104H,2026-125G,7,4,7790.255914053627,7833.832461440377
2026-104H,2026-125H,7,4,11822.781896377595,11849.849067832805
2026-104H,2026-125J,7,4,1670.3602504918738,1714.9408359236595
2026-104H,2026-125K,7,4,9434.85550015707,9471.54568633564
2026-104H,2026-125L,7,4,2769.785868463836,2774.7145118343974
2026-104H,2026-125M,7,4,558.1926555704082,559.5234126524684
2026-104H,2026-125N,7,4,4897.156268077534,4936.112029260297
2026-104H,2026-125P,7,4,8645.450616766517,8604.559349375466
2026-104H,2026-125Q,7,4,11350.977213806687,11364.023191100983
2026-104H,2026-125R,7,4,6875.776863620471,6868.923828412963
2026-104H,2026-125S,7,4,10152.458186028585,10164.32985182222
2026-104H,2026-125T,7,4,3848.1016301402824,3847.5976196082133
2026-104J,2026-108A,7,0,12075.418289648433,12082.665868507815
2026-104J,2026-108B,7,0,4796.210939946794,4784.053621571638
2026-104J,2026-108C,7,0,8953.241586476475,8873.411121823818
2026-104J,2026-108D,7,0,13107.40303737147,13089.555885502057
2026-104J,2026-108E,7,0,10676.535217089182,10659.843727604246
2026-104J,2026-108F,7,0,6957.918803804776,6952.896585990665
2026-104J,2026-108G,7,0,8989.954900053179,9059.158072577731
2026-104J,2026-108H,7,0,2400.0776855594145,2409.7509459445414
2026-104J,2026-108J,7,0,4751.1717067198115,4753.576522135372
2026-104J,2026-108K,7,0,23.959684443285884,93.2466444376584
2026-104J,2026-108L,7,0,2447.26348502413,2450.90185395897
2026-104J,2026-108M,7,0,12099.380074218483,12093.018826096783
2026-104J,2026-108N,7,0,6999.412508583231,7067.9156085229715
2026-104J,2026-108P,7,0,13123.790457278237,13119.861193607228
2026-104J,2026-108Q,7,0,10707.332358790542,10709.580761781486
2026-104J,2026-108R,7,0,13957.32615908374,13966.00091361299
2026-104J,2026-108S,7,0,13741.121638658937,13751.513358243792
2026-104J,2026-108T,7,0,13749.44336565405,13759.892711887032
2026-104J,2026-121A,7,5,1230.8230005043115,1230.1811220649079
2026-104J,2026-121B,7,5,13903.200420404934,13913.594376861587
2026-104J,2026-124A,7,8,12985.09361731991,12946.699534865897
2026-104J,2026-124B,7,8,11603.81286644088,11540.812851083052
2026-104J,2026-124C,7,8,9869.956019780771,9861.193420971136
2026-104J,2026-124D,7,8,7836.206429686608,7842.555319056763
2026-104J,2026-124E,7,8,5564.356138735078,5496.592193377209
2026-104J,2026-124F,7,8,3123.440259286226,3088.7456111348333
2026-104J,2026-124G,7,8,1966.0710707170845,2031.9850147211675
2026-104J,2026-124H,7,8,587.6136863790191,568.676984841131
2026-104J,2026-124J,7,8,4460.005687432546,4416.282807317957
2026-104J,2026-124K,7,8,10848.392065685077,10824.815148452912
2026-104J,2026-124L,7,8,12397.481316428122,12428.511077583304
2026-104J,2026-124M,7,8,13569.877718800508,13587.496012265676
2026-104J,2026-124N,7,8,14654.63582042044,14657.262565865833
2026-104J,2026-124P,7,8,14329.961967283753,14330.299160123033
2026-104J,2026-124Q,7,8,14534.037394722414,14527.918402540867
2026-104J,2026-124R,7,8,13971.828634531123,13949.04824111967
2026-104J,2026-124S,7,8,6818.430431683851,6850.211786471596
2026-104J,2026-124T,7,8,8969.681387541996,8957.78746519865
2026-104J,2026-125A,7,4,10792.785368881721,10775.967130657651
2026-104J,2026-125B,7,4,7790.25161741592,7757.0325306796085
2026-104J,2026-125C,7,4,4897.179379335685,4961.843864114199
2026-104J,2026-125D,7,4,9434.866265406203,9363.291637686141
2026-104J,2026-125E,7,4,5908.955702516231,5835.606388446953
2026-104J,2026-125F,7,4,1670.3466657961496,1676.5999016630983
2026-104J,2026-125G,7,4,2769.7552445638044,2744.3827480478
2026-104J,2026-125H,7,4,3848.1005970429305,3870.119729738787
2026-104J,2026-125J,7,4,8645.45854391844,8635.456373282179
2026-104J,2026-125K,7,4,558.238374427372,536.9263715097517
2026-104J,2026-125L,7,4,11350.979558223482,11372.87247132344
2026-104J,2026-125M,7,4,10152.452630430791,10175.14733484012
2026-104J,2026-125N,7,4,12204.609134268794,12234.63696517332
2026-104J,2026-125P,7,4,12784.710774826288,12794.687214832893
2026-104J,2026-125Q,7,4,11822.789737924131,11798.650080068028
2026-104J,2026-125R,7,4,12687.40815494668,12699.522360638517
2026-104J,2026-125S,7,4,12493.549476106886,12481.412244690866
2026-104J,2026-125T,7,4,6875.761431618866,6900.5610121408545
2026-104K,2026-108A,7,0,13741.121516586807,13750.713943873836
2026-104K,2026-108B,7,0,23.959684443261818,7.493410191703584
2026-104K,2026-108C,7,0,12075.418330188284,12028.370001078436
2026-104K,2026-108D,7,0,13957.328839022124,13966.025761620585
2026-104K,2026-108E,7,0,13107.403886001208,13104.456586807151
2026-104K,2026-108F,7,0,10676.532457810375,10677.65626242909
2026-104K,2026-108G,7,0,4796.206379001621,4877.6334147373755
2026-104K,2026-108H,7,0,6957.914180887232,6968.419143517764
2026-104K,2026-108J,7,0,8953.24212107671,8958.855428356432
2026-104K,2026-108K,7,0,4751.181556058511,4686.470999555008
2026-104K,2026-108L,7,0,2400.06911466466,2397.2924028890634
2026-104K,2026-108M,7,0,8989.951081033194,8971.543287416034
2026-104K,2026-108N,7,0,2447.2598173896563,2521.6407591256625
2026-104K,2026-108P,7,0,10707.333686346385,10685.790519564212
2026-104K,2026-108Q,7,0,6999.412882823456,6995.678199100583
2026-104K,2026-108R,7,0,13123.79242391198,13153.495770366742
2026-104K,2026-108S,7,0,13749.442555250016,13757.573107925627
2026-104K,2026-108T,7,0,12099.37819497191,12102.516936290556
2026-104K,2026-121A,7,5,5910.897592872163,5912.991509155093
2026-104K,2026-121B,7,5,13475.741077128809,13483.046811248198
2026-104K,2026-124A,7,8,14534.036951989667,14524.345643895114
2026-104K,2026-124B,7,8,13971.829051660341,13942.109506597655
2026-104K,2026-124C,7,8,12985.093347329801,12981.355622411254
2026-104K,2026-124D,7,8,11603.8136210981,11609.83737062577
2026-104K,2026-124E,7,8,9869.95596132089,9816.05416796703
2026-104K,2026-124F,7,8,7836.207097002339,7805.611061678718
2026-104K,2026-124G,7,8,3123.4369764008484,3056.130241267719
2026-104K,2026-124H,7,8,5564.356561399333,5545.267537172221
2026-104K,2026-124J,7,8,587.6226730026079,631.4700417549931
2026-104K,2026-124K,7,8,6818.430266784914,6785.773347272207
2026-104K,2026-124L,7,8,8969.682184110388,9012.966544208206
2026-104K,2026-124M,7,8,10848.392055745226,10875.24338212248
2026-104K,2026-124N,7,8,13569.877751190199,13575.702481586963
2026-104K,2026-124P,7,8,12397.481065893604,12390.086060859638
2026-104K,2026-124Q,7,8,14329.961313860082,14336.162549809624
2026-104K,2026-124R,7,8,14654.63601825612,14658.398154801338
2026-104K,2026-124S,7,8,1966.065136617934,2003.6088863970276
2026-104K,2026-124T,7,8,4460.007528135594,4446.167586893357
2026-104K,2026-125A,7,4,12493.54942600364,12494.461039472419
2026-104K,2026-125B,7,4,10792.785741211452,10776.83710778132
2026-104K,2026-125C,7,4,558.3142989945626,626.5086629768864
2026-104K,2026-125D,7,4,11822.78705093417,11789.69021494019
2026-104K,2026-125E,7,4,9434.858008222589,9383.77713945655
2026-104K,2026-125F,7,4,5908.946724025633,5917.150586939144
2026-104K,2026-125G,7,4,1670.329782094942,1697.7450347427662
2026-104K,2026-125H,7,4,7790.254973782108,7812.100695467337
2026-104K,2026-125J,7,4,4897.162522703291,4879.119081792678
2026-104K,2026-125K,7,4,3848.1289645010415,3870.360757457787
2026-104K,2026-125L,7,4,8645.451870135072,8670.315627156186
2026-104K,2026-125M,7,4,6875.764558908506,6899.530819418941
2026-104K,2026-125N,7,4,10152.457196270565,10198.042429465075
2026-104K,2026-125P,7,4,12204.614968655218,12203.825029786429
2026-104K,2026-125Q,7,4,12784.715093589317,12789.254218581964
2026-104K,2026-125R,7,4,11350.976664558259,11364.847077315926
2026-104K,2026-125S,7,4,12687.407524878025,12699.190300811946
2026-104K,2026-125T,7,4,2769.754035252356,2794.786516923211
2026-104L,2026-108A,7,0,13107.404685383339,13125.432661894354
2026-104L,2026-108B,7,0,2447.26046670771,2391.084254310344
2026-104L,2026-108C,7,0,10676.534235701018,10634.588218953702
2026-104L,2026-108D,7,0,13741.121444168119,13739.311380263276
2026-104L,2026-108E,7,0,12075.418372056676,12081.595278322171
2026-104L,2026-108F,7,0,8953.241530007726,8979.055915193128
2026-104L,2026-108G,7,0,6999.412281557008,7037.245857461987
2026-104L,2026-108H,7,0,4751.172820546723,4797.903609276144
2026-104L,2026-108J,7,0,6957.916075731488,6994.572634923329
2026-104L,2026-108K,7,0,2400.0721923286424,2371.4199167690895
2026-104L,2026-108L,7,0,23.959684443267893,13.932501451905875
2026-104L,2026-108M,7,0,10707.33275184007,10663.834581449357
2026-104L,2026-108N,7,0,4796.210562551086,4827.930130580058
2026-104L,2026-108P,7,0,12099.37889501464,12060.987434095898
2026-104L,2026-108Q,7,0,8989.952668097838,8953.80092848335
2026-104L,2026-108R,7,0,13749.44274962313,13757.124212400053
2026-104L,2026-108S,7,0,13957.32729136508,13964.717403857469
2026-104L,2026-108T,7,0,13123.791219715762,13111.593884808934
2026-104L,2026-121A,7,5,3625.94650593125,3667.70036794784
2026-104L,2026-121B,7,5,13900.654712948397,13913.47380268628
2026-104L,2026-124A,7,8,13971.828790689453,13958.741548671003
2026-104L,2026-124B,7,8,12985.093425936167,12956.19788064978
2026-104L,2026-124C,7,8,11603.813180668682,11621.703236307698
2026-104L,2026-124D,7,8,9869.955916364805,9906.09065553195
2026-104L,2026-124E,7,8,7836.207081872139,7809.264462591714
2026-104L,2026-124F,7,8,5564.356218477395,5569.856471480806
2026-104L,2026-124G,7,8,587.616933639341,563.0319160072869
2026-104L,2026-124H,7,8,3123.4402972454527,3145.5551544218592
2026-104L,2026-124J,7,8,1966.065794982957,1878.2492119167946
2026-104L,2026-124K,7,8,8969.6819268013,8904.772638974846
2026-104L,2026-124L,7,8,10848.392081359001,10854.799039828225
2026-104L,2026-124M,7,8,12397.481502593411,12394.589514856249
2026-104L,2026-124N,7,8,14329.961589475508,14322.642327511316
2026-104L,2026-124P,7,8,13569.87769832366,13547.362819284202
2026-104L,2026-124Q,7,8,14654.635869373717,14653.371671748342
2026-104L,2026-124R,7,8,14534.03712297697,14528.902760032117
2026-104L,2026-124S,7,8,4460.006443611678,4452.8939617194765
2026-104L,2026-124T,7,8,6818.430241847089,6765.386905675393
2026-104L,2026-125A,7,4,11822.790871155374,11837.208435067394
2026-104L,2026-125B,7,4,9434.861478302788,9441.468167243856
2026-104L,2026-125C,7,4,2769.7523967480497,2802.030102074169
2026-104L,2026-125D,7,4,10792.785105557785,10767.22442458274
2026-104L,2026-125E,7,4,7790.252498064408,7761.961865693731
2026-104L,2026-125F,7,4,3848.105608984794,3893.8050025763387
2026-104L,2026-125G,7,4,558.3993483296308,493.7956270801194
2026-104L,2026-125H,7,4,5908.95016181886,5968.290654817188
2026-104L,2026-125J,7,4,6875.762091655197,6833.412176400873
2026-104L,2026-125K,7,4,1670.3345043584645,1730.9907133911827
2026-104L,2026-125L,7,4,10152.454301381546,10159.336231902573
2026-104L,2026-125M,7,4,8645.454488385474,8646.219922008797
2026-104L,2026-125N,7,4,11350.977564037592,11379.122834113712
2026-104L,2026-125P,7,4,12687.407350214184,12696.588843084905
2026-104L,2026-125Q,7,4,12493.549653480924,12500.620570527988
2026-104L,2026-125R,7,4,12204.611542394232,12214.247768920117
2026-104L,2026-125S,7,4,12784.714045622604,12796.974218242622
2026-104L,2026-125T,7,4,4897.169682340757,4890.175178458614
2026-104M,2026-108A,7,0,10707.333197062908,10692.968722026406
2026-104M,2026-108B,7,0,10676.531713632014,10683.035281628941
2026-104M,2026-108C,7,0,13123.790257681801,13158.506154569912
2026-104M,2026-108D,7,0,8989.950484691246,9029.031419376617
2026-104M,2026-108E,7,0,12099.381882182444,12107.008882668788
2026-104M,2026-108F,7,0,13749.445862686554,13756.404318554836
2026-104M,2026-108G,7,0,6957.917205146631,6864.987592777487
2026-104M,2026-108H,7,0,13741.123293379418,13748.881808253012
2026-104M,2026-108J,7,0,13957.325140652065,13967.813906397369
2026-104M,2026-108K,7,0,13107.401068278663,13083.77440909806
2026-104M,2026-108L,7,0,12075.419212399374,12070.370483057086
2026-104M,2026-108M,7,0,2400.089959936357,2406.653118922819
2026-104M,2026-108N,7,0,8953.241773828515,8884.094505487783
2026-104M,2026-108P,7,0,23.95968444347836,2.133411802967147
2026-104M,2026-108Q,7,0,4751.171603685093,4738.2328784102965
2026-104M,2026-108R,7,0,4796.201183079116,4874.050241778386
2026-104M,2026-108S,7,0,6999.415447511634,6993.345209077341
2026-104M,2026-108T,7,0,2447.276628597794,2456.3625527947906
2026-104M,2026-121A,7,5,13483.306080061473,13490.719572939113
2026-104M,2026-121B,7,5,5884.409829805368,5887.502900464407
2026-104M,2026-124A,7,8,10848.393141129476,10881.23777676819
2026-104M,2026-124B,7,8,12397.480654233295,12433.72359833826
2026-104M,2026-124C,7,8,13569.87780165695,13561.551438030367
2026-104M,2026-124D,7,8,14329.961468680538,14322.526950883032
2026-104M,2026-124E,7,8,14654.635827778622,14657.223846268724
2026-104M,2026-124F,7,8,14534.037608427452,14528.155954984266
2026-104M,2026-124G,7,8,12985.094338418747,12942.948803310954
2026-104M,2026-124H,7,8,13971.828603073243,13960.955542646103
2026-104M,2026-124J,7,8,11603.81261659113,11615.825664932836
2026-104M,2026-124K,7,8,5564.356768789402,5572.30205639698
2026-104M,2026-124L,7,8,3123.437455677214,3042.6225518962924
2026-104M,2026-124M,7,8,587.6146683097287,522.8187813565663
2026-104M,2026-124N,7,8,4460.005160111545,4489.754080635353
2026-104M,2026-124P,7,8,1966.0684109823187,1971.5650451862823
2026-104M,2026-124Q,7,8,6818.431935532855,6848.325279805417
2026-104M,2026-124R,7,8,8969.680798813892,9008.385211883344
2026-104M,2026-124S,7,8,9869.95667172836,9820.512582667256
2026-104M,2026-124T,7,8,7836.205685951942,7823.66713462147
2026-104M,2026-125A,7,4,10152.452960350667,10171.337146729724
2026-104M,2026-125B,7,4,12204.607372434093,12223.7638021549
2026-104M,2026-125C,7,4,9434.86041326574,9378.603708003706
2026-104M,2026-125D,7,4,11350.986830704558,11403.030854695111
2026-104M,2026-125E,7,4,12687.412702596139,12707.230505902908
2026-104M,2026-125F,7,4,12493.552105137747,12502.190917897888
2026-104M,2026-125G,7,4,10792.786109555931,10804.754588411635
2026-104M,2026-125H,7,4,12784.707149050955,12795.64972725267
2026-104M,2026-125J,7,4,5908.961078711424,5912.451148594195
2026-104M,2026-125K,7,4,11822.783715112046,11834.251190269917
2026-104M,2026-125L,7,4,1670.3933053967805,1622.8687845425816
2026-104M,2026-125M,7,4,3848.099552767875,3806.3156342355655
2026-104M,2026-125N,7,4,558.191534151074,641.8908164065916
2026-104M,2026-125P,7,4,4897.157088650606,4882.094765847517
2026-104M,2026-125Q,7,4,8645.453641124555,8690.477980359197
2026-104M,2026-125R,7,4,2769.774399064756,2802.3862551385487
2026-104M,2026-125S,7,4,6875.765533198503,6924.994505516377
2026-104M,2026-125T,7,4,7790.251697768586,7758.620680780311
2026-104N,2026-108A,7,0,13749.442590854054,13734.721974532797
2026-104N,2026-108B,7,0,4751.176951886881,4843.4650175532315
2026-104N,2026-108C,7,0,13741.121864913914,13744.705366905066
2026-104N,2026-108D,7,0,13123.793271481925,13113.17964216371
2026-104N,2026-108E,7,0,13957.326728336326,13964.019425810537
2026-104N,2026-108F,7,0,13107.401431977696,13141.042609895156
2026-104N,2026-108G,7,0,23.959684443271765,31.073472345246167
2026-104N,2026-108H,7,0,10676.530531081971,10738.418155276147
2026-104N,2026-108J,7,0,12075.422205494217,12123.61763787212
2026-104N,2026-108K,7,0,8953.246554541667,8962.793611732925
2026-104N,2026-108L,7,0,6957.912890894025,7025.008391574306
2026-104N,2026-108M,7,0,4796.201638228144,4695.157187482164
2026-104N,2026-108N,7,0,2400.070206075393,2404.9925513091825
2026-104N,2026-108P,7,0,6999.416570230503,6894.408870717547
2026-104N,2026-108Q,7,0,2447.265625749506,2362.4222031834456
2026-104N,2026-108R,7,0,10707.337179725104,10699.716564569897
2026-104N,2026-108S,7,0,12099.378056336027,12052.891544775637
2026-104N,2026-108T,7,0,8989.949841582094,8923.117571626752
2026-104N,2026-121A,7,5,9878.034719928932,9940.658459857383
2026-104N,2026-121B,7,5,11422.908886591697,11374.323168568448
2026-104N,2026-124A,7,8,14329.96106920856,14318.77371183564
2026-104N,2026-124B,7,8,14654.636615807716,14653.131383453503
2026-104N,2026-124C,7,8,14534.036912290001,14544.54451249732
2026-104N,2026-124D,7,8,13971.829425929447,14001.212163123786
2026-104N,2026-124E,7,8,12985.093528449366,12991.06337234598
2026-104N,2026-124F,7,8,11603.812737432456,11633.143223328501
2026-104N,2026-124G,7,8,7836.205608164174,7846.528198897922
2026-104N,2026-124H,7,8,9869.956496348936,9915.702883305918
2026-104N,2026-124J,7,8,5564.358036780468,5679.277847501036
2026-104N,2026-124K,7,8,1966.0650817716182,1848.589291603746
2026-104N,2026-124L,7,8,4460.006831724834,4433.3805628351365
2026-104N,2026-124M,7,8,6818.430331246105,6778.658070295802
2026-104N,2026-124N,7,8,10848.392322993106,10797.756015722507
2026-104N,2026-124P,7,8,8969.681140200859,8888.706689861716
2026-104N,2026-124Q,7,8,12397.480546861201,12360.473149808127
2026-104N,2026-124R,7,8,13569.878180675127,13550.560025135974
2026-104N,2026-124S,7,8,3123.4366164281737,3164.2005885307954
2026-104N,2026-124T,7,8,587.6348319804182,682.2976637859877
2026-104N,2026-125A,7,4,12687.407841607417,12690.13533894997
2026-104N,2026-125B,7,4,12493.551518838874,12512.953753328404
2026-104N,2026-125C,7,4,3848.107512506749,3852.3756009462522
2026-104N,2026-125D,7,4,12784.708999952734,12796.636257661849
2026-104N,2026-125E,7,4,11822.782563542765,11829.819674682101
2026-104N,2026-125F,7,4,9434.85501914783,9495.297114471474
2026-104N,2026-125G,7,4,5908.9461571739885,6000.028337773473
2026-104N,2026-125H,7,4,10792.795855484663,10852.85583185556
2026-104N,2026-125J,7,4,558.2109463916053,464.4175488209984
2026-104N,2026-125K,7,4,7790.260414794574,7870.088243914655
2026-104N,2026-125L,7,4,4897.155815563608,4857.389041252319
2026-104N,2026-125M,7,4,2769.7707711580583,2723.819253667622
2026-104N,2026-125N,7,4,6875.774915046876,6871.762305498585
2026-104N,2026-125P,7,4,10152.462634769801,10092.314259622737
2026-104N,2026-125Q,7,4,12204.612365728603,12203.464538340273
2026-104N,2026-125R,7,4,8645.450945494167,8605.76183837626
2026-104N,2026-125S,7,4,11350.976609411695,11340.827602865316
2026-104N,2026-125T,7,4,1670.3426552531366,1718.2215237967991
2026-104P,2026-108A,7,0,12099.378451927032,12086.119026685254
2026-104P,2026-108B,7,0,8953.242719863676,8962.996541297924
2026-104P,2026-108C,7,0,13749.44599433327,13769.628749297513
2026-104P,2026-108D,7,0,10707.334428383961,10736.075265806992
2026-104P,2026-108E,7,0,13123.790820523076,13128.78658748651
2026-104P,2026-108F,7,0,13957.32525450269,13966.740967259146
2026-104P,2026-108G,7,0,4751.172166182528,4658.1431223196705
2026-104P,2026-108H,7,0,13107.400747199597,13114.88372250706
2026-104P,2026-108J,7,0,13741.124753607515,13749.569413024643
2026-104P,2026-108K,7,0,12075.420393942954,12039.863574152942
2026-104P,2026-108L,7,0,10676.53077642963,10671.22129969051
2026-104P,2026-108M,7,0,23.95968444327522,7.919586419161607
2026-104P,2026-108N,7,0,6957.914933831417,6884.923507059354
2026-104P,2026-108P,7,0,2447.2809100163613,2416.4732736549986
2026-104P,2026-108Q,7,0,2400.080959774711,2394.980551172795
2026-104P,2026-108R,7,0,6999.418159410247,7063.6528042306245
2026-104P,2026-108S,7,0,8989.949896035749,8979.512542833583
2026-104P,2026-108T,7,0,4796.201288491385,4796.667898008719
2026-104P,2026-121A,7,5,12653.730356892323,12660.306271255593
2026-104P,2026-121B,7,5,7992.305049854774,7989.7078767765115
2026-104P,2026-124A,7,8,12397.480500319774,12418.89946758934
2026-104P,2026-124B,7,8,13569.878566030382,13592.576615470862
2026-104P,2026-124C,7,8,14329.961233330045,14323.645272247197
2026-104P,2026-124D,7,8,14654.635916104851,14653.23763030091
2026-104P,2026-124E,7,8,14534.03727562356,14523.467639065244
2026-104P,2026-124F,7,8,13971.828590903264,13958.796264696395
2026-104P,2026-124G,7,8,11603.812640537415,11552.858905844836
2026-104P,2026-124H,7,8,12985.094160677967,12970.729308170014
2026-104P,2026-124J,7,8,9869.95722025939,9890.526113374806
2026-104P,2026-124K,7,8,3123.4367571462885,3142.3116846249704
2026-104P,2026-124L,7,8,587.6188974874215,516.3210559206309
2026-104P,2026-124M,7,8,1966.0665563966381,2019.1130049526791
2026-104P,2026-124N,7,8,6818.431185996739,6836.61535213977
2026-104P,2026-124P,7,8,4460.005388970255,4454.8800139027135
2026-104P,2026-124Q,7,8,8969.680749345618,8988.643033594703
2026-104P,2026-124R,7,8,10848.393130200362,10875.267886652466
2026-104P,2026-124S,7,8,7836.205594403508,7787.993037711076
2026-104P,2026-124T,7,8,5564.357478585405,5560.227377556816
2026-104P,2026-125A,7,4,11350.978912908646,11366.038651033798
2026-104P,2026-125B,7,4,12687.416445508168,12703.557073902874
2026-104P,2026-125C,7,4,7790.253008376873,7729.243795889675
2026-104P,2026-125D,7,4,12204.608018726765,12242.568504919993
2026-104P,2026-125E,7,4,12784.706794075862,12792.507831979485
2026-104P,2026-125F,7,4,11822.782280234163,11832.157154482142
2026-104P,2026-125G,7,4,9434.857298197136,9452.062326300818
2026-104P,2026-125H,7,4,12493.554911539779,12507.859131978816
2026-104P,2026-125J,7,4,3848.098976891007,3858.9877020191775
2026-104P,2026-125K,7,4,10792.788206878977,10807.959137213575
2026-104P,2026-125L,7,4,558.1966255679258,597.6176605086316
2026-104P,2026-125M,7,4,1670.3852845387983,1634.9049679908894
2026-104P,2026-125N,7,4,2769.790705640526,2844.3408904490157
2026-104P,2026-125P,7,4,6875.770294807735,6856.658786273663
2026-104P,2026-125Q,7,4,10152.4549612209,10187.664714475086
2026-104P,2026-125R,7,4,4897.15568774097,4920.9902858575415
2026-104P,2026-125S,7,4,8645.451410302163,8684.042401942295
2026-104P,2026-125T,7,4,5908.95400196566,5879.451447587618
2026-104Q,2026-108A,7,0,8989.955101396728,8931.951780924619
2026-104Q,2026-108B,7,0,12075.418510967638,12107.540179441157
2026-104Q,2026-108C,7,0,12099.38173258229,12119.24361493348
2026-104Q,2026-108D,7,0,6999.41356390187,6999.394108380331
2026-104Q,2026-108E,7,0,10707.332507198209,10681.071472068119
2026-104Q,2026-108F,7,0,13123.790136600148,13107.929196859212
2026-104Q,2026-108G,7,0,8953.241475330817,8907.985104286026
2026-104Q,2026-108H,7,0,13957.325442179177,13964.166325493026
2026-104Q,2026-108J,7,0,13749.444403342184,13744.714044689117
2026-104Q,2026-108K,7,0,13741.122255062899,13739.989532952684
2026-104Q,2026-108L,7,0,13107.40183166953,13122.464378435376
2026-104Q,2026-108M,7,0,4751.171813131106,4802.006203129398
2026-104Q,2026-108N,7,0,10676.533193852363,10651.087478895146
2026-104Q,2026-108P,7,0,2400.0855943356996,2468.8969406418732
2026-104Q,2026-108Q,7,0,6957.9203096895035,6987.571438334468
2026-104Q,2026-108R,7,0,2447.268872327573,2481.245890745402
2026-104Q,2026-108S,7,0,4796.202286448811,4742.1624502166
2026-104Q,2026-108T,7,0,23.95968444357436,15.008497273771201
2026-104Q,2026-121A,7,5,13903.201102782308,13921.173958251688
2026-104Q,2026-121B,7,5,3597.712621220547,3554.2346456526493
2026-104Q,2026-124A,7,8,8969.68101154608,8967.632454089979
2026-104Q,2026-124B,7,8,10848.392185001258,10858.661046857664
2026-104Q,2026-124C,7,8,12397.480926269489,12356.687193473457
2026-104Q,2026-124D,7,8,13569.877706270045,13534.769399527135
2026-104Q,2026-124E,7,8,14329.961806223959,14328.290451987677
2026-104Q,2026-124F,7,8,14654.635839381559,14653.424067139356
2026-104Q,2026-124G,7,8,13971.82858318549,13959.67561516817
2026-104Q,2026-124H,7,8,14534.037767225767,14536.041256130833
2026-104Q,2026-124J,7,8,12985.093921480859,13017.625278866317
2026-104Q,2026-124K,7,8,7836.205964379733,7884.982454617823
2026-104Q,2026-124L,7,8,5564.356322172476,5532.816591149031
2026-104Q,2026-124M,7,8,3123.438623057716,3107.458419658293
2026-104Q,2026-124N,7,8,1966.0710104123775,1948.4124880617403
2026-104Q,2026-124P,7,8,587.6129312657243,630.9077484637606
2026-104Q,2026-124Q,7,8,4460.005259599024,4444.630215014984
2026-104Q,2026-124R,7,8,6818.431952921519,6816.79189924674
2026-104Q,2026-124S,7,8,11603.812678414972,11593.321982855912
2026-104Q,2026-124T,7,8,9869.956271568692,9895.463807567834
2026-104Q,2026-125A,7,4,8645.464036728481,8634.829758127804
2026-104Q,2026-125B,7,4,11350.982647113651,11354.651380804846
2026-104Q,2026-125C,7,4,10792.785163556473,10777.403895092202
2026-104Q,2026-125D,7,4,10152.452183420317,10191.612176023747
2026-104Q,2026-125E,7,4,12204.60774428157,12223.99854355198
2026-104Q,2026-125F,7,4,12784.708475968244,12800.665659149417
2026-104Q,2026-125G,7,4,11822.786201009634,11855.426052916519
2026-104Q,2026-125H,7,4,12687.409939074645,12690.271432768572
2026-104Q,2026-125J,7,4,7790.251982230675,7832.26504395378
2026-104Q,2026-125K,7,4,12493.550293326127,12518.564971342219
2026-104Q,2026-125L,7,4,3848.098814221747,3845.779206240149
2026-104Q,2026-125M,7,4,5908.963346107094,5911.756533155137
2026-104Q,2026-125N,7,4,1670.3662662351237,1630.685186428072
2026-104Q,2026-125P,7,4,2769.762578683338,2710.994490233409
2026-104Q,2026-125Q,7,4,6875.762578800596,6890.251370147449
2026-104Q,2026-125R,7,4,558.2038245527103,547.7506252003863
2026-104Q,2026-125S,7,4,4897.161026948064,4911.430319791696
2026-104Q,2026-125T,7,4,9434.864845358901,9442.926323006992
2026-104R,2026-108A,7,0,4796.210562551083,4778.05220551497
2026-104R,2026-108B,7,0,13741.121444168119,13752.359325437943
2026-104R,2026-108C,7,0,8989.95266809784,9058.921625898867
2026-104R,2026-108D,7,0,2447.26046670771,2504.4056626997512
2026-104R,2026-108E,7,0,6999.412281557007,7011.166910232282
2026-104R,2026-108F,7,0,10707.332751840073,10704.768166543821
2026-104R,2026-108G,7,0,12075.418372056676,12020.087977284677
2026-104R,2026-108H,7,0,13123.791219715755,13121.46277289173
2026-104R,2026-108J,7,0,12099.37889501464,12095.925030096085
2026-104R,2026-108K,7,0,13749.44274962313,13764.801857288257
2026-104R,2026-108L,7,0,13957.32729136508,13964.868642604022
2026-104R,2026-108M,7,0,8953.241530007726,8951.72310819758
2026-104R,2026-108N,7,0,13107.40468538334,13080.536369419766
2026-104R,2026-108P,7,0,6957.916075731487,6969.007964051652
2026-104R,2026-108Q,7,0,10676.53423570102,10664.584807599136
2026-104R,2026-108R,7,0,2400.0721923286424,2307.6251101933717
2026-104R,2026-108S,7,0,23.95968444327409,24.04776473822945
2026-104R,2026-108T,7,0,4751.172820546723,4733.283955285003
2026-104R,2026-121A,7,5,13475.741349908896,13486.561838876205
2026-104R,2026-121B,7,5,1230.831221647078,1219.4569717518114
2026-104R,2026-124A,7,8,4460.006443611673,4517.540174447438
2026-104R,2026-124B,7,8,6818.430241847089,6886.450894111438
2026-104R,2026-124C,7,8,8969.6819268013,8957.236546850692
2026-104R,2026-124D,7,8,10848.392081358996,10825.720935636045
2026-104R,2026-124E,7,8,12397.481502593411,12423.469659798651
2026-104R,2026-124F,7,8,13569.87769832366,13575.939039238614
2026-104R,2026-124G,7,8,14654.635869373713,14656.621668752867
2026-104R,2026-124H,7,8,14329.961589475508,14330.622090006094
2026-104R,2026-124J,7,8,14534.03712297697,14536.066742375668
2026-104R,2026-124K,7,8,11603.813180668682,11602.473615775762
2026-104R,2026-124L,7,8,9869.955916364801,9798.470432973754
2026-104R,2026-124M,7,8,7836.207081872144,7768.710171401163
2026-104R,2026-124N,7,8,3123.4402972454536,3077.745329864713
2026-104R,2026-124P,7,8,5564.356218477395,5545.447819958351
2026-104R,2026-124Q,7,8,587.6169336393345,539.3548002106594
2026-104R,2026-124R,7,8,1966.0657949829586,2027.250778425102
2026-104R,2026-124S,7,8,13971.828790689455,13948.376122382937
2026-104R,2026-124T,7,8,12985.093425936164,12973.489828008322
2026-104R,2026-125A,7,4,4897.169682340755,4927.536548628138
2026-104R,2026-125B,7,4,8645.454488385474,8677.153165517391
2026-104R,2026-125C,7,4,12493.549653480924,12483.929701183239
2026-104R,2026-125D,7,4,6875.762091655197,6965.392023484847
2026-104R,2026-125E,7,4,10152.454301381546,10204.518789012365
2026-104R,2026-125F,7,4,12204.611542394232,12212.630249026917
2026-104R,2026-125G,7,4,12784.714045622604,12799.171698025502
2026-104R,2026-125H,7,4,11350.97756403759,11345.611569529648
2026-104R,2026-125J,7,4,10792.785105557785,10799.72469622428
2026-104R,2026-125K,7,4,12687.407350214184,12698.282012724578
2026-104R,2026-125L,7,4,7790.252498064404,7749.461793867715
2026-104R,2026-125M,7,4,9434.861478302786,9406.246766301512
2026-104R,2026-125N,7,4,5908.95016181886,5828.349794211576
2026-104R,2026-125P,7,4,1670.3345043584645,1678.7794832500256
2026-104R,2026-125Q,7,4,2769.752396748044,2835.9257347911052
2026-104R,2026-125R,7,4,3848.1056089847884,3808.444306881375
2026-104R,2026-125S,7,4,558.399348329628,626.7056421137186
2026-104R,2026-125T,7,4,11822.790871155374,11815.507928351428
2026-104S,2026-108A,7,0,6999.412508583247,6931.501572768205
2026-104S,2026-108B,7,0,13107.40303737147,13135.735427722018
2026-104S,2026-108C,7,0,10707.332358790538,10729.075643181699
2026-104S,2026-108D,7,0,4796.210939946805,4794.573673921803
2026-104S,2026-108E,7,0,8989.954900053182,8955.791805076678
2026-104S,2026-108F,7,0,12099.380074218487,12070.585232609266
2026-104S,2026-108G,7,0,10676.535217089177,10641.554016567303
2026-104S,2026-108H,7,0,13749.44336565405,13742.305035874066
2026-104S,2026-108J,7,0,13123.790457278237,13104.848014383342
2026-104S,2026-108K,7,0,13957.32615908374,13963.460905860951
2026-104S,2026-108L,7,0,13741.121638658937,13753.799438019794
2026-104S,2026-108M,7,0,6957.918803804777,7006.687199630039
2026-104S,2026-108N,7,0,12075.418289648429,12060.302669078843
2026-104S,2026-108P,7,0,4751.1717067198115,4818.512416487875
2026-104S,2026-108Q,7,0,8953.241586476483,8982.348969632327
2026-104S,2026-108R,7,0,23.959684443285877,57.64302210575779
2026-104S,2026-108S,7,0,2447.263485024136,2388.833799298765
2026-104S,2026-108T,7,0,2400.0776855594027,2439.8510269861176
2026-104S,2026-121A,7,5,13900.653645079781,13908.858801938546
2026-104S,2026-121B,7,5,1201.711722324246,1154.467189308708
2026-104S,2026-124A,7,8,6818.430431683851,6815.375222714757
2026-104S,2026-124B,7,8,8969.681387541996,8980.540102294615
2026-104S,2026-124C,7,8,10848.392065685077,10795.615333049695
2026-104S,2026-124D,7,8,12397.481316428122,12346.456964519386
2026-104S,2026-124E,7,8,13569.877718800508,13565.449548365461
2026-104S,2026-124F,7,8,14329.961967283753,14320.844844584159
2026-104S,2026-124G,7,8,14534.037394722416,14529.371498847657
2026-104S,2026-124H,7,8,14654.63582042044,14652.19988530724
2026-104S,2026-124J,7,8,13971.828634531119,13994.528423898739
2026-104S,2026-124K,7,8,9869.956019780766,9914.019013087289
2026-104S,2026-124L,7,8,7836.206429686607,7808.033197706371
2026-104S,2026-124M,7,8,5564.356138735073,5549.440958855411
2026-104S,2026-124N,7,8,587.6136863790126,605.1431290217816
2026-104S,2026-124P,7,8,3123.440259286226,3165.8158298754597
2026-104S,2026-124Q,7,8,1966.071070717097,1950.0461102141082
2026-104S,2026-124R,7,8,4460.005687432546,4457.731206339604
2026-104S,2026-124S,7,8,12985.093617319908,12978.453585298952
2026-104S,2026-124T,7,8,11603.81286644088,11626.34278525316
2026-104S,2026-125A,7,4,6875.761431618866,6858.987514025112
2026-104S,2026-125B,7,4,10152.452630430791,10149.085811641675
2026-104S,2026-125C,7,4,11822.789737924131,11816.574154914264
2026-104S,2026-125D,7,4,8645.458543918443,8686.439974816152
2026-104S,2026-125E,7,4,11350.979558223482,11369.830122562153
2026-104S,2026-125F,7,4,12687.408154946681,12692.154071696361
2026-104S,2026-125G,7,4,12493.549476106886,12518.985635284447
2026-104S,2026-125H,7,4,12204.6091342688,12190.078416130793
2026-104S,2026-125J,7,4,9434.866265406203,9474.79530020358
2026-104S,2026-125K,7,4,12784.710774826288,12801.492677854305
2026-104S,2026-125L,7,4,5908.955702516227,5909.377855201683
2026-104S,2026-125M,7,4,7790.251617415926,7796.1720507966265
2026-104S,2026-125N,7,4,3848.1005970429305,3812.150025281705
2026-104S,2026-125P,7,4,558.2383744273778,495.3831352747885
2026-104S,2026-125Q,7,4,4897.1793793356865,4909.897469537962
2026-104S,2026-125R,7,4,1670.3466657961385,1682.5223666298489
2026-104S,2026-125S,7,4,2769.755244563798,2783.0224318824676
2026-104S,2026-125T,7,4,10792.78536888172,10804.124506057977
2026-104T,2026-108A,7,0,2447.259817389662,2431.7247799577053
2026-104T,2026-108B,7,0,13957.328839022124,13972.14621207438
2026-104T,2026-108C,7,0,6999.412882823471,7079.543969427709
2026-104T,2026-108D,7,0,23.959684443258713,85.7099627043265
2026-104T,2026-108E,7,0,4796.206379001625,4812.0574221496
2026-104T,2026-108F,7,0,8989.951081033194,8987.482604663142
2026-104T,2026-108G,7,0,13107.403886001206,13072.403192902593
2026-104T,2026-108H,7,0,12099.378194971907,12093.627090689564
2026-104T,2026-108J,7,0,10707.333686346381,10701.967296430641
2026-104T,2026-108K,7,0,13123.792423911987,13149.355460288072
2026-104T,2026-108L,7,0,13749.442555250016,13756.74291677654
2026-104T,2026-108M,7,0,10676.532457810374,10676.116103812732
2026-104T,2026-108N,7,0,13741.121516586807,13733.993105774998
2026-104T,2026-108P,7,0,8953.242121076719,8962.952490080497
2026-104T,2026-108Q,7,0,12075.418330188284,12068.589561705914
2026-104T,2026-108R,7,0,4751.181556058511,4659.9667707118315
2026-104T,2026-108S,7,0,2400.0691146646477,2397.349947761694
2026-104T,2026-108T,7,0,6957.914180887226,6940.137714540946
2026-104T,2026-121A,7,5,12641.377954612926,12648.021926167708
2026-104T,2026-121B,7,5,3625.9438435081042,3612.575618425589
2026-104T,2026-124A,7,8,1966.0651366179357,2030.9457744364909
2026-104T,2026-124B,7,8,4460.007528135599,4537.746657815182
2026-104T,2026-124C,7,8,6818.430266784917,6808.307342163359
2026-104T,2026-124D,7,8,8969.682184110385,8945.780594843252
2026-104T,2026-124E,7,8,10848.392055745224,10882.99590812195
2026-104T,2026-124F,7,8,12397.4810658936,12406.907119685506
2026-104T,2026-124G,7,8,14329.961313860083,14342.099488156991
2026-104T,2026-124H,7,8,13569.877751190195,13571.751142469839
2026-104T,2026-124J,7,8,14654.63601825612,14653.177034632752
2026-104T,2026-124K,7,8,12985.093347329797,12984.17325720281
2026-104T,2026-124L,7,8,11603.81362109809,11543.505807388583
2026-104T,2026-124M,7,8,9869.95596132089,9808.775759620086
2026-104T,2026-124N,7,8,5564.356561399329,5516.686171245029
2026-104T,2026-124P,7,8,7836.207097002339,7816.030065097484
2026-104T,2026-124Q,7,8,3123.436976400842,3071.659142510383
2026-104T,2026-124R,7,8,587.6226730026015,520.9993854034204
2026-104T,2026-124S,7,8,14534.036951989665,14523.534340522778
2026-104T,2026-124T,7,8,13971.829051660341,13964.37959001209
2026-104T,2026-125A,7,4,2769.7540352523615,2802.8183951430174
2026-104T,2026-125B,7,4,6875.764558908506,6909.736697885184
2026-104T,2026-125C,7,4,12784.715093589315,12790.317328503994
2026-104T,2026-125D,7,4,4897.162522703293,4994.737723232598
2026-104T,2026-125E,7,4,8645.451870135066,8704.6460147574
2026-104T,2026-125F,7,4,11350.97666455826,11353.29230833963
2026-104T,2026-125G,7,4,12687.407524878026,12695.462605118362
2026-104T,2026-125H,7,4,10152.45719627056,10139.337703181915
2026-104T,2026-125J,7,4,11822.78705093417,11830.70359887877
2026-104T,2026-125K,7,4,12204.614968655218,12207.45727817429
2026-104T,2026-125L,7,4,9434.858008222587,9400.11261374691
2026-104T,2026-125M,7,4,10792.78574121145,10771.384774763857
2026-104T,2026-125N,7,4,7790.25497378211,7717.139835338541
2026-104T,2026-125P,7,4,3848.128964501039,3853.682679608147
2026-104T,2026-125Q,7,4,558.3142989945597,628.1407495421378
2026-104T,2026-125R,7,4,5908.946724025627,5870.183620059879
2026-104T,2026-125S,7,4,1670.329782094942,1599.4970455772273
2026-104T,2026-125T,7,4,12493.54942600364,12494.571126278333
2026-108A,2026-121A,0,5,9210.48497198405,9240.31279747762
2026-108A,2026-121B,0,5,4760.399852980357,4754.0310305992125
2026-108A,2026-124A,0,8,615.4754388331338,532.06086180875
2026-108A,2026-124B,0,8,1936.6302649450986,2035.9658063050128
2026-108A,2026-124C,0,8,4429.886879948531,4437.644007763408
2026-108A,2026-124D,0,8,6788.546051828962,6779.137700600273
2026-108A,2026-124E,0,8,8940.93896803734,8997.511235403217
2026-108A,2026-124F,0,8,10821.665287409454,10846.363379660304
2026-108A,2026-124G,0,8,13549.532242972153,13580.191508336677
2026-108A,2026-124H,0,8,12373.582002283041,12387.017747767703
2026-108A,2026-124J,0,8,14313.788625389665,14309.791934356443
2026-108A,2026-124K,0,8,13970.542051469205,13968.230369334495
2026-108A,2026-124L,0,8,12989.056753776527,12940.389435774452
2026-108A,2026-124M,0,8,11612.905022413299,11555.725143190393
2026-108A,2026-124N,0,8,7854.581740973492,7798.4333058779275
2026-108A,2026-124P,0,8,9883.901052954405,9854.891578598605
2026-108A,2026-124Q,0,8,5586.601417064878,5522.208739416831
2026-108A,2026-124R,0,8,3148.880084682765,3066.984665918937
2026-108A,2026-124S,0,8,14643.125669525136,14650.764014072969
2026-108A,2026-124T,0,8,14527.540465273902,14527.575803505517
2026-108A,2026-125A,0,4,436.456013729847,469.8546480926874
2026-108A,2026-125B,0,4,3594.202749421626,3637.058925192457
2026-108A,2026-125C,0,4,9244.682551841626,9281.71568494034
2026-108A,2026-125D,0,4,2046.1899497354375,2133.9858958955883
2026-108A,2026-125E,0,4,5032.857468456067,5100.390138799817
2026-108A,2026-125F,0,4,7412.487872769536,7435.423496084986
2026-108A,2026-125G,0,4,8898.066201389493,8924.821615602259
2026-108A,2026-125H,0,4,6318.696922468963,6326.942539561029
2026-108A,2026-125J,0,4,9093.229750867506,9124.405611878108
2026-108A,2026-125K,0,4,8281.095086967358,8304.223441967268
2026-108A,2026-125L,0,4,7845.00245326131,7843.524699433661
2026-108A,2026-125M,0,4,8599.786624791737,8612.154409501929
2026-108A,2026-125N,0,4,6851.914126998955,6820.88194016546
2026-108A,2026-125P,0,4,4277.553888774328,4286.847219543351
2026-108A,2026-125Q,0,4,1187.2862735778344,1131.9215884233258
2026-108A,2026-125R,0,4,5650.557024016864,5634.531417483635
2026-108A,2026-125S,0,4,2774.5914548294486,2723.4316198791175
2026-108A,2026-125T,0,4,9310.409770633492,9343.209684818397
2026-108B,2026-121A,0,5,4760.395324308321,4770.407587060458
2026-108B,2026-121B,0,5,10863.75069272006,10912.244585305487
2026-108B,2026-124A,0,8,14527.540881049701,14524.010461654185
2026-108B,2026-124B,0,8,13970.54203169978,13944.23460715162
2026-108B,2026-124C,0,8,12989.057107720108,12985.409470668896
2026-108B,2026-124D,0,8,11612.904866943689,11614.853359973536
2026-108B,2026-124E,0,8,9883.901537782422,9822.750778103256
2026-108B,2026-124F,0,8,7854.580210227802,7813.13549266492
2026-108B,2026-124G,0,8,3148.881276802909,3066.3741300163347
2026-108B,2026-124H,0,8,5586.601383951844,5554.1981107093225
2026-108B,2026-124J,0,8,615.4754544398953,642.2557594846164
2026-108B,2026-124K,0,8,6788.546545885774,6773.580914935174
2026-108B,2026-124L,0,8,8940.938627030437,9002.098399545192
2026-108B,2026-124M,0,8,10821.665456021663,10864.621193215806
2026-108B,2026-124N,0,8,13549.532264773698,13566.89509527831
2026-108B,2026-124P,0,8,12373.581632286521,12378.357213343994
2026-108B,2026-124Q,0,8,14313.788198707462,14327.696551958927
2026-108B,2026-124R,0,8,14643.125669114343,14652.594422572152
2026-108B,2026-124S,0,8,1936.6327864300845,1992.6050133522394
2026-108B,2026-124T,0,8,4429.886536901661,4435.126335232918
2026-108B,2026-125A,0,4,9093.233337858434,9133.227058071836
2026-108B,2026-125B,0,4,7845.002934636953,7865.731991610247
2026-108B,2026-125C,0,4,436.2663855844759,496.78287752758524
2026-108B,2026-125D,0,4,8599.776376129234,8612.535905493212
2026-108B,2026-125E,0,4,6851.899174166336,6840.336778775261
2026-108B,2026-125F,0,4,4277.609328134902,4296.001436579898
2026-108B,2026-125G,0,4,1187.3182850121966,1204.5712171863497
2026-108B,2026-125H,0,4,5650.552588247873,5685.798650306684
2026-108B,2026-125J,0,4,3594.1717028542316,3605.163124502289
2026-108B,2026-125K,0,4,2774.572026501704,2795.936444709352
2026-108B,2026-125L,0,4,6318.710398725003,6371.304506720941
2026-108B,2026-125M,0,4,5032.856998564314,5080.169001650807
2026-108B,2026-125N,0,4,7412.4876550936115,7483.947258401565
2026-108B,2026-125P,0,4,8898.062778794945,8940.152413384427
2026-108B,2026-125Q,0,4,9310.403401911848,9353.723171532196
2026-108B,2026-125R,0,4,8281.105991209142,8331.595193718344
2026-108B,2026-125S,0,4,9244.689199796769,9292.480999642872
2026-108B,2026-125T,0,4,2046.1944294253492,2082.006452156001
2026-108C,2026-121A,0,5,6446.2947383206,6393.005159186887
2026-108C,2026-121B,0,5,7959.166344822619,8029.531200480101
2026-108C,2026-124A,0,8,5586.601687363951,5613.437276820907
2026-108C,2026-124B,0,8,3148.8774687945665,3160.2964994817444
2026-108C,2026-124C,0,8,615.4828616363034,719.373604640555
2026-108C,2026-124D,0,8,1936.627590921004,1814.044289489742
2026-108C,2026-124E,0,8,4429.888601686082,4388.875683371822
2026-108C,2026-124F,0,8,6788.545739528562,6717.804747348369
2026-108C,2026-124G,0,8,10821.665260668156,10792.615130433842
2026-108C,2026-124H,0,8,8940.940163171363,8866.223944434942
2026-108C,2026-124J,0,8,12373.582007717112,12292.021335884481
2026-108C,2026-124K,0,8,14643.125811683534,14639.727879924774
2026-108C,2026-124L,0,8,14527.539818957628,14532.652497211702
2026-108C,2026-124M,0,8,13970.543041324796,13980.00258841189
2026-108C,2026-124N,0,8,11612.905734510878,11643.392593424289
2026-108C,2026-124P,0,8,12989.056399093122,13025.52504428421
2026-108C,2026-124Q,0,8,9883.901070698792,9916.65519152941
2026-108C,2026-124R,0,8,7854.580641356433,7878.944398351635
2026-108C,2026-124S,0,8,13549.5322637998,13527.043211270746
2026-108C,2026-124T,0,8,14313.787882218605,14292.333923981216
2026-108C,2026-125A,0,4,2774.6614943618774,2821.108869550107
2026-108C,2026-125B,0,4,436.5165762443307,398.6829888669765
2026-108C,2026-125C,0,4,8281.08372667508,8296.810073777258
2026-108C,2026-125D,0,4,1187.2805450311596,1180.5596914157657
2026-108C,2026-125E,0,4,2046.1918940399394,2040.9724820019997
2026-108C,2026-125F,0,4,5032.863840177713,4983.149062209627
2026-108C,2026-125G,0,4,7412.499980685692,7381.114169320865
2026-108C,2026-125H,0,4,3594.1539339277397,3521.964750478583
2026-108C,2026-125J,0,4,9244.678615120183,9267.987340698792
2026-108C,2026-125K,0,4,6318.672905227789,6274.143937306324
2026-108C,2026-125L,0,4,9093.232091967462,9129.509986168274
2026-108C,2026-125M,0,4,9310.430241425502,9345.306931078512
2026-108C,2026-125N,0,4,8599.770962647495,8627.204504388319
2026-108C,2026-125P,0,4,6851.8739696882585,6920.30264083347
2026-108C,2026-125Q,0,4,4277.542860598519,4301.010637080152
2026-108C,2026-125R,0,4,7845.012519540954,7886.947588660545
2026-108C,2026-125S,0,4,5650.581207748735,5673.939960010699
2026-108C,2026-125T,0,4,8898.08277032768,8915.008991180235
2026-108D,2026-121A,0,5,10191.944327296918,10199.969534142425
2026-108D,2026-121B,0,5,2918.285138455046,2965.4501690922802
2026-108D,2026-124A,0,8,1936.6327864300831,1937.9875531978332
2026-108D,2026-124B,0,8,4429.886536901661,4447.665682224256
2026-108D,2026-124C,0,8,6788.5465458857725,6723.800203523987
2026-108D,2026-124D,0,8,8940.938627030437,8868.731165827474
2026-108D,2026-124E,0,8,10821.665456021661,10816.578904235186
2026-108D,2026-124F,0,8,12373.581632286521,12351.56899402367
2026-108D,2026-124G,0,8,14313.788198707462,14316.671583484153
2026-108D,2026-124H,0,8,13549.532264773698,13530.351586539206
2026-108D,2026-124J,0,8,14643.125669114343,14642.447776968229
2026-108D,2026-124K,0,8,12989.057107720106,13019.728577592825
2026-108D,2026-124L,0,8,11612.904866943683,11595.937506068027
2026-108D,2026-124M,0,8,9883.901537782423,9873.010023523451
2026-108D,2026-124N,0,8,5586.601383951844,5600.067726784762
2026-108D,2026-124P,0,8,7854.580210227802,7889.2473406593435
2026-108D,2026-124Q,0,8,3148.8812768029024,3160.7451748928643
2026-108D,2026-124R,0,8,615.4754544398887,613.7326811812267
2026-108D,2026-124S,0,8,14527.540881049703,14532.261865523262
2026-108D,2026-124T,0,8,13970.54203169978,13987.583662179424
2026-108D,2026-125A,0,4,2046.1944294253512,2033.4517674620554
2026-108D,2026-125B,0,4,5032.8569985643135,5035.271872222623
2026-108D,2026-125C,0,4,9310.403401911848,9339.852584217448
2026-108D,2026-125D,0,4,3594.171702854231,3635.2505577097577
2026-108D,2026-125E,0,4,6318.710398725002,6347.2231333978525
2026-108D,2026-125F,0,4,8281.10599120914,8285.545738890949
2026-108D,2026-125G,0,4,9244.689199796769,9270.230116760524
2026-108D,2026-125H,0,4,7412.4876550936115,7396.54969015321
2026-108D,2026-125J,0,4,8599.776376129235,8646.327873287793
2026-108D,2026-125K,0,4,8898.062778794943,8911.909115778863
2026-108D,2026-125L,0,4,6851.899174166328,6874.366361531546
2026-108D,2026-125M,0,4,7845.002934636955,7874.640126128609
2026-108D,2026-125N,0,4,5650.552588247876,5647.154389438948
2026-108D,2026-125P,0,4,2774.572026501704,2828.049357978874
2026-108D,2026-125Q,0,4,436.266385584476,444.20579548645054
2026-108D,2026-125R,0,4,4277.609328134902,4299.147067886245
2026-108D,2026-125S,0,4,1187.3182850122028,1181.7318597011324
2026-108D,2026-125T,0,4,9093.233337858432,9128.821450135216
2026-108E,2026-121A,0,5,7949.144663061173,7953.674914597644
2026-108E,2026-121B,0,5,6457.8902985134155,6479.9625840253375
2026-108E,2026-124A,0,8,3148.87853391285,3100.608379618443
2026-108E,2026-124B,0,8,615.4779079092715,549.2389532049235
2026-108E,2026-124C,0,8,1936.6285331075462,1910.6722023898478
2026-108E,2026-124D,0,8,4429.887568210254,4386.373025197397
2026-108E,2026-124E,0,8,6788.545783043141,6819.952769983798
2026-108E,2026-124F,0,8,8940.939480084464,8940.481090490726
2026-108E,2026-124G,0,8,12373.58249587,12394.381357276798
2026-108E,2026-124H,0,8,10821.665260112295,10812.318496084894
2026-108E,2026-124J,0,8,13549.532243416103,13523.906146616126
2026-108E,2026-124K,0,8,14527.540148813354,14532.964705921684
2026-108E,2026-124L,0,8,13970.542180702112,13951.213027531057
2026-108E,2026-124M,0,8,12989.05638485118,12963.204131749613
2026-108E,2026-124N,0,8,9883.901071670645,9860.758221514809
2026-108E,2026-124P,0,8,11612.90605775849,11610.770417190673
2026-108E,2026-124Q,0,8,7854.581263055712,7824.6733627239
2026-108E,2026-124R,0,8,5586.601415345487,5540.327141668944
2026-108E,2026-124S,0,8,14313.788203404956,14321.177744644643
2026-108E,2026-124T,0,8,14643.125688386514,14646.30660364098
2026-108E,2026-125A,0,4,1187.2785531682582,1180.4720182615608
2026-108E,2026-125B,0,4,2046.1911054919772,2063.5882764462567
2026-108E,2026-125C,0,4,8898.072865238064,8934.154426700985
2026-108E,2026-125D,0,4,436.7116053791215,498.37542093553117
2026-108E,2026-125E,0,4,3594.1790577283687,3640.417102435777
2026-108E,2026-125F,0,4,6318.68263167045,6318.6031660649105
2026-108E,2026-125G,0,4,8281.087665450774,8289.821590533596
2026-108E,2026-125H,0,4,5032.8577890532815,5014.695744189341
2026-108E,2026-125J,0,4,9310.419237049638,9344.16325632561
2026-108E,2026-125K,0,4,7412.491981303557,7414.139627838946
2026-108E,2026-125L,0,4,8599.798538499224,8616.741875587082
2026-108E,2026-125M,0,4,9093.229335570253,9119.317029133743
2026-108E,2026-125N,0,4,7845.005648231713,7839.7826296071535
2026-108E,2026-125P,0,4,5650.566563861817,5681.681329419274
2026-108E,2026-125Q,0,4,2774.6212775697163,2746.129459639654
2026-108E,2026-125R,0,4,6851.879516672013,6858.986068867567
2026-108E,2026-125S,0,4,4277.545003488614,4252.974023964112
2026-108E,2026-125T,0,4,9244.679023613904,9278.059831564107
2026-108F,2026-121A,0,5,4747.566097573888,4754.975172159319
2026-108F,2026-121B,0,5,9218.595273470142,9241.992994357099
2026-108F,2026-124A,0,8,7854.5802143536785,7791.956887146957
2026-108F,2026-124B,0,8,5586.602233120001,5501.240823340616
2026-108F,2026-124C,0,8,3148.8768893293177,3148.443556713952
2026-108F,2026-124D,0,8,615.4902999499872,634.403007295996
2026-108F,2026-124E,0,8,1936.627438387435,1997.6297023938607
2026-108F,2026-124F,0,8,4429.889980374894,4453.292492183872
2026-108F,2026-124G,0,8,8940.939487604808,8988.081019959256
2026-108F,2026-124H,0,8,6788.545740414665,6796.998510572976
2026-108F,2026-124J,0,8,10821.665286190058,10788.224709601009
2026-108F,2026-124K,0,8,14313.787547437043,14309.418246710684
2026-108F,2026-124L,0,8,14643.126632776364,14650.743976535277
2026-108F,2026-124M,0,8,14527.539831691332,14521.014428538545
2026-108F,2026-124N,0,8,12989.056398353607,12966.476619956964
2026-108F,2026-124P,0,8,13970.542772627714,13965.382879021263
2026-108F,2026-124Q,0,8,11612.905314014273,11578.273486108837
2026-108F,2026-124R,0,8,9883.9012244497,9829.536297311171
2026-108F,2026-124S,0,8,12373.581636168,12394.80797123456
2026-108F,2026-124T,0,8,13549.532397048215,13547.571265930308
2026-108F,2026-125A,0,4,4277.543413462166,4269.008751643333
2026-108F,2026-125B,0,4,1187.281904035331,1164.4855896829042
2026-108F,2026-125C,0,4,7412.511870896513,7464.080549301479
2026-108F,2026-125D,0,4,2774.6308048743535,2711.2031884543826
2026-108F,2026-125E,0,4,436.3096642192769,491.81765577971584
2026-108F,2026-125F,0,4,3594.1368343809954,3595.6622368923263
2026-108F,2026-125G,0,4,6318.667743170364,6322.083897003825
2026-108F,2026-125H,0,4,2046.2067774711365,2029.9354838565005
2026-108F,2026-125J,0,4,8898.094284644823,8928.268881682417
2026-108F,2026-125K,0,4,5032.875621803526,5031.673359112142
2026-108F,2026-125L,0,4,9310.404770345496,9344.019972330156
2026-108F,2026-125M,0,4,9244.681326361228,9283.93264596315
2026-108F,2026-125N,0,4,9093.238020053903,9112.347252580032
2026-108F,2026-125P,0,4,7845.0230671735,7875.6955900493385
2026-108F,2026-125Q,0,4,5650.6009556254285,5626.528036373994
2026-108F,2026-125R,0,4,8599.7665430811,8617.9331586172
2026-108F,2026-125S,0,4,6851.872631907175,6835.26469306334
2026-108F,2026-125T,0,4,8281.083270648614,8319.848987305144
2026-108G,2026-121A,0,5,7959.161076523782,8035.841342619308
2026-108G,2026-121B,0,5,9210.47846487329,9189.00044211471
2026-108G,2026-124A,0,8,14313.788203404956,14306.073494452641
2026-108G,2026-124B,0,8,14643.125688386514,14647.071980596218
2026-108G,2026-124C,0,8,14527.540148813354,14544.629836602027
2026-108G,2026-124D,0,8,13970.542180702112,14006.778817075343
2026-108G,2026-124E,0,8,12989.05638485118,13003.046074529577
2026-108G,2026-124F,0,8,11612.90605775849,11649.931034864077
2026-108G,2026-124G,0,8,7854.581263055714,7873.845681969716
2026-108G,2026-124H,0,8,9883.901071670642,9937.9232643465
2026-108G,2026-124J,0,8,5586.601415345487,5709.8249341713445
2026-108G,2026-124K,0,8,1936.6285331075496,1812.1647582038902
2026-108G,2026-124L,0,8,4429.8875682102625,4397.281022115142
2026-108G,2026-124M,0,8,6788.545783043141,6743.633029970182
2026-108G,2026-124N,0,8,10821.665260112295,10767.775000058358
2026-108G,2026-124P,0,8,8940.939480084468,8854.448010388835
2026-108G,2026-124Q,0,8,12373.58249587,12333.589183194055
2026-108G,2026-124R,0,8,13549.532243416103,13529.346022270996
2026-108G,2026-124S,0,8,3148.8785339128463,3198.4064789489184
2026-108G,2026-124T,0,8,615.4779079092714,717.7402246622597
2026-108G,2026-125A,0,4,9244.679023613904,9271.516476043746
2026-108G,2026-125B,0,4,9093.229335570253,9135.577368011773
2026-108G,2026-125C,0,4,2774.6212775697163,2791.9185828971868
2026-108G,2026-125D,0,4,9310.419237049638,9346.464417169122
2026-108G,2026-125E,0,4,8599.798538499226,8632.060402187557
2026-108G,2026-125F,0,4,6851.879516672013,6920.553640468506
2026-108G,2026-125G,0,4,4277.545003488613,4362.60678663125
2026-108G,2026-125H,0,4,7845.005648231716,7914.8112726779445
2026-108G,2026-125J,0,4,436.7116053791214,361.4739269840108
2026-108G,2026-125K,0,4,5650.566563861813,5731.104941553046
2026-108G,2026-125L,0,4,3594.179057728372,3568.358886109976
2026-108G,2026-125M,0,4,2046.1911054919774,2011.2269403981345
2026-108G,2026-125N,0,4,5032.857789053278,5037.528877914732
2026-108G,2026-125P,0,4,7412.491981303558,7384.710952139525
2026-108G,2026-125Q,0,4,8898.072865238066,8918.161187141155
2026-108G,2026-125R,0,4,6318.682631670451,6301.316719719261
2026-108G,2026-125S,0,4,8281.087665450774,8290.145837562779
2026-108G,2026-125T,0,4,1187.2785531682553,1232.9506418186043
2026-108H,2026-121A,0,5,973.4282831487412,982.1938219219838
2026-108H,2026-121B,0,5,10867.40509909521,10898.19988983438
2026-108H,2026-124A,0,8,11612.904868080002,11559.124855989272
2026-108H,2026-124B,0,8,9883.901996119075,9803.588229703333
2026-108H,2026-124C,0,8,7854.579944439103,7839.062345329035
2026-108H,2026-124D,0,8,5586.604145842399,5586.469626584972
2026-108H,2026-124E,0,8,3148.876797428173,3069.5746216170037
2026-108H,2026-124F,0,8,615.4904091944786,571.3781493804493
2026-108H,2026-124G,0,8,4429.8875790520315,4502.922901025653
2026-108H,2026-124H,0,8,1936.6275841071813,1964.59923018443
2026-108H,2026-124J,0,8,6788.546047055195,6757.995100318093
2026-108H,2026-124K,0,8,12373.581263842263,12362.89934720152
2026-108H,2026-124L,0,8,13549.533007366075,13580.004479988003
2026-108H,2026-124M,0,8,14313.787559689828,14329.803565435011
2026-108H,2026-124N,0,8,14527.53993563551,14522.469541731778
2026-108H,2026-124P,0,8,14643.126042941156,14646.071395509749
2026-108H,2026-124Q,0,8,13970.542183021771,13950.951645437923
2026-108H,2026-124R,0,8,12989.056750078968,12949.294738568731
2026-108H,2026-124S,0,8,8940.93843744827,8980.981182199164
2026-108H,2026-124T,0,8,10821.666564072766,10822.544266495339
2026-108H,2026-125A,0,4,6851.873212539396,6850.476231261177
2026-108H,2026-125B,0,4,4277.550910278908,4258.243003482848
2026-108H,2026-125C,0,4,5032.913490999738,5093.996675281235
2026-108H,2026-125D,0,4,5650.569905463814,5600.821782830075
2026-108H,2026-125E,0,4,2774.5761097145573,2720.410115716987
2026-108H,2026-125F,0,4,436.0939943395655,437.5646247512373
2026-108H,2026-125G,0,4,3594.1267085050936,3591.832199161946
2026-108H,2026-125H,0,4,1187.3574943376245,1202.9159745904917
2026-108H,2026-125J,0,4,7412.493700114018,7433.75549440477
2026-108H,2026-125K,0,4,2046.2788273989138,2041.649144820678
2026-108H,2026-125L,0,4,8898.063361830627,8938.686837019486
2026-108H,2026-125M,0,4,8281.092806839853,8322.960078865046
2026-108H,2026-125N,0,4,9244.696108021551,9286.011659448022
2026-108H,2026-125P,0,4,9093.259391243368,9125.36603034459
2026-108H,2026-125Q,0,4,7845.026436787797,7835.995729957396
2026-108H,2026-125R,0,4,9310.399703587444,9341.362900402131
2026-108H,2026-125S,0,4,8599.765752198153,8600.110444102049
2026-108H,2026-125T,0,4,6318.671112259822,6358.353748715366
2026-108J,2026-121A,0,5,2904.5889065307374,2913.073143356024
2026-108J,2026-121B,0,5,10197.942011391744,10225.513738470336
2026-108J,2026-124A,0,8,9883.901532923226,9823.159667358474
2026-108J,2026-124B,0,8,7854.57998204783,7768.849800381076
2026-108J,2026-124C,0,8,5586.60305261309,5577.038219321384
2026-108J,2026-124D,0,8,3148.8767955178664,3157.2413462789323
2026-108J,2026-124E,0,8,615.5002227539184,543.4502845821542
2026-108J,2026-124F,0,8,1936.6274414935087,1971.3177645400801
2026-108J,2026-124G,0,8,6788.545781099302,6849.262844848077
2026-108J,2026-124H,0,8,4429.888616864553,4448.405768890889
2026-108J,2026-124J,0,8,8940.938973409015,8907.949366484254
2026-108J,2026-124K,0,8,13549.533284412088,13541.291061040587
2026-108J,2026-124L,0,8,14313.787560360903,14332.585560009726
2026-108J,2026-124M,0,8,14643.126376420993,14650.092181946906
2026-108J,2026-124N,0,8,13970.542423093166,13955.458073429356
2026-108J,2026-124P,0,8,14527.539831030135,14526.458544748382
2026-108J,2026-124Q,0,8,12989.056515348915,12960.224830343921
2026-108J,2026-124R,0,8,11612.905025203894,11563.601731018933
2026-108J,2026-124S,0,8,10821.665453027023,10852.145705642672
2026-108J,2026-124T,0,8,12373.581248891913,12372.38993667873
2026-108J,2026-125A,0,4,5650.585885974859,5645.328688533614
2026-108J,2026-125B,0,4,2774.5982601293454,2752.86665819928
2026-108J,2026-125C,0,4,6318.667145513773,6376.3798611572
2026-108J,2026-125D,0,4,4277.543790669342,4219.8132905405355
2026-108J,2026-125E,0,4,1187.3075543362208,1131.3514222330436
2026-108J,2026-125F,0,4,2046.235755465312,2047.9196727882563
2026-108J,2026-125G,0,4,5032.893133880404,5033.756529938786
2026-108J,2026-125H,0,4,436.16878221296025,420.2323386107201
2026-108J,2026-125J,0,4,8281.086297372338,8307.941999993467
2026-108J,2026-125K,0,4,3594.1277592172687,3591.653720666223
2026-108J,2026-125L,0,4,9244.687157331977,9284.275528672915
2026-108J,2026-125M,0,4,8898.067633236475,8940.168847604129
2026-108J,2026-125N,0,4,9310.400688110807,9343.074146634934
2026-108J,2026-125P,0,4,8599.765477202507,8632.24818149137
2026-108J,2026-125Q,0,4,6851.872977053405,6835.1323338135535
2026-108J,2026-125R,0,4,9093.2471198183,9118.939765687957
2026-108J,2026-125S,0,4,7845.03729110552,7837.098224662184
2026-108J,2026-125T,0,4,7412.5256928396775,7452.902195820925
2026-108K,2026-121A,0,5,987.4595081276275,1048.00678714135
2026-108K,2026-121B,0,5,11206.697907609061,11246.738736625231
2026-108K,2026-124A,0,8,12989.057102543527,12988.9432231664
2026-108K,2026-124B,0,8,11612.90484264272,11599.041200321995
2026-108K,2026-124C,0,8,9883.902614036837,9932.598781218643
2026-108K,2026-124D,0,8,7854.579945204939,7924.7955183490685
2026-108K,2026-124E,0,8,5586.603064648836,5588.1126077656645
2026-108K,2026-124F,0,8,3148.876885138669,3186.2037834444322
2026-108K,2026-124G,0,8,1936.6285163738353,1930.6192275164701
2026-108K,2026-124H,0,8,615.4829396690862,669.5939508385921
2026-108K,2026-124J,0,8,4429.886497310627,4317.417595564657
2026-108K,2026-124K,0,8,10821.6662171905,10749.29446025261
2026-108K,2026-124L,0,8,12373.581263065966,12368.116556530531
2026-108K,2026-124M,0,8,13549.532646970825,13541.275541405455
2026-108K,2026-124N,0,8,14643.125813896653,14644.057963108151
2026-108K,2026-124P,0,8,14313.78766585731,14297.589894556018
2026-108K,2026-124Q,0,8,14527.540145507368,14531.726815816259
2026-108K,2026-124R,0,8,13970.54205241375,13971.566516851084
2026-108K,2026-124S,0,8,6788.547818180297,6758.293938114043
2026-108K,2026-124T,0,8,8940.938458138415,8873.715327363754
2026-108K,2026-125A,0,4,7845.014926413747,7879.934878508643
2026-108K,2026-125B,0,4,5650.559028982823,5681.368245575179
2026-108K,2026-125C,0,4,3594.1336822524086,3605.075303144031
2026-108K,2026-125D,0,4,6851.877657230099,6852.3262330248635
2026-108K,2026-125E,0,4,4277.564772251121,4279.315068591029
2026-108K,2026-125F,0,4,1187.4317209322319,1243.9904522459367
2026-108K,2026-125G,0,4,2046.3288959225638,1985.4041473702646
2026-108K,2026-125H,0,4,2774.5643538978634,2844.898710628241
2026-108K,2026-125J,0,4,6318.679643396523,6292.486717913938
2026-108K,2026-125K,0,4,436.08533466805306,372.94134069999143
2026-108K,2026-125L,0,4,8281.102799037382,8296.08172308966
2026-108K,2026-125M,0,4,7412.488572654398,7419.19781945306
2026-108K,2026-125N,0,4,8898.062331684328,8928.533384128947
2026-108K,2026-125P,0,4,9310.399957593516,9344.36919566018
2026-108K,2026-125Q,0,4,8599.76593982188,8622.341335023177
2026-108K,2026-125R,0,4,9244.70817841324,9270.593583667247
2026-108K,2026-125S,0,4,9093.25002688802,9115.672572566511
2026-108K,2026-125T,0,4,5032.86637167219,5023.430990475904
2026-108L,2026-121A,0,5,2918.30997520125,2931.768889034963
2026-108L,2026-121B,0,5,11205.445736946374,11243.74407071785
2026-108L,2026-124A,0,8,13970.542031269208,13952.841239704214
2026-108L,2026-124B,0,8,12989.057572742298,12949.173099749556
2026-108L,2026-124C,0,8,11612.904843160706,11613.37083214084
2026-108L,2026-124D,0,8,9883.902002921946,9895.870771227294
2026-108L,2026-124E,0,8,7854.579980367806,7798.1449301105795
2026-108L,2026-124F,0,8,5586.602241716971,5557.825924120392
2026-108L,2026-124G,0,8,615.4751538764804,551.5309439955621
2026-108L,2026-124H,0,8,3148.877458502968,3133.5685161445294
2026-108L,2026-124J,0,8,1936.6347247646286,1889.1558068846994
2026-108L,2026-124K,0,8,8940.938457064083,8910.38467302642
2026-108L,2026-124L,0,8,10821.665765948772,10859.65161225728
2026-108L,2026-124M,0,8,12373.581385880749,12396.772881918601
2026-108L,2026-124N,0,8,14313.787878863248,14320.120829613674
2026-108L,2026-124P,0,8,13549.532399439962,13545.120922320117
2026-108L,2026-124Q,0,8,14643.125689287677,14647.601220381823
2026-108L,2026-124R,0,8,14527.540460645521,14521.677969314484
2026-108L,2026-124S,0,8,4429.886539070018,4463.451375170103
2026-108L,2026-124T,0,8,6788.547265213101,6774.455829343644
2026-108L,2026-125A,0,4,8599.769481134628,8621.948029446059
2026-108L,2026-125B,0,4,6851.886311113525,6858.720174034469
2026-108L,2026-125C,0,4,2046.2130039439444,2096.692654332449
2026-108L,2026-125D,0,4,7845.007092357567,7833.841623478607
2026-108L,2026-125E,0,4,5650.553256570656,5625.524589569627
2026-108L,2026-125F,0,4,2774.562992821425,2792.922944513482
2026-108L,2026-125G,0,4,436.1428071447695,413.1924286011555
2026-108L,2026-125H,0,4,4277.585376508586,4310.895094480013
2026-108L,2026-125J,0,4,5032.858819856844,5033.998288909299
2026-108L,2026-125K,0,4,1187.5180010015256,1212.008351684041
2026-108L,2026-125L,0,4,7412.487336051173,7449.1176773233265
2026-108L,2026-125M,0,4,6318.692738898102,6351.619479896608
2026-108L,2026-125N,0,4,8281.116273943788,8331.723238434864
2026-108L,2026-125P,0,4,9244.69896746692,9276.890959660108
2026-108L,2026-125Q,0,4,9093.24009653622,9113.26993199122
2026-108L,2026-125R,0,4,8898.062597461074,8932.600348828662
2026-108L,2026-125S,0,4,9310.400130896505,9336.690865314371
2026-108L,2026-125T,0,4,3594.1486804065403,3619.224348188015
2026-108M,2026-121A,0,5,10197.935901903264,10225.94452290499
2026-108M,2026-121B,0,5,6446.288601353187,6469.20320404569
2026-108M,2026-124A,0,8,12373.581636167997,12408.742259816465
2026-108M,2026-124B,0,8,13549.532397048215,13584.239296485794
2026-108M,2026-124C,0,8,14313.787547437041,14317.129787351041
2026-108M,2026-124D,0,8,14643.126632776364,14647.620709752247
2026-108M,2026-124E,0,8,14527.539831691332,14520.107051534198
2026-108M,2026-124F,0,8,13970.542772627714,13956.473295593974
2026-108M,2026-124G,0,8,11612.905314014273,11555.745328644916
2026-108M,2026-124H,0,8,12989.056398353609,12970.820986191391
2026-108M,2026-124J,0,8,9883.901224449704,9894.93748447116
2026-108M,2026-124K,0,8,3148.8768893293163,3151.742053814667
2026-108M,2026-124L,0,8,615.4902999499936,527.7436336894114
2026-108M,2026-124M,0,8,1936.627438387435,2006.8260007254185
2026-108M,2026-124N,0,8,6788.545740414672,6822.971807253915
2026-108M,2026-124P,0,8,4429.8899803749055,4441.269923840902
2026-108M,2026-124Q,0,8,8940.939487604815,8974.285739194826
2026-108M,2026-124R,0,8,10821.665286190058,10861.808035791497
2026-108M,2026-124S,0,8,7854.58021435368,7796.035315659231
2026-108M,2026-124T,0,8,5586.602233120002,5569.036215222612
2026-108M,2026-125A,0,4,8281.083270648616,8320.44515316257
2026-108M,2026-125B,0,4,9244.681326361228,9286.312926087572
2026-108M,2026-125C,0,4,5650.60095562543,5615.391866489325
2026-108M,2026-125D,0,4,8898.094284644823,8955.739338731733
2026-108M,2026-125E,0,4,9310.404770345498,9343.552234965011
2026-108M,2026-125F,0,4,8599.766543081101,8629.591406369333
2026-108M,2026-125G,0,4,6851.872631907173,6879.602391161229
2026-108M,2026-125H,0,4,9093.238020053903,9129.031093265878
2026-108M,2026-125J,0,4,2774.6308048743563,2783.4267965432796
2026-108M,2026-125K,0,4,7845.023067173503,7875.821881286252
2026-108M,2026-125L,0,4,436.30966421927684,474.52513829458246
2026-108M,2026-125M,0,4,1187.2819040353363,1157.311742521207
2026-108M,2026-125N,0,4,2046.2067774711409,2114.5303948555943
2026-108M,2026-125P,0,4,5032.875621803525,5040.496779186836
2026-108M,2026-125Q,0,4,7412.51187089651,7463.677529541021
2026-108M,2026-125R,0,4,3594.136834381,3629.306921111389
2026-108M,2026-125S,0,4,6318.667743170362,6369.059180763027
2026-108M,2026-125T,0,4,4277.543413462167,4262.032516960686
2026-108N,2026-121A,0,5,6457.897014025474,6533.9170366564385
2026-108N,2026-121B,0,5,10191.944817161726,10199.478927970216
2026-108N,2026-124A,0,8,14643.125669525136,14648.545807664994
2026-108N,2026-124B,0,8,14527.540465273902,14532.985332314056
2026-108N,2026-124C,0,8,13970.5420514692,13999.818952301583
2026-108N,2026-124D,0,8,12989.056753776527,13036.761212424592
2026-108N,2026-124E,0,8,11612.905022413299,11622.475217785923
2026-108N,2026-124F,0,8,9883.901052954408,9919.17058316417
2026-108N,2026-124G,0,8,5586.601417064884,5596.892072490306
2026-108N,2026-124H,0,8,7854.581740973492,7906.051919903161
2026-108N,2026-124J,0,8,3148.880084682763,3268.088988162582
2026-108N,2026-124K,0,8,4429.886879948531,4321.468855725974
2026-108N,2026-124L,0,8,6788.546051828969,6769.885046410816
2026-108N,2026-124M,0,8,8940.938968037348,8912.20198603226
2026-108N,2026-124N,0,8,12373.582002283041,12340.76256126503
2026-108N,2026-124P,0,8,10821.66528740946,10758.683101454417
2026-108N,2026-124Q,0,8,13549.532242972153,13529.678325589033
2026-108N,2026-124R,0,8,14313.788625389669,14309.67247892906
2026-108N,2026-124S,0,8,615.4754388331338,654.6845867685867
2026-108N,2026-124T,0,8,1936.6302649451084,1846.694836434123
2026-108N,2026-125A,0,4,9310.409770633492,9354.943626685303
2026-108N,2026-125B,0,4,8599.786624791735,8649.929960978392
2026-108N,2026-125C,0,4,1187.286273577832,1194.3137712479434
2026-108N,2026-125D,0,4,9093.229750867506,9132.150785138278
2026-108N,2026-125E,0,4,7845.00245326131,7877.296719394847
2026-108N,2026-125F,0,4,5650.55702401686,5721.574334396094
2026-108N,2026-125G,0,4,2774.5914548294486,2855.4405836025776
2026-108N,2026-125H,0,4,6851.914126998956,6929.753863325034
2026-108N,2026-125J,0,4,2046.1899497354366,1987.9759668103204
2026-108N,2026-125K,0,4,4277.553888774326,4357.539308159013
2026-108N,2026-125L,0,4,5032.857468456068,5026.673665068231
2026-108N,2026-125M,0,4,3594.2027494216222,3577.1616741685693
2026-108N,2026-125N,0,4,6318.696922468962,6341.686832443902
2026-108N,2026-125P,0,4,8281.09508696736,8282.198634694128
2026-108N,2026-125Q,0,4,9244.682551841626,9282.323310056412
2026-108N,2026-125R,0,4,7412.487872769542,7418.241648392624
2026-108N,2026-125S,0,4,8898.066201389494,8926.27264829643
2026-108N,2026-125T,0,4,436.456013729847,403.2552942035997
2026-108P,2026-121A,0,5,10867.40534037636,10901.55558959082
2026-108P,2026-121B,0,5,4747.57573168652,4777.6337513158805
2026-108P,2026-124A,0,8,10821.665453027026,10874.777007314613
2026-108P,2026-124B,0,8,12373.581248891911,12427.836108324274
2026-108P,2026-124C,0,8,13549.533284412088,13556.364361452312
2026-108P,2026-124D,0,8,14313.787560360903,14317.047860529801
2026-108P,2026-124E,0,8,14643.126376420993,14652.489097405067
2026-108P,2026-124F,0,8,14527.539831030135,14523.089502341223
2026-108P,2026-124G,0,8,12989.056515348924,12940.954881629004
2026-108P,2026-124H,0,8,13970.542423093166,13957.179270242028
2026-108P,2026-124J,0,8,11612.905025203898,11614.464588999397
2026-108P,2026-124K,0,8,5586.603052613097,5574.038365008597
2026-108P,2026-124L,0,8,3148.8767955178537,3046.5900966830977
2026-108P,2026-124M,0,8,615.5002227539054,527.5510259087238
2026-108P,2026-124N,0,8,4429.888616864554,4482.869237085029
2026-108P,2026-124P,0,8,1936.6274414935347,1965.6195289245968
2026-108P,2026-124Q,0,8,6788.545781099302,6840.176897246231
2026-108P,2026-124R,0,8,8940.938973409015,9000.052854064874
2026-108P,2026-124S,0,8,9883.901532923222,9822.412585968525
2026-108P,2026-124T,0,8,7854.579982047824,7825.657631284738
2026-108P,2026-125A,0,4,7412.525692839677,7459.309952538912
2026-108P,2026-125B,0,4,8898.067633236473,8947.601304699452
2026-108P,2026-125C,0,4,6851.8729770534055,6824.6800774737385
2026-108P,2026-125D,0,4,8281.086297372338,8354.268762347481
2026-108P,2026-125E,0,4,9244.687157331979,9292.845322249803
2026-108P,2026-125F,0,4,9093.247119818301,9128.515106943687
2026-108P,2026-125G,0,4,7845.0372911055165,7874.318960512143
2026-108P,2026-125H,0,4,9310.400688110807,9349.792043804913
2026-108P,2026-125J,0,4,4277.54379066934,4284.439919815273
2026-108P,2026-125K,0,4,8599.765477202507,8633.767069282541
2026-108P,2026-125L,0,4,1187.3075543362127,1144.6158025372904
2026-108P,2026-125M,0,4,2774.5982601293435,2742.0856958214417
2026-108P,2026-125N,0,4,436.16878221296025,510.44429266670295
2026-108P,2026-125P,0,4,3594.127759217269,3606.6872880787
2026-108P,2026-125Q,0,4,6318.667145513779,6381.076296642926
2026-108P,2026-125R,0,4,2046.23575546532,2088.9932079240907
2026-108P,2026-125S,0,4,5032.893133880405,5094.473804961442
2026-108P,2026-125T,0,4,5650.585885974856,5637.626817921109
2026-108Q,2026-121A,0,5,9218.597767894445,9250.962088443031
2026-108Q,2026-121B,0,5,7949.147854053505,7967.12224900002
2026-108Q,2026-124A,0,8,13549.5322637998,13569.24906977293
2026-108Q,2026-124B,0,8,14313.787882218605,14332.556357057694
2026-108Q,2026-124C,0,8,14643.125811683534,14648.421486278781
2026-108Q,2026-124D,0,8,14527.53981895763,14535.05976150831
2026-108Q,2026-124E,0,8,13970.543041324796,13953.535031996651
2026-108Q,2026-124F,0,8,12989.05639909312,12974.752640652783
2026-108Q,2026-124G,0,8,9883.901070698797,9829.871528243464
2026-108Q,2026-124H,0,8,11612.905734510874,11600.236136148238
2026-108Q,2026-124J,0,8,7854.580641356435,7885.3314301949895
2026-108Q,2026-124K,0,8,615.4828616362967,641.8433438258958
2026-108Q,2026-124L,0,8,1936.6275909210087,2000.6711053570552
2026-108Q,2026-124M,0,8,4429.888601686084,4475.566614561743
2026-108Q,2026-124N,0,8,8940.94016317137,8954.877787133208
2026-108Q,2026-124P,0,8,6788.545739528566,6779.206440547715
2026-108Q,2026-124Q,0,8,10821.66526066816,10836.544372314853
2026-108Q,2026-124R,0,8,12373.582007717114,12395.873421902865
2026-108Q,2026-124S,0,8,5586.601687363951,5543.023809081914
2026-108Q,2026-124T,0,8,3148.8774687945634,3152.627568054754
2026-108Q,2026-125A,0,4,8898.082770327681,8936.485869258371
2026-108Q,2026-125B,0,4,9310.430241425502,9350.514705921962
2026-108Q,2026-125C,0,4,4277.542860598519,4245.317314011143
2026-108Q,2026-125D,0,4,9244.678615120183,9293.749291713284
2026-108Q,2026-125E,0,4,9093.232091967466,9118.606227094577
2026-108Q,2026-125F,0,4,7845.0125195409555,7879.541242118328
2026-108Q,2026-125G,0,4,5650.581207748732,5686.559015187743
2026-108Q,2026-125H,0,4,8599.770962647495,8641.674817286104
2026-108Q,2026-125J,0,4,1187.2805450311596,1205.0003052981192
2026-108Q,2026-125K,0,4,6851.8739696882585,6889.76007650828
2026-108Q,2026-125L,0,4,2046.1918940399444,2075.509398918759
2026-108Q,2026-125M,0,4,436.5165762443318,458.1744691385146
2026-108Q,2026-125N,0,4,3594.153933927743,3652.261287227985
2026-108Q,2026-125P,0,4,6318.67290522779,6324.343453842736
2026-108Q,2026-125Q,0,4,8281.083726675082,8325.984343720567
2026-108Q,2026-125R,0,4,5032.863840177714,5060.64632527439
2026-108Q,2026-125S,0,4,7412.499980685692,7455.128898788381
2026-108Q,2026-125T,0,4,2774.661494361873,2765.5779025177394
2026-108R,2026-121A,0,5,11205.44580318782,11237.04695590368
2026-108R,2026-121B,0,5,973.4961969919473,907.6418687145571
2026-108R,2026-124A,0,8,6788.547818180297,6756.810622230465
2026-108R,2026-124B,0,8,8940.938458138415,8927.544451715221
2026-108R,2026-124C,0,8,10821.666217190503,10749.594651323203
2026-108R,2026-124D,0,8,12373.581263065962,12307.991096096055
2026-108R,2026-124E,0,8,13549.532646970825,13536.784188206044
2026-108R,2026-124F,0,8,14313.78766585731,14301.22184145957
2026-108R,2026-124G,0,8,14527.540145507368,14532.62321078053
2026-108R,2026-124H,0,8,14643.125813896653,14643.615213287176
2026-108R,2026-124J,0,8,13970.54205241375,14007.703428476547
2026-108R,2026-124K,0,8,9883.902614036833,9955.319727723208
2026-108R,2026-124L,0,8,7854.579945204939,7858.800718348462
2026-108R,2026-124M,0,8,5586.603064648842,5605.632527419793
2026-108R,2026-124N,0,8,615.4829396690862,668.4293248370906
2026-108R,2026-124P,0,8,3148.876885138669,3225.61113977211
2026-108R,2026-124Q,0,8,1936.6285163738548,1885.8736424065264
2026-108R,2026-124R,0,8,4429.886497310629,4394.833369292237
2026-108R,2026-124S,0,8,12989.057102543527,13005.094177016985
2026-108R,2026-124T,0,8,11612.90484264272,11661.274011079913
2026-108R,2026-125A,0,4,5032.866371672192,5013.373707031022
2026-108R,2026-125B,0,4,7412.488572654397,7416.04283636287
2026-108R,2026-125C,0,4,8599.765939821882,8626.631876590473
2026-108R,2026-125D,0,4,6318.679643396525,6348.242791382095
2026-108R,2026-125E,0,4,8281.10279903738,8306.277409275715
2026-108R,2026-125F,0,4,9244.708178413242,9270.701233106918
2026-108R,2026-125G,0,4,9093.25002688802,9142.163233144585
2026-108R,2026-125H,0,4,8898.062331684327,8904.33462679463
2026-108R,2026-125J,0,4,6851.8776572301,6917.190556325627
2026-108R,2026-125K,0,4,9310.399957593516,9349.82237756906
2026-108R,2026-125L,0,4,4277.564772251121,4311.409138665019
2026-108R,2026-125M,0,4,5650.559028982826,5690.390685926954
2026-108R,2026-125N,0,4,2774.564353897864,2779.780766809932
2026-108R,2026-125P,0,4,436.0853346680531,365.89159490267076
2026-108R,2026-125Q,0,4,3594.1336822524086,3589.488003727865
2026-108R,2026-125R,0,4,1187.431720932232,1224.0885273958625
2026-108R,2026-125S,0,4,2046.3288959225597,2036.27634060618
2026-108R,2026-125T,0,4,7845.014926413747,7888.767462019022
2026-108S,2026-121A,0,5,10863.758084871368,10905.190924657943
2026-108S,2026-121B,0,5,987.4607084672567,984.1693327486133
2026-108S,2026-124A,0,8,4429.886539070018,4489.98992675684
2026-108S,2026-124B,0,8,6788.5472652131,6860.668682741209
2026-108S,2026-124C,0,8,8940.93845706408,8934.029099597577
2026-108S,2026-124D,0,8,10821.665765948768,10804.94189244228
2026-108S,2026-124E,0,8,12373.58138588075,12406.428603929866
2026-108S,2026-124F,0,8,13549.532399439957,13561.798390926757
2026-108S,2026-124G,0,8,14643.125689287677,14652.391197990855
2026-108S,2026-124H,0,8,14313.787878863248,14321.036971653004
2026-108S,2026-124J,0,8,14527.540460645521,14536.036255616837
2026-108S,2026-124K,0,8,11612.904843160712,11615.301225480824
2026-108S,2026-124L,0,8,9883.90200292195,9817.352283151264
2026-108S,2026-124M,0,8,7854.579980367806,7790.347313186981
2026-108S,2026-124N,0,8,3148.877458502968,3104.3265746059824
2026-108S,2026-124P,0,8,5586.602241716971,5568.742156966378
2026-108S,2026-124Q,0,8,615.4751538764804,567.3274089896705
2026-108S,2026-124R,0,8,1936.634724764635,1998.5980631620982
2026-108S,2026-124S,0,8,13970.542031269208,13956.178566474337
2026-108S,2026-124T,0,8,12989.0575727423,12984.601232383744
2026-108S,2026-125A,0,4,3594.1486804065407,3626.926234697372
2026-108S,2026-125B,0,4,6318.692738898104,6363.452686124778
2026-108S,2026-125C,0,4,9093.24009653622,9117.60144030992
2026-108S,2026-125D,0,4,5032.858819856842,5114.87268162426
2026-108S,2026-125E,0,4,7412.487336051168,7475.847877503302
2026-108S,2026-125F,0,4,8898.062597461074,8935.615512937902
2026-108S,2026-125G,0,4,9310.400130896505,9354.66121447961
2026-108S,2026-125H,0,4,8281.116273943786,8305.868014004922
2026-108S,2026-125J,0,4,7845.007092357568,7880.493179282509
2026-108S,2026-125K,0,4,9244.698967466918,9286.351436777515
2026-108S,2026-125L,0,4,5650.553256570656,5642.959004758469
2026-108S,2026-125M,0,4,6851.8863111135315,6857.771664123605
2026-108S,2026-125N,0,4,4277.585376508586,4236.352929963231
2026-108S,2026-125P,0,4,1187.5180010015295,1200.612690944416
2026-108S,2026-125Q,0,4,2046.213003943942,2098.861518188429
2026-108S,2026-125R,0,4,2774.5629928214285,2757.9329217647432
2026-108S,2026-125S,0,4,436.14280714476547,484.7804013356681
2026-108S,2026-125T,0,4,8599.769481134628,8627.063998618298
2026-108T,2026-121A,0,5,11206.69148202865,11251.27860814388
2026-108T,2026-121B,0,5,2904.5823005262914,2905.4074775651584
2026-108T,2026-124A,0,8,8940.938437448263,8975.735880049167
2026-108T,2026-124B,0,8,10821.666564072759,10865.206888334209
2026-108T,2026-124C,0,8,12373.581263842256,12361.547557238933
2026-108T,2026-124D,0,8,13549.533007366075,13536.628507108051
2026-108T,2026-124E,0,8,14313.787559689827,14327.747641506388
2026-108T,2026-124F,0,8,14643.126042941156,14649.335705095235
2026-108T,2026-124G,0,8,13970.542183021777,13952.41808283845
2026-108T,2026-124H,0,8,14527.53993563551,14530.342378785925
2026-108T,2026-124J,0,8,12989.05675007897,13008.005332944897
2026-108T,2026-124K,0,8,7854.579944439107,7870.879619580464
2026-108T,2026-124L,0,8,5586.604145842399,5519.700678527355
2026-108T,2026-124M,0,8,3148.8767974281727,3094.0053487825776
2026-108T,2026-124N,0,8,1936.627584107175,1960.1463625591732
2026-108T,2026-124P,0,8,615.4904091944852,617.7336040196292
2026-108T,2026-124Q,0,8,4429.8875790520315,4454.633309296094
2026-108T,2026-124R,0,8,6788.546047055201,6825.229206329725
2026-108T,2026-124S,0,8,11612.904868080002,11584.387261187423
2026-108T,2026-124T,0,8,9883.901996119072,9884.102012061689
2026-108T,2026-125A,0,4,6318.671112259823,6349.312832867578
2026-108T,2026-125B,0,4,8281.092806839852,8323.314592299486
2026-108T,2026-125C,0,4,7845.026436787801,7845.585464820153
2026-108T,2026-125D,0,4,7412.493700114018,7480.886636275352
2026-108T,2026-125E,0,4,8898.063361830626,8949.124441796774
2026-108T,2026-125F,0,4,9310.399703587444,9352.598121752668
2026-108T,2026-125G,0,4,8599.765752198151,8643.505157550751
2026-108T,2026-125H,0,4,9244.69610802155,9280.81052011946
2026-108T,2026-125J,0,4,5650.569905463815,5681.956980067683
2026-108T,2026-125K,0,4,9093.259391243368,9137.57609423508
2026-108T,2026-125L,0,4,2774.576109714561,2759.490473391965
2026-108T,2026-125M,0,4,4277.55091027891,4273.18031478594
2026-108T,2026-125N,0,4,1187.3574943376245,1139.0105145229772
2026-108T,2026-125P,0,4,2046.278827398914,2032.9270343094029
2026-108T,2026-125Q,0,4,5032.913490999738,5078.978739431509
2026-108T,2026-125R,0,4,436.0939943395655,454.04432232765123
2026-108T,2026-125S,0,4,3594.1267085050936,3636.7955214043054
2026-108T,2026-125T,0,4,6851.873212539403,6865.194181295083
2026-121A,2026-124A,5,8,10785.79461543361,10760.592275509653
2026-121A,2026-124B,5,8,9418.420836918602,9369.026281193843
2026-121A,2026-124C,5,8,7764.894166099536,7766.388050577782
2026-121A,2026-124D,5,8,5875.406246314621,5889.1718522977435
2026-121A,2026-124E,5,8,3807.4332176399103,3751.5950818482734
2026-121A,2026-124F,5,8,1623.731469648595,1595.4689333676913
2026-121A,2026-124G,5,8,2823.7958356301388,2884.5542949161213
2026-121A,2026-124H,5,8,609.3589823050486,626.5674490598637
2026-121A,2026-124J,5,8,4952.499165696774,4922.82926260261
2026-121A,2026-124K,5,8,10201.713616122204,10200.652177640892
2026-121A,2026-124L,5,8,11395.075007788442,11436.035171706126
2026-121A,2026-124M,5,8,12242.215824067247,12274.141869254488
2026-121A,2026-124N,5,8,12806.129052714288,12825.408299819284
2026-121A,2026-124P,5,8,12717.375890788797,12741.26964961471
2026-121A,2026-124Q,5,8,12505.77467162751,12516.270433803102
2026-121A,2026-124R,5,8,11825.435492062974,11817.98201101635
2026-121A,2026-124S,5,8,6930.73655867338,6966.114436762185
2026-121A,2026-124T,5,8,8698.36097008198,8701.108345488434
2026-121A,2026-125A,5,4,11626.13306389498,11592.033668738051
2026-121A,2026-125B,5,4,7871.705336076861,7823.299766621819
2026-121A,2026-125C,5,4,6772.729915053597,6836.25698291895
2026-121A,2026-125D,5,4,9899.311720707903,9798.90350455851
2026-121A,2026-125E,5,4,5604.921467474047,5513.218363279086
2026-121A,2026-125F,5,4,634.5073506153103,643.2582432194845
2026-121A,2026-125G,5,4,4412.465966829886,4377.607584276084
2026-121A,2026-125H,5,4,3167.833848908287,3192.5411193648215
2026-121A,2026-125J,5,4,10810.443555035105,10788.895726880628
2026-121A,2026-125K,5,4,1918.1251448521905,1889.9185990523738
2026-121A,2026-125L,5,4,13544.258253445743,13553.889385132785
2026-121A,2026-125M,5,4,12365.20576803114,12376.688894322238
2026-121A,2026-125N,5,4,14311.774238591921,14326.285417113399
2026-121A,2026-125P,5,4,14532.131596451178,14529.103566909693
2026-121A,2026-125Q,5,4,12999.699383826104,12953.451403929295
2026-121A,2026-125R,5,4,14644.43568973667,14643.325960950197
2026-121A,2026-125S,5,4,13978.277695319692,13946.272445319128
2026-121A,2026-125T,5,4,8927.211214116502,8943.985091077035
2026-121B,2026-124A,5,8,4952.496241286292,4998.831578854724
2026-121B,2026-124B,5,8,6930.7346388327705,6988.468186365342
2026-121B,2026-124C,5,8,8698.360718666216,8692.82404217749
2026-121B,2026-124D,5,8,10201.709560576242,10192.66279932285
2026-121B,2026-124E,5,8,11395.075894954842,11426.633440280206
2026-121B,2026-124F,5,8,12242.213448898974,12262.394535507041
2026-121B,2026-124G,5,8,12806.1277423179,12820.83525758661
2026-121B,2026-124H,5,8,12717.377652594936,12735.592199424373
2026-121B,2026-124J,5,8,12505.777446485912,12529.332537982355
2026-121B,2026-124K,5,8,9418.420982326183,9438.961763433666
2026-121B,2026-124L,5,8,7764.8900849578995,7716.783292553018
2026-121B,2026-124M,5,8,5875.406265217959,5831.38165454556
2026-121B,2026-124N,5,8,1623.7391108553331,1595.9322816626716
2026-121B,2026-124P,5,8,3807.4229546618253,3806.8702870595184
2026-121B,2026-124Q,5,8,609.3150339568351,642.1581261790583
2026-121B,2026-124R,5,8,2823.82810932475,2871.158314203693
2026-121B,2026-124S,5,8,11825.435112806343,11818.33920886404
2026-121B,2026-124T,5,8,10785.798972824563,10794.056044927951
2026-121B,2026-125A,5,4,6772.73029501876,6786.364405660572
2026-121B,2026-125B,5,4,10810.443933317625,10822.426159029112
2026-121B,2026-125C,5,4,13978.277337149102,13945.985828154171
2026-121B,2026-125D,5,4,8927.210961190418,9002.690932265685
2026-121B,2026-125E,5,4,12365.205708030391,12397.645592490866
2026-121B,2026-125F,5,4,14311.774258658827,14302.617533229608
2026-121B,2026-125G,5,4,14532.131584389084,14532.484407747641
2026-121B,2026-125H,5,4,13544.258667303688,13520.721113004676
2026-121B,2026-125J,5,4,11626.132763656762,11625.58072849344
2026-121B,2026-125K,5,4,14644.435526181645,14640.951290342668
2026-121B,2026-125L,5,4,7871.705085228045,7823.069986458609
2026-121B,2026-125M,5,4,9899.312009285328,9859.203531002084
2026-121B,2026-125N,5,4,5604.922247630839,5514.052427329989
2026-121B,2026-125P,5,4,634.5166313130879,656.7309325464188
2026-121B,2026-125Q,5,4,4412.463344503099,4468.714722102371
2026-121B,2026-125R,5,4,3167.833704139081,3130.899711136412
2026-121B,2026-125S,5,4,1918.1256961189583,1979.9991019003567
2026-121B,2026-125T,5,4,12999.699486960455,12975.111174564468
2026-124A,2026-125A,8,4,959.4242722700865,936.6878457801786
2026-124A,2026-125B,8,4,4737.5413038228935,4721.617102687306
2026-124A,2026-125C,8,4,11211.878868114043,11222.45223911289
2026-124A,2026-125D,8,4,2892.428189970724,2931.283248933803
2026-124A,2026-125E,8,4,6438.703971901189,6452.865203275938
2026-124A,2026-125F,8,4,9208.388565581727,9178.370933903461
2026-124A,2026-125G,8,4,10867.407777489738,10857.59185839813
2026-124A,2026-125H,8,4,7944.2487519204915,7892.038094499264
2026-124A,2026-125J,8,4,10878.67316159616,10903.197210829709
2026-124A,2026-125K,8,4,10192.765749683185,10169.899737200132
2026-124A,2026-125L,8,4,9233.341880778098,9241.345527577583
2026-124A,2026-125M,8,4,10211.133531850997,10223.638124617042
2026-124A,2026-125N,8,4,7975.000845540559,7958.096183474431
2026-124A,2026-125P,8,4,4776.989176943187,4830.879378221916
2026-124A,2026-125Q,8,4,1002.8377966830706,994.0397865484221
2026-124A,2026-125R,8,4,6474.334673584665,6487.758402050513
2026-124A,2026-125S,8,4,2934.429351927017,2924.4010518018663
2026-124A,2026-125T,8,4,11215.656508267704,11229.720550861732
2026-124B,2026-125A,8,4,1002.786007762323,1040.3207228123488
2026-124B,2026-125B,8,4,2892.417265285659,2859.8921455414034
2026-124B,2026-125C,8,4,10867.407440502433,10872.380786105523
2026-124B,2026-125D,8,4,959.45888503869,984.1623787099815
2026-124B,2026-125E,8,4,4737.55260601488,4737.781175231935
2026-124B,2026-125F,8,4,7944.258051769276,7892.021588059419
2026-124B,2026-125G,8,4,10192.763626395305,10160.14040033485
2026-124B,2026-125H,8,4,6438.702222629404,6363.084237334841
2026-124B,2026-125J,8,4,11215.657994903375,11233.410030964535
2026-124B,2026-125K,8,4,9208.389073089058,9161.899606403415
2026-124B,2026-125L,8,4,10211.137156262492,10226.239248384614
2026-124B,2026-125M,8,4,10878.66873696338,10894.939976567572
2026-124B,2026-125N,8,4,9233.338677240434,9230.379031198127
2026-124B,2026-125P,8,4,6474.333796021742,6535.765084745798
2026-124B,2026-125Q,8,4,2934.4337388636054,2939.607189274517
2026-124B,2026-125R,8,4,7975.014936126822,7998.084616657749
2026-124B,2026-125S,8,4,4776.974048092717,4780.010831497035
2026-124B,2026-125T,8,4,11211.87276121193,11220.309963805457
2026-124C,2026-125A,8,4,2934.4450558222607,2903.064424712606
2026-124C,2026-125B,8,4,959.5146905650445,994.9691761882182
2026-124C,2026-125C,8,4,10192.75690889913,10223.248546381583
2026-124C,2026-125D,8,4,1002.7544962497852,908.929486073119
2026-124C,2026-125E,8,4,2892.4133712938237,2959.3370219414205
2026-124C,2026-125F,8,4,6438.7029484471905,6433.005903408488
2026-124C,2026-125G,8,4,9208.388675388827,9199.138030251148
2026-124C,2026-125H,8,4,4737.568200614018,4715.982740312298
2026-124C,2026-125J,8,4,11211.868468072475,11222.724175553545
2026-124C,2026-125K,8,4,7944.255327515189,7932.638566895425
2026-124C,2026-125L,8,4,10878.666017939773,10874.08462137774
2026-124C,2026-125M,8,4,11215.66129469648,11222.759724333222
2026-124C,2026-125N,8,4,10211.14816115592,10182.294100786494
2026-124C,2026-125P,8,4,7975.005874039523,7980.362750399561
2026-124C,2026-125Q,8,4,4776.963176230169,4718.177338462674
2026-124C,2026-125R,8,4,9233.338061901162,9213.996800159275
2026-124C,2026-125S,8,4,6474.335784359623,6419.5722887698
2026-124C,2026-125T,8,4,10867.408974777745,10884.099968092221
2026-124D,2026-125A,8,4,4776.956561393904,4736.450692961699
2026-124D,2026-125B,8,4,1002.7432640840252,954.2102417760908
2026-124D,2026-125C,8,4,9208.390486085038,9255.08077576038
2026-124D,2026-125D,8,4,2934.463302713155,2830.91002438631
2026-124D,2026-125E,8,4,959.5916851040867,1042.2442974597216
2026-124D,2026-125F,8,4,4737.563632408706,4743.0530747867615
2026-124D,2026-125G,8,4,7944.246708725584,7940.347190110774
2026-124D,2026-125H,8,4,2892.41498701155,2882.726110298217
2026-124D,2026-125J,8,4,10867.412380313572,10878.995598944748
2026-124D,2026-125K,8,4,6438.702379671377,6435.072278942567
2026-124D,2026-125L,8,4,11215.67131394399,11221.693945380874
2026-124D,2026-125M,8,4,11211.865829854149,11228.678705370467
2026-124D,2026-125N,8,4,10878.665495666562,10863.634999098536
2026-124D,2026-125P,8,4,9233.33945610595,9234.106253806272
2026-124D,2026-125Q,8,4,6474.340913675938,6411.704148307777
2026-124D,2026-125R,8,4,10211.141083571256,10195.908768155874
2026-124D,2026-125S,8,4,7974.999361872867,7920.033129401654
2026-124D,2026-125T,8,4,10192.752186512862,10218.262052155627
2026-124E,2026-125A,8,4,6474.3491839588505,6490.984684690179
2026-124E,2026-125B,8,4,2934.4884793914125,2949.0142010935197
2026-124E,2026-125C,8,4,7944.240649731671,7953.850826209787
2026-124E,2026-125D,8,4,4776.954203607252,4738.45463209892
2026-124E,2026-125E,8,4,1002.7479246129626,983.4863322973681
2026-124E,2026-125F,8,4,2892.413720879538,2836.1038733917885
2026-124E,2026-125G,8,4,6438.704969260366,6379.355918872197
2026-124E,2026-125H,8,4,959.5691313153675,885.9862720360644
2026-124E,2026-125J,8,4,10192.749284513768,10174.194873402299
2026-124E,2026-125K,8,4,4737.549179846618,4674.123158567395
2026-124E,2026-125L,8,4,11211.865323102114,11221.96286180952
2026-124E,2026-125M,8,4,10867.422720630042,10872.50946810859
2026-124E,2026-125N,8,4,11215.664870258252,11224.442595966893
2026-124E,2026-125P,8,4,10211.135997503145,10242.404214283935
2026-124E,2026-125Q,8,4,7974.995399638664,7967.437343028609
2026-124E,2026-125R,8,4,10878.666679006967,10890.711527592923
2026-124E,2026-125S,8,4,9233.343052737811,9226.869783394202
2026-124E,2026-125T,8,4,9208.394505174841,9200.14763402636
2026-124F,2026-125A,8,4,7974.993987344105,7974.330833667946
2026-124F,2026-125B,8,4,4776.95518191355,4768.49641146337
2026-124F,2026-125C,8,4,6438.71071720813,6471.205148878651
2026-124F,2026-125D,8,4,6474.360595189258,6420.686007720694
2026-124F,2026-125E,8,4,2934.4811042726774,2890.7920187566297
2026-124F,2026-125F,8,4,959.4977738989902,927.9412051048788
2026-124F,2026-125G,8,4,4737.5390197039205,4695.74538468889
2026-124F,2026-125H,8,4,1002.7442724637505,1049.847109342906
2026-124F,2026-125J,8,4,9208.406708438088,9194.525944348328
2026-124F,2026-125K,8,4,2892.419485469643,2850.5435424032767
2026-124F,2026-125L,8,4,10867.416070455065,10881.510992202107
2026-124F,2026-125M,8,4,10192.7487270944,10204.877216746774
2026-124F,2026-125N,8,4,11211.866471275416,11229.825946760864
2026-124F,2026-125P,8,4,10878.669731671935,10898.618199651293
2026-124F,2026-125Q,8,4,9233.348851791103,9216.18793194807
2026-124F,2026-125R,8,4,11215.660239720744,11227.328563687674
2026-124F,2026-125S,8,4,10211.1329029589,10199.509709299158
2026-124F,2026-125T,8,4,7944.236926360032,7950.502156068829
2026-124G,2026-125A,8,4,10211.132257612584,10229.153288643796
2026-124G,2026-125B,8,4,7974.994114133723,7992.663635120765
2026-124G,2026-125C,8,4,2892.471131007297,2901.050360318919
2026-124G,2026-125D,8,4,9233.354509344654,9217.910802917317
2026-124G,2026-125E,8,4,6474.3466768883845,6462.800840418136
2026-124G,2026-125F,8,4,2934.441368204346,2993.116601774738
2026-124G,2026-125G,8,4,959.4167765690521,883.7020268929796
2026-124G,2026-125H,8,4,4776.957905701724,4846.400666968979
2026-124G,2026-125J,8,4,6438.716945516641,6385.970902600439
2026-124G,2026-125K,8,4,1002.7978070697187,1075.3560718709655
2026-124G,2026-125L,8,4,9208.393220233065,9201.936690877037
2026-124G,2026-125M,8,4,7944.237831611104,7930.366106217742
2026-124G,2026-125N,8,4,10192.753248159861,10206.49865865942
2026-124G,2026-125P,8,4,11211.874208931305,11218.405914486822
2026-124G,2026-125Q,8,4,10878.681444956293,10884.989603975406
2026-124G,2026-125R,8,4,10867.40838386402,10869.098589499543
2026-124G,2026-125S,8,4,11215.656418112798,11222.229905844302
2026-124G,2026-125T,8,4,4737.531576806533,4713.4390434760235
2026-124H,2026-125A,8,4,9233.356853256719,9230.216505746897
2026-124H,2026-125B,8,4,6474.357252437642,6460.171497699373
2026-124H,2026-125C,8,4,4737.5327760882465,4781.6919168239065
2026-124H,2026-125D,8,4,7974.994573341371,7924.135986034894
2026-124H,2026-125E,8,4,4776.954415279045,4727.465165368274
2026-124H,2026-125F,8,4,1002.7609002903382,1024.4224432396065
2026-124H,2026-125G,8,4,2892.4322807348817,2857.051846569345
2026-124H,2026-125H,8,4,2934.4577713228696,2970.3933712347985
2026-124H,2026-125J,8,4,7944.23621117039,7929.746785734167
2026-124H,2026-125K,8,4,959.4476066304672,926.006798384245
2026-124H,2026-125L,8,4,10192.749990067196,10209.850493960657
2026-124H,2026-125M,8,4,9208.398860145368,9224.011123486667
2026-124H,2026-125N,8,4,10867.411291530872,10893.035826868854
2026-124H,2026-125P,8,4,11215.657422337668,11230.965306813174
2026-124H,2026-125Q,8,4,10211.131799942968,10197.736329470656
2026-124H,2026-125R,8,4,11211.869433219805,11225.634128134696
2026-124H,2026-125S,8,4,10878.674653657294,10872.506472171193
2026-124H,2026-125T,8,4,6438.728169830142,6451.22280329823
2026-124J,2026-125A,8,4,10878.67945554463,10875.043296856255
2026-124J,2026-125B,8,4,9233.347093853832,9204.115966513053
2026-124J,2026-125C,8,4,959.4108545825181,1052.9092870651577
2026-124J,2026-125D,8,4,10211.131898966907,10169.919055733244
2026-124J,2026-125E,8,4,7974.996204868052,7908.532289929043
2026-124J,2026-125F,8,4,4776.9656531692735,4756.973185154575
2026-124J,2026-125G,8,4,1002.909859826508,994.7929735454
2026-124J,2026-125H,8,4,6474.339242292413,6470.3492332921
2026-124J,2026-125J,8,4,4737.534294078432,4754.890876419075
2026-124J,2026-125K,8,4,2934.4312881241913,2924.0570263272343
2026-124J,2026-125L,8,4,7944.242011863672,7993.297413941095
2026-124J,2026-125M,8,4,6438.708879534071,6490.0070529750465
2026-124J,2026-125N,8,4,9208.38978871005,9270.635983428543
2026-124J,2026-125P,8,4,10867.407347458487,10882.58917642727
2026-124J,2026-125Q,8,4,11215.656834791465,11219.062347197398
2026-124J,2026-125R,8,4,10192.758501367718,10223.811270430473
2026-124J,2026-125S,8,4,11211.88079840353,11227.617093137998
2026-124J,2026-125T,8,4,2892.446145260022,2947.873689592836
2026-124K,2026-125A,8,4,10867.408974777745,10892.985605561524
2026-124K,2026-125B,8,4,11215.66129469648,11231.235996386613
2026-124K,2026-125C,8,4,4776.963176230169,4703.6414724632905
2026-124K,2026-125D,8,4,11211.868468072475,11241.548141850832
2026-124K,2026-125E,8,4,10878.666017939773,10872.260927167186
2026-124K,2026-125F,8,4,9233.338061901162,9237.385178531813
2026-124K,2026-125G,8,4,6474.335784359623,6481.9287146243505
2026-124K,2026-125H,8,4,10211.148161155917,10226.160202766048
2026-124K,2026-125J,8,4,1002.7544962497817,997.7322898105434
2026-124K,2026-125K,8,4,7975.005874039524,7983.2242017876915
2026-124K,2026-125L,8,4,2892.4133712938233,2943.573519312569
2026-124K,2026-125M,8,4,959.5146905650444,1007.2481307003186
2026-124K,2026-125N,8,4,4737.56820061402,4816.908386331543
2026-124K,2026-125P,8,4,7944.255327515189,7949.637376077249
2026-124K,2026-125Q,8,4,10192.756908899126,10231.75993021421
2026-124K,2026-125R,8,4,6438.702948447192,6476.103402107146
2026-124K,2026-125S,8,4,9208.38867538883,9251.644343713862
2026-124K,2026-125T,8,4,2934.44505582226,2892.4614697014235
2026-124L,2026-125A,8,4,10192.752186512856,10186.717075870123
2026-124L,2026-125B,8,4,11211.865829854149,11226.001956046903
2026-124L,2026-125C,8,4,6474.340913675943,6466.999399215812
2026-124L,2026-125D,8,4,10867.412380313572,10889.196836913854
2026-124L,2026-125E,8,4,11215.67131394399,11229.463890662642
2026-124L,2026-125F,8,4,10211.14108357126,10247.192627928018
2026-124L,2026-125G,8,4,7974.999361872872,8033.159980613342
2026-124L,2026-125H,8,4,10878.665495666562,10910.657406902363
2026-124L,2026-125J,8,4,2934.463302713156,2999.3350167326616
2026-124L,2026-125K,8,4,9233.33945610595,9282.93884504623
2026-124L,2026-125L,8,4,959.5916851040867,939.0220749684561
2026-124L,2026-125M,8,4,1002.7432640840278,1027.659590346037
2026-124L,2026-125N,8,4,2892.41498701155,2904.851299785171
2026-124L,2026-125P,8,4,6438.702379671373,6379.562948428686
2026-124L,2026-125Q,8,4,9208.390486085038,9209.64700778137
2026-124L,2026-125R,8,4,4737.563632408706,4709.589346961737
2026-124L,2026-125S,8,4,7944.246708725579,7939.986316830903
2026-124L,2026-125T,8,4,4776.956561393905,4803.18059728275
2026-124M,2026-125A,8,4,9208.394505174841,9201.987148628747
2026-124M,2026-125B,8,4,10867.42272063004,10878.506433922797
2026-124M,2026-125C,8,4,7974.995399638666,7963.69639176787
2026-124M,2026-125D,8,4,10192.74928451377,10222.28468419802
2026-124M,2026-125E,8,4,11211.865323102113,11230.510605204821
2026-124M,2026-125F,8,4,10878.666679006967,10906.290646665224
2026-124M,2026-125G,8,4,9233.343052737813,9279.02062718943
2026-124M,2026-125H,8,4,11215.664870258252,11237.353291855494
2026-124M,2026-125J,8,4,4776.954203607254,4829.225502845618
2026-124M,2026-125K,8,4,10211.135997503145,10249.595765747636
2026-124M,2026-125L,8,4,1002.7479246129576,1012.0371739737312
2026-124M,2026-125M,8,4,2934.488479391414,2948.177832346045
2026-124M,2026-125N,8,4,959.5691313153675,983.6756507409622
2026-124M,2026-125P,8,4,4737.549179846618,4681.857612828634
2026-124M,2026-125Q,8,4,7944.240649731667,7951.763703707721
2026-124M,2026-125R,8,4,2892.413720879548,2873.8615037156437
2026-124M,2026-125S,8,4,6438.704969260358,6442.9164080317505
2026-124M,2026-125T,8,4,6474.349183958851,6491.44312409974
2026-124N,2026-125A,8,4,6438.728169830144,6438.62872676524
2026-124N,2026-125B,8,4,9208.398860145368,9219.314628999042
2026-124N,2026-125C,8,4,10211.131799942968,10202.994565098279
2026-124N,2026-125D,8,4,7944.236211170387,7993.26428952826
2026-124N,2026-125E,8,4,10192.749990067194,10220.24945651425
2026-124N,2026-125F,8,4,11211.869433219803,11226.245659677967
2026-124N,2026-125G,8,4,10878.674653657292,10905.256392368901
2026-124N,2026-125H,8,4,10867.411291530872,10867.324013264639
2026-124N,2026-125J,8,4,7974.994573341374,8006.3708715908915
2026-124N,2026-125K,8,4,11215.65742233767,11237.417303591896
2026-124N,2026-125L,8,4,4776.954415279046,4767.854994715383
2026-124N,2026-125M,8,4,6474.357252437641,6472.222011716099
2026-124N,2026-125N,8,4,2934.4577713228696,2891.4990256232995
2026-124N,2026-125P,8,4,959.4476066304672,917.8869246165692
2026-124N,2026-125Q,8,4,4737.5327760882465,4762.30747367446
2026-124N,2026-125R,8,4,1002.7609002903383,1001.3289136016853
2026-124N,2026-125S,8,4,2892.432280734882,2917.2964867962237
2026-124N,2026-125T,8,4,9233.35685325672,9240.681178266135
2026-124P,2026-125A,8,4,7944.236926360032,7965.91907375976
2026-124P,2026-125B,8,4,10192.748727094398,10220.234479945797
2026-124P,2026-125C,8,4,9233.348851791101,9206.319437102029
2026-124P,2026-125D,8,4,9208.406708438088,9269.063233929537
2026-124P,2026-125E,8,4,10867.416070455063,10901.93061567993
2026-124P,2026-125F,8,4,11215.660239720744,11238.061391451232
2026-124P,2026-125G,8,4,10211.1329029589,10236.295498994097
2026-124P,2026-125H,8,4,11211.866471275416,11230.114684755212
2026-124P,2026-125J,8,4,6474.360595189262,6490.886352380826
2026-124P,2026-125K,8,4,10878.66973167194,10903.474015213687
2026-124P,2026-125L,8,4,2934.4811042726724,2902.9734118355714
2026-124P,2026-125M,8,4,4776.955181913556,4753.6254326020335
2026-124P,2026-125N,8,4,1002.7442724637506,935.999302868768
2026-124P,2026-125P,8,4,2892.419485469638,2875.4423361701133
2026-124P,2026-125Q,8,4,6438.710717208124,6483.37691233129
2026-124P,2026-125R,8,4,959.4977738989952,983.9395718173942
2026-124P,2026-125S,8,4,4737.539019703915,4782.979804425062
2026-124P,2026-125T,8,4,7974.993987344105,7965.511345103819
2026-124Q,2026-125A,8,4,4737.531576806533,4733.251028225646
2026-124Q,2026-125B,8,4,7944.237831611103,7951.163683425306
2026-124Q,2026-125C,8,4,10878.681444956295,10883.264155196093
2026-124Q,2026-125D,8,4,6438.716945516639,6490.030265578169
2026-124Q,2026-125E,8,4,9208.393220233058,9237.687130994129
2026-124Q,2026-125F,8,4,10867.40838386402,10873.271796721825
2026-124Q,2026-125G,8,4,11215.656418112798,11239.495138879318
2026-124Q,2026-125H,8,4,10192.753248159861,10180.64231223082
2026-124Q,2026-125J,8,4,9233.354509344656,9267.099547866861
2026-124Q,2026-125K,8,4,11211.874208931305,11227.315960726924
2026-124Q,2026-125L,8,4,6474.346676888389,6472.113144626588
2026-124Q,2026-125M,8,4,7974.994114133728,7980.397266376591
2026-124Q,2026-125N,8,4,4776.957905701733,4741.7695192330075
2026-124Q,2026-125P,8,4,1002.7978070697187,1048.3549629942952
2026-124Q,2026-125Q,8,4,2892.4711310072894,2915.493819133533
2026-124Q,2026-125R,8,4,2934.441368204341,2937.2086347688955
2026-124Q,2026-125S,8,4,959.4167765690471,982.3056823019688
2026-124Q,2026-125T,8,4,10211.132257612588,10226.028440985288
2026-124R,2026-125A,8,4,2892.446145260025,2873.229421449196
2026-124R,2026-125B,8,4,6438.708879534067,6430.484718317669
2026-124R,2026-125C,8,4,11215.656834791465,11228.370863554976
2026-124R,2026-125D,8,4,4737.534294078432,4778.68219642021
2026-124R,2026-125E,8,4,7944.242011863671,7963.86477393204
2026-124R,2026-125F,8,4,10192.758501367718,10180.639138584853
2026-124R,2026-125G,8,4,11211.88079840353,11222.952543327154
2026-124R,2026-125H,8,4,9208.389788710048,9174.525990604467
2026-124R,2026-125J,8,4,10211.131898966903,10246.455100886995
2026-124R,2026-125K,8,4,10867.407347458487,10865.178630605244
2026-124R,2026-125L,8,4,7974.996204868055,7984.426854542082
2026-124R,2026-125M,8,4,9233.347093853836,9248.611655747238
2026-124R,2026-125N,8,4,6474.339242292412,6454.569316440593
2026-124R,2026-125P,8,4,2934.4312881241935,2991.471787070075
2026-124R,2026-125Q,8,4,959.4108545825181,969.5962048340213
2026-124R,2026-125R,8,4,4776.9656531692735,4791.989449987808
2026-124R,2026-125S,8,4,1002.9098598265116,992.6939726393231
2026-124R,2026-125T,8,4,10878.67945554463,10898.513868822201
2026-124S,2026-125A,8,4,11215.656508267706,11225.376333204415
2026-124S,2026-125B,8,4,10211.13353185099,10218.135804218666
2026-124S,2026-125C,8,4,1002.8377966830732,973.898571451271
2026-124S,2026-125D,8,4,10878.67316159616,10873.092815805334
2026-124S,2026-125E,8,4,9233.3418807781,9216.653148175947
2026-124S,2026-125F,8,4,6474.334673584669,6508.540256807718
2026-124S,2026-125G,8,4,2934.429351927017,2988.732651354564
2026-124S,2026-125H,8,4,7975.000845540559,8016.527217035388
2026-124S,2026-125J,8,4,2892.4281899707225,2845.1797465597747
2026-124S,2026-125K,8,4,4776.989176943189,4825.213609479749
2026-124S,2026-125L,8,4,6438.70397190119,6436.140439628433
2026-124S,2026-125M,8,4,4737.541303822894,4730.926774453988
2026-124S,2026-125N,8,4,7944.248751920496,7966.876041727095
2026-124S,2026-125P,8,4,10192.765749683185,10174.122131008322
2026-124S,2026-125Q,8,4,11211.878868114043,11220.172358872553
2026-124S,2026-125R,8,4,9208.388565581727,9202.791716980055
2026-124S,2026-125S,8,4,10867.407777489736,10872.830588710725
2026-124S,2026-125T,8,4,959.4242722700864,950.6179757043237
2026-124T,2026-125A,8,4,11211.87276121193,11226.056673109566
2026-124T,2026-125B,8,4,10878.668736963378,10880.993906433769
2026-124T,2026-125C,8,4,2934.4337388636054,2869.0308076110855
2026-124T,2026-125D,8,4,11215.657994903375,11221.278742024972
2026-124T,2026-125E,8,4,10211.137156262495,10188.482998228914
2026-124T,2026-125F,8,4,7975.014936126828,7981.132627254034
2026-124T,2026-125G,8,4,4776.974048092715,4794.448871213177
2026-124T,2026-125H,8,4,9233.338677240432,9249.798195072333
2026-124T,2026-125J,8,4,959.4588850386851,949.4338813236574
2026-124T,2026-125K,8,4,6474.333796021741,6489.179320811855
2026-124T,2026-125L,8,4,4737.552606014887,4770.013049942589
2026-124T,2026-125M,8,4,2892.4172652856573,2923.086266088381
2026-124T,2026-125N,8,4,6438.702222629405,6496.236084968117
2026-124T,2026-125P,8,4,9208.389073089054,9203.15309773126
2026-124T,2026-125Q,8,4,10867.407440502433,10888.356630847493
2026-124T,2026-125R,8,4,7944.258051769278,7964.022009529709
2026-124T,2026-125S,8,4,10192.7636263953,10216.633234501083
2026-124T,2026-125T,8,4,1002.7860077623242,973.4823475611672
